"logssb","CV","sdlogssb","logLRP","Lsdlogssb","Hsdlogssb","probLRP","LprobLRP","UprobLRP","ssb","Lssb","Hssb","ratio"
9,0.0233673323690734,0.210305991321661,10.598557136595,0.0637672471063727,0.356844735536949,1.4681061433077e-14,5.46975920144744e-139,3.73741218662612e-06,8103.08392757538,7151.06228278612,16308.075305842,0.20218803735279
9.001,0.0233673323690734,0.21032935865403,10.598557136595,0.0637743323560511,0.356884384952009,1.53300341705547e-14,8.69458468726275e-139,3.79561616190216e-06,8111.19106439577,7158.11751568429,16325.6602022476,0.202390326517868
9.002,0.0233673323690734,0.210352725986399,10.598557136595,0.0637814176057297,0.356924034367068,1.60070470265824e-14,1.38145568755051e-138,3.854673018616e-06,8119.30631240791,7165.17970927017,16343.264060338,0.202592818073289
9.003,0.0233673323690734,0.210376093318768,10.598557136595,0.0637885028554081,0.356963683782128,1.67132827472417e-14,2.19398003741503e-138,3.9145944071063e-06,8127.42967972703,7172.24887041115,16360.8869005592,0.202795512221545
9.004,0.0233673323690734,0.210399460651137,10.598557136595,0.0637955881050866,0.357003333197188,1.74499727157052e-14,3.48286061649233e-138,3.97539212414289e-06,8135.5611744765,7179.32500598142,16378.5287433797,0.202998409165331
9.005,0.0233673323690734,0.210422827983506,10.598557136595,0.0638026733547651,0.357042982612247,1.82183988990782e-14,5.52646393868083e-138,4.03707811458688e-06,8143.70080478784,7186.40812286196,16396.1896092899,0.203201509107542
9.006,0.0233673323690734,0.210446195315875,10.598557136595,0.0638097586044436,0.357082632027307,1.90198958709609e-14,8.76529472645035e-138,4.09966447306723e-06,8151.84857880065,7193.49822794051,16413.8695188022,0.20340481225128
9.007,0.0233673323690734,0.210469562648244,10.598557136595,0.0638168438541221,0.357122281442367,1.98558529125954e-14,1.38961264326313e-137,4.16316344567488e-06,8160.00450466271,7200.59532811161,16431.5684924512,0.203608318799846
9.008,0.0233673323690734,0.210492929980613,10.598557136595,0.0638239291038006,0.357161930857426,2.07277161955344e-14,2.20206002943857e-137,4.22758743167227e-06,8168.16859052997,7207.69943027663,16449.2865507936,0.203812028956749
9.009,0.0233673323690734,0.210516297312982,10.598557136595,0.063831014353479,0.357201580272486,2.1636991048921e-14,3.48797069961057e-137,4.29294898522075e-06,8176.3408445665,7214.81054134374,16467.0237144085,0.204015942925697
9.01,0.0233673323690734,0.210539664645352,10.598557136595,0.0638380996031575,0.357241229687546,2.25852443145384e-14,5.52236225985768e-137,4.35926081712394e-06,8184.52127494455,7221.9286682279,16484.7800038967,0.204220060910605
9.011,0.0233673323690734,0.210563031977721,10.598557136595,0.063845184852836,0.357280879102605,2.35741067929517e-14,8.73947733095067e-137,4.42653579658945e-06,8192.70988984456,7229.05381785092,16502.5554398818,0.204424383115592
9.012,0.0233673323690734,0.21058639931009,10.598557136595,0.0638522701025145,0.357320528517665,2.46052757841264e-14,1.38246658998577e-136,4.49478695300682e-06,8200.90669745515,7236.18599714143,16520.3500430092,0.204628909744978
9.013,0.0233673323690734,0.210609766642459,10.598557136595,0.063859355352193,0.357360177932725,2.56805177260721e-14,2.18591141697931e-136,4.56402747774291e-06,8209.11170597311,7243.32521303489,16538.1638339467,0.204833641003291
9.014,0.0233673323690734,0.210633133974828,10.598557136595,0.0638664406018715,0.357399827347784,2.68016709351972e-14,3.45477139263687e-136,4.63427072595571e-06,8217.32492360346,7250.4714724736,16555.9968333844,0.205038577095262
9.015,0.0233673323690734,0.210656501307197,10.598557136595,0.06387352585155,0.357439476762844,2.79706484521391e-14,5.4577674449252e-136,4.70553021842485e-06,8225.54635855943,7257.62478240674,16573.8490620348,0.205243718225828
9.016,0.0233673323690734,0.210679868639566,10.598557136595,0.0638806111012284,0.357479126177904,2.91894409970239e-14,8.61826425464915e-136,4.77781964339975e-06,8233.77601906243,7264.7851497903,16591.7205406325,0.205449064600129
9.017,0.0233673323690734,0.210703235971935,10.598557136595,0.0638876963509069,0.357518775592963,3.04601200382473e-14,1.36029708425572e-135,4.85115285846718e-06,8242.01391334214,7271.95258158717,16609.6112899347,0.205654616423511
9.018,0.0233673323690734,0.210726603304304,10.598557136595,0.0638947816005854,0.357558425008023,3.17848409789694e-14,2.14613492233397e-135,4.92554389243525e-06,8250.26004963646,7279.12708476709,16627.5213307209,0.205860373901528
9.019,0.0233673323690734,0.210749970636673,10.598557136595,0.0639018668502639,0.357598074423083,3.31658464657159e-14,3.38446230992742e-135,5.00100694723601e-06,8258.5144361915,7286.30866630667,16645.4506837929,0.206066337239935
9.02,0.0233673323690734,0.210773337969042,10.598557136595,0.0639089520999424,0.357637723838142,3.46054698236409e-14,5.3349685218298e-135,5.07755639984744e-06,8266.77708126167,7293.49733318943,16663.3993699751,0.206272506644696
9.021,0.0233673323690734,0.210796705301411,10.598557136595,0.0639160373496209,0.357677373253202,3.61061386231046e-14,8.40588940234711e-135,5.15520680423281e-06,8275.04799310962,7300.69309240577,16681.3674101142,0.206478882321982
9.022,0.0233673323690734,0.21082007263378,10.598557136595,0.0639231225992994,0.357717022668262,3.76703783824561e-14,1.32386964845393e-134,5.23397289329847e-06,8283.32718000624,7307.89595095295,16699.3548250795,0.206685464478166
9.023,0.0233673323690734,0.21084343996615,10.598557136595,0.0639302078489778,0.357756672083321,3.93008164120772e-14,2.08409079376047e-134,5.31386958087204e-06,8291.61465023074,7315.10591583519,16717.3616357628,0.206892253319833
9.024,0.0233673323690734,0.210866807298519,10.598557136595,0.0639372930986563,0.357796321498381,4.10001858048617e-14,3.27942733920895e-134,5.39491196369783e-06,8299.91041207057,7322.32299406359,16735.3878630782,0.20709924905377
9.025,0.0233673323690734,0.210890174630888,10.598557136595,0.0639443783483348,0.357835970913441,4.27713295785779e-14,5.15809659467277e-134,5.47711532345227e-06,8308.21447382152,7329.54719265619,16753.4335279627,0.207306451886974
9.026,0.0233673323690734,0.210913541963257,10.598557136595,0.0639514635980133,0.3578756203285,4.46172049756756e-14,8.10944478375249e-134,5.56049512877775e-06,8316.52684378762,7336.7785186379,16771.4986513757,0.207513862026646
9.027,0.0233673323690734,0.210936909295626,10.598557136595,0.0639585488476918,0.35791526974356,4.65408879263856e-14,1.27439211496658e-133,5.64506703733733e-06,8324.84753028126,7344.01697904063,16789.5832542991,0.207721479680198
9.028,0.0233673323690734,0.210960276627995,10.598557136595,0.0639656340973703,0.357954919158619,4.85455776810578e-14,2.00182194820852e-133,5.73084689788752e-06,8333.17654162314,7351.26258090318,16807.6873577377,0.207929305055247
9.029,0.0233673323690734,0.210983643960364,10.598557136595,0.0639727193470488,0.357994568573679,5.06346016179787e-14,3.14310106417676e-133,5.81785075237084e-06,8341.51388614224,7358.5153312713,16825.8109827187,0.208137338359618
9.03,0.0233673323690734,0.211007011292733,10.598557136595,0.0639798045967272,0.358034217988739,5.28114202331418e-14,4.93289515253662e-133,5.90609483802943e-06,8349.85957217592,7365.77523719771,16843.954150292,0.208345579801345
9.031,0.0233673323690734,0.211030378625102,10.598557136595,0.0639868898464057,0.358073867403798,5.50796323185693e-14,7.73848910590367e-133,5.99559558953744e-06,8358.21360806988,7373.04230574209,16862.1168815303,0.20855402958867
9.032,0.0233673323690734,0.211053745957471,10.598557136595,0.0639939750960842,0.358113516818858,5.74429803361218e-14,1.21344844575334e-132,6.08636964115345e-06,8366.57600217814,7380.31654397105,16880.299197529,0.208762687930041
9.033,0.0233673323690734,0.21107711328984,10.598557136595,0.0640010603457627,0.358153166233918,5.99053559939763e-14,1.90194283216339e-132,6.17843382889445e-06,8374.94676286309,7387.5979589582,16898.5011194063,0.208971555034117
9.034,0.0233673323690734,0.211100480622209,10.598557136595,0.0640081455954412,0.358192815648977,6.24708060330942e-14,2.9797832508843e-132,6.27180519272909e-06,8383.32589849552,7394.88655778416,16916.7226683029,0.209180631109766
9.035,0.0233673323690734,0.211123847954578,10.598557136595,0.0640152308451197,0.358232465064037,6.51435382313801e-14,4.66641208797747e-132,6.36650097879122e-06,8391.71341745453,7402.18234753645,16934.9638653827,0.209389916366064
9.036,0.0233673323690734,0.211147215286947,10.598557136595,0.0640223160947982,0.358272114479097,6.79279276334973e-14,7.30453898941389e-132,6.46253864161583e-06,8400.10932812766,7409.48533530965,16953.224731832,0.209599411012295
9.037,0.0233673323690734,0.211170582619317,10.598557136595,0.0640294013444767,0.358311763894156,7.08285230144594e-14,1.14291506001688e-131,6.55993584639427e-06,8408.51363891082,7416.79552820535,16971.5052888604,0.209809115257955
9.038,0.0233673323690734,0.211193949951686,10.598557136595,0.0640364865941551,0.358351413309216,7.38500535855472e-14,1.78750239008012e-131,6.65871047125069e-06,8416.92635820832,7424.1129333321,16989.8055576999,0.210019029312747
9.039,0.0233673323690734,0.211217317284055,10.598557136595,0.0640435718438336,0.358391062724276,7.69974359513709e-14,2.79441529745757e-131,6.75888060954087e-06,8425.34749443288,7431.43755780546,17008.1255596058,0.210229153386586
9.04,0.0233673323690734,0.211240684616424,10.598557136595,0.0640506570935121,0.358430712139335,8.02757813271037e-14,4.36663632517245e-131,6.86046457217104e-06,8433.77705600563,7438.76940874804,17026.465315856,0.210439487689597
9.041,0.0233673323690734,0.211264051948793,10.598557136595,0.0640577423431906,0.358470361554395,8.36904030253668e-14,6.82048034470142e-131,6.96348088993908e-06,8442.21505135615,7446.10849328951,17044.8248477517,0.210650032432112
9.042,0.0233673323690734,0.211287419281162,10.598557136595,0.0640648275928691,0.358510010969455,8.72468242224631e-14,1.06486579330903e-130,7.06794831589625e-06,8450.66148892242,7453.45481856648,17063.2041766166,0.210860787824678
9.043,0.0233673323690734,0.211310786613531,10.598557136595,0.0640719128425476,0.358549660384514,9.09507860141354e-14,1.66183108488096e-130,7.17388582773282e-06,8459.11637715087,7460.80839172268,17081.6033237978,0.211071754078048
9.044,0.0233673323690734,0.2113341539459,10.598557136595,0.0640789980922261,0.358589309799574,9.4808255771178e-14,2.59233472938127e-130,7.2813126301837e-06,8467.57972449643,7468.16921990887,17100.0223106652,0.211282931403191
9.045,0.0233673323690734,0.211357521278269,10.598557136595,0.0640860833419045,0.358628959214634,9.8825435805751e-14,4.04210496181071e-130,7.39024815745645e-06,8476.0515394224,7475.53731028284,17118.4611586119,0.211494320011283
9.046,0.0233673323690734,0.211380888610638,10.598557136595,0.064093168591583,0.358668608629693,1.03008772359646e-13,6.2999414712771e-130,7.50071207568315e-06,8484.53183040061,7482.91267000946,17136.9198890539,0.211705920113712
9.047,0.0233673323690734,0.211404255943007,10.598557136595,0.0641002538412615,0.358708258044753,1.07364964925944e-13,9.81472132171869e-130,7.61272428539332e-06,8493.02060591138,7490.2953062607,17155.3985234304,0.211917731922079
9.048,0.0233673323690734,0.211427623275376,10.598557136595,0.06410733909094,0.358747907459813,1.11900975916086e-13,1.52838255315974e-129,7.72630492400883e-06,8501.51787444345,7497.68522621554,17173.8970832037,0.212129755648195
9.049,0.0233673323690734,0.211450990607745,10.598557136595,0.0641144243406185,0.358787556874872,1.16624040684824e-13,2.37902453651543e-129,7.84147436836416e-06,8510.0236444941,7505.08243706007,17192.4155898591,0.212341991504085
9.05,0.0233673323690734,0.211474357940115,10.598557136595,0.064121509590297,0.358827206289932,1.21541677925711e-13,3.70150748989496e-129,7.95825323724726e-06,8518.53792456912,7512.48694598751,17210.9540649055,0.212554439701984
9.051,0.0233673323690734,0.211497725272484,10.598557136595,0.0641285948399754,0.358866855704992,1.26661700450441e-13,5.75666975192103e-129,8.07666239396359e-06,8527.06072318276,7519.89876019811,17229.5125298744,0.21276710045434
9.052,0.0233673323690734,0.211521092604853,10.598557136595,0.0641356800896539,0.358906505120051,1.31992226365861e-13,8.94905301363183e-129,8.19672294892564e-06,8535.59204885783,7527.31788689927,17248.0910063209,0.212979973973815
9.053,0.0233673323690734,0.211544459937222,10.598557136595,0.0641427653393324,0.358946154535111,1.37541690662637e-13,1.39058019050726e-128,8.31845626226361e-06,8544.13191012568,7534.74433330551,17266.6895158233,0.213193060473282
9.054,0.0233673323690734,0.211567827269591,10.598557136595,0.0641498505890109,0.358985803950171,1.43318857230358e-13,2.15987341203044e-128,8.44188394645999e-06,8552.68031552613,7542.1781066384,17285.3080799831,0.213406360165826
9.055,0.0233673323690734,0.21159119460196,10.598557136595,0.0641569358386894,0.35902545336523,1.493328313143e-13,3.35331205990113e-128,8.56702786900955e-06,8561.23727360761,7549.61921412672,17303.946720425,0.213619873264748
9.056,0.0233673323690734,0.211614561934329,10.598557136595,0.0641640210883679,0.35906510278029,1.55593072429407e-13,5.20395060730851e-128,8.69391015510149e-06,8569.80279292708,7557.06766300632,17322.6054587973,0.213833599983562
9.057,0.0233673323690734,0.211637929266698,10.598557136595,0.0641711063380464,0.35910475219535,1.62109407747828e-13,8.07246170241753e-128,8.82255319032667e-06,8578.37688205007,7564.52346052024,17341.2843167714,0.214047540535994
9.058,0.0233673323690734,0.211661296599067,10.598557136595,0.0641781915877249,0.359144401610409,1.68892045976706e-13,1.25167783884376e-127,8.95297962340804e-06,8586.95954955065,7571.98661391861,17359.9833160422,0.214261695135983
9.059,0.0233673323690734,0.211684663931436,10.598557136595,0.0641852768374033,0.359184051025469,1.75951591743736e-13,1.93996093609091e-127,9.08521236895755e-06,8595.55080401149,7579.45713045875,17378.7024783278,0.214476063997686
9.06,0.0233673323690734,0.211708031263805,10.598557136595,0.0641923620870818,0.359223700440529,1.83299060508248e-13,3.00543519925439e-127,9.21927461025593e-06,8604.15065402386,7586.93501740513,17397.44182537,0.214690647335471
9.061,0.0233673323690734,0.211731398596174,10.598557136595,0.0641994473367603,0.359263349855588,1.90945894016449e-13,4.65410121195265e-127,9.35518980205694e-06,8612.75910818759,7594.42028202938,17416.2013789338,0.21490544536392
9.062,0.0233673323690734,0.211754765928543,10.598557136595,0.0642065325864388,0.359302999270648,1.9890397632017e-13,7.20407888462452e-127,9.49298167341871e-06,8621.37617511115,7601.91293161031,17434.9811608078,0.215120458297833
9.063,0.0233673323690734,0.211778133260912,10.598557136595,0.0642136178361173,0.359342648685708,2.07185650378722e-13,1.11464195636288e-126,9.63267423055844e-06,8630.00186341161,7609.41297343394,17453.7811928041,0.215335686352223
9.064,0.0233673323690734,0.211801500593282,10.598557136595,0.0642207030857958,0.359382298100767,2.15803735264476e-13,1.72387873726462e-126,9.77429175973205e-06,8638.63618171464,7616.92041479341,17472.6014967582,0.215551129742317
9.065,0.0233673323690734,0.211824867925651,10.598557136595,0.0642277883354743,0.359421947515827,2.24771543993547e-13,2.66497137790036e-126,9.91785883014165e-06,8647.27913865457,7624.43526298912,17491.4420945292,0.215766788683558
9.066,0.0233673323690734,0.21184823525802,10.598557136595,0.0642348735851527,0.359461596930887,2.3410290200326e-13,4.11806316431882e-126,1.00634002968662e-05,8655.93074287438,7631.95752532867,17510.303008,0.215982663391606
9.067,0.0233673323690734,0.211871602590389,10.598557136595,0.0642419588348312,0.359501246345946,2.43812166299156e-13,6.36074794490485e-126,1.02109413038185e-05,8664.59100302564,7639.48720912681,17529.1842590767,0.216198754082335
9.068,0.0233673323690734,0.211894969922758,10.598557136595,0.0642490440845097,0.359540895761006,2.5391424529519e-13,9.82060415323083e-126,1.03605072867299e-05,8673.25992776862,7647.02432170556,17548.0858696892,0.216415060971837
9.069,0.0233673323690734,0.211918337255127,10.598557136595,0.0642561293341882,0.359580545176066,2.64424619371029e-13,1.51559502769084e-125,1.05121239761593e-05,8681.93752577227,7654.56887039418,17567.0078617912,0.216631584276418
9.07,0.0233673323690734,0.211941704587496,10.598557136595,0.0642632145838667,0.359620194591125,2.75359362171638e-13,2.33799292620982e-125,1.06658174005282e-05,8690.62380571415,7662.12086252907,17585.9502573599,0.2168483242126
9.071,0.0233673323690734,0.211965071919865,10.598557136595,0.0642702998335452,0.359659844006185,2.86735162675241e-13,3.60510881704143e-125,1.08216138891846e-05,8699.31877628056,7669.68030545397,17604.9130783961,0.217065280997125
9.072,0.0233673323690734,0.211988439252234,10.598557136595,0.0642773850832236,0.359699493421245,2.98569348056046e-13,5.55659618398353e-125,1.09795400754918e-05,8708.02244616647,7677.24720651981,17623.8963469247,0.217282454846949
9.073,0.0233673323690734,0.212011806584603,10.598557136595,0.0642844703329021,0.359739142836304,3.10879907369712e-13,8.56080641535707e-125,1.11396228999442e-05,8716.73482407558,7684.82157308481,17642.9000849939,0.217499845979247
9.074,0.0233673323690734,0.212035173916972,10.598557136595,0.0642915555825806,0.359778792251364,3.23685516089885e-13,1.31836603966472e-124,1.13018896133096e-05,8725.45591872021,7692.4034125144,17661.9243146759,0.217717454611408
9.075,0.0233673323690734,0.212058541249341,10.598557136595,0.0642986408322591,0.359818441666424,3.37005561525705e-13,2.02942467964961e-124,1.14663677798014e-05,8734.18573882149,7699.9927321813,17680.9690580667,0.217935280961042
9.076,0.0233673323690734,0.21208190858171,10.598557136595,0.0643057260819376,0.359858091081483,3.50860169150394e-13,3.12266629466386e-124,1.16330852802755e-05,8742.92429310926,7707.58953946554,17700.0343372861,0.218153325245975
9.077,0.0233673323690734,0.212105275914079,10.598557136595,0.0643128113316161,0.359897740496543,3.65270229872665e-13,4.80279478331202e-124,1.18020703154544e-05,8751.67159032202,7715.19384175435,17719.1201744779,0.218371587684252
9.078,0.0233673323690734,0.212128643246449,10.598557136595,0.0643198965812946,0.359937389911603,3.80257428283766e-13,7.38377424461304e-124,1.19733514091827e-05,8760.42763920711,7722.80564644233,17738.2265918094,0.218590068494134
9.079,0.0233673323690734,0.212152010578818,10.598557136595,0.0643269818309731,0.359977039326662,3.95844271913448e-13,1.13469416852684e-123,1.21469574117071e-05,8769.19244852059,7730.42496093135,17757.3536114722,0.218808767894104
9.08,0.0233673323690734,0.212175377911187,10.598557136595,0.0643340670806515,0.360016688741722,4.12054121529787e-13,1.74299193558142e-123,1.23229175029841e-05,8777.96602702723,7738.05179263055,17776.5012556816,0.219027686102859
9.081,0.0233673323690734,0.212198745243556,10.598557136595,0.06434115233033,0.360056338156782,4.28911222519179e-13,2.67625925757625e-123,1.25012611960206e-05,8786.74838350062,7745.6861489564,17795.6695466769,0.219246823339318
9.082,0.0233673323690734,0.212222112575925,10.598557136595,0.0643482375800085,0.360095987571841,4.46440737383092e-13,4.10749785878674e-123,1.2682018340238e-05,8795.53952672315,7753.32803733272,17814.8585067215,0.21946617982262
9.083,0.0233673323690734,0.212245479908294,10.598557136595,0.064355322829687,0.360135636986901,4.64668779390211e-13,6.30148599290413e-123,1.28652191248662e-05,8804.33946548592,7760.97746519059,17834.0681581025,0.219685755772119
9.084,0.0233673323690734,0.212268847240663,10.598557136595,0.0643624080793655,0.360175286401961,4.8362244742393e-13,9.66329369618326e-123,1.30508940823697e-05,8813.14820858889,7768.63443996848,17853.2985231315,0.219905551407392
9.085,0.0233673323690734,0.212292214573032,10.598557136595,0.064369493329044,0.36021493581702,5.03329862065579e-13,1.48123534216353e-122,1.32390740918987e-05,8821.96576484082,7776.29896911219,17872.5496241438,0.220125566948236
9.086,0.0233673323690734,0.212315581905401,10.598557136595,0.0643765785787225,0.36025458523208,5.23820202955949e-13,2.26954993533152e-122,1.34297903827701e-05,8830.79214305923,7783.97106007481,17891.8214834988,0.220345802614664
9.087,0.0233673323690734,0.21233894923777,10.598557136595,0.0643836638284009,0.360294234647139,5.4512374747919e-13,3.47594037330424e-122,1.36230745379808e-05,8839.62735207053,7791.65072031685,17911.1141235802,0.220566258626914
9.088,0.0233673323690734,0.212362316570139,10.598557136595,0.0643907490780794,0.360333884062199,5.67271910813479e-13,5.32135091445746e-122,1.38189584977476e-05,8848.47140070991,7799.33795730616,17930.4275667956,0.22078693520544
9.089,0.0233673323690734,0.212385683902508,10.598557136595,0.0643978343277579,0.360373533477259,5.9029728739574e-13,8.14307799391025e-122,1.40174745630783e-05,8857.32429782144,7807.03277851796,17949.7618355771,0.22100783257092
9.09,0.0233673323690734,0.212409051234877,10.598557136595,0.0644049195774364,0.360413182892318,6.14233693848018e-13,1.24558253806895e-121,1.42186553993709e-05,8866.186052258,7814.73519143482,17969.1169523806,0.221228950944251
9.091,0.0233673323690734,0.212432418567246,10.598557136595,0.0644120048271149,0.360452832307378,6.39116213415932e-13,1.90446833882666e-121,1.44225340400467e-05,8875.05667288134,7822.44520354671,17988.4929396864,0.221450290546551
9.092,0.0233673323690734,0.212455785899616,10.598557136595,0.0644190900767934,0.360492481722438,6.64981241969826e-13,2.91066644724727e-121,1.46291438902107e-05,8883.93616856212,7830.16282235101,18007.8898199992,0.221671851599161
9.093,0.0233673323690734,0.212479153231985,10.598557136595,0.0644261753264719,0.360532131137497,6.9186653562183e-13,4.44660616973434e-121,1.48385187303419e-05,8892.82454817979,7837.88805535244,18027.3076158475,0.221893634323641
9.094,0.0233673323690734,0.212502520564354,10.598557136595,0.0644332605761503,0.360571780552557,7.19811260014281e-13,6.79019965869425e-121,1.50506927200177e-05,8901.72182062274,7845.6209100632,18046.7463497847,0.222115638941773
9.095,0.0233673323690734,0.212525887896723,10.598557136595,0.0644403458258288,0.360611429967617,7.48856041334941e-13,1.03646390306156e-120,1.52657004016671e-05,8910.62799478828,7853.36139400285,18066.2060443881,0.222337865675563
9.096,0.0233673323690734,0.212549255229092,10.598557136595,0.0644474310755073,0.360651079382676,7.79043019118011e-13,1.58140710153873e-120,1.54835767043532e-05,8919.54307958253,7861.10951469838,18085.6867222593,0.222560314747237
9.097,0.0233673323690734,0.212572622561461,10.598557136595,0.0644545163251858,0.360690728797736,8.1041590089158e-13,2.41185481497637e-120,1.57043569475914e-05,8928.46708392061,7868.8652796842,18105.1884060247,0.222782986379244
9.098,0.0233673323690734,0.21259598989383,10.598557136595,0.0644616015748643,0.360730378212796,8.43020018732814e-13,3.67685681929401e-120,1.59280768451959e-05,8937.40001672654,7876.62869650218,18124.7111183346,0.223005880794256
9.099,0.0233673323690734,0.212619357226199,10.598557136595,0.0644686868245428,0.360770027627855,8.76902387795671e-13,5.6029979410732e-120,1.61547725091573e-05,8946.34188693321,7884.39977270159,18144.2548818641,0.223228998215168
9.1,0.0233673323690734,0.212642724558568,10.598557136595,0.0644757720742213,0.360809677042915,9.12111766877891e-13,8.5345868449965e-120,1.63844804535554e-05,8955.29270348251,7892.17851583919,18163.8197193125,0.223452338865096
9.101,0.0233673323690734,0.212666091890937,10.598557136595,0.0644828573238997,0.360849326457975,9.48698721094766e-13,1.29946008073041e-119,1.66172375985013e-05,8964.25247532528,7899.96493347918,18183.4056534037,0.223675902967382
9.102,0.0233673323690734,0.212689459223306,10.598557136595,0.0644899425735782,0.360888975873034,9.86715686730829e-13,1.97770673029523e-119,1.68530812741111e-05,8973.22121142125,7907.75903319319,18203.0127068862,0.22389969074559
9.103,0.0233673323690734,0.212712826555675,10.598557136595,0.0644970278232567,0.360928625288094,1.02621703834307e-12,3.00870394535985e-119,1.70920492245159e-05,8982.19892073918,7915.56082256036,18222.6409025327,0.224123702423506
9.104,0.0233673323690734,0.212736193888044,10.598557136595,0.0645041130729352,0.360968274703154,1.06725915818967e-12,4.57525960524581e-119,1.73341796119005e-05,8991.18561225678,7923.37030916731,18242.2902631408,0.224347938225144
9.105,0.0233673323690734,0.212759561220414,10.598557136595,0.0645111983226137,0.361007924118213,1.10990050806308e-12,6.95457917732277e-119,1.75795110205767e-05,9000.18129496076,7931.18750060813,18261.9608115325,0.224572398374739
9.106,0.0233673323690734,0.212782928552783,10.598557136595,0.0645182835722922,0.361047573533273,1.15420170360685e-12,1.05668345002466e-118,1.78280824610884e-05,9009.18597784677,7939.01240448438,18281.6525705544,0.224797083096751
9.107,0.0233673323690734,0.212806295885152,10.598557136595,0.0645253688219707,0.361087222948333,1.20022559120012e-12,1.60486311889857e-118,1.80799333743524e-05,9018.19966991951,7946.84502840516,18301.365563078,0.225021992615865
9.108,0.0233673323690734,0.212829663217521,10.598557136595,0.0645324540716491,0.361126872363392,1.24803732749373e-12,2.43640922990953e-118,1.8335103635831e-05,9027.22238019268,7954.68537998707,18321.099811999,0.225247127156991
9.109,0.0233673323690734,0.21285303054989,10.598557136595,0.0645395393213276,0.361166521778452,1.29770446168696e-12,3.69727479366179e-118,1.85936335597352e-05,9036.25411768898,7962.53346685419,18340.8553402382,0.225472486945262
9.11,0.0233673323690734,0.212876397882259,10.598557136595,0.0645466245710061,0.361206171193512,1.34929702063646e-12,5.60831740488839e-118,1.88555639032691e-05,9045.29489144014,7970.38929663817,18360.6321707409,0.225698072206038
9.111,0.0233673323690734,0.212899765214628,10.598557136595,0.0645537098206846,0.361245820608571,1.40288759688976e-12,8.50360163153749e-118,1.91209358709014e-05,9054.34471048696,7978.25287697818,18380.4303264773,0.225923883164907
9.112,0.0233673323690734,0.212923132546997,10.598557136595,0.0645607950703631,0.361285470023631,1.45855143974113e-12,1.28882158737407e-117,1.93897911186722e-05,9063.40358387923,7986.12421552086,18400.2498304421,0.226149920047676
9.113,0.0233673323690734,0.212946499879366,10.598557136595,0.0645678803200416,0.361325119438691,1.51636654941034e-12,1.95255095542674e-117,1.96621717585391e-05,9072.47152067584,7994.00331992048,18420.090705655,0.226376183080385
9.114,0.0233673323690734,0.212969867211735,10.598557136595,0.0645749655697201,0.36136476885375,1.57641377444591e-12,2.95686663365468e-117,1.99381203627522e-05,9081.54852994475,8001.89019783884,18439.9529751606,0.226602672489296
9.115,0.0233673323690734,0.212993234544104,10.598557136595,0.0645820508193986,0.36140441826881,1.6387769124601e-12,4.47590632014693e-117,2.02176799682648e-05,9090.63462076292,8009.78485694526,18459.8366620281,0.226829388500898
9.116,0.0233673323690734,0.213016601876473,10.598557136595,0.064589136069077,0.36144406768387,1.70354281430601e-12,6.77251908235679e-117,2.05008940811826e-05,9099.72980221647,8017.68730491667,18479.7417893517,0.227056331341907
9.117,0.0233673323690734,0.213039969208842,10.598557136595,0.0645962213187555,0.361483717098929,1.7708014918088e-12,1.02432928665476e-116,2.07878066812452e-05,9108.8340834006,8025.59754943757,18499.6683802507,0.227283501239267
9.118,0.0233673323690734,0.213063336541212,10.598557136595,0.064603306568434,0.361523366513989,1.84064622916776e-12,1.54863528908666e-116,2.1078462226341e-05,9117.94747341956,8033.5155982,18519.616457869,0.227510898420147
9.119,0.0233673323690734,0.213086703873581,10.598557136595,0.0646103918181125,0.361563015929049,1.9131736981518e-12,2.34034039007464e-116,2.13729056570635e-05,9127.06998138675,8041.44145890364,18539.5860453756,0.227738523111944
9.12,0.0233673323690734,0.21311007120595,10.598557136595,0.064617477067791,0.361602665344108,1.98848407720963e-12,3.53532484060555e-116,2.1671182401298e-05,9136.20161642468,8049.37513925575,18559.5771659645,0.227966375542284
9.121,0.0233673323690734,0.213133438538319,10.598557136595,0.0646245623174695,0.361642314759168,2.06668117462507e-12,5.33826523112928e-116,2.19733383788467e-05,9145.342387665,8057.31664697119,18579.5898428546,0.228194455939018
9.122,0.0233673323690734,0.213156805870688,10.598557136595,0.0646316475671479,0.361681964174228,2.14787255584797e-12,8.0573383750548e-116,2.22794200060877e-05,9154.49230424846,8065.26598977242,18599.6240992901,0.228422764530227
9.123,0.0233673323690734,0.213180173203057,10.598557136595,0.0646387328168264,0.361721613589287,2.23216967513956e-12,1.2156366763787e-115,2.25894742006752e-05,9163.65137532499,8073.22317538952,18619.6799585399,0.228651301544219
9.124,0.0233673323690734,0.213203540535426,10.598557136595,0.0646458180665049,0.361761263004347,2.31968801166959e-12,1.83331389024663e-115,2.29035483862713e-05,9172.81961005367,8081.18821156023,18639.7574438984,0.228880067209532
9.125,0.0233673323690734,0.213226907867795,10.598557136595,0.0646529033161834,0.361800912419407,2.41054721021217e-12,2.76369944438741e-115,2.32216904973145e-05,9181.99701760271,8089.16110602988,18659.8565786847,0.229109061754932
9.126,0.0233673323690734,0.213250275200164,10.598557136595,0.0646599885658619,0.361840561834466,2.50487122659078e-12,4.16452857826526e-115,2.35439489838306e-05,9191.18360714953,8097.14186655147,18679.9773862433,0.229338285409412
9.127,0.0233673323690734,0.213273642532533,10.598557136595,0.0646670738155404,0.361880211249526,2.60278847802382e-12,6.27280866149757e-115,2.3870372816275e-05,9200.37938788074,8105.13050088566,18700.1198899439,0.229567738402197
9.128,0.0233673323690734,0.213297009864902,10.598557136595,0.0646741590652189,0.361919860664586,2.70443199853146e-12,9.44451145880096e-115,2.42010114904129e-05,9209.58436899209,8113.12701680071,18720.2841131812,0.229797420962739
9.129,0.0233673323690734,0.213320377197271,10.598557136595,0.0646812443148973,0.361959510079645,2.80993959956866e-12,1.42140658729198e-114,2.4535915032242e-05,9218.79855968858,8121.13142207261,18740.4700793753,0.230027333320721
9.13,0.0233673323690734,0.21334374452964,10.598557136595,0.0646883295645758,0.361999159494705,2.91945403605092e-12,2.1383491744439e-114,2.48751340029474e-05,9228.02196918441,8129.143724485,18760.6778119715,0.230257475706056
9.131,0.0233673323690734,0.213367111862009,10.598557136595,0.0646954148142543,0.362038808909765,3.03312317794789e-12,3.21558875580406e-114,2.52187195038944e-05,9237.25460670296,8137.16393182917,18780.9073344403,0.230487848348886
9.132,0.0233673323690734,0.213390479194379,10.598557136595,0.0647025000639328,0.362078458324824,3.15110018762657e-12,4.83352604227867e-114,2.55667231816659e-05,9246.49648147689,8145.19205190414,18801.1586702777,0.230718451479583
9.133,0.0233673323690734,0.213413846526748,10.598557136595,0.0647095853136113,0.362118107739884,3.27354370312575e-12,7.26255463551543e-114,2.59191972331303e-05,9255.74760274807,8153.22809251657,18821.4318430049,0.230949285328751
9.134,0.0233673323690734,0.213437213859117,10.598557136595,0.0647166705632898,0.362157757154944,3.40061802755515e-12,1.09077871642098e-113,2.62761944105532e-05,9265.00797976764,8161.27206148091,18841.7268761684,0.231180350127224
9.135,0.0233673323690734,0.213460581191486,10.598557136595,0.0647237558129683,0.362197406570003,3.53249332481431e-12,1.63759270747351e-113,2.66377680267426e-05,9274.27762179595,8169.32396661921,18862.0437933403,0.231411646106066
9.136,0.0233673323690734,0.213483948523855,10.598557136595,0.0647308410626467,0.362237055985063,3.66934582183676e-12,2.45752100385301e-113,2.70039719602408e-05,9283.55653810265,8177.38381576133,18882.3826181178,0.231643173496573
9.137,0.0233673323690734,0.213507315856224,10.598557136595,0.0647379263123252,0.362276705400123,3.81135801756501e-12,3.68647071157864e-113,2.73748606605487e-05,9292.84473796668,8185.45161674482,18902.7433741239,0.231874932530273
9.138,0.0233673323690734,0.213530683188593,10.598557136595,0.0647450115620037,0.362316354815182,3.95871889887325e-12,5.52772779526572e-113,2.77504891533894e-05,9302.1422306762,8193.52737741494,18923.1260850069,0.232106923438925
9.139,0.0233673323690734,0.213554050520962,10.598557136595,0.0647520968116822,0.362356004230242,4.11162416366238e-12,8.28523679685083e-113,2.81309130460178e-05,9311.44902552873,8201.61110562472,18943.5307744405,0.23233914645452
9.14,0.0233673323690734,0.213577417853331,10.598557136595,0.0647591820613607,0.362395653645302,4.27027645135187e-12,1.24132562876312e-112,2.85161885325636e-05,9320.76513183108,8209.70280923494,18963.9574661241,0.232571601809281
9.141,0.0233673323690734,0.2136007851857,10.598557136595,0.0647662673110392,0.362435303060361,4.43488558100615e-12,1.8590417500387e-112,2.89063723994135e-05,9330.09055889932,8217.8024961141,18984.4061837826,0.232804289735662
9.142,0.0233673323690734,0.213624152518069,10.598557136595,0.0647733525607177,0.362474952475421,4.60566879734126e-12,2.78301337141346e-112,2.93015220306416e-05,9339.4253160589,8225.9101741385,19004.8769511665,0.233037210466353
9.143,0.0233673323690734,0.213647519850438,10.598557136595,0.0647804378103961,0.362514601890481,4.78285102485763e-12,4.16451351240981e-112,2.97016954134711e-05,9348.76941264459,8234.02585119224,19025.3697920518,0.233270364234274
9.144,0.0233673323690734,0.213670887182807,10.598557136595,0.0647875230600746,0.36255425130554,4.9666651303588e-12,6.22925622757385e-112,3.01069511437794e-05,9358.12285800045,8242.14953516708,19045.8847302403,0.233503751272579
9.145,0.0233673323690734,0.213694254515176,10.598557136595,0.0647946083097531,0.3625939007206,5.15735219412529e-12,9.31389109376748e-112,3.05173484316477e-05,9367.48566147996,8250.28123396268,19066.4217895593,0.233737371814654
9.146,0.0233673323690734,0.213717621847546,10.598557136595,0.0648016935594316,0.36263355013566,5.35516179001226e-12,1.39203213418258e-111,3.09329471069469e-05,9376.85783244592,8258.42095548646,19086.980993862,0.233971226094121
9.147,0.0233673323690734,0.213740989179915,10.598557136595,0.0648087788091101,0.362673199550719,5.56035227475521e-12,2.07965174558606e-111,3.13538076249638e-05,9386.23938027047,8266.56870765363,19107.5623670271,0.234205314344833
9.148,0.0233673323690734,0.213764356512284,10.598557136595,0.0648158640587886,0.362712848965779,5.77319108677839e-12,3.10567010612515e-111,3.17799910720751e-05,9395.63031433519,8274.72449838722,19128.1659329591,0.234439636800878
9.149,0.0233673323690734,0.213787723844653,10.598557136595,0.0648229493084671,0.362752498380838,5.99395505479869e-12,4.63600061561218e-111,3.22115591714558e-05,9405.03064403101,8282.88833561807,19148.7917155884,0.234674193696581
9.15,0.0233673323690734,0.213811091177022,10.598557136595,0.0648300345581456,0.362792147795898,6.22293071653965e-12,6.91759621465713e-111,3.26485742888337e-05,9414.44037875827,8291.06022728487,19169.4397388712,0.234908985266497
9.151,0.0233673323690734,0.213834458509391,10.598557136595,0.064837119807824,0.362831797210958,6.46041464786801e-12,1.03178829190729e-110,3.3091099438281e-05,9423.85952792668,8299.24018133409,19190.1100267893,0.235144011745417
9.152,0.0233673323690734,0.21385782584176,10.598557136595,0.0648442050575025,0.362871446626017,6.70671380268791e-12,1.53833085144775e-110,3.35391982880558e-05,9433.2881009554,8307.42820572009,19210.8026033507,0.235379273368369
9.153,0.0233673323690734,0.213881193174129,10.598557136595,0.064851290307181,0.362911096041077,6.96214586392209e-12,2.29262368808922e-110,3.39929351664791e-05,9442.72610727303,8315.62430840507,19231.5174925889,0.235614770370614
9.154,0.0233673323690734,0.213904560506498,10.598557136595,0.0648583755568595,0.362950745456137,7.22703960593005e-12,3.41538585224308e-110,3.44523750678544e-05,9452.17355631753,8323.82849735903,19252.2547185637,0.235850502987648
9.155,0.0233673323690734,0.213927927838867,10.598557136595,0.064865460806538,0.362990394871196,7.50173526872659e-12,5.08593555149428e-110,3.4917583658436e-05,9461.63045753638,8332.0407805599,19273.0143053605,0.236086471455205
9.156,0.0233673323690734,0.213951295171236,10.598557136595,0.0648725460562165,0.363030044286256,7.78658494436083e-12,7.570526971194e-110,3.53886272824341e-05,9471.09682038648,8340.26116599349,19293.796277091,0.236322676009254
9.157,0.0233673323690734,0.213974662503605,10.598557136595,0.064879631305895,0.363069693701316,8.08195297583812e-12,1.1264337489595e-109,3.58655729680631e-05,9480.57265433419,8348.4896616534,19314.6006578926,0.236559116885998
9.158,0.0233673323690734,0.213998029835974,10.598557136595,0.0648867165555734,0.363109343116375,8.38821636898195e-12,1.67536556240181e-109,3.63484884336393e-05,9490.05796885533,8356.72627554121,19335.427471929,0.236795794321879
9.159,0.0233673323690734,0.214021397168344,10.598557136595,0.0648938018052519,0.363148992531435,8.70576521762841e-12,2.4907951138734e-109,3.68374420937159e-05,9499.55277343526,8364.97101566636,19356.2767433897,0.237032708553574
9.16,0.0233673323690734,0.214044764500713,10.598557136595,0.0649008870549304,0.363188641946495,9.03500314257193e-12,3.7016130684532e-109,3.73325030652607e-05,9509.05707756873,8373.22389004617,19377.1484964904,0.237269859817997
9.161,0.0233673323690734,0.214068131833082,10.598557136595,0.0649079723046089,0.363228291361554,9.37634774469535e-12,5.49881021940504e-109,3.78337411738859e-05,9518.57089076007,8381.48490670589,19398.042755473,0.2375072483523
9.162,0.0233673323690734,0.214091499165451,10.598557136595,0.0649150575542874,0.363267940776614,9.73023107271182e-12,8.16528301157475e-109,3.83412269601142e-05,9528.09422252311,8389.75407367872,19418.9595446054,0.237744874393871
9.163,0.0233673323690734,0.21411486649782,10.598557136595,0.0649221428039659,0.363307590191674,1.0097100105978e-11,1.21198893712505e-108,3.8855031685688e-05,9537.62708238115,8398.03139900571,19439.8988881817,0.237982738180336
9.164,0.0233673323690734,0.214138233830189,10.598557136595,0.0649292280536443,0.363347239606733,1.04774172528489e-11,1.79825416365365e-108,3.9375227339933e-05,9547.16947986707,8406.31689073593,19460.8608105222,0.238220839949559
9.165,0.0233673323690734,0.214161601162558,10.598557136595,0.0649363133033228,0.363386889021793,1.08716608650411e-11,2.6670343025542e-108,3.99018866461557e-05,9556.72142452327,8414.6105569263,19481.8453359735,0.238459179939642
9.166,0.0233673323690734,0.214184968494927,10.598557136595,0.0649433985530013,0.363426538436853,1.12803257685116e-11,3.9539515121957e-108,4.04350830680921e-05,9566.2829259017,8422.91240564178,19502.8524889085,0.238697758388925
9.167,0.0233673323690734,0.214208335827296,10.598557136595,0.0649504838026798,0.363466187851912,1.17039238113481e-11,5.85948423750337e-108,4.09748908163951e-05,9575.85399356384,8431.22244495521,19523.8822937261,0.238936575535986
9.168,0.0233673323690734,0.214231703159665,10.598557136595,0.0649575690523583,0.363505837266972,1.21429844292081e-11,8.67986273781828e-108,4.15213848551775e-05,9585.43463708077,8439.54068294744,19544.9347748516,0.239175631619642
9.169,0.0233673323690734,0.214255070492034,10.598557136595,0.0649646543020368,0.363545486682032,1.25980552288317e-11,1.28526251920894e-107,4.20746409085912e-05,9595.02486603315,8447.8671277073,19566.009956737,0.23941492687895
9.17,0.0233673323690734,0.214278437824403,10.598557136595,0.0649717395517153,0.363585136097091,1.30697025901869e-11,1.90237639799201e-107,4.26347354674515e-05,9604.62469001118,8456.20178733155,19587.1078638602,0.239654461553205
9.171,0.0233673323690734,0.214301805156772,10.598557136595,0.0649788248013937,0.363624785512151,1.35585122878258e-11,2.81466542789167e-107,4.32017457959174e-05,9614.23411861471,8464.54466992498,19608.2285207258,0.239894235881941
9.172,0.0233673323690734,0.214325172489141,10.598557136595,0.0649859100510723,0.363664434927211,1.40650901320272e-11,4.16277496357183e-107,4.37757499382074e-05,9623.85316145316,8472.89578360038,19629.3719518646,0.240134250104934
9.173,0.0233673323690734,0.214348539821511,10.598557136595,0.0649929953007507,0.36370408434227,1.45900626303316e-11,6.15410662918118e-107,4.43568267253626e-05,9633.48182814557,8481.2551364785,19650.538181834,0.240374504462196
9.174,0.0233673323690734,0.21437190715388,10.598557136595,0.0650000805504292,0.36374373375733,1.51340776701043e-11,9.0943806866815e-107,4.4945055782064e-05,9643.1201283206,8489.62273668818,19671.7272352178,0.240614999193983
9.175,0.0233673323690734,0.214395274486249,10.598557136595,0.0650071658001077,0.36378338317239,1.56978052227465e-11,1.34340628111842e-106,4.5540517533489e-05,9652.76807161659,8497.99859236619,19692.9391366264,0.240855734540789
9.176,0.0233673323690734,0.214418641818618,10.598557136595,0.0650142510497862,0.363823032587449,1.62819380702224e-11,1.98366282068629e-106,4.61432932122129e-05,9662.42566768143,8506.38271165736,19714.1739106967,0.24109671074335
9.177,0.0233673323690734,0.214442009150987,10.598557136595,0.0650213362994647,0.363862682002509,1.68871925545897e-11,2.9278894084188e-106,4.67534648651673e-05,9672.09292617275,8514.77510271459,19735.431582092,0.241337928042641
9.178,0.0233673323690734,0.214465376483356,10.598557136595,0.0650284215491432,0.363902331417569,1.75143093512109e-11,4.31984258816564e-106,4.73711153606363e-05,9681.76985675782,8523.17577369881,19756.7121755026,0.241579386679881
9.179,0.0233673323690734,0.214488743815725,10.598557136595,0.0650355067988216,0.363941980832628,1.81640542663742e-11,6.37100160844139e-106,4.79963283952998e-05,9691.45646911353,8531.58473277896,19778.0157156449,0.241821086896528
9.18,0.0233673323690734,0.214512111148094,10.598557136595,0.0650425920485001,0.363981630247688,1.88372190600692e-11,9.39234743655494e-106,4.86291885013342e-05,9701.15277292652,8540.00198813208,19799.3422272624,0.242063028934281
9.181,0.0233673323690734,0.214535478480463,10.598557136595,0.0650496772981786,0.364021279662748,1.95346222946587e-11,1.3840995499873e-105,4.92697810535488e-05,9710.85877789309,8548.42754794327,19820.691735125,0.242305213035084
9.182,0.0233673323690734,0.214558845812832,10.598557136595,0.0650567625478571,0.364060929077807,2.02571102102447e-11,2.03885974161891e-105,4.99181922765786e-05,9720.57449371926,8556.86142040571,19842.0642640295,0.24254763944112
9.183,0.0233673323690734,0.214582213145201,10.598557136595,0.0650638477975356,0.364100578492867,2.10055576275162e-11,3.00216336066355e-105,5.05745092521169e-05,9730.29993012073,8565.30361372064,19863.4598387993,0.242790308394815
9.184,0.0233673323690734,0.21460558047757,10.598557136595,0.0650709330472141,0.364140227907927,2.178086887893e-11,4.41884062845942e-105,5.12388199262072e-05,9740.03509682293,8573.75413609741,19884.8784842845,0.243033220138839
9.185,0.0233673323690734,0.214628947809939,10.598557136595,0.0650780182968926,0.364179877322986,2.25839787690459e-11,6.50143921011391e-105,5.19112131165742e-05,9749.78000356106,8582.21299575351,19906.3202253623,0.243276374916104
9.186,0.0233673323690734,0.214652315142308,10.598557136595,0.065085103546571,0.364219526738046,2.34158535649057e-11,9.56176189995183e-105,5.25917785200038e-05,9759.53466007998,8590.68020091441,19927.7850869365,0.243519772969764
9.187,0.0233673323690734,0.214675682474678,10.598557136595,0.0650921887962495,0.364259176153106,2.42774920173679e-11,1.40570340345743e-104,5.32806067197799e-05,9769.29907613438,8599.15575981384,19949.2730939377,0.243763414543217
9.188,0.0233673323690734,0.214699049807047,10.598557136595,0.065099274045928,0.364298825568165,2.51699264142967e-11,2.06574600451918e-104,5.39777891931628e-05,9779.07326148869,8607.63968069358,19970.7842713235,0.244007299880105
9.189,0.0233673323690734,0.214722417139416,10.598557136595,0.0651063592956065,0.364338474983225,2.60942236665718e-11,3.03450391074165e-104,5.46834183189135e-05,9788.85722591706,8616.13197180354,19992.3186440784,0.244251429224313
9.19,0.0233673323690734,0.214745784471785,10.598557136595,0.065113444545285,0.364378124398285,2.70514864279101e-11,4.45580460283964e-104,5.5397587384881e-05,9798.65097920347,8624.63264140179,20013.8762372138,0.24449580281997
9.191,0.0233673323690734,0.214769151804154,10.598557136595,0.0651205297949635,0.364417773813344,2.80428542494805e-11,6.54021960744479e-104,5.6120390595626e-05,9808.45453114169,8633.14169775456,20035.4570757681,0.244740420911452
9.192,0.0233673323690734,0.214792519136523,10.598557136595,0.065127615044642,0.364457423228404,2.9069504770356e-11,9.59591479621133e-104,5.68519230800949e-05,9818.26789153524,8641.65914913619,20057.0611848067,0.244985283743374
9.193,0.0233673323690734,0.214815886468892,10.598557136595,0.0651347002943204,0.364497072643464,3.0132654944891e-11,1.40737034039551e-103,5.75922808993555e-05,9828.09107019751,8650.18500382921,20078.688589422,0.2452303915606
9.194,0.0233673323690734,0.214839253801261,10.598557136595,0.0651417855439989,0.364536722058523,3.12335623080783e-11,2.06328141161953e-103,5.83415610543706e-05,9837.92407695168,8658.71927012435,20100.3393147336,0.245475744608238
9.195,0.0233673323690734,0.21486262113363,10.598557136595,0.0651488707936774,0.364576371473583,3.23735262800342e-11,3.0236860617044e-103,5.90998614938215e-05,9847.76692163072,8667.26195632047,20122.0133858878,0.245721343131642
9.196,0.0233673323690734,0.214885988465999,10.598557136595,0.0651559560433559,0.364616020888643,3.35538895107807e-11,4.42938256850357e-103,5.98672811219946e-05,9857.61961407752,8675.81307072462,20143.7108280585,0.245967187376409
9.197,0.0233673323690734,0.214909355798368,10.598557136595,0.0651630412930344,0.364655670303702,3.47760392664844e-11,6.48601649760261e-103,6.06439198067039e-05,9867.48216414474,8684.37262165209,20165.4316664464,0.246213277588383
9.198,0.0233673323690734,0.214932723130737,10.598557136595,0.0651701265427129,0.364695319718762,3.6041408858398e-11,9.49382821251902e-103,6.14298783872743e-05,9877.35458169497,8692.94061742635,20187.1759262797,0.246459614013657
9.199,0.0233673323690734,0.214956090463106,10.598557136595,0.0651772117923914,0.364734969133822,3.7351479115746e-11,1.38909917362043e-102,6.22252586825643e-05,9887.23687660059,8701.51706637906,20208.9436328133,0.246706196898564
9.2,0.0233673323690734,0.214979457795476,10.598557136595,0.0651842970420698,0.364774618548881,3.87077799038759e-11,2.03167296342954e-102,6.30301634990575e-05,9897.12905874391,8710.10197685013,20230.7348113298,0.246953026489689
9.201,0.0233673323690734,0.215002825127845,10.598557136595,0.0651913822917483,0.364814267963941,4.01118916889641e-11,2.9703191446997e-102,6.38446966389896e-05,9907.03113801713,8718.6953571877,20252.549487139,0.247200103033861
9.202,0.0233673323690734,0.215026192460214,10.598557136595,0.0651984675414268,0.364853917379001,4.15654471506623e-11,4.34091510919121e-102,6.46689629085279e-05,9916.94312432229,8727.29721574811,20274.3876855776,0.247447426778157
9.203,0.0233673323690734,0.215049559792583,10.598557136595,0.0652055527911053,0.36489356679406,4.30701328441106e-11,6.34144802038812e-102,6.55030681260154e-05,9926.86502757141,8735.90756089597,20296.2494320101,0.2476949979699
9.204,0.0233673323690734,0.215072927124952,10.598557136595,0.0652126380407838,0.36493321620912,4.46276909127144e-11,9.26029126950834e-102,6.63471191302535e-05,9936.7968576864,8744.52640100418,20318.1347518282,0.247942816856662
9.205,0.0233673323690734,0.215096294457321,10.598557136595,0.0652197232904623,0.36497286562418,4.62399208531931e-11,1.35173022006073e-101,6.72012237888361e-05,9946.73862459905,8753.15374445382,20340.0436704508,0.248190883686261
9.206,0.0233673323690734,0.21511966178969,10.598557136595,0.0652268085401408,0.365012515039239,4.79086813344478e-11,1.97235309445412e-101,6.80654910065488e-05,9956.69033825116,8761.7895996343,20361.9762133244,0.248439198706764
9.207,0.0233673323690734,0.215143029122059,10.598557136595,0.0652338937898193,0.365052164454299,4.96358920717682e-11,2.8767934074583e-101,6.89400307338087e-05,9966.65200859446,8770.43397494329,20383.9324059229,0.248687762166488
9.208,0.0233673323690734,0.215166396454428,10.598557136595,0.0652409790394977,0.365091813869358,5.14235357580053e-11,4.19432568857906e-101,6.98249539751535e-05,9976.62364559058,8779.08687878671,20405.9122737476,0.248936574313993
9.209,0.0233673323690734,0.215189763786797,10.598557136595,0.0652480642891762,0.365131463284418,5.32736600534036e-11,6.1128704559485e-101,7.07203727977999e-05,9986.60525921117,8787.74831957884,20427.9158423274,0.249185635398094
9.21,0.0233673323690734,0.215213131119166,10.598557136595,0.0652551495388547,0.365171112699478,5.518837963573e-11,8.90549164854776e-101,7.1626400340238e-05,9996.59685943788,8796.41830574222,20449.9431372187,0.249434945667852
9.211,0.0233673323690734,0.215236498451535,10.598557136595,0.0652622347885332,0.365210762114537,5.71698783124721e-11,1.29688173971454e-100,7.25431508208812e-05,10006.5984562623,8805.0968457077,20471.9941840053,0.249684505372575
9.212,0.0233673323690734,0.215259865783904,10.598557136595,0.0652693200382117,0.365250411529597,5.92204111969397e-11,1.88787274255573e-100,7.34707395467808e-05,10016.6100596859,8813.78394791446,20494.0690082989,0.249934314761825
9.213,0.0233673323690734,0.215283233116273,10.598557136595,0.0652764052878902,0.365290060944657,6.13423069500425e-11,2.74710350246823e-100,7.44092829223797e-05,10026.6316797205,8822.47962081,20516.1676357385,0.25018437408541
9.214,0.0233673323690734,0.215306600448643,10.598557136595,0.0652834905375687,0.365329710359716,6.3537970089694e-11,3.99583360167719e-100,7.53588984583271e-05,10036.6633263876,8831.18387285017,20538.290091991,0.25043468359339
9.215,0.0233673323690734,0.215329967781012,10.598557136595,0.0652905757872471,0.365369359774776,6.58098833697492e-11,5.80991704795563e-100,7.63197047803392e-05,10046.7050097188,8839.89671249912,20560.4364027507,0.250685243536075
9.216,0.0233673323690734,0.215353335113381,10.598557136595,0.0652976610369256,0.365409009189836,6.81606102305316e-11,8.44428210038663e-100,7.72918216381282e-05,10056.7567397559,8848.61814822941,20582.60659374,0.250936054164024
9.217,0.0233673323690734,0.21537670244575,10.598557136595,0.0653047462866041,0.365448658604895,7.05927973229378e-11,1.22683427121392e-99,7.82753699143702e-05,10066.8185265506,8857.3481885219,20604.8006907086,0.251187115728049
9.218,0.0233673323690734,0.215400069778119,10.598557136595,0.0653118315362826,0.365488308019955,7.31091771082518e-11,1.78172030268831e-99,7.92704716337275e-05,10076.8903801646,8866.08684186585,20627.0187194342,0.251438428479209
9.219,0.0233673323690734,0.215423437110488,10.598557136595,0.0653189167859611,0.365527957435015,7.57125705358875e-11,2.58656693300088e-99,8.02772499719402e-05,10086.9723106699,8874.8341167589,20649.2607057224,0.25168999266882
9.22,0.0233673323690734,0.215446804442857,10.598557136595,0.0653260020356396,0.365567606850074,7.84058898012059e-11,3.75351863063409e-99,8.12958292649561e-05,10097.0643281483,8883.59002170706,20671.5266754063,0.251941808548444
9.221,0.0233673323690734,0.215470171775226,10.598557136595,0.065333087285318,0.365607256265134,8.11921411857273e-11,5.4448283365805e-99,8.23263350181148e-05,10107.1664426919,8892.35456522473,20693.8166543472,0.252193876369897
9.222,0.0233673323690734,0.215493539107595,10.598557136595,0.0653401725349965,0.365646905680194,8.40744279821325e-11,7.89515514800287e-99,8.33688939154032e-05,10117.2786644027,8901.12775583473,20716.130668434,0.252446196385248
9.223,0.0233673323690734,0.215516906439964,10.598557136595,0.065347257784675,0.365686555095253,8.70559535063876e-11,1.14437432471422e-98,8.44236338287478e-05,10127.4010033931,8909.90960206827,20738.4687435839,0.252698768846817
9.224,0.0233673323690734,0.215540273772333,10.598557136595,0.0653543430343535,0.365726204510313,9.01400241994972e-11,1.65808427614267e-98,8.54906838273628e-05,10137.5334697853,8918.70011246497,20760.8309057415,0.252951594007175
9.225,0.0233673323690734,0.215563641104702,10.598557136595,0.065361428284032,0.365765853925373,9.33300528214883e-11,2.40146495993927e-98,8.65701741871697e-05,10147.6760737118,8927.4992955729,20783.2171808797,0.253204672119148
9.226,0.0233673323690734,0.215587008437071,10.598557136595,0.0653685135337105,0.365805503340432,9.66295617401476e-11,3.47677962850612e-98,8.76622364002549e-05,10157.8288253153,8936.30715994856,20805.6275949997,0.253458003435815
9.227,0.0233673323690734,0.215610375769441,10.598557136595,0.065375598783389,0.365845152755492,1.0004218631722e-10,5.03163848434103e-98,8.87670031843818e-05,10167.9917347484,8945.12371415687,20828.06217413,0.253711588210506
9.228,0.0233673323690734,0.21563374310181,10.598557136595,0.0653826840330674,0.365884802170552,1.03571678394903e-10,7.27902398616359e-98,8.98846084925755e-05,10178.1648121741,8953.94896677119,20850.5209443278,0.253965426696806
9.229,0.0233673323690734,0.215657110434179,10.598557136595,0.0653897692827459,0.365924451585611,1.07221909885336e-10,1.05261226013985e-97,9.10151875227453e-05,10188.3480677655,8962.78292637339,20873.0039316781,0.254219519148554
9.23,0.0233673323690734,0.215680477766548,10.598557136595,0.0653968545324244,0.365964101000671,1.10996876466091e-10,1.52158195669945e-97,9.21588767273724e-05,10198.5415117058,8971.62560155379,20895.5111622942,0.254473865819843
9.231,0.0233673323690734,0.215703845098917,10.598557136595,0.0654039397821029,0.366003750415731,1.14900701384567e-10,2.19863949859078e-97,9.3315813823241e-05,10208.7451541884,8980.47700091113,20918.0426623175,0.254728466965019
9.232,0.0233673323690734,0.215727212431286,10.598557136595,0.0654110250317814,0.36604339983079,1.18937639374453e-10,3.17573716218672e-97,9.44861378012481e-05,10218.9590054171,8989.33713305271,20940.5984579173,0.254983322838682
9.233,0.0233673323690734,0.215750579763655,10.598557136595,0.0654181102814599,0.36608304924585,1.23112080687294e-10,4.58529228074261e-97,9.56699889362476e-05,10229.1830756056,8998.20600659429,20963.1785752916,0.255238433695691
9.234,0.0233673323690734,0.215773947096024,10.598557136595,0.0654251955311384,0.36612269866091,1.27428555242407e-10,6.61792046316494e-97,9.68675087969526e-05,10239.417374978,9007.08363016011,20985.7830406664,0.255493799791153
9.235,0.0233673323690734,0.215797314428393,10.598557136595,0.0654322807808169,0.366162348075969,1.31891736898557e-10,9.54790759044784e-97,9.80788402559111e-05,10249.6619137687,9015.97001238294,21008.4118802958,0.255749421380437
9.236,0.0233673323690734,0.215820681760762,10.598557136595,0.0654393660304953,0.366201997491029,1.36506447850661e-10,1.37697835516792e-96,9.93041274995208e-05,10259.9167022221,9024.86516190409,21031.0651204627,0.256005298719164
9.237,0.0233673323690734,0.215844049093131,10.598557136595,0.0654464512801738,0.366241646906089,1.4127766315504e-10,1.98508158843143e-96,0.000100543516038098,10270.1817505931,9033.76908737335,21053.7427874778,0.256261432063211
9.238,0.0233673323690734,0.2158674164255,10.598557136595,0.0654535365298523,0.366281296321148,1.46210515386915e-10,2.86063236811325e-96,0.000101797152716024,10280.4570691467,9042.68179744905,21076.4449076806,0.256517821668711
9.239,0.0233673323690734,0.215890783757869,10.598557136595,0.0654606217795308,0.366320945736208,1.5131029943365e-10,4.12076903047968e-96,0.00010306518572193,10290.7426681582,9051.60330079811,21099.1715074387,0.256774467792054
9.24,0.0233673323690734,0.215914151090238,10.598557136595,0.0654677070292093,0.366360595151268,1.56582477427586e-10,5.93372114939683e-96,0.00010434776459893,10301.0385579132,9060.53360609593,21121.9226131483,0.257031370689887
9.241,0.0233673323690734,0.215937518422608,10.598557136595,0.0654747922788878,0.366400244566327,1.62032683822445e-10,8.54100009959172e-96,0.000105645040254948,10311.3447487077,9069.47272202653,21144.698251234,0.257288530619111
9.242,0.0233673323690734,0.215960885754977,10.598557136595,0.0654818775285663,0.366439893981387,1.67666730617069e-10,1.22891869875103e-95,0.000106957164973062,10321.6612508478,9078.42065728248,21167.498448149,0.257545947836888
9.243,0.0233673323690734,0.215984253087346,10.598557136595,0.0654889627782447,0.366479543396447,1.73490612730697e-10,1.76754511360014e-95,0.000108284292421915,10331.98807465,9087.3774205649,21190.3232303747,0.257803622600634
9.244,0.0233673323690734,0.216007620419715,10.598557136595,0.0654960480279232,0.366519192811506,1.79510513534022e-10,2.5412704676614e-95,0.000109626577666211,10342.3252304411,9096.34302058352,21213.1726244215,0.258061555168023
9.245,0.0233673323690734,0.216030987752084,10.598557136595,0.0655031332776017,0.366558842226566,1.8573281054014e-10,3.65228279078819e-95,0.000110984177177225,10352.6727285583,9105.31746605666,21236.0466568282,0.25831974579699
9.246,0.0233673323690734,0.216054355084453,10.598557136595,0.0655102185272802,0.366598491641626,1.92164081259965e-10,5.2470007616276e-95,0.000112357248843407,10363.0305793491,9114.30076571126,21258.945354162,0.258578194745724
9.247,0.0233673323690734,0.216077722416822,10.598557136595,0.0655173037769587,0.366638141056685,1.98811109226484e-10,7.53513743807556e-95,0.000113745951981011,10373.3987931713,9123.29292828281,21281.8687430191,0.258836902272674
9.248,0.0233673323690734,0.216101089749191,10.598557136595,0.0655243890266372,0.366677790471745,2.05680890192676e-10,1.08169456378962e-94,0.000115150447344818,10383.7773803932,9132.2939625155,21304.8168500241,0.259095868636548
9.249,0.0233673323690734,0.21612445708156,10.598557136595,0.0655314742763157,0.366717439886805,2.12780638507641e-10,1.55221412740038e-94,0.000116570897138885,10394.1663513934,9141.30387716207,21327.7897018306,0.259355094096313
9.25,0.0233673323690734,0.216147824413929,10.598557136595,0.0655385595259941,0.366757089301864,2.20117793675899e-10,2.22654885950041e-94,0.000118007465027362,10404.5657165607,9150.32268098394,21350.7873251205,0.259614578911193
9.251,0.0233673323690734,0.216171191746298,10.598557136595,0.0655456447756726,0.366796738716924,2.27700027105006e-10,3.19261491567029e-94,0.000119460316145379,10414.9754862947,9159.35038275115,21373.809746605,0.259874323340673
9.252,0.0233673323690734,0.216194559078667,10.598557136595,0.0655527300253511,0.366836388131984,2.35535249046358e-10,4.5760910276519e-94,0.000120929617109975,10425.395671005,9168.38699124245,21396.8569930237,0.260134327644499
9.253,0.0233673323690734,0.216217926411036,10.598557136595,0.0655598152750296,0.366876037547043,2.43631615734596e-10,6.55656961492309e-94,0.000122415536031081,10435.8262811118,9177.43251524516,21419.9290911451,0.260394592082674
9.254,0.0233673323690734,0.216241293743405,10.598557136595,0.0655669005247081,0.366915686962103,2.5199753673112e-10,9.3905861470245e-94,0.000123918242522588,10446.2673270458,9186.48696355534,21443.0260677668,0.260655116915462
9.255,0.0233673323690734,0.216264661075775,10.598557136595,0.0655739857743866,0.366955336377163,2.60641682477004e-10,1.34444433442321e-93,0.000125437907713447,10456.718819248,9195.55034497771,21466.1479497151,0.26091590240339
9.256,0.0233673323690734,0.216288028408144,10.598557136595,0.0655810710240651,0.366994985792222,2.69572992061123e-10,1.92409781496571e-93,0.000126974704258828,10467.1807681699,9204.62266832565,21489.2947638452,0.261176948807241
9.257,0.0233673323690734,0.216311395740513,10.598557136595,0.0655881562737435,0.367034635207282,2.78800681209451e-10,2.75261683329729e-93,0.000128528806351358,10477.6531842734,9213.70394242128,21512.4665370414,0.261438256388063
9.258,0.0233673323690734,0.216334763072882,10.598557136595,0.065595241523422,0.367074284622341,2.88334250501218e-10,3.93639586938941e-93,0.000130100389732399,10488.136078031,9222.7941760954,21535.6632962168,0.261699825407163
9.259,0.0233673323690734,0.216358130405251,10.598557136595,0.0656023267731005,0.367113934037401,2.98183493818312e-10,5.62712109632141e-93,0.00013168963170339,10498.6294599255,9231.89337818752,21558.8850683136,0.261961656126111
9.26,0.0233673323690734,0.21638149773762,10.598557136595,0.065609412022779,0.367153583452461,3.08358507033999e-10,8.04096811582676e-93,0.000133296711137237,10509.1333404504,9241.00155754585,21582.1318803033,0.262223748806736
9.261,0.0233673323690734,0.216404865069989,10.598557136595,0.0656164972724575,0.36719323286752,3.18869696947675e-10,1.14859018398873e-92,0.000134921808489793,10519.6477301094,9250.11872302738,21605.403759186,0.262486103711132
9.262,0.0233673323690734,0.216428232402358,10.598557136595,0.065623582522136,0.36723288228258,3.29727790471973e-10,1.64004830321996e-92,0.00013656510581136,10530.1726394171,9259.24488349782,21628.7007319914,0.262748721101654
9.263,0.0233673323690734,0.216451599734727,10.598557136595,0.0656306677718144,0.36727253169764,3.40943844079071e-10,2.34090103226019e-92,0.000138226786758262,10540.7080788983,9268.3800478316,21652.0228257779,0.263011601240918
9.264,0.0233673323690734,0.216474967067096,10.598557136595,0.0656377530214929,0.367312181112699,3.52529253513416e-10,3.33998440386444e-92,0.00013990703660449,10551.2540590885,9277.52422491193,21675.3700676334,0.263274744391806
9.265,0.0233673323690734,0.216498334399465,10.598557136595,0.0656448382711714,0.367351830527759,3.64495763777551e-10,4.76366149464306e-92,0.000141606042253396,10561.8105905336,9286.67742363079,21698.742484675,0.26353815081746
9.266,0.0233673323690734,0.216521701731834,10.598557136595,0.0656519235208499,0.367391479942819,3.76855479398594e-10,6.79160644859364e-92,0.000143323992249427,10572.3776837902,9295.83965288891,21722.1401040489,0.263801820781287
9.267,0.0233673323690734,0.216545069064203,10.598557136595,0.0656590087705284,0.367431129357878,3.89620874982989e-10,9.67919841185193e-92,0.000145061076789961,10582.9553494253,9305.01092159581,21745.5629529304,0.264065754546957
9.268,0.0233673323690734,0.216568436396573,10.598557136595,0.0656660940202069,0.367470778772938,4.02804806066843e-10,1.37892812832578e-91,0.000146817487737163,10593.5435980167,9314.19123866983,21769.0110585247,0.264329952378403
9.269,0.0233673323690734,0.216591803728942,10.598557136595,0.0656731792698854,0.367510428187998,4.16420520269914e-10,1.96371891411882e-91,0.000148593418629906,10604.1424401525,9323.38061303806,21792.4844480656,0.264594414539824
9.27,0.0233673323690734,0.216615171061311,10.598557136595,0.0656802645195639,0.367550077603057,4.30481668761493e-10,2.79545538965251e-91,0.000150389064695778,10614.7518864317,9332.57905363641,21815.9831488169,0.264859141295681
9.271,0.0233673323690734,0.21663853839368,10.598557136595,0.0656873497692423,0.367589727018117,4.45002318046045e-10,3.97796956225004e-91,0.00015220462286312,10625.3719474636,9341.78656940965,21839.5071880714,0.265124132910701
9.272,0.0233673323690734,0.216661905726049,10.598557136595,0.0656944350189208,0.367629376433177,4.599969620773e-10,5.65856212480743e-91,0.000154040291773121,10636.0026338684,9351.0031693113,21863.0565931514,0.265389389649877
9.273,0.0233673323690734,0.216685273058418,10.598557136595,0.0657015202685993,0.367669025848236,4.75480534709636e-10,8.04612101088274e-91,0.000155896271792001,10646.6439562767,9360.22886230377,21886.6313914088,0.265654911778464
9.274,0.0233673323690734,0.216708640390787,10.598557136595,0.0657086055182778,0.367708675263296,4.91468422495312e-10,1.14367589220739e-90,0.000157772765023229,10657.2959253299,9369.46365735833,21910.2316102248,0.265920699561986
9.275,0.0233673323690734,0.216732007723156,10.598557136595,0.0657156907679563,0.367748324678356,5.07976477836758e-10,1.62500762971554e-90,0.000159669975319793,10667.9585516798,9378.70756345502,21933.8572770104,0.266186753266228
9.276,0.0233673323690734,0.216755375055525,10.598557136595,0.0657227760176348,0.367787974093415,5.25021032503609e-10,2.30804339102517e-90,0.000161588108296564,10678.6318459892,9387.96058958281,21957.5084192059,0.266453073157247
9.277,0.0233673323690734,0.216778742387894,10.598557136595,0.0657298612673133,0.367827623508475,5.42618911523512e-10,3.27694201781465e-90,0.000163527371342683,10689.3158189313,9397.22274473951,21981.1850642811,0.26671965950136
9.278,0.0233673323690734,0.216802109720263,10.598557136595,0.0657369465169917,0.367867272923535,5.60787447456938e-10,4.65082355752038e-90,0.000165487973634029,10700.0104811902,9406.49403793183,22004.887239736,0.266986512565156
9.279,0.0233673323690734,0.216825477052632,10.598557136595,0.0657440317666702,0.367906922338594,5.79544495065704e-10,6.59822900732278e-90,0.000167470126145727,10710.7158434604,9415.77447817534,22028.6149730994,0.267253632615486
9.28,0.0233673323690734,0.216848844385001,10.598557136595,0.0657511170163487,0.367946571753654,5.98908446386045e-10,9.35753404911372e-90,0.000169474041664745,10721.4319164473,9425.0640744945,22052.3682919306,0.267521019919471
9.281,0.0233673323690734,0.21687221171737,10.598557136595,0.0657582022660272,0.367986221168714,6.18898246216118e-10,1.32657574767889e-89,0.000171499934802523,10732.1587108671,9434.36283592271,22076.147223818,0.267788674744499
9.282,0.0233673323690734,0.21689557904974,10.598557136595,0.0657652875157057,0.368025870583773,6.39533408029076e-10,1.87992010308759e-89,0.000173548022007662,10742.8962374464,9443.67077150223,22099.9517963801,0.268056597358224
9.283,0.0233673323690734,0.216918946382109,10.598557136595,0.0657723727653842,0.368065519998833,6.60834030323082e-10,2.66307579871347e-89,0.000175618521578698,10753.6445069229,9452.98789028429,22123.7820372652,0.268324788028568
9.284,0.0233673323690734,0.216942313714478,10.598557136595,0.0657794580150627,0.368105169413893,6.82820813419016e-10,3.77106967158019e-89,0.000177711653676913,10764.4035300448,9462.31420132905,22147.6379741511,0.268593247023722
9.285,0.0233673323690734,0.216965681046847,10.598557136595,0.0657865432647411,0.368144818828952,7.05515076717752e-10,5.33804920194203e-89,0.000179827640339196,10775.1733175712,9471.64971370555,22171.5196347457,0.268861974612146
9.286,0.0233673323690734,0.216989048379216,10.598557136595,0.0657936285144196,0.368184468244012,7.28938776429281e-10,7.55331631007403e-89,0.000181966705491,10785.9538802717,9480.99443649184,22195.4270467866,0.269130971062567
9.287,0.0233673323690734,0.217012415711585,10.598557136595,0.0658007137640981,0.368224117659072,7.53114523785242e-10,1.06839033398905e-88,0.000184129074959324,10796.745228927,9490.34837877492,22219.3602380418,0.269400236643982
9.288,0.0233673323690734,0.217035783043954,10.598557136595,0.0658077990137766,0.368263767074131,7.78065603747589e-10,1.5106348592549e-88,0.00018631497648576,10807.5473743285,9499.7115496507,22243.3192363085,0.269669771625655
9.289,0.0233673323690734,0.217059150376323,10.598557136595,0.0658148842634551,0.368303416489191,8.03815994226633e-10,2.13514032702867e-88,0.000188524639739619,10818.3603272782,9509.08395822412,22267.3040694143,0.269939576277123
9.29,0.0233673323690734,0.217082517708692,10.598557136595,0.0658219695131336,0.368343065904251,8.30390385820778e-10,3.01669086720344e-88,0.000190758296331096,10829.1840985891,9518.46561360911,22291.3147652168,0.270209650868189
9.291,0.0233673323690734,0.217105885041061,10.598557136595,0.0658290547628121,0.36838271531931,8.57814202092e-10,4.26061952213437e-88,0.000193016179824505,10840.0186990851,9527.85652492854,22315.3513516037,0.270479995668929
9.292,0.0233673323690734,0.21712925237343,10.598557136595,0.0658361400124905,0.36842236473437,8.86113620390307e-10,6.01523157752904e-88,0.000195298525751552,10850.8641396007,9537.25670131431,22339.4138564925,0.270750610949687
9.293,0.0233673323690734,0.217152619705799,10.598557136595,0.065843225262169,0.36846201414943,9.15315593242009e-10,8.48925735583584e-88,0.000197605571624708,10861.7204309812,9546.66615190732,22363.502307831,0.271021496981079
9.294,0.0233673323690734,0.217175987038168,10.598557136595,0.0658503105118475,0.368501663564489,9.45447870315262e-10,1.19763613671071e-87,0.000199937556950607,10872.5875840832,9556.08488585753,22387.6167335971,0.27129265403399
9.295,0.0233673323690734,0.217199354370538,10.598557136595,0.065857395761526,0.368541312979549,9.76539020978123e-10,1.68895478268716e-87,0.000202294723243501,10883.4656097736,9565.51291232386,22411.7571617989,0.271564082379578
9.296,0.0233673323690734,0.217222721702907,10.598557136595,0.0658644810112045,0.368580962394609,1.00861845746466e-09,2.38094403540221e-87,0.000204677314038806,10894.3545189306,9574.95024047431,22435.9236204745,0.27183578228927
9.297,0.0233673323690734,0.217246089035276,10.598557136595,0.065871566260883,0.368620611809668,1.04171645866367e-09,3.35520052049004e-87,0.000207085574906681,10905.2543224429,9584.39687948593,22460.1161376927,0.272107754034768
9.298,0.0233673323690734,0.217269456367645,10.598557136595,0.0658786515105615,0.368660261224728,1.07586419454623e-09,4.7263512787308e-87,0.000209519753465656,10916.1650312105,9593.85283854478,22484.334741552,0.272379997888043
9.299,0.0233673323690734,0.217292823700014,10.598557136595,0.0658857367602399,0.368699910639788,1.111093751249e-09,6.65536426878519e-87,0.000211980099396359,10927.0866561441,9603.31812684602,22508.5794601816,0.272652514121337
9.3,0.0233673323690734,0.217316191032383,10.598557136595,0.0658928220099184,0.368739560054847,1.14743815682864e-09,9.36819834276276e-87,0.000214466864455269,10938.0192081652,9612.79275359393,22532.8503217408,0.27292530300717
9.301,0.0233673323690734,0.217339558364752,10.598557136595,0.0658999072595969,0.368779209469907,1.18493140770493e-09,1.31819248085123e-86,0.000216980302488518,10948.9626982064,9622.27672800172,22557.1473544195,0.273198364818327
9.302,0.0233673323690734,0.217362925697121,10.598557136595,0.0659069925092754,0.368818858884967,1.22360849581064e-09,1.85413001440127e-86,0.000219520669445802,10959.9171372112,9631.77005929184,22581.4705864377,0.273471699827872
9.303,0.0233673323690734,0.21738629302949,10.598557136595,0.0659140777589539,0.368858508300026,1.26350543646469e-09,2.6069952151219e-86,0.000222088223394302,10970.8825361341,9641.27275669579,22605.8200460461,0.27374530830914
9.304,0.0233673323690734,0.217409660361859,10.598557136595,0.0659211630086324,0.368898157715086,1.30465929698747e-09,3.66419918484495e-86,0.000224683224532665,10981.8589059405,9650.78482945413,22630.1957615256,0.274019190535739
9.305,0.0233673323690734,0.217433027694228,10.598557136595,0.0659282482583109,0.368937807130146,1.34710822607756e-09,5.14821644602822e-86,0.000227305935205094,10992.8462576066,9660.30628681661,22654.5977611879,0.274293346781551
9.306,0.0233673323690734,0.217456395026597,10.598557136595,0.0659353335079893,0.368977456545205,1.3908914839677e-09,7.23058606488988e-86,0.000229956619915432,11003.84460212,9669.83713804206,22679.026073375,0.274567777320733
9.307,0.0233673323690734,0.217479762358966,10.598557136595,0.0659424187576678,0.369017105960265,1.43604947338064e-09,1.01514779254085e-85,0.000232635545341352,11014.8539504788,9679.37739239849,22703.4807264596,0.274842482427715
9.308,0.0233673323690734,0.217503129691335,10.598557136595,0.0659495040073463,0.369056755375325,1.48262377130389e-09,1.42470259686856e-85,0.000235342980348563,11025.8743136925,9688.92705916298,22727.9617488448,0.275117462377203
9.309,0.0233673323690734,0.217526497023704,10.598557136595,0.0659565892570248,0.369096404790384,1.53065716160528e-09,1.99874972903086e-85,0.000238079196005128,11036.9057027815,9698.48614762182,22752.4691689646,0.275392717444175
9.31,0.0233673323690734,0.217549864356074,10.598557136595,0.0659636745067033,0.369136054205444,1.58019366850859e-09,2.80305729206026e-85,0.000240844465595797,11047.9481287771,9708.05466707046,22777.0030152834,0.275668247903889
9.311,0.0233673323690734,0.217573231688443,10.598557136595,0.0659707597563818,0.369175703620504,1.63127859095153e-09,3.92956954765383e-85,0.000243639064636394,11059.0016027217,9717.63262681351,22801.5633162964,0.275944054031873
9.312,0.0233673323690734,0.217596599020812,10.598557136595,0.0659778450060603,0.369215353035563,1.68395853784861e-09,5.50677747178453e-85,0.000246463270888308,11070.0661356689,9727.22003616472,22826.1501005297,0.276220136103934
9.313,0.0233673323690734,0.217619966353181,10.598557136595,0.0659849302557387,0.369255002450623,1.73828146428008e-09,7.71417897699184e-85,0.000249317364373004,11081.1417386831,9736.81690444711,22850.7633965398,0.276496494396154
9.314,0.0233673323690734,0.21764333368555,10.598557136595,0.0659920155054172,0.369294651865683,1.79429670863025e-09,1.08024340692922e-84,0.000252201627386579,11092.2284228399,9746.42324099281,22875.4032329142,0.276773129184892
9.315,0.0233673323690734,0.217666701017919,10.598557136595,0.0659991007550957,0.369334301280742,1.85205503070001e-09,1.51214473476739e-84,0.000255116344514428,11103.3261992262,9756.03905514324,22900.0696382713,0.277050040746781
9.316,0.0233673323690734,0.217690068350288,10.598557136595,0.0660061860047742,0.369373950695802,1.91160865081549e-09,2.11594812436532e-84,0.000258061802645925,11114.4350789395,9765.664356249,22924.7626412603,0.277327229358735
9.317,0.0233673323690734,0.217713435682657,10.598557136595,0.0660132712544527,0.369413600110862,1.97301128995853e-09,2.95976126009036e-84,0.000261038290989156,11125.5550730889,9775.29915366988,22949.4822705611,0.277604695297941
9.318,0.0233673323690734,0.217736803015026,10.598557136595,0.0660203565041312,0.369453249525921,2.03631821094494e-09,4.1385523314357e-84,0.000264046101085755,11136.6861927942,9784.94345677495,22974.2285548849,0.277882438841866
9.319,0.0233673323690734,0.217760170347395,10.598557136595,0.0660274417538097,0.369492898940981,2.10158626067447e-09,5.78469437552648e-84,0.000267085526825756,11147.8284491867,9794.59727494255,22999.0015229734,0.278160460268253
9.32,0.0233673323690734,0.217783537679764,10.598557136595,0.0660345270034881,0.369532548356041,2.16887391347973e-09,8.08262960822543e-84,0.000270156864462495,11158.9818534085,9804.26061756017,23023.8012035997,0.278438759855123
9.321,0.0233673323690734,0.217806905012133,10.598557136595,0.0660416122531666,0.3695721977711,2.23824131560194e-09,1.12892559828426e-83,0.000273260412627625,11170.1464166131,9813.93349402468,23048.6276255678,0.278717337880776
9.322,0.0233673323690734,0.217830272344502,10.598557136595,0.0660486975028451,0.36961184718616,2.30975033081899e-09,1.5762258365111e-83,0.000276396472346122,11181.3221499651,9823.61591374213,23073.4808177126,0.27899619462379
9.323,0.0233673323690734,0.217853639676872,10.598557136595,0.0660557827525236,0.369651496601219,2.38346458725579e-09,2.19994657467243e-83,0.000279565347051396,11192.5090646402,9833.30788612792,23098.3608089003,0.279275330363022
9.324,0.0233673323690734,0.217877007009241,10.598557136595,0.0660628680022021,0.369691146016279,2.45944952540422e-09,3.06935054126831e-83,0.000282767342600412,11203.7071718252,9843.00942060666,23123.267628028,0.279554745377608
9.325,0.0233673323690734,0.21790037434161,10.598557136595,0.0660699532518806,0.369730795431339,2.53777244738419e-09,4.2807671441151e-83,0.000286002767288926,11214.9164827184,9852.72052661233,23148.2013040243,0.279834439946962
9.326,0.0233673323690734,0.217923741673979,10.598557136595,0.0660770385015591,0.369770444846398,2.61850256747354e-09,5.96812030547753e-83,0.000289271931866731,11226.137008529,9862.44121358822,23173.1618658487,0.28011441435078
9.327,0.0233673323690734,0.217947109006348,10.598557136595,0.0660841237512376,0.369810094261458,2.70171106393862e-09,8.31753193365306e-83,0.00029257514955296,11237.3687604775,9872.17149098685,23198.1493424921,0.280394668869035
9.328,0.0233673323690734,0.217970476338717,10.598557136595,0.066091209000916,0.369849743676518,2.78747113219846e-09,1.15875713478124e-82,0.000295912736051484,11248.6117497957,9881.91136827016,23223.1637629764,0.280675203781983
9.329,0.0233673323690734,0.217993843671086,10.598557136595,0.0660982942505945,0.369889393091577,2.87585803935219e-09,1.61373231127661e-82,0.000299285009566328,11259.8659877266,9891.6608549094,23248.2051563551,0.280956019370158
9.33,0.0233673323690734,0.218017211003455,10.598557136595,0.066105379500273,0.369929042506637,2.96694918010364e-09,2.24652776582041e-82,0.000302692290817137,11271.1314855245,9901.41996038512,23273.2735517129,0.281237115914375
9.331,0.0233673323690734,0.218040578335824,10.598557136595,0.0661124647499515,0.369968691921697,3.06082413411876e-09,3.1263198010341e-82,0.000306134903054748,11282.4082544547,9911.18869418729,23298.3689781659,0.281518493695732
9.332,0.0233673323690734,0.218063945668193,10.598557136595,0.06611954999963,0.370008341336756,3.15756472484682e-09,4.34907021827734e-82,0.000309613172076767,11293.6963057942,9920.96706581519,23323.4914648615,0.281800152995606
9.333,0.0233673323690734,0.218087313000562,10.598557136595,0.0661266352493085,0.370047990751816,3.25725507984252e-09,6.04784898605868e-82,0.000313127426243199,11304.9956508309,9930.75508477749,23348.6410409786,0.282082094095657
9.334,0.0233673323690734,0.218110680332931,10.598557136595,0.0661337204989869,0.370087640166876,3.35998169262636e-09,8.40711619779499e-82,0.000316677996492187,11316.3063008642,9940.55276059224,23373.8177357275,0.282364317277825
9.335,0.0233673323690734,0.2181340476653,10.598557136595,0.0661408057486654,0.370127289581935,3.46583348611672e-09,1.16824746455377e-81,0.000320265216355755,11327.6282672047,9950.36010278691,23399.0215783503,0.282646822824334
9.336,0.0233673323690734,0.218157414997669,10.598557136595,0.0661478909983439,0.370166938996995,3.5749018776733e-09,1.62279784497469e-81,0.000323889421975598,11338.9615611745,9960.17712089831,23424.25259812,0.282929611017689
9.337,0.0233673323690734,0.218180782330039,10.598557136595,0.0661549762480224,0.370206588412055,3.68728084579159e-09,2.25338743276181e-81,0.000327550952118987,11350.3061941067,9970.00382447271,23449.5108243418,0.283212682140679
9.338,0.0233673323690734,0.218204149662408,10.598557136595,0.0661620614977009,0.370246237827114,3.80306699848439e-09,3.12787418926754e-81,0.000331250148194667,11361.6621773461,9979.84022306578,23474.7962863522,0.283496036476374
9.339,0.0233673323690734,0.218227516994777,10.598557136595,0.0661691467473794,0.370285887242174,3.92235964339338e-09,4.34015000544117e-81,0.000334987354268841,11373.0295222486,9989.68632624264,23500.1090135195,0.283779674308131
9.34,0.0233673323690734,0.218250884327146,10.598557136595,0.0661762319970579,0.370325536657234,4.04526085966961e-09,6.02008122637071e-81,0.000338762917081173,11384.4082401816,9999.54214357778,23525.4490352434,0.284063595919584
9.341,0.0233673323690734,0.218274251659515,10.598557136595,0.0661833172467363,0.370365186072293,4.17187557166803e-09,8.34722657016766e-81,0.000342577186060908,11395.7983425238,10009.4076846552,23550.8163809554,0.284347801594657
9.342,0.0233673323690734,0.218297618991884,10.598557136595,0.0661904024964148,0.370404835487353,4.30231162449484e-09,1.15697609114305e-80,0.000346430513342988,11407.1998406653,10019.2829590684,23576.2110801189,0.284632291617556
9.343,0.0233673323690734,0.218320986324253,10.598557136595,0.0661974877460933,0.370444484902413,4.43667986145374e-09,1.60305709608393e-80,0.000350323253784216,11418.6127460075,10029.1679764202,23601.6331622289,0.28491706627277
9.344,0.0233673323690734,0.218344353656622,10.598557136595,0.0662045729957718,0.370484134317472,4.57509420343744e-09,2.22032277340415e-80,0.000354255764979543,11430.0370699635,10039.0627463229,23627.0826568123,0.285202125845074
9.345,0.0233673323690734,0.218367720988991,10.598557136595,0.0662116582454503,0.370523783732532,4.71767173030631e-09,3.07415558715442e-80,0.000358228407278329,11441.4728239575,10048.9672783986,23652.5595934279,0.285487470619528
9.346,0.0233673323690734,0.21839108832136,10.598557136595,0.0662187434951288,0.370563433147592,4.86453276430304e-09,4.25479141628475e-80,0.000362241543800678,11452.9200194252,10058.8815822784,23678.064001666,0.285773100881475
9.347,0.0233673323690734,0.218414455653729,10.598557136595,0.0662258287448073,0.370603082562651,5.01580095555317e-09,5.8867215924688e-80,0.00036629554045387,11464.378667814,10068.8056676033,23703.5959111493,0.286059016916548
9.348,0.0233673323690734,0.218437822986098,10.598557136595,0.0662329139944858,0.370642731977711,5.17160336969581e-09,8.14163451556767e-80,0.000370390765948787,11475.8487805823,10078.7395440237,23729.1553515322,0.286345219010662
9.349,0.0233673323690734,0.218461190318467,10.598557136595,0.0662399992441642,0.370682381392771,5.33207057769667e-09,1.12562228861086e-79,0.000374527591816397,11487.3303692004,10088.6832211994,23754.742352501,0.286631707450018
9.35,0.0233673323690734,0.218484557650837,10.598557136595,0.0662470844938427,0.37072203080783,5.4973367478969e-09,1.5556676926037e-79,0.00037870639242434,11498.8234451498,10098.6367087998,23780.3569437742,0.286918482521105
9.351,0.0233673323690734,0.218507924983206,10.598557136595,0.0662541697435212,0.37076168022289,5.66753974034483e-09,2.14923616567514e-79,0.000382927544993515,11510.3280199237,10108.6000165039,23805.9991551022,0.2872055445107
9.352,0.0233673323690734,0.218531292315575,10.598557136595,0.0662612549931997,0.37080132963795,5.84282120346595e-09,2.96821050440674e-79,0.000387191429614704,11521.8441050265,10118.5731540002,23831.6690162676,0.287492893705862
9.353,0.0233673323690734,0.218554659647944,10.598557136595,0.0662683402428782,0.370840979053009,6.02332667312842e-09,4.09777961316236e-79,0.000391498429265327,11533.3717119743,10128.5561309868,23857.3665570849,0.287780530393942
9.354,0.0233673323690734,0.218578026980313,10.598557136595,0.0662754254925567,0.370880628468069,6.20920567415416e-09,5.65517346261693e-79,0.000395848929826154,11544.9108522948,10138.5489571713,23883.0918074011,0.288068454862577
9.355,0.0233673323690734,0.218601394312682,10.598557136595,0.0662825107422352,0.370920277883129,6.40061182433617e-09,7.80165585418095e-79,0.000400243320098131,11556.4615375272,10148.5516422709,23908.8447970951,0.28835666739969
9.356,0.0233673323690734,0.218624761645051,10.598557136595,0.0662895959919136,0.370959927298188,6.59770294101705e-09,1.07589840406602e-78,0.000404681991819198,11568.0237792221,10158.5641960125,23934.625556078,0.288645168293495
9.357,0.0233673323690734,0.21864812897742,10.598557136595,0.0662966812415921,0.370999576713248,6.80064115029267e-09,1.48319907311397e-78,0.000409165339681239,11579.5975889417,10168.5866281323,23960.4341142934,0.288933957832492
9.358,0.0233673323690734,0.218671496309789,10.598557136595,0.0663037664912706,0.371039226128308,7.00959299889495e-09,2.04395545337042e-78,0.000413693761347002,11591.1829782598,10178.6189483765,23986.270501717,0.289223036305472
9.359,0.0233673323690734,0.218694863642158,10.598557136595,0.0663108517409491,0.371078875543367,7.22472956881863e-09,2.81570594346176e-78,0.000418267657467084,11602.7799587619,10188.6611665005,24012.1347483568,0.289512404001511
9.36,0.0233673323690734,0.218718230974527,10.598557136595,0.0663179369906276,0.371118524958427,7.44622659475812e-09,3.87745842591892e-78,0.000422887431697017,11614.3885420449,10198.7132922698,24038.0268842532,0.289802061209978
9.361,0.0233673323690734,0.218741598306896,10.598557136595,0.0663250222403061,0.371158174373487,7.67426458441196e-09,5.33766206935724e-78,0.000427553490714344,11626.0087397175,10208.7753354591,24063.9469394792,0.290092008220532
9.362,0.0233673323690734,0.218764965639265,10.598557136595,0.0663321074899846,0.371197823788546,7.9090289417244e-09,7.34512452908902e-78,0.000432266244235734,11637.6405633997,10218.8473058529,24089.8949441398,0.290382245323117
9.363,0.0233673323690734,0.218788332971634,10.598557136595,0.066339192739663,0.371237473203606,8.15071009313396e-09,1.01039573889168e-77,0.000437026105034224,11649.2840247235,10228.9292132455,24115.8709283728,0.290672772807972
9.364,0.0233673323690734,0.218811700304004,10.598557136595,0.0663462779893415,0.371277122618666,8.39950361689082e-09,1.38940287834273e-77,0.00044183348895643,11660.9391353322,10239.0210674407,24141.8749223485,0.290963590965624
9.365,0.0233673323690734,0.218835067636373,10.598557136595,0.06635336323902,0.371316772033725,8.65561037551647e-09,1.90989423925297e-77,0.000446688814939804,11672.6059068811,10249.122878252,24167.9069562695,0.291254700086891
9.366,0.0233673323690734,0.218858434968742,10.598557136595,0.0663604484886985,0.371356421448785,8.91923665147993e-09,2.6244298604102e-77,0.000451592505030017,11684.2843510369,10259.2346555025,24193.9670603711,0.291546100462882
9.367,0.0233673323690734,0.218881802301111,10.598557136595,0.066367533738377,0.371396070863845,9.19059428615744e-09,3.60499975937427e-77,0.000456544984398311,11695.974479478,10269.3564090252,24220.0552649213,0.291837792384999
9.368,0.0233673323690734,0.21890516963348,10.598557136595,0.0663746189880555,0.371435720278904,9.46990082215182e-09,4.95017119099786e-77,0.000461546681358889,11707.6763038945,10279.4881486626,24246.1716002205,0.292129776144932
9.369,0.0233673323690734,0.218928536965849,10.598557136595,0.066381704237734,0.371475369693964,9.75737964905284e-09,6.79485190932585e-77,0.000466598027386438,11719.3898359883,10289.629884267,24272.316096602,0.292422052034665
9.37,0.0233673323690734,0.218951904298218,10.598557136595,0.0663887894874124,0.371515019109024,1.00532601527072e-08,9.32362211808637e-77,0.000471699457133609,11731.1150874729,10299.7816257005,24298.4887844318,0.292714620346475
9.371,0.0233673323690734,0.218975271630587,10.598557136595,0.0663958747370909,0.371554668524083,1.03577778680839e-08,1.27889329810762e-76,0.000476851408448586,11742.8520700736,10309.9433828348,24324.6896941084,0.29300748137293
9.372,0.0233673323690734,0.218998638962956,10.598557136595,0.0664029599867694,0.371594317939143,1.06711746358111e-08,1.75359391808497e-76,0.000482054322392651,11754.6007955274,10320.1151655513,24350.9188560634,0.29330063540689
9.373,0.0233673323690734,0.219022006295325,10.598557136595,0.0664100452364479,0.371633967354203,1.09936987624733e-08,2.40363716855629e-76,0.000487308643257888,11766.3612755829,10330.2969837413,24377.1763007609,0.29359408274151
9.374,0.0233673323690734,0.219045373627694,10.598557136595,0.0664171304861264,0.371673616769262,1.13256051847459e-08,3.293472515075e-76,0.000492614818584839,11778.1335220007,10340.4888473059,24403.4620586981,0.293887823670238
9.375,0.0233673323690734,0.219068740960063,10.598557136595,0.0664242157358049,0.371713266184322,1.16671556374534e-08,4.51112143558658e-76,0.000497973299180208,11789.9175465529,10350.6907661557,24429.776160405,0.294181858486813
9.376,0.0233673323690734,0.219092108292432,10.598557136595,0.0664313009854833,0.371752915599382,1.20186188256485e-08,6.1767557075812e-76,0.000503384539134693,11801.7133610237,10360.9027502112,24456.1186364444,0.294476187485272
9.377,0.0233673323690734,0.219115475624802,10.598557136595,0.0664383862351619,0.371792565014441,1.23802706007879e-08,8.45438176845777e-76,0.000508848995840771,11813.5209772089,10371.1248094029,24482.4895174124,0.294770810959943
9.378,0.0233673323690734,0.219138842957171,10.598557136595,0.0664454714848403,0.371832214429501,1.27523941411028e-08,1.15677500977299e-75,0.000514367130010532,11825.340406916,10381.3569536709,24508.8888339376,0.295065729205449
9.379,0.0233673323690734,0.21916221028954,10.598557136595,0.0664525567345188,0.371871863844561,1.31352801362616e-08,1.58220095987234e-75,0.00051993940569363,11837.1716619645,10391.599192965,24535.316616682,0.295360942516709
9.38,0.0233673323690734,0.219185577621909,10.598557136595,0.0664596419841973,0.37191151325962,1.35292269764105e-08,2.16331709702021e-75,0.000525566290295198,11849.0147541856,10401.851537245,24561.7728963406,0.295656451188936
9.381,0.0233673323690734,0.219208944954278,10.598557136595,0.0664667272338758,0.37195116267468,1.39345409456917e-08,2.95681807690173e-75,0.000531248254593803,11860.8696954225,10412.1139964805,24588.2577036413,0.295952255517639
9.382,0.0233673323690734,0.219232312286647,10.598557136595,0.0664738124835543,0.371990812089739,1.43515364203466e-08,4.03994078790579e-75,0.000536985772759519,11872.7364975301,10422.3865806508,24614.7710693454,0.296248355798622
9.383,0.0233673323690734,0.219255679619016,10.598557136595,0.0664808977332327,0.372030461504799,1.47805360714908e-08,5.51786991958827e-75,0.000542779322371954,11884.6151723752,10432.6692997454,24641.3130242472,0.296544752327985
9.384,0.0233673323690734,0.219279046951385,10.598557136595,0.0664879829829112,0.372070110919859,1.52218710726752e-08,7.53379969304954e-75,0.000548629384438371,11896.5057318364,10442.9621637632,24667.8835991743,0.296841445402126
9.385,0.0233673323690734,0.219302414283754,10.598557136595,0.0664950682325897,0.372109760334918,1.56758813123287e-08,1.02825995511324e-74,0.000554536443411783,11908.4081878043,10453.2651827132,24694.4828249875,0.297138435317737
9.386,0.0233673323690734,0.219325781616123,10.598557136595,0.0665021534822682,0.372149409749978,1.61429156112027e-08,1.40293680570042e-74,0.000560500987209201,11920.3225521815,10463.5783666142,24721.1107325808,0.297435722371808
9.387,0.0233673323690734,0.219349148948492,10.598557136595,0.0665092387319467,0.372189059165038,1.66233319449124e-08,1.91346145092696e-74,0.000566523507229802,11932.2488368822,10473.9017254951,24747.7673528816,0.297733306861626
9.388,0.0233673323690734,0.219372516280861,10.598557136595,0.0665163239816252,0.372228708580097,1.71174976716907e-08,2.60884235835812e-74,0.000572604498373175,11944.1870538326,10484.2352693945,24774.4527168507,0.298031189084776
9.389,0.0233673323690734,0.21939588361323,10.598557136595,0.0665234092313037,0.372268357995157,1.76257897654787e-08,3.55567909688008e-74,0.000578744459057657,11956.1372149712,10494.5790083608,24801.1668554821,0.298329369339139
9.39,0.0233673323690734,0.219419250945599,10.598557136595,0.0665304944809822,0.372308007410217,1.81485950544524e-08,4.84444434415972e-74,0.00058494389123863,11968.099332248,10504.9329524525,24827.9097998036,0.298627847922897
9.391,0.0233673323690734,0.219442618277969,10.598557136595,0.0665375797306606,0.372347656825276,1.8686310465111e-08,6.59799775461876e-74,0.000591203300426867,11980.0734176251,10515.297111738,24854.6815808758,0.298926625134528
9.392,0.0233673323690734,0.219465985610338,10.598557136595,0.0665446649803391,0.372387306240336,1.9239343272056e-08,8.98312050817663e-74,0.000597523195706979,11992.0594830766,10525.6714962956,24881.4822297935,0.299225701272808
9.393,0.0233673323690734,0.219489352942707,10.598557136595,0.0665517502300176,0.372426955655396,1.9808111353568e-08,1.22261366984077e-73,0.000603904089755829,12004.0575405886,10536.0561162135,24908.3117776846,0.299525076636815
9.394,0.0233673323690734,0.219512720275076,10.598557136595,0.0665588354796961,0.372466605070455,2.03930434531131e-08,1.66340620504889e-73,0.000610346498860957,12016.0676021591,10546.4509815899,24935.1702557107,0.299824751525924
9.395,0.0233673323690734,0.219536087607445,10.598557136595,0.0665659207293746,0.372506254485515,2.0994579446919e-08,2.26232255247039e-73,0.000616850942939166,12028.0896797982,10556.8561025331,24962.057695067,0.300124726239808
9.396,0.0233673323690734,0.219559454939814,10.598557136595,0.0665730059790531,0.372545903900575,2.16131706177285e-08,3.07579905741221e-73,0.000623417945555014,12040.1237855281,10567.2714891611,24988.9741269824,0.300425001078445
9.397,0.0233673323690734,0.219582822272183,10.598557136595,0.0665800912287316,0.372585553315634,2.22492799348767e-08,4.18031212909454e-73,0.00063004803393935,12052.1699313827,10577.697151602,25015.9195827192,0.300725576342107
9.398,0.0233673323690734,0.219606189604552,10.598557136595,0.06658717647841,0.372625202730694,2.29033823408348e-08,5.67945765822373e-73,0.000636741739007995,12064.2281294082,10588.133099994,25042.8940935737,0.301026452331371
9.399,0.0233673323690734,0.219629556936921,10.598557136595,0.0665942617280885,0.372664852145754,2.3575965044339e-08,7.71351833657985e-73,0.000643499595380339,12076.2983916629,10598.5793444851,25069.897690876,0.301327629347112
9.4,0.0233673323690734,0.21965292426929,10.598557136595,0.066601346977767,0.372704501560813,2.42675278202567e-08,1.04723886096321e-72,0.000650322141397968,12088.380730217,10609.0358952335,25096.9304059896,0.301629107690508
9.401,0.0233673323690734,0.219676291601659,10.598557136595,0.0666084322274455,0.372744150975873,2.49785833163422e-08,1.42130294272645e-72,0.000657209919143443,12100.4751571528,10619.5027624074,25123.9922703121,0.301930887663036
9.402,0.0233673323690734,0.219699658934028,10.598557136595,0.066615517477124,0.372783800390933,2.57096573670076e-08,1.92830319955328e-72,0.000664163474458972,12112.5816845648,10629.9799561849,25151.0833152751,0.302232969566477
9.403,0.0233673323690734,0.219723026266397,10.598557136595,0.0666226027268025,0.372823449805992,2.6461289314277e-08,2.61524173588043e-72,0.000671183356965207,12124.7003245595,10640.4674867542,25178.2035723437,0.302535353702914
9.404,0.0233673323690734,0.219746393598766,10.598557136595,0.066629687976481,0.372863099221052,2.72340323360584e-08,3.54565351516025e-72,0.000678270120079967,12136.8310892555,10650.9653643137,25205.3530730173,0.302838040374728
9.405,0.0233673323690734,0.219769760931136,10.598557136595,0.0666367732261594,0.372902748636112,2.80284537819139e-08,4.80539150500047e-72,0.000685424321037145,12148.9739907836,10661.4735990715,25232.5318488289,0.303141029884609
9.406,0.0233673323690734,0.219793128263505,10.598557136595,0.0666438584758379,0.372942398051171,2.88451355164579e-08,6.51042552241369e-72,0.000692646520905508,12161.1290412867,10671.9922012463,25259.7399313459,0.303444322535545
9.407,0.0233673323690734,0.219816495595874,10.598557136595,0.0666509437255164,0.372982047466231,2.96846742705555e-08,8.81735199569068e-72,0.00069993728460754,12173.2962529199,10682.5211810663,25286.9773521694,0.303747918630828
9.408,0.0233673323690734,0.219839862928243,10.598557136595,0.0666580289751949,0.373021696881291,3.05476820005015e-08,1.1937551969541e-71,0.000707297180938413,12185.4756378503,10693.0605487702,25314.2441429347,0.304051818474055
9.409,0.0233673323690734,0.219863230260612,10.598557136595,0.0666651142248734,0.37306134629635,3.14347862553175e-08,1.61562570333569e-71,0.000714726782584885,12197.6672082574,10703.6103146068,25341.5403353113,0.304356022369127
9.41,0.0233673323690734,0.219886597592981,10.598557136595,0.0666721994745519,0.37310099571141,3.23466305523534e-08,2.18582154654446e-71,0.000722226666144211,12209.8709763327,10714.1704888347,25368.8659610028,0.304660530620246
9.411,0.0233673323690734,0.21990996492535,10.598557136595,0.0666792847242304,0.37314064512647,3.32838747613806e-08,2.95622312665322e-71,0.000729797412143207,12222.08695428,10724.7410817229,25396.2210517469,0.304965343531921
9.412,0.0233673323690734,0.219933332257719,10.598557136595,0.0666863699739089,0.373180294541529,3.42471954973232e-08,3.9967627099784e-71,0.000737439605057204,12234.3151543153,10735.3221035505,25423.6056393157,0.305270461408965
9.413,0.0233673323690734,0.219956699590088,10.598557136595,0.0666934552235873,0.373219943956589,3.52372865218252e-08,5.40167256168416e-71,0.000745153833329057,12246.5555886667,10745.9135646065,25451.0197555152,0.305575884556496
9.414,0.0233673323690734,0.219980066922457,10.598557136595,0.0667005404732658,0.373259593371649,3.62548591538508e-08,7.29788420374236e-71,0.00075294068938826,12258.8082695748,10756.5154751904,25478.4634321861,0.305881613279936
9.415,0.0233673323690734,0.220003434254826,10.598557136595,0.0667076257229443,0.373299242786708,3.7300642689472e-08,9.85631542245944e-71,0.000760800769669983,12271.0732092922,10767.1278456117,25505.9367012033,0.306187647885016
9.416,0.0233673323690734,0.220026801587195,10.598557136595,0.0667147109726228,0.373338892201768,3.83753848310637e-08,1.33070325309883e-70,0.000768734674634192,12283.3504200838,10777.7506861899,25533.439594476,0.306493988677769
9.417,0.0233673323690734,0.220050168919564,10.598557136595,0.0667217962223013,0.373378541616828,3.94798521260781e-08,1.7959611251614e-70,0.00077674300878472,12295.6399142268,10788.384007255,25560.9721439479,0.306800635964536
9.418,0.0233673323690734,0.220073536251934,10.598557136595,0.0667288814719798,0.373418191031887,4.06148304156261e-08,2.4230469045263e-70,0.00078482638068849,12307.9417040107,10799.0278191471,25588.5343815969,0.307107590051965
9.419,0.0233673323690734,0.220096903584303,10.598557136595,0.0667359667216583,0.373457840446947,4.17811252930316e-08,3.26795429942404e-70,0.000792985402994634,12320.2558017375,10809.6821322163,25616.1263394359,0.307414851247009
9.42,0.0233673323690734,0.220120270916672,10.598557136595,0.0667430519713367,0.373497489862007,4.29795625725803e-08,4.40594914343175e-70,0.000801220692453646,12332.582219721,10820.346956823,25643.7480495117,0.307722419856931
9.421,0.0233673323690734,0.220143638249041,10.598557136595,0.0667501372210152,0.373537139277066,4.42109887686922e-08,5.93816724626315e-70,0.00080953286993666,12344.9209702877,10831.0223033381,25671.3995439062,0.308030296189297
9.422,0.0233673323690734,0.22016700558141,10.598557136595,0.0667572224706937,0.373576788692126,4.54762715856931e-08,8.00045889364742e-70,0.000817922560454634,12357.2720657765,10841.7081821423,25699.0808547354,0.308338480551986
9.423,0.0233673323690734,0.220190372913779,10.598557136595,0.0667643077203722,0.373616438107186,4.67763004184198e-08,1.07752408562217e-69,0.000826390393177546,12369.6355185384,10852.4046036269,25726.7920141503,0.308646973253181
9.424,0.0233673323690734,0.220213740246148,10.598557136595,0.0667713929700507,0.373656087522245,4.81119868639015e-08,1.45073730311129e-69,0.000834937001453739,12382.0113409368,10863.1115781932,25754.5330543365,0.308955774601374
9.425,0.0233673323690734,0.220237107578517,10.598557136595,0.0667784782197292,0.373695736937305,4.94842652443012e-08,1.95254189372359e-69,0.000843563022829159,12394.3995453476,10873.8291162529,25782.3040075142,0.309264884905369
9.426,0.0233673323690734,0.220260474910886,10.598557136595,0.0667855634694076,0.373735386352365,5.08940931413675e-08,2.62701058051999e-69,0.000852269099066587,12406.800144159,10884.557228228,25810.1049059383,0.309574304474274
9.427,0.0233673323690734,0.220283842243255,10.598557136595,0.0667926487190861,0.373775035767424,5.23424519426517e-08,3.53324090016669e-69,0.000861055876165052,12419.2131497715,10895.2959245505,25837.9357818987,0.309884033617509
9.428,0.0233673323690734,0.220307209575624,10.598557136595,0.0667997339687646,0.373814685182484,5.38303473996822e-08,4.75044976483748e-69,0.000869924004379098,12431.6385745983,10906.0452156632,25865.79666772,0.310194072644804
9.429,0.0233673323690734,0.220330576907993,10.598557136595,0.0668068192184431,0.373854334597544,5.53588101983648e-08,6.38478609057342e-69,0.000878874138238076,12444.0764310646,10916.8051120187,25893.6875957616,0.310504421866196
9.43,0.0233673323690734,0.220353944240362,10.598557136595,0.0668139044681216,0.373893984012603,5.69288965418723e-08,8.57843770729242e-69,0.000887906936565585,12456.5267316084,10927.5756240802,25921.6085984177,0.310815081592037
9.431,0.0233673323690734,0.220377311572731,10.598557136595,0.0668209897178001,0.373933633427663,5.85416887462327e-08,1.152180094931e-68,0.000897023062498773,12468.98948868,10938.3567623211,25949.5597081178,0.311126052132985
9.432,0.0233673323690734,0.220400678905101,10.598557136595,0.0668280749674786,0.373973282842723,6.01982958489051e-08,1.54697372488985e-68,0.000906223183507747,12481.4647147421,10949.1485372253,25977.5409573261,0.311437333800012
9.433,0.0233673323690734,0.22042404623747,10.598557136595,0.066835160217157,0.374012932257782,6.18998542305782e-08,2.07632817390907e-68,0.000915507971414886,12493.95242227,10959.9509592868,26005.5523785417,0.311748926904398
9.434,0.0233673323690734,0.220447413569839,10.598557136595,0.0668422454668355,0.374052581672842,6.36475282504957e-08,2.7858622229274e-68,0.000924878102414338,12506.4526237513,10970.7640390102,26033.594004299,0.312060831757737
9.435,0.0233673323690734,0.220470780902208,10.598557136595,0.066849330716514,0.374092231087902,6.54425108955281e-08,3.73657699998175e-68,0.000934334257091384,12518.9653316863,10981.5877869102,26061.6658671674,0.312373048671934
9.436,0.0233673323690734,0.220494148234577,10.598557136595,0.0668564159661925,0.374131880502961,6.72860244432872e-08,5.01001458386489e-68,0.000943877120441795,12531.4905585877,10992.4222135121,26089.7679997512,0.312685577959205
9.437,0.0233673323690734,0.220517515566946,10.598557136595,0.066863501215871,0.374171529918021,6.91793211395933e-08,6.7151370833387e-68,0.000953507381891356,12544.0283169806,11003.2673293515,26117.9004346903,0.31299841993208
9.438,0.0233673323690734,0.220540882899315,10.598557136595,0.0668705864655495,0.374211179333081,7.11236838905205e-08,8.99749681212195e-68,0.000963225735315253,12556.578619403,11014.1231449744,26146.0632046594,0.313311574903402
9.439,0.0233673323690734,0.220564250231684,10.598557136595,0.066877671715228,0.37425082874814,7.31204269693428e-08,1.20514563727483e-67,0.000973032879057463,12569.141478405,11024.9896709371,26174.2563423686,0.313625043186325
9.44,0.0233673323690734,0.220587617564053,10.598557136595,0.0668847569649064,0.3742904781632,7.51708967386969e-08,1.61364673702597e-67,0.000982929515950291,12581.7169065495,11035.8669178065,26202.4798805632,0.313938825094316
9.441,0.0233673323690734,0.220610984896422,10.598557136595,0.0668918422145849,0.37433012757826,7.72764723882121e-08,2.15987482219183e-67,0.000992916353333775,12594.304916412,11046.7548961599,26230.733852024,0.31425292094116
9.442,0.0233673323690734,0.220634352228791,10.598557136595,0.0668989274642634,0.374369776993319,7.94385666879295e-08,2.89001417577238e-67,0.0010029941030751,12606.9055205804,11057.6536165848,26259.0182895668,0.31456733104095
9.443,0.0233673323690734,0.22065771956116,10.598557136595,0.0669060127139419,0.374409426408379,8.16586267578654e-08,3.86565172892371e-67,0.00101316348158813,12619.5187316554,11068.5630896795,26287.3332260431,0.314882055708097
9.444,0.0233673323690734,0.220681086893529,10.598557136595,0.0669130979636204,0.374449075823439,8.39381348539646e-08,5.16888562325709e-67,0.00102342520985286,12632.1445622502,11079.4833260525,26315.6786943398,0.315197095257327
9.445,0.0233673323690734,0.220704454225899,10.598557136595,0.0669201832132989,0.374488725238498,8.62786091707917e-08,6.90911869426509e-67,0.0010337800134348,12644.7830249906,11090.4143363228,26344.054727379,0.315512450003678
9.446,0.0233673323690734,0.220727821558268,10.598557136595,0.0669272684629774,0.374528374653558,8.8681604661332e-08,9.2320894784441e-67,0.00104422862250456,12657.4341325151,11101.3561311199,26372.4613581185,0.315828120262505
9.447,0.0233673323690734,0.220751188890637,10.598557136595,0.0669343537126558,0.374568024068617,9.11487138741599e-08,1.23318735540904e-66,0.00105477177185723,12670.0978974748,11112.308721084,26400.8986195517,0.316144106349478
9.448,0.0233673323690734,0.220774556223006,10.598557136595,0.0669414389623343,0.374607673483677,9.3681567808363e-08,1.64668266628625e-66,0.00106541020093191,12682.7743325335,11123.2721168654,26429.3665447075,0.316460408580585
9.449,0.0233673323690734,0.220797923555375,10.598557136595,0.0669485242120128,0.374647322898737,9.6281836786537e-08,2.19807569607268e-66,0.00107614465383108,12695.4634503675,11134.2463291252,26457.8651666503,0.316777027272127
9.45,0.0233673323690734,0.220821290887744,10.598557136595,0.0669556094616913,0.374686972313796,9.89512313462537e-08,2.93310317842114e-66,0.00108697587934018,12708.165263666,11145.2313685349,26486.3945184802,0.317093962740722
9.451,0.0233673323690734,0.220844658220113,10.598557136595,0.0669626947113698,0.374726621728856,1.01691503150287e-07,3.91258773198822e-66,0.00109790463094704,12720.8797851309,11156.2272457766,26514.9546333333,0.317411215303306
9.452,0.0233673323690734,0.220868025552482,10.598557136595,0.0669697799610483,0.374766271143916,1.04504445915988e-07,5.21738608524951e-66,0.00110893166686126,12733.6070274766,11167.2339715428,26543.5455443809,0.317728785277132
9.453,0.0233673323690734,0.220891392884851,10.598557136595,0.0669768652107268,0.374805920558975,1.07391896364225e-07,6.95495119828048e-66,0.00112005775003377,12746.3470034303,11178.2515565368,26572.1672848305,0.31804667297977
9.454,0.0233673323690734,0.22091476021722,10.598557136595,0.0669839504604053,0.374845569974035,1.10355735188193e-07,9.26803166977658e-66,0.00113128364817627,12759.0997257322,11189.2800114722,26600.8198879253,0.318364878729107
9.455,0.0233673323690734,0.220938127549589,10.598557136595,0.0669910357100837,0.374885219389095,1.13397888042481e-07,1.23462005768354e-65,0.00114261013378055,12771.8652071349,11200.3193470733,26629.5033869441,0.31868340284335
9.456,0.0233673323690734,0.220961494881958,10.598557136595,0.0669981209597622,0.374924868804154,1.16520326552867e-07,1.64411287519828e-65,0.00115403798413812,12784.6434604038,11211.3695740749,26658.217815202,0.319002245641022
9.457,0.0233673323690734,0.220984862214327,10.598557136595,0.0670052062094407,0.374964518219214,1.19725069347128e-07,2.18868116961485e-65,0.00116556798135953,12797.4344983172,11222.4307032225,26686.9632060496,0.319321407440966
9.458,0.0233673323690734,0.221008229546696,10.598557136595,0.0670122914591192,0.375004167634274,1.23014183107309e-07,2.91263475591183e-65,0.00117720091239374,12810.2383336662,11233.5027452722,26715.7395928739,0.319640888562344
9.459,0.0233673323690734,0.221031596879066,10.598557136595,0.0670193767087977,0.375043817049333,1.26389783643911e-07,3.87473757720429e-65,0.00118893756904768,12823.0549792546,11244.5857109906,26744.5470090975,0.319960689324637
9.46,0.0233673323690734,0.221054964211435,10.598557136595,0.0670264619584762,0.375083466464393,1.29854036992323e-07,5.15289613101825e-65,0.00120077874800558,12835.8844478991,11255.679611155,26773.3854881792,0.320280810047647
9.461,0.0233673323690734,0.221078331543804,10.598557136595,0.0670335472081547,0.375123115879453,1.33409160531949e-07,6.85035999213945e-65,0.0012127252508483,12848.7267524291,11266.7844565533,26802.255063614,0.320601251051493
9.462,0.0233673323690734,0.221101698876173,10.598557136595,0.0670406324578331,0.375162765294512,1.37057424128538e-07,9.1039192989805e-65,0.00122477788407282,12861.5819056868,11277.9002579841,26831.1557689328,0.320922012656617
9.463,0.0233673323690734,0.221125066208542,10.598557136595,0.0670477177075116,0.375202414709572,1.40801151300017e-07,1.20947386416061e-64,0.00123693745911156,12874.4499205276,11289.0270262565,26860.0876377028,0.32124309518378
9.464,0.0233673323690734,0.221148433540911,10.598557136595,0.0670548029571901,0.375242064124632,1.44642720406383e-07,1.60626703466589e-64,0.00124920479235178,12887.3308098194,11300.1647721906,26889.0507035275,0.321564498954066
9.465,0.0233673323690734,0.22117180087328,10.598557136595,0.0670618882068686,0.375281713539691,1.48584565864017e-07,2.13251581289779e-64,0.00126158070515479,12900.224586443,11311.3135066167,26918.0450000462,0.321886224288877
9.466,0.0233673323690734,0.221195168205649,10.598557136595,0.0670689734565471,0.375321362954751,1.52629179384992e-07,2.83021947360973e-64,0.00127406602387546,12913.1312632923,11322.4732403762,26947.070560935,0.322208271509939
9.467,0.0233673323690734,0.221218535538018,10.598557136595,0.0670760587062256,0.375361012369811,1.56779111241717e-07,3.75492611493415e-64,0.00128666157988141,12926.050853274,11333.643984321,26976.127419906,0.3225306409393
9.468,0.0233673323690734,0.221241902870387,10.598557136595,0.067083143955904,0.37540066178487,1.61036971557431e-07,4.98007850298399e-64,0.00129936820957231,12938.9833693076,11344.8257493138,27005.2156107076,0.322853332899328
9.469,0.0233673323690734,0.221265270202756,10.598557136595,0.0670902292055825,0.37544031119993,1.65405431623118e-07,6.60274581962783e-64,0.00131218675439924,12951.9288243256,11356.0185462278,27034.335167125,0.323176347712716
9.47,0.0233673323690734,0.221288637535125,10.598557136595,0.067097314455261,0.37547996061499,1.69887225241188e-07,8.75118070342888e-64,0.00132511806088385,12964.8872312735,11367.2223859472,27063.4861229793,0.323499685702479
9.471,0.0233673323690734,0.221312004867494,10.598557136595,0.0671043997049395,0.375519610030049,1.74485150096484e-07,1.15947794572105e-63,0.00133816298063763,12977.8586031098,11378.4372793667,27092.6685121284,0.323823347191954
9.472,0.0233673323690734,0.221335372199863,10.598557136595,0.067111484954618,0.375559259445109,1.792020691552e-07,1.53572051649416e-63,0.00135132237038117,12990.8429528057,11389.6632373921,27121.8823684667,0.324147332504803
9.473,0.0233673323690734,0.221358739532233,10.598557136595,0.0671185702042965,0.375598908860169,1.84040912092078e-07,2.03336722258049e-63,0.00136459709196332,13003.8402933457,11400.9002709396,27151.127725925,0.324471641965013
9.474,0.0233673323690734,0.221382106864602,10.598557136595,0.067125655453975,0.375638558275228,1.89004676746475e-07,2.69137041666066e-63,0.0013779880123803,13016.850637727,11412.1483909362,27180.4046184707,0.324796275896891
9.475,0.0233673323690734,0.221405474196971,10.598557136595,0.0671327407036535,0.375678207690288,1.94096430607908e-07,3.5611087694486e-63,0.00139149600379498,13029.8739989601,11423.40760832,27209.713080108,0.325121234625072
9.476,0.0233673323690734,0.22142884152934,10.598557136595,0.0671398259533319,0.375717857105348,1.99319312331458e-07,4.71032851061909e-63,0.00140512194355595,13042.9103900682,11434.6779340395,27239.0531448776,0.325446518474515
9.477,0.0233673323690734,0.221452208861709,10.598557136595,0.0671469112030104,0.375757506520407,2.04676533283674e-07,6.22832740239481e-63,0.00141886671421651,13055.9598240879,11445.9593790542,27268.424846857,0.325772127770503
9.478,0.0233673323690734,0.221475576194078,10.598557136595,0.0671539964526889,0.375797155935467,2.1017137911959e-07,8.23277098250751e-63,0.00143273120355395,13069.0223140684,11457.2519543345,27297.8282201604,0.326098062838646
9.479,0.0233673323690734,0.221498943526447,10.598557136595,0.0671610817023674,0.375836805350527,2.15807211391265e-07,1.08786519844275e-62,0.00144671630458843,13082.0978730723,11468.5556708614,27327.2632989387,0.32642432400488
9.48,0.0233673323690734,0.221522310858816,10.598557136595,0.0671681669520459,0.375876454765586,2.21587469188565e-07,1.43700628021615e-62,0.00146082291560211,13095.1865141752,11479.8705396269,27356.7301173799,0.326750911595464
9.481,0.0233673323690734,0.221545678191185,10.598557136595,0.0671752522017244,0.375916104180646,2.2751567081265e-07,1.89756589839324e-62,0.00147505194015798,13108.2882504657,11491.1965716338,27386.2287097085,0.327077825936988
9.482,0.0233673323690734,0.221569045523554,10.598557136595,0.0671823374514029,0.375955753595706,2.33595415482926e-07,2.50489641228083e-62,0.00148940428711901,13121.4030950456,11502.5337778957,27415.7591101861,0.327405067356364
9.483,0.0233673323690734,0.221592412855923,10.598557136595,0.0671894227010813,0.375995403010765,2.39830385077855e-07,3.30550228860147e-62,0.001503880870667,13134.5310610296,11513.8821694372,27445.3213531115,0.327732636180836
9.484,0.0233673323690734,0.221615780188292,10.598557136595,0.0671965079507598,0.376035052425825,2.46224345910355e-07,4.36053750284119e-62,0.00151848261032138,13147.6721615458,11525.2417572935,27474.9154728198,0.32806053273797
9.485,0.0233673323690734,0.221639147520661,10.598557136595,0.0672035932004383,0.376074701840885,2.52781150538475e-07,5.75039326476053e-62,0.00153321043095824,13160.8264097353,11536.6125525111,27504.5415036838,0.328388757355665
9.486,0.0233673323690734,0.221662514853031,10.598557136595,0.0672106784501168,0.376114351255944,2.59504739611806e-07,7.58071394475395e-62,0.00154806526282907,13173.9938187523,11547.994566147,27534.1994801131,0.328717310362145
9.487,0.0233673323690734,0.2216858821854,10.598557136595,0.0672177636997953,0.376154000671004,2.66399143754351e-07,9.9902831472506e-62,0.00156304804157948,13187.1744017641,11559.3878092694,27563.8894365543,0.329046192085962
9.488,0.0233673323690734,0.221709249517769,10.598557136595,0.0672248489494738,0.376193650086064,2.73468485484619e-07,1.31613578049702e-61,0.00157815970826811,13200.3681719515,11570.7922929572,27593.6114074913,0.329375402855998
9.489,0.0233673323690734,0.221732616850138,10.598557136595,0.0672319341991523,0.376233299501123,2.80716981173389e-07,1.73332056455619e-61,0.0015934012093853,13213.5751425082,11582.2080283005,27623.3654274451,0.329704943001466
9.49,0.0233673323690734,0.221755984182507,10.598557136595,0.0672390194488307,0.376272948916183,2.88148943039917e-07,2.28198330322997e-61,0.00160877349687163,13226.795326641,11593.6350264,27653.151530974,0.330034812851903
9.491,0.0233673323690734,0.221779351514876,10.598557136595,0.0672461046985092,0.376312598331243,2.9576878118739e-07,3.00331924355684e-61,0.00162427752813677,13240.0287375704,11605.0732983676,27682.9697526735,0.330365012737181
9.492,0.0233673323690734,0.221802718847245,10.598557136595,0.0672531899481877,0.376352247746302,3.03581005678085e-07,3.95135530369704e-61,0.00163991426607801,13253.2753885295,11616.522855326,27712.8201271765,0.330695542987499
9.493,0.0233673323690734,0.221826086179614,10.598557136595,0.0672602751978662,0.376391897161362,3.11590228649045e-07,5.19692320260085e-61,0.00165568467909868,13266.5352927652,11627.9837084092,27742.702689153,0.331026403933388
9.494,0.0233673323690734,0.221849453511983,10.598557136595,0.0672673604475447,0.376431546576422,3.19801166469122e-07,6.83285542042585e-61,0.00167158974112691,13279.8084635372,11639.4558687617,27772.6174733107,0.331357595905708
9.495,0.0233673323690734,0.221872820844352,10.598557136595,0.0672744456972232,0.376471195991481,3.28218641937837e-07,8.98077806052848e-61,0.00168763043163393,13293.0949141188,11650.9393475394,27802.5645143945,0.331689119235651
9.496,0.0233673323690734,0.221896188176721,10.598557136595,0.0672815309469017,0.376510845406541,3.36847586527019e-07,1.17999884110893e-60,0.00170380773565257,13306.3946577965,11662.4341559089,27832.5438471869,0.332020974254742
9.497,0.0233673323690734,0.22191955550909,10.598557136595,0.0672886161965801,0.376550494821601,3.45693042665803e-07,1.54990530925464e-60,0.00172012264379559,13319.7077078699,11673.9403050482,27862.5555065077,0.332353161294835
9.498,0.0233673323690734,0.221942922841459,10.598557136595,0.0672957014462586,0.37659014423666,3.5476016606998e-07,2.03509554425884e-60,0.00173657615227408,13333.0340776521,11685.4578061458,27892.5995272147,0.332685680688116
9.499,0.0233673323690734,0.221966290173828,10.598557136595,0.0673027866959371,0.37662979365172,3.64054228116161e-07,2.67128716269977e-60,0.00175316926291577,13346.3737804696,11696.9866704018,27922.6759442027,0.333018532767106
9.5,0.0233673323690734,0.221989657506198,10.598557136595,0.0673098719456156,0.376669443066779,3.73580618261713e-07,3.50519812562514e-60,0.00176990298318311,13359.7268296619,11708.526909027,27952.7847924045,0.333351717864657
9.501,0.0233673323690734,0.222013024838567,10.598557136595,0.0673169571952941,0.376709092481839,3.83344846511366e-07,4.59791425884944e-60,0.00178677832619171,13373.0932385821,11720.0785332432,27982.9261067905,0.333685236313953
9.502,0.0233673323690734,0.222036392170936,10.598557136595,0.0673240424449726,0.376748741896899,3.93352545931017e-07,6.02928139615347e-60,0.0018037963107283,13386.4730205967,11731.6415542836,28013.0999223688,0.334019088448513
9.503,0.0233673323690734,0.222059759503305,10.598557136595,0.0673311276946511,0.376788391311958,4.03609475209704e-07,7.90363198482569e-60,0.00182095796126882,13399.8661890855,11743.2159833922,28043.3062741851,0.33435327460219
9.504,0.0233673323690734,0.222083126835674,10.598557136595,0.0673382129443295,0.376828040727018,4.1412152127072e-07,1.03572491029871e-59,0.00183826430799657,13413.2727574415,11754.8018318243,28073.5451973232,0.334687795109168
9.505,0.0233673323690734,0.222106494168043,10.598557136595,0.067345298194008,0.376867690142078,4.24894701932391e-07,1.35680917521718e-59,0.00185571638682016,13426.6927390715,11766.399110846,28103.8167269045,0.335022650303971
9.506,0.0233673323690734,0.222129861500412,10.598557136595,0.0673523834436865,0.376907339557137,4.35935168619552e-07,1.77684622566731e-59,0.00187331523939129,13440.1261473952,11778.0078317349,28134.1208980883,0.335357840521451
9.507,0.0233673323690734,0.222153228832781,10.598557136595,0.067359468693365,0.376946988972197,4.4724920912672e-07,2.32615003049515e-59,0.00189106191312283,13453.5729958463,11789.6280057795,28164.4577460717,0.335693366096799
9.508,0.0233673323690734,0.22217659616515,10.598557136595,0.0673665539430435,0.376986638387257,4.58843250433517e-07,3.04426524336086e-59,0.00190895746120654,13467.0332978714,11801.2596442794,28194.8273060902,0.336029227365542
9.509,0.0233673323690734,0.222199963497519,10.598557136595,0.067373639192722,0.377026287802316,4.70723861573524e-07,3.98276084712791e-59,0.00192700294263081,13480.507066931,11812.9027585455,28225.2296134167,0.33636542466354
9.51,0.0233673323690734,0.222223330829888,10.598557136595,0.0673807244424005,0.377065937217376,4.82897756557224e-07,5.20886407675485e-59,0.00194519942219831,13493.9943164988,11824.5573598997,28255.6647033626,0.336701958326991
9.511,0.0233673323690734,0.222246698162257,10.598557136595,0.0673878096920789,0.377105586632436,4.95371797350301e-07,6.81018578521066e-59,0.00196354797054378,13507.495060062,11836.2234596752,28286.1326112771,0.337038828692428
9.512,0.0233673323690734,0.222270065494626,10.598557136595,0.0673948949417574,0.377145236047495,5.08152996907813e-07,8.90086301762329e-59,0.00198204966415149,13521.0093111214,11847.9010692164,28316.6333725477,0.337376036096722
9.513,0.0233673323690734,0.222293432826995,10.598557136595,0.0674019801914359,0.377184885462555,5.21248522265376e-07,1.16295411759014e-58,0.00200070558537269,13534.5370831913,11859.5901998787,28347.1670225999,0.33771358087708
9.514,0.0233673323690734,0.222316800159365,10.598557136595,0.0674090654411144,0.377224534877615,5.34665697688508e-07,1.51897432448188e-58,0.00201951682244323,13548.0783897993,11871.2908630289,28377.7335968974,0.338051463371047
9.515,0.0233673323690734,0.222340167491734,10.598557136595,0.0674161506907929,0.377264184292674,5.48412007880721e-07,1.98333354466687e-58,0.00203848446950082,13561.6332444869,11883.003070045,28408.3331309424,0.338389683916506
9.516,0.0233673323690734,0.222363534824103,10.598557136595,0.0674232359404714,0.377303833707734,5.62495101251527e-07,2.58880081557952e-58,0.00205760962660231,13575.2016608089,11894.726832316,28438.965660275,0.338728242851677
9.517,0.0233673323690734,0.222386902156472,10.598557136595,0.0674303211901499,0.377343483122794,5.76922793245583e-07,3.37799618216762e-58,0.00207689339974107,13588.7836523336,11906.4621612425,28469.6312204739,0.339067140515119
9.518,0.0233673323690734,0.222410269488841,10.598557136595,0.0674374064398283,0.377383132537853,5.91703069733554e-07,4.40633379314522e-58,0.00209633690086409,13602.3792326431,11918.2090682361,28500.3298471561,0.33940637724573
9.519,0.0233673323690734,0.22243363682121,10.598557136595,0.0674444916895068,0.377422781952913,6.0684409046594e-07,5.745838778846e-58,0.002115941247889,13615.988415333,11929.9675647196,28531.0615759769,0.339745953382746
9.52,0.0233673323690734,0.222457004153579,10.598557136595,0.0674515769391853,0.377462431367973,6.2235419259111e-07,7.49009568686048e-58,0.00213570756472129,13629.6112140124,11941.7376621273,28561.8264426303,0.340085869265744
9.521,0.0233673323690734,0.222480371485948,10.598557136595,0.0674586621888638,0.377502080783032,6.3824189423823e-07,9.76066181121864e-58,0.0021556369812712,13643.2476423042,11953.5193719046,28592.6244828485,0.34042612523464
9.522,0.0233673323690734,0.222503738818317,10.598557136595,0.0674657474385423,0.377541730198092,6.54515898166223e-07,1.27153763148835e-57,0.00217573063347049,13656.8977138448,11965.3127055083,28623.4557324022,0.340766721629689
9.523,0.0233673323690734,0.222527106150686,10.598557136595,0.0674728326882208,0.377581379613152,6.71185095480281e-07,1.65591219796862e-57,0.00219598966328943,13670.5614422842,11977.1176744064,28654.3202271011,0.341107658791488
9.524,0.0233673323690734,0.222550473483055,10.598557136595,0.0674799179378993,0.377621029028211,6.88258569416396e-07,2.15577589177078e-57,0.00221641521875353,13684.2388412862,11988.9342900784,28685.2180027931,0.341448937060974
9.525,0.0233673323690734,0.222573840815424,10.598557136595,0.0674870031875777,0.377660678443271,7.0574559919533e-07,2.805615919084e-57,0.00223700845396,13697.9299245282,12000.7625640148,28716.1490953649,0.341790556779426
9.526,0.0233673323690734,0.222597208147793,10.598557136595,0.0674940884372562,0.377700327858331,7.23655663947425e-07,3.65015415796338e-57,0.00225777052909461,13711.6347057013,12012.6025077178,28747.1135407418,0.342132518288463
9.527,0.0233673323690734,0.222620575480163,10.598557136595,0.0675011736869347,0.37773997727339,7.41998446708823e-07,4.74736541685336e-57,0.00227870261044802,13725.3531985101,12024.4541327008,28778.1113748881,0.342474821930047
9.528,0.0233673323690734,0.222643942812532,10.598557136595,0.0675082589366132,0.37777962668845,7.60783838490743e-07,6.17238014087984e-57,0.00229980587043232,13739.0854166734,12036.3174504884,28809.1426338066,0.342817468046482
9.529,0.0233673323690734,0.222667310144901,10.598557136595,0.0675153441862917,0.37781927610351,7.80021942422625e-07,8.02252907155367e-57,0.00232108148759719,13752.8313739232,12048.1924726168,28840.207353539,0.343160456980412
9.53,0.0233673323690734,0.22269067747727,10.598557136595,0.0675224294359702,0.377858925518569,7.99723077970824e-07,1.04238618498926e-56,0.0023425306466464,13766.5910840055,12060.0792106334,28871.3055701659,0.343503789074829
9.531,0.0233673323690734,0.222714044809639,10.598557136595,0.0675295146856487,0.377898574933629,8.19897785233528e-07,1.35395674399504e-56,0.00236415453845389,13780.3645606801,12071.9776760973,28902.4373198069,0.343847464673064
9.532,0.0233673323690734,0.222737412142008,10.598557136595,0.0675365999353272,0.377938224348689,8.40556829313282e-07,1.75808476484844e-56,0.00238595436007971,13794.1518177203,12083.8878805786,28933.6026386203,0.344191484118791
9.533,0.0233673323690734,0.222760779474377,10.598557136595,0.0675436851850056,0.377977873763748,8.61711204768815e-07,2.28209537676775e-56,0.00240793131478631,13807.9528689136,12095.8098356591,28964.8015628036,0.344535847756031
9.534,0.0233673323690734,0.222784146806746,10.598557136595,0.0675507704346841,0.378017523178808,8.83372140146716e-07,2.96133005313655e-56,0.00243008661205431,13821.7677280608,12107.7435529318,28996.0341285932,0.344880555929149
9.535,0.0233673323690734,0.222807514139115,10.598557136595,0.0675578556843626,0.378057172593868,9.05551102594573e-07,3.84148340550859e-56,0.00245242146759822,13835.5964089769,12119.6890440015,29027.3003722647,0.34522560898285
9.536,0.0233673323690734,0.222830881471484,10.598557136595,0.0675649409340411,0.378096822008927,9.28259802557216e-07,4.98161677713407e-56,0.00247493710338241,13849.4389254906,12131.646320484,29058.6003301328,0.345571007262189
9.537,0.0233673323690734,0.222854248803853,10.598557136595,0.0675720261837196,0.378136471423987,9.51510198556703e-07,6.4580433780149e-56,0.00249763474763668,13863.2952914444,12143.6153940068,29089.9340385512,0.345916751112565
9.538,0.0233673323690734,0.222877616136222,10.598557136595,0.0675791114333981,0.378176120839047,9.75314502057689e-07,8.36933536857699e-56,0.00252051563487164,13877.1655206946,12155.596276209,29121.301533913,0.34626284087972
9.539,0.0233673323690734,0.222900983468591,10.598557136595,0.0675861966830765,0.378215770254106,9.99685182419892e-07,1.0842774769054e-55,0.00254358100589445,13891.0496271115,12167.588978741,29152.7028526503,0.346609276909745
9.54,0.0233673323690734,0.22292435080096,10.598557136595,0.067593281932755,0.378255419669166,1.02463497193831e-06,1.40426618034696e-55,0.00256683210782403,13904.9476245792,12179.5935132646,29184.1380312348,0.346956059549076
9.541,0.0233673323690734,0.22294771813333,10.598557136595,0.0676003671824335,0.378295069084226,1.05017687097314e-06,1.81810119863353e-55,0.0025902701941064,13918.8595269957,12191.6098914534,29215.6071061773,0.347303189144495
9.542,0.0233673323690734,0.222971085465699,10.598557136595,0.067607452432112,0.378334718499285,1.07632415317034e-06,2.35313242272143e-55,0.00261389652452971,13932.7853482728,12203.6381249922,29247.110114028,0.347650666043133
9.543,0.0233673323690734,0.222994452798068,10.598557136595,0.0676145376817905,0.378374367914345,1.10309037077494e-06,3.04462958027601e-55,0.00263771236523952,13946.7251023365,12215.6782255775,29278.6470913766,0.347998490592465
9.544,0.0233673323690734,0.223017820130437,10.598557136595,0.067621622931469,0.378414017329405,1.13048936003771e-06,3.93806081700269e-55,0.00266171898875372,13960.6788031264,12227.7302049175,29310.2180748522,0.348346663140317
9.545,0.0233673323690734,0.223041187462806,10.598557136595,0.0676287081811475,0.378453666744464,1.15853524671701e-06,5.09202255366858e-55,0.00268591767397722,13974.6464645963,12239.7940747315,29341.8231011234,0.348695184034861
9.546,0.0233673323690734,0.223064554795175,10.598557136595,0.0676357934308259,0.378493316159524,1.18724245167774e-06,6.58200553737588e-55,0.00271030970621703,13988.6281007138,12251.8698467509,29373.4622068982,0.349044053624618
9.547,0.0233673323690734,0.223087922127544,10.598557136595,0.0676428786805044,0.378532965574584,1.21662569658806e-06,8.50523415788716e-55,0.00273489637719675,14002.6237254606,12263.9575327182,29405.1354289246,0.349393272258459
9.548,0.0233673323690734,0.223111289459913,10.598557136595,0.0676499639301829,0.378572614989643,1.24670000971568e-06,1.09868828605576e-54,0.00275967898507106,14016.6333528323,12276.0571443878,29436.8428039897,0.3497428402856
9.549,0.0233673323690734,0.223134656792282,10.598557136595,0.0676570491798614,0.378612264404703,1.27748073182594e-06,1.41880589204749e-54,0.00278465883444039,14030.6569968384,12288.1686935255,29468.5843689205,0.350092758055611
9.55,0.0233673323690734,0.223158024124651,10.598557136595,0.0676641344295399,0.378651913819763,1.30898352218209e-06,1.83160501339403e-54,0.00280983723636517,14044.6946715028,12300.2921919089,29500.3601605839,0.350443025918409
9.551,0.0233673323690734,0.22318139145702,10.598557136595,0.0676712196792184,0.378691563234822,1.3412243646499e-06,2.36374757505998e-54,0.00283521550837996,14058.746390863,12312.4276513271,29532.1702158862,0.350793644224262
9.552,0.0233673323690734,0.223204758789389,10.598557136595,0.0676783049288969,0.378731212649882,1.37421957390875e-06,3.0495157651388e-54,0.00286079497450779,14072.8121689708,12324.5750835808,29564.0145717737,0.351144613323788
9.553,0.0233673323690734,0.223228126121758,10.598557136595,0.0676853901785754,0.378770862064942,1.40798580176959e-06,3.93297571330946e-54,0.00288657696527411,14086.8920198919,12336.7345004824,29595.8932652327,0.351495933567958
9.554,0.0233673323690734,0.223251493454128,10.598557136595,0.0676924754282538,0.378810511480001,1.44254004360217e-06,5.07075144041456e-54,0.00291256281772054,14100.9859577062,12348.905913856,29627.8063332889,0.35184760530809
9.555,0.0233673323690734,0.223274860786497,10.598557136595,0.0676995606779323,0.378850160895061,1.47789964487352e-06,6.53558005005988e-54,0.00293875387541896,14115.0939965076,12361.0893355372,29659.7538130084,0.352199628895856
9.556,0.0233673323690734,0.223298228118866,10.598557136595,0.0677066459276108,0.378889810310121,1.51408230779843e-06,8.42086670507105e-54,0.002965151488485,14129.2161504043,12373.2847773735,29691.735741497,0.352552004683282
9.557,0.0233673323690734,0.223321595451235,10.598557136595,0.0677137311772893,0.37892945972518,1.55110609810392e-06,1.08465186489272e-53,0.00299175701359154,14143.3524335182,12385.4922512239,29723.7521559007,0.35290473302274
9.558,0.0233673323690734,0.223344962783604,10.598557136595,0.0677208164269678,0.37896910914024,1.58898945191033e-06,1.39664150017801e-53,0.00301857181398238,14157.5028599857,12397.7117689592,29755.8030934054,0.353257814266962
9.559,0.0233673323690734,0.223368330115973,10.598557136595,0.0677279016766463,0.379008758555299,1.6277511827292e-06,1.79779678717117e-53,0.00304559725948543,14171.6674439573,12409.943342462,29787.888591237,0.353611248769027
9.56,0.0233673323690734,0.223391697448342,10.598557136595,0.0677349869263248,0.379048407970359,1.66741048858093e-06,2.31343563129708e-53,0.00307283472652598,14185.8461995976,12422.1869836263,29820.008686662,0.35396503688237
9.561,0.0233673323690734,0.223415064780711,10.598557136595,0.0677420721760032,0.379088057385419,1.70798695923319e-06,2.97601752570582e-53,0.00310028559813962,14200.0391410851,12434.4427043582,29852.1634169864,0.35431917896078
9.562,0.0233673323690734,0.22343843211308,10.598557136595,0.0677491574256817,0.379127706800478,1.74950058356282e-06,3.82714461771393e-53,0.00312795126398547,14214.2462826131,12446.7105165754,29884.352819557,0.354673675358398
9.563,0.0233673323690734,0.223461799445449,10.598557136595,0.0677562426753602,0.379167356215538,1.79197175704191e-06,4.92011969122503e-53,0.00315583312035891,14228.4676383885,12458.9904322072,29916.5769317608,0.355028526429721
9.564,0.0233673323690734,0.223485166777818,10.598557136595,0.0677633279250387,0.379207005630598,1.83542128935034e-06,6.32321500096995e-53,0.00318393257020415,14242.7032226327,12471.282463195,29948.8357910247,0.3553837325296
9.565,0.0233673323690734,0.223508534110187,10.598557136595,0.0677704131747172,0.379246655045657,1.87987041211747e-06,8.12384814872658e-53,0.00321225102312706,14256.9530495813,12483.5866214916,29981.1294348164,0.355739294013242
9.566,0.0233673323690734,0.223531901442556,10.598557136595,0.0677774984243957,0.379286304460717,1.92534078679334e-06,1.04339149629559e-52,0.00324078989540758,14271.2171334842,12495.9029190621,30013.4579006438,0.356095211236207
9.567,0.0233673323690734,0.223555268774925,10.598557136595,0.0677845836740742,0.379325953875777,1.97185451265216e-06,1.3396597748442e-52,0.00326955061001182,14285.4954886053,12508.2313678828,30045.8212260553,0.356451484554413
9.568,0.0233673323690734,0.223578636107295,10.598557136595,0.0677916689237526,0.379365603290836,2.01943413493055e-06,1.71950542657024e-52,0.00329853459660461,14299.7881292232,12520.5719799422,30078.2194486397,0.356808114324133
9.569,0.0233673323690734,0.223602003439664,10.598557136595,0.0677987541734311,0.379405252705896,2.06810265310109e-06,2.20635033956857e-52,0.00332774329156143,14314.0950696304,12532.9247672406,30110.6526060266,0.357165100901997
9.57,0.0233673323690734,0.223625370772033,10.598557136595,0.0678058394231096,0.379444902120956,2.11788352928395e-06,2.83013640020731e-52,0.00335717813798016,14328.4163241338,12545.2897417901,30143.1207358858,0.357522444644992
9.571,0.0233673323690734,0.223648738104402,10.598557136595,0.0678129246727881,0.379484551536015,2.16880069679924e-06,3.62912820793436e-52,0.00338684058569323,14342.7519070548,12557.6669156145,30175.6238759279,0.357880145910461
9.572,0.0233673323690734,0.223672105436771,10.598557136595,0.0678200099224666,0.379524200951075,2.22087856886056e-06,4.65221080789489e-52,0.00341673209127906,14357.1018327288,12570.0563007497,30208.1620639042,0.358238205056106
9.573,0.0233673323690734,0.22369547276914,10.598557136595,0.0678270951721451,0.379563850366135,2.27414204741308e-06,5.96181742711559e-52,0.00344685411807373,14371.4661155059,12582.4579092434,30240.7353376068,0.358596622439986
9.574,0.0233673323690734,0.223718840101509,10.598557136595,0.0678341804218236,0.379603499781194,2.32861653211726e-06,7.63765874982852e-52,0.00347720813618213,14385.8447697503,12594.8717531551,30273.3437348682,0.358955398420518
9.575,0.0233673323690734,0.223742207433878,10.598557136595,0.067841265671502,0.379643149196254,2.38432792948163e-06,9.78147164328588e-52,0.00350779562248955,14400.2378098407,12607.2978445562,30305.9872935621,0.359314533356479
9.576,0.0233673323690734,0.223765574766247,10.598557136595,0.0678483509211805,0.379682798611314,2.44130266214509e-06,1.25230640693039e-51,0.00353861806067267,14414.6452501701,12619.7361955302,30338.6660516028,0.359674027607003
9.577,0.0233673323690734,0.223788942098616,10.598557136595,0.067855436170859,0.379722448026373,2.49956767831154e-06,1.60280075061232e-51,0.00356967694121029,14429.0671051459,12632.1868181723,30371.3800469454,0.360033881531584
9.578,0.0233673323690734,0.223812309430985,10.598557136595,0.0678625214205375,0.379762097441433,2.55915046134014e-06,2.05074227544479e-51,0.0036009737613946,14443.5033891901,12644.6497245897,30404.1293175863,0.360394095490077
9.579,0.0233673323690734,0.223835676763354,10.598557136595,0.067869606670216,0.379801746856493,2.62007903949124e-06,2.62304248127515e-51,0.00363251002534161,14457.9541167388,12657.1249269017,30436.9139015624,0.360754669842696
9.58,0.0233673323690734,0.223859044095723,10.598557136595,0.0678766919198945,0.379841396271552,2.6823819958314e-06,3.35399442809185e-51,0.00366428724400157,14472.4193022429,12669.6124372392,30469.733836952,0.361115604950014
9.581,0.0233673323690734,0.223882411428092,10.598557136595,0.0678837771695729,0.379881045686612,2.74608847830051e-06,4.2872834952331e-51,0.0036963069351697,14486.8989601674,12682.1122677454,30502.5891618743,0.361476901172967
9.582,0.0233673323690734,0.223905778760462,10.598557136595,0.0678908624192514,0.379920695101672,2.81122820994137e-06,5.47854205712879e-51,0.00372857062349624,14501.3931049922,12694.6244305754,30535.4799144896,0.361838558872853
9.583,0.0233673323690734,0.223929146092831,10.598557136595,0.0678979476689299,0.379960344516731,2.87783149929492e-06,6.99859416608538e-51,0.00376107984049643,14515.9017512112,12707.1489378963,30568.4061329993,0.362200578411326
9.584,0.0233673323690734,0.2239525134252,10.598557136595,0.0679050329186084,0.379999993931791,2.94592925096455e-06,8.93757528961216e-51,0.00379383612456071,14530.4249133332,12719.6858018871,30601.3678556461,0.362562960150408
9.585,0.0233673323690734,0.223975880757569,10.598557136595,0.0679121181682869,0.380039643346851,3.01555297634975e-06,1.14101614194403e-50,0.00382684102096445,14544.9626058814,12732.2350347388,30634.365120714,0.362925704452482
9.586,0.0233673323690734,0.223999248089938,10.598557136595,0.0679192034179654,0.38007929276191,3.08673480455225e-06,1.45622041617964e-50,0.00386009608187734,14559.5148433933,12744.7966486546,30667.3979665279,0.363288811680289
9.587,0.0233673323690734,0.224022615422307,10.598557136595,0.0679262886676439,0.38011894217697,3.15950749345847e-06,1.85791471500886e-50,0.00389360286637326,14574.0816404213,12757.3706558497,30700.4664314545,0.363652282196938
9.588,0.0233673323690734,0.224045982754676,10.598557136595,0.0679333739173223,0.38015859159203,3.23390444099805e-06,2.36966985979768e-50,0.00392736294043933,14588.6630115322,12769.9570685512,30733.5705539017,0.3640161163659
9.589,0.0233673323690734,0.224069350087045,10.598557136595,0.0679404591670008,0.380198241007089,3.30995969658308e-06,3.02143604590171e-50,0.00396137787698528,14603.2589713073,12782.5558989985,30766.7103723187,0.364380314551009
9.59,0.0233673323690734,0.224092717419414,10.598557136595,0.0679475444166793,0.380237890422149,3.38770797272879e-06,3.85125733120411e-50,0.00399564925585214,14617.8695343426,12795.1671594427,30799.8859251962,0.364744877116462
9.591,0.0233673323690734,0.224116084751783,10.598557136595,0.0679546296663578,0.380277539837209,3.46718465686034e-06,4.90744363550662e-50,0.0040301786638215,14632.4947152486,12807.7908621475,30833.0972510665,0.365109804426823
9.592,0.0233673323690734,0.224139452084152,10.598557136595,0.0679617149160363,0.380317189252268,3.54842582330578e-06,6.25132145953519e-50,0.00406496769462403,14647.1345286506,12820.4270193882,30866.3443885035,0.365475096847019
9.593,0.0233673323690734,0.224162819416521,10.598557136595,0.0679688001657148,0.380356838667328,3.63146824547858e-06,7.96071641000906e-50,0.00410001794894779,14661.7889891883,12833.0756434526,30899.6273761225,0.365840754742342
9.594,0.0233673323690734,0.22418618674889,10.598557136595,0.0679758854153933,0.380396488082388,3.71634940825403e-06,1.01343608166284e-49,0.00413533103444698,14676.4581115162,12845.7367466404,30932.9462525804,0.366206778478451
9.595,0.0233673323690734,0.22420955408126,10.598557136595,0.0679829706650718,0.380436137497447,3.80310752053907e-06,1.2897470403855e-49,0.00417090856574996,14691.1419103035,12858.4103412634,30966.3010565761,0.366573168421368
9.596,0.0233673323690734,0.224232921413629,10.598557136595,0.0679900559147502,0.380475786912507,3.8917815280397e-06,1.64087978456442e-49,0.00420675216446709,14705.8404002339,12871.0964396458,30999.6918268499,0.366939924937485
9.597,0.0233673323690734,0.224256288745998,10.598557136595,0.0679971411644287,0.380515436327567,3.98241112622991e-06,2.0869551490878e-49,0.00424286345919897,14720.5535960059,12883.7950541237,31033.1186021842,0.367307048393556
9.598,0.0233673323690734,0.224279656078367,10.598557136595,0.0680042264141072,0.380555085742626,4.07503677352201e-06,2.65346688800402e-49,0.00427924408554395,14735.2815123327,12896.5061970455,31066.5814214029,0.367674539156708
9.599,0.0233673323690734,0.224303023410736,10.598557136595,0.0680113116637857,0.380594735157686,4.16969970464242e-06,3.37270622542582e-49,0.00431589568610546,14750.0241639423,12909.2298807718,31100.0803233718,0.368042397594428
9.6,0.0233673323690734,0.224326390743105,10.598557136595,0.0680183969134642,0.380634384572746,4.26644194421701e-06,4.2855613833098e-49,0.00435281991049977,14764.7815655773,12921.9661176752,31133.6153469989,0.368410624074577
9.601,0.0233673323690734,0.224349758075474,10.598557136595,0.0680254821631427,0.380674033987805,4.36530632056595e-06,5.44379006749938e-49,0.00439001841536287,14779.553731995,12934.7149201409,31167.1865312338,0.36877921896538
9.602,0.0233673323690734,0.224373125407843,10.598557136595,0.0680325674128212,0.380713683402865,4.4663364797129e-06,6.91288830598702e-49,0.00442749286435765,14794.3406779678,12947.4763005658,31200.7939150685,0.369148182635434
9.603,0.0233673323690734,0.224396492740212,10.598557136595,0.0680396526624996,0.380753332817925,4.56957689960989e-06,8.77571098717603e-49,0.00446524492818044,14809.1424182824,12960.2502713595,31234.4375375365,0.369517515453701
9.604,0.0233673323690734,0.224419860072581,10.598557136595,0.0680467379121781,0.380792982232984,4.67507290458309e-06,1.11370396121126e-48,0.00450327628456806,14823.9589677407,12973.0368449436,31268.1174377139,0.369887217789514
9.605,0.0233673323690734,0.22444322740495,10.598557136595,0.0680538231618566,0.380832631648044,4.78287067999911e-06,1.41293432473351e-48,0.00454158861830413,14838.7903411592,12985.836033752,31301.8336547188,0.370257290012576
9.606,0.0233673323690734,0.224466594737319,10.598557136595,0.0680609084115351,0.380872281063104,4.89301728715621e-06,1.79200420687967e-48,0.00458018362122512,14853.6365533693,12998.6478502308,31335.5862277111,0.370627732492958
9.607,0.0233673323690734,0.224489962069688,10.598557136595,0.0680679936612136,0.380911930478163,5.00556067840509e-06,2.27206625095538e-48,0.00461906299222689,14868.4976192172,13011.4723068385,31369.3751958934,0.370998545601104
9.608,0.0233673323690734,0.224513329402057,10.598557136595,0.0680750789108921,0.380951579893223,5.12054971249881e-06,2.87983729809406e-48,0.00465822843727043,14883.3735535639,13024.3094160459,31403.2005985106,0.371369729707827
9.609,0.0233673323690734,0.224536696734427,10.598557136595,0.0680821641605706,0.380991229308283,5.23803417017631e-06,3.64905145824433e-48,0.00469768166938739,14898.2643712854,13037.159190336,31437.0624748493,0.37174128518431
9.61,0.0233673323690734,0.224560064066796,10.598557136595,0.068089249410249,0.381030878723342,5.35806476998435e-06,4.6222898598399e-48,0.00473742440868605,14913.1700872726,13050.0216422041,31470.9608642393,0.372113212402109
9.611,0.0233673323690734,0.224583431399165,10.598557136595,0.0680963346599275,0.381070528138402,5.48069318433765e-06,5.85328399670571e-48,0.00477745838235652,14928.090716431,13062.896784158,31504.8958060522,0.372485511733152
9.612,0.0233673323690734,0.224606798731534,10.598557136595,0.068103419909606,0.381110177553462,5.60597205582133e-06,7.40981433904782e-48,0.0048177853246757,14943.0262736815,13075.7846287177,31538.8673397023,0.372858183549737
9.613,0.0233673323690734,0.224630166063903,10.598557136595,0.0681105051592845,0.381149826968521,5.73395501374129e-06,9.37735689462178e-48,0.00485840697701267,14957.9767739594,13088.6851884155,31572.8755046462,0.373231228224537
9.614,0.0233673323690734,0.224653533396272,10.598557136595,0.068117590408963,0.381189476383581,5.86469669092145e-06,1.18636692728346e-47,0.00489932508783338,14972.9422322154,13101.5984757963,31606.9203403835,0.373604646130597
9.615,0.0233673323690734,0.224676900728641,10.598557136595,0.0681246756586415,0.38122912579864,5.99825274075299e-06,1.50045564886666e-47,0.00494054141270498,14987.9226634148,13114.5245034171,31641.0018864559,0.373978437641333
9.616,0.0233673323690734,0.22470026806101,10.598557136595,0.06813176090832,0.3812687752137,6.13467985450054e-06,1.89711177050584e-47,0.00498205771430072,15002.9180825382,13127.4632838474,31675.1201824478,0.374352603130539
9.617,0.0233673323690734,0.224723635393379,10.598557136595,0.0681388461579985,0.38130842462876,6.27403577886482e-06,2.39788514236497e-47,0.00502387576240394,15017.9285045809,13140.4148296692,31709.2752679867,0.374727142972379
9.618,0.0233673323690734,0.224747002725748,10.598557136595,0.0681459314076769,0.381348074043819,6.4163793338066e-06,3.02990921293344e-47,0.00506599733391192,15032.9539445533,13153.3791534767,31743.4671827423,0.375102057541393
9.619,0.0233673323690734,0.224770370058117,10.598557136595,0.0681530166573554,0.381387723458879,6.56177043063752e-06,3.82733708585088e-47,0.00510842421284014,15047.994417481,13166.3562678768,31777.6959664274,0.375477347212495
9.62,0.0233673323690734,0.224793737390486,10.598557136595,0.0681601019070339,0.381427372873939,6.71027009037634e-06,4.83314415623015e-47,0.00515115819032567,15063.0499384043,13179.3461854886,31811.9616587976,0.375853012360977
9.621,0.0233673323690734,0.224817104722855,10.598557136595,0.0681671871567124,0.381467022288998,6.86194046237804e-06,6.10139019182487e-47,0.00519420106463071,15078.1205223788,13192.3489189438,31846.2642996513,0.376229053362502
9.622,0.0233673323690734,0.224840472055225,10.598557136595,0.0681742724063909,0.381506671704058,7.01684484323573e-06,7.70005706836708e-47,0.00523755464114558,15093.2061844751,13205.3644808864,31880.6039288297,0.376605470593111
9.623,0.0233673323690734,0.224863839387594,10.598557136595,0.0681813576560693,0.381546321119118,7.17504769596305e-06,9.71460753460133e-47,0.00528122073239223,15108.3069397788,13218.3928839731,31914.9805862171,0.376982264429223
9.624,0.0233673323690734,0.224887206719963,10.598557136595,0.0681884429057479,0.381585970534177,7.33661466945553e-06,1.22524468111818e-46,0.0053252011580268,15123.4228033907,13231.4341408728,31949.394311741,0.377359435247631
9.625,0.0233673323690734,0.224910574052332,10.598557136595,0.0681955281554263,0.381625619949237,7.5016126182362e-06,1.54485143129931e-46,0.00536949774484211,15138.5537904267,13244.4882642673,31983.8451453715,0.377736983425505
9.626,0.0233673323690734,0.224933941384701,10.598557136595,0.0682026134051048,0.381665269364297,7.67010962249188e-06,1.94722895600283e-46,0.00541411232677046,15153.6999160178,13257.5552668505,32018.3331271221,0.378114909340394
9.627,0.0233673323690734,0.22495730871707,10.598557136595,0.0682096986547833,0.381704918779356,7.84217500839862e-06,2.45365671874324e-46,0.00545904674488574,15168.86119531,13270.635161329,32052.8582970495,0.378493213370224
9.628,0.0233673323690734,0.224980676049439,10.598557136595,0.0682167839044618,0.381744568194416,8.0178793687414e-06,3.09084443400189e-46,0.00550430284740511,15184.0376434647,13283.727960422,32087.4206952532,0.378871895893299
9.629,0.0233673323690734,0.225004043381808,10.598557136595,0.0682238691541403,0.381784217609476,8.19729458383562e-06,3.892307394236e-46,0.00554988248969138,15199.2292756583,13296.8336768611,32122.0203618766,0.379250957288301
9.63,0.0233673323690734,0.225027410714177,10.598557136595,0.0682309544038188,0.381823867024535,8.38049384274712e-06,4.90008747216264e-46,0.0055957875342543,15214.4361070824,13309.9523233907,32156.6573371058,0.379630397934293
9.631,0.0233673323690734,0.225050778046546,10.598557136595,0.0682380396534972,0.381863516439595,8.56755166481825e-06,6.16690600769067e-46,0.00564201985075173,15229.6581529439,13323.0839127674,32191.3316611704,0.380010218210713
9.632,0.0233673323690734,0.225074145378915,10.598557136595,0.0682451249031757,0.381903165854655,8.75854392150541e-06,7.75885611982687e-46,0.00568858131599134,15244.8954284648,13336.2284577608,32226.0433743435,0.380390418497384
9.633,0.0233673323690734,0.225097512711284,10.598557136595,0.0682522101528542,0.381942815269714,8.95354785852623e-06,9.75876855049914e-46,0.00573547381393123,15260.1479488825,13349.3859711528,32260.7925169414,0.380770999174505
9.634,0.0233673323690734,0.225120880043653,10.598557136595,0.0682592954025327,0.381982464684774,9.15264211832518e-06,1.22704182243905e-45,0.00578269923568083,15275.4157294493,13362.556465738,32295.5791293243,0.381151960622657
9.635,0.0233673323690734,0.225144247376022,10.598557136595,0.0682663806522112,0.382022114099834,9.3559067628566e-06,1.54237798787222e-45,0.00583025947950109,15290.6987854332,13375.7399543237,32330.4032518955,0.381533303222801
9.636,0.0233673323690734,0.225167614708392,10.598557136595,0.0682734659018897,0.382061763514893,9.56342329669536e-06,1.9381592343707e-45,0.00587815645080534,15305.9971321171,13388.9364497298,32365.2649251018,0.38191502735628
9.637,0.0233673323690734,0.225190982040761,10.598557136595,0.0682805511515682,0.382101412929953,9.77527469047156e-06,2.43475547740753e-45,0.00592639206215914,15321.3107847994,13402.1459647888,32400.1641894342,0.382297133404819
9.638,0.0233673323690734,0.22521434937313,10.598557136595,0.0682876364012466,0.382141062345013,9.99154540463611e-06,3.0576557367106e-45,0.00597496823327985,15336.6397587938,13415.3685123457,32435.1010854266,0.382679621750522
9.639,0.0233673323690734,0.225237716705499,10.598557136595,0.0682947216509251,0.382180711760072,1.02123214135647e-05,3.83874475994172e-45,0.00602388689103684,15351.9840694292,13428.6041052586,32470.0756536572,0.383062492775879
9.64,0.0233673323690734,0.225261084037868,10.598557136595,0.0683018069006036,0.382220361175132,1.04376902299974e-05,4.81789554168973e-45,0.00607314996945064,15367.34373205,13441.8527563979,32505.0879347477,0.383445746863762
9.641,0.0233673323690734,0.225284451370237,10.598557136595,0.0683088921502821,0.382260010590192,1.06677409298197e-05,6.04495528745816e-45,0.00612275940969197,15382.7187620158,13455.1144786469,32540.1379693636,0.383829384397422
9.642,0.0233673323690734,0.225307818702606,10.598557136595,0.0683159773999606,0.382299660005251,1.09025641771951e-05,7.58222125732455e-45,0.00617271716008111,15398.1091747016,13468.3892849014,32575.2257982144,0.384213405760499
9.643,0.0233673323690734,0.225331186034975,10.598557136595,0.0683230626496391,0.382339309420311,1.11422522500422e-05,9.50752637019814e-45,0.00622302517608655,15413.5149854979,13481.6771880703,32610.3514620533,0.384597811337015
9.644,0.0233673323690734,0.225354553367344,10.598557136595,0.0683301478993176,0.382378958835371,1.13868990658685e-05,1.1918083549867e-44,0.00627368542032315,15428.9362098104,13494.9782010749,32645.5150016775,0.384982601511373
9.645,0.0233673323690734,0.225377920699713,10.598557136595,0.068337233148996,0.38241860825043,1.16366002079634e-05,1.49352739002314e-44,0.00632469986255104,15444.3728630605,13508.2923368493,32680.7164579283,0.385367776668364
9.646,0.0233673323690734,0.225401288032082,10.598557136595,0.0683443183986745,0.38245825766549,1.18914529519515e-05,1.87106085817968e-44,0.0063760704796734,15459.8249606847,13521.6196083406,32715.955871691,0.385753337193166
9.647,0.0233673323690734,0.225424655364451,10.598557136595,0.068351403648353,0.38249790708055,1.21515562927105e-05,2.34331497935217e-44,0.00642779925573402,15475.2925181351,13534.9600285082,32751.2332838948,0.386139283471335
9.648,0.0233673323690734,0.22544802269682,10.598557136595,0.0683584888980315,0.382537556495609,1.24170109716643e-05,2.93387451007332e-44,0.00647988818191554,15490.7755508794,13548.3136103248,32786.5487355133,0.386525615888821
9.649,0.0233673323690734,0.22547139002919,10.598557136595,0.06836557414771,0.382577205910669,1.26879195044449e-05,3.67215146516591e-44,0.00653233925653646,15506.2740744005,13561.6803667756,32821.9022675642,0.386912334831955
9.65,0.0233673323690734,0.225494757361559,10.598557136595,0.0683726593973885,0.382616855325729,1.29643862089337e-05,4.59481364980577e-44,0.00658515448504804,15521.7881041969,13575.0603108587,32857.2939211093,0.387299440687456
9.651,0.0233673323690734,0.225518124693928,10.598557136595,0.068379744647067,0.382656504740788,1.32465172336879e-05,5.74756061028505e-44,0.00663833588003184,15537.3176557828,13588.4534555849,32892.7237372547,0.38768693384243
9.652,0.0233673323690734,0.225541492026297,10.598557136595,0.0683868298967454,0.382696154155848,1.35344205867498e-05,7.18733081352047e-44,0.00669188546119592,15552.8627446876,13601.8598139781,32928.1917571511,0.388074814684369
9.653,0.0233673323690734,0.225564859358666,10.598557136595,0.0683939151464239,0.382735803570908,1.38282061648485e-05,8.98504391745961e-44,0.00674580525537152,15568.4233864565,13615.2793990749,32963.6980219933,0.388463083601157
9.654,0.0233673323690734,0.225588226691035,10.598557136595,0.0684010003961024,0.382775452985967,1.41279857829939e-05,1.12290068040514e-43,0.00680009729650887,15583.99959665,13628.7122239246,32999.2425730205,0.38885174098106
9.655,0.0233673323690734,0.225611594023404,10.598557136595,0.0684080856457809,0.382815102401027,1.44338732044743e-05,1.40291427327683e-43,0.00685476362567377,15599.5913908444,13642.1583015897,33034.8254515164,0.389240787212736
9.656,0.0233673323690734,0.225634961355773,10.598557136595,0.0684151708954594,0.382854751816087,1.47459841712525e-05,1.7522240915584e-43,0.00690980629104293,15615.1987846315,13655.6176451453,33070.4466988096,0.389630222685232
9.657,0.0233673323690734,0.225658328688142,10.598557136595,0.0684222561451379,0.382894401231146,1.50644364347691e-05,2.18784707157227e-43,0.00696522734789921,15630.8217936187,13669.0902676796,33106.1063562726,0.390020047787983
9.658,0.0233673323690734,0.225681696020511,10.598557136595,0.0684293413948164,0.382934050646206,1.53893497871625e-05,2.73094626290977e-43,0.00702102885862748,15646.460433429,13682.5761822935,33141.8044653229,0.390410262910814
9.659,0.0233673323690734,0.22570506335288,10.598557136595,0.0684364266444949,0.382973700061266,1.57208460928998e-05,3.40783298024595e-43,0.00707721289270926,15662.1147197011,13696.0754021011,33177.5410674228,0.390800868443942
9.66,0.0233673323690734,0.225728430685249,10.598557136595,0.0684435118941733,0.383013349476325,1.60590493208273e-05,4.25120922583833e-43,0.00713378152671713,15677.7846680892,13709.5879402293,33213.3162040789,0.39119186477797
9.661,0.0233673323690734,0.225751798017618,10.598557136595,0.0684505971438518,0.383052998891385,1.64040855766515e-05,5.30170751518783e-43,0.00719073684430993,15693.4702942632,13723.1138098178,33249.1299168429,0.391583252303895
9.662,0.0233673323690734,0.225775165349987,10.598557136595,0.0684576823935303,0.383092648306445,1.67560831358433e-05,6.60979870985414e-43,0.00724808093622668,15709.1716139089,13736.6530240195,33284.9822473111,0.391975031413105
9.663,0.0233673323690734,0.225798532682357,10.598557136595,0.0684647676432088,0.383132297721504,1.71151724769755e-05,8.23815508246988e-43,0.00730581590028019,15724.8886427274,13750.2055960002,33320.8732371248,0.392367202497379
9.664,0.0233673323690734,0.225821900014726,10.598557136595,0.0684718528928873,0.383171947136564,1.74814863155033e-05,1.02645763394611e-42,0.00736394384135157,15740.6213964359,13763.7715389387,33356.8029279701,0.392759765948889
9.665,0.0233673323690734,0.225845267347095,10.598557136595,0.0684789381425658,0.383211596551624,1.78551596379813e-05,1.27856116043643e-42,0.00742246687138317,15756.3698907671,13777.3508660267,33392.771361578,0.393152722160197
9.666,0.0233673323690734,0.225868634679464,10.598557136595,0.0684860233922443,0.383251245966683,1.82363297367305e-05,1.59210415226175e-42,0.00748138710937217,15772.1341414696,13790.943590469,33428.7785797248,0.39354607152426
9.667,0.0233673323690734,0.225892002011833,10.598557136595,0.0684931086419227,0.383290895381743,1.86251362449519e-05,1.98194230430655e-42,0.0075407066813631,15787.9141643075,13804.5497254835,33464.8246242314,0.393939814434428
9.668,0.0233673323690734,0.225915369344202,10.598557136595,0.0685001938916012,0.383330544796803,1.90217211723035e-05,2.46649467285573e-42,0.0076004277204412,15803.7099750608,13818.1692843009,33500.9095369641,0.394333951284442
9.669,0.0233673323690734,0.225938736676571,10.598557136595,0.0685072791412797,0.383370194211862,1.94262289409303e-05,3.06859146934914e-42,0.0076605523667246,15819.5215895255,13831.8022801653,33537.0333598344,0.394728482468441
9.67,0.0233673323690734,0.22596210400894,10.598557136595,0.0685143643909582,0.383409843626922,1.98388064219594e-05,3.8165218972946e-42,0.00772108276735628,15835.3490235131,13845.4487263336,33573.1961347986,0.395123408380955
9.671,0.0233673323690734,0.225985471341309,10.598557136595,0.0685214496406367,0.383449493041982,2.02596029724705e-05,4.74532883791829e-42,0.00778202107649662,15851.192292851,13859.1086360759,33609.3979038588,0.395518729416911
9.672,0.0233673323690734,0.226008838673678,10.598557136595,0.0685285348903152,0.383489142457041,2.06887704729338e-05,5.89840804801096e-42,0.00784336945531486,15867.0514133825,13872.7820226752,33645.6387090619,0.395914445971629
9.673,0.0233673323690734,0.226032206006047,10.598557136595,0.0685356201399936,0.383528791872101,2.11264633651257e-05,7.32948288825366e-42,0.00790513007198018,15882.9264009668,13886.468899428,33681.9185925002,0.396310558440826
9.674,0.0233673323690734,0.226055573338416,10.598557136595,0.0685427053896721,0.38356844128716,2.15728386905357e-05,9.10504202113883e-42,0.00796730510165359,15898.8172714787,13900.1692796434,33718.2375963118,0.396707067220614
9.675,0.0233673323690734,0.226078940670785,10.598557136595,0.0685497906393506,0.38360809070222,2.20280561292522e-05,1.13073477019953e-41,0.00802989672647847,15914.7240408093,13913.8831766442,33754.5957626799,0.397103972707503
9.676,0.0233673323690734,0.226102308003154,10.598557136595,0.0685568758890291,0.38364774011728,2.24922780393424e-05,1.40381470897242e-41,0.00809290713557106,15930.6467248653,13927.6106037658,33790.9931338331,0.397501275298397
9.677,0.0233673323690734,0.226125675335524,10.598557136595,0.0685639611387076,0.383687389532339,2.29656694967347e-05,1.74232494729259e-41,0.00815633852501137,15946.5853395693,13941.3515743572,33827.4297520458,0.3978989753906
9.678,0.0233673323690734,0.226149042667893,10.598557136595,0.0685710463883861,0.383727038947399,2.34483983355971e-05,2.16181697248046e-41,0.0082201930978331,15962.5399008599,13955.1061017803,33863.9056596378,0.398297073381812
9.679,0.0233673323690734,0.226172410000262,10.598557136595,0.0685781316380646,0.383766688362459,2.39406351892211e-05,2.68150842373981e-41,0.00828447306401315,15978.5104246918,13968.8741994102,33900.4208989746,0.398695569670129
9.68,0.0233673323690734,0.226195777332631,10.598557136595,0.0685852168877431,0.383806337777518,2.44425535314244e-05,3.32514019644073e-41,0.00834918064046192,15994.4969270355,13982.6558806352,33936.9755124673,0.39909446465405
9.681,0.0233673323690734,0.226219144665,10.598557136595,0.0685923021374215,0.383845987192578,2.49543297184623e-05,4.12203223739211e-41,0.00841431805101233,16010.4994238774,13996.4511588571,33973.5695425731,0.399493758732469
9.682,0.0233673323690734,0.226242511997369,10.598557136595,0.0685993873871,0.383885636607638,2.54761430314593e-05,5.10838369551791e-41,0.00847988752640853,16026.5179312201,14010.2600474906,34010.2030317943,0.39989345230468
9.683,0.0233673323690734,0.226265879329738,10.598557136595,0.0686064726367785,0.383925286022697,2.60081757193746e-05,6.32887349549302e-41,0.00854589130429545,16042.552465082,14024.0825599636,34046.8760226797,0.400293545770376
9.684,0.0233673323690734,0.226289246662107,10.598557136595,0.068613557886457,0.383964935437757,2.65506130424886e-05,7.83863015386962e-41,0.00861233162920684,16058.6030414977,14037.9187097174,34083.5885578236,0.400694039529651
9.685,0.0233673323690734,0.226312613994476,10.598557136595,0.0686206431361355,0.384004584852817,2.71036433164306e-05,9.7056552837191e-41,0.00867921075255377,16074.6696765179,14051.7685102067,34120.3406798663,0.401094933983
9.686,0.0233673323690734,0.226335981326845,10.598557136595,0.068627728385814,0.384044234267876,2.76674579567401e-05,1.20138043766754e-40,0.00874653093261221,16090.752386209,14065.6319748991,34157.1324314941,0.401496229531316
9.687,0.0233673323690734,0.226359348659214,10.598557136595,0.0686348136354925,0.384083883682936,2.8242251523983e-05,1.48664518948015e-40,0.00881429443451142,16106.8511866539,14079.5091172758,34193.9638554394,0.401897926575894
9.688,0.0233673323690734,0.226382715991583,10.598557136595,0.0686418988851709,0.384123533097996,2.88282217694086e-05,1.83909964059286e-40,0.00888250353022107,16122.9660939513,14093.3999508312,34230.8349944807,0.402300025518434
9.689,0.0233673323690734,0.226406083323952,10.598557136595,0.0686489841348494,0.384163182513055,2.94255696811615e-05,2.27443966238056e-40,0.00895116049853808,16139.0971242161,14107.304489073,34267.7458914424,0.402702526761031
9.69,0.0233673323690734,0.226429450656321,10.598557136595,0.0686560693845279,0.384202831928115,3.00344995310615e-05,2.81199721940117e-40,0.00902026762507418,16155.2442935794,14121.2227455222,34304.6965891951,0.40310543070619
9.691,0.0233673323690734,0.226452817988691,10.598557136595,0.0686631546342064,0.384242481343175,3.06552189219395e-05,3.47557556368868e-40,0.00908982720224226,16171.4076181884,14135.1547337132,34341.6871306561,0.403508737756813
9.692,0.0233673323690734,0.22647618532106,10.598557136595,0.0686702398838849,0.384282130758234,3.12879388355416e-05,4.29447461406175e-40,0.0091598415292423,16187.5871142063,14149.1004671937,34378.7175587883,0.403912448316206
9.693,0.0233673323690734,0.226499552653429,10.598557136595,0.0686773251335634,0.384321780173294,3.19328736810182e-05,5.30474944758388e-40,0.00923031291204818,16203.7827978126,14163.0599595248,34415.7879166014,0.404316562788082
9.694,0.0233673323690734,0.226522919985798,10.598557136595,0.0686844103832419,0.384361429588354,3.25902413439823e-05,6.55075443270188e-40,0.00930124366339316,16219.9946852032,14177.033224281,34452.8982471513,0.404721081576555
9.695,0.0233673323690734,0.226546287318167,10.598557136595,0.0686914956329203,0.384401079003413,3.32602632361506e-05,8.08703726441256e-40,0.00937263610275498,16236.2227925897,14191.0202750501,34490.0485935403,0.405126005086142
9.696,0.0233673323690734,0.226569654650536,10.598557136595,0.0686985808825988,0.384440728418473,3.39431643455865e-05,9.98066148836971e-40,0.00944449255634179,16252.4671362004,14205.0211254334,34527.2389989173,0.405531333721769
9.697,0.0233673323690734,0.226593021982905,10.598557136595,0.0687056661322773,0.384480377833533,3.46391732875232e-05,1.23140535920644e-39,0.00951681535707672,16268.7277322796,14219.0357890457,34564.4695064777,0.405937067888763
9.698,0.0233673323690734,0.226616389315274,10.598557136595,0.0687127513819558,0.384520027248592,3.53485223557949e-05,1.51884920898653e-39,0.00958960684458272,16285.0045970879,14233.064279515,34601.7401594633,0.406343207992859
9.699,0.0233673323690734,0.226639756647643,10.598557136595,0.0687198366316343,0.384559676663652,3.6071447574863e-05,1.87283820772062e-39,0.00966286936516649,16301.2977469021,14247.1066104828,34639.0510011628,0.406749754440196
9.7,0.0233673323690734,0.226663123980012,10.598557136595,0.0687269218813128,0.384599326078712,3.68081887524652e-05,2.30864905028424e-39,0.00973660527180328,16317.6071980154,14261.1627956043,34676.4020749113,0.407156707637322
9.701,0.0233673323690734,0.226686491312381,10.598557136595,0.0687340071309913,0.384638975493771,3.75589895328674e-05,2.84503561528141e-39,0.00981081692412039,16333.9329667373,14275.2328485479,34713.793424091,0.40756406799119
9.702,0.0233673323690734,0.22670985864475,10.598557136595,0.0687410923806697,0.384678624908831,3.83240974507335e-05,3.50501355712305e-39,0.00988550668838032,16350.2750693936,14289.3167829956,34751.2250921303,0.40797183590916
9.703,0.0233673323690734,0.226733225977119,10.598557136595,0.0687481776303482,0.384718274323891,3.91037639856319e-05,4.31682037021602e-39,0.00996067693746472,16366.6335223262,14303.4146126429,34788.6971225051,0.408380011798999
9.704,0.0233673323690734,0.226756593309489,10.598557136595,0.0687552628800267,0.38475792373895,3.989824461716e-05,5.31508981603394e-39,0.0100363300508571,16383.0083418938,14317.5263511988,34826.2095587378,0.408788596068885
9.705,0.0233673323690734,0.226779960641858,10.598557136595,0.0687623481297052,0.38479757315401,4.07077988807013e-05,6.54228814435886e-39,0.0101124684146249,16399.399544471,14331.6520123858,34863.7624443975,0.4091975891274
9.706,0.0233673323690734,0.226803327974227,10.598557136595,0.0687694333793837,0.38483722256907,4.15326904238348e-05,8.05046993845038e-39,0.0101890944214029,16415.8071464492,14345.7916099399,34901.3558231009,0.409606991383538
9.707,0.0233673323690734,0.226826695306596,10.598557136595,0.0687765186290622,0.384876871984129,4.23731870633773e-05,9.90342407061027e-39,0.0102662104703749,16432.2311642358,14359.9451576108,34938.9897385113,0.410016803246703
9.708,0.0233673323690734,0.226850062638965,10.598557136595,0.0687836038787407,0.384916521399189,4.32295608430727e-05,1.21792956554369e-38,0.0103438189672547,16448.671614255,14374.1126691616,34976.6642343391,0.410427025126704
9.709,0.0233673323690734,0.226873429971334,10.598557136595,0.0687906891284191,0.384956170814249,4.4102088091951e-05,1.49737886221663e-38,0.0104219223242691,16465.1285129472,14388.2941583691,35014.379354342,0.410837657433765
9.71,0.0233673323690734,0.226896797303703,10.598557136595,0.0687977743780976,0.384995820229308,4.49910494833314e-05,1.84040763092313e-38,0.0105005229601383,16481.6018767693,14402.4896390237,35052.1351423248,0.411248700578518
9.711,0.0233673323690734,0.226920164636072,10.598557136595,0.0688048596277761,0.385035469644368,4.5896730094492e-05,2.26135751799507e-38,0.0105796233000563,16498.0917221946,14416.6991249292,35089.9316421394,0.411660154972005
9.712,0.0233673323690734,0.226943531968441,10.598557136595,0.0688119448774546,0.385075119059428,4.68194194670209e-05,2.77777704176212e-38,0.0106592257756729,16514.5980657131,14430.9226299033,35127.7688976852,0.412072021025681
9.713,0.0233673323690734,0.22696689930081,10.598557136595,0.0688190301271331,0.385114768474487,4.77594116678272e-05,3.41113230526267e-38,0.0107393328250729,16531.1209238309,14445.1601677772,35165.646952909,0.412484299151413
9.714,0.0233673323690734,0.226990266633179,10.598557136595,0.0688261153768116,0.385154417889547,4.87170053508414e-05,4.18767379442572e-38,0.0108199468927567,16547.6603130711,14459.4117523957,35203.5658518047,0.412896989761479
9.715,0.0233673323690734,0.227013633965548,10.598557136595,0.0688332006264901,0.385194067304607,4.96925038193896e-05,5.13949322497648e-38,0.0109010704296197,16564.216249973,14473.6773976173,35241.5256384136,0.413310093268569
9.716,0.0233673323690734,0.227037001297917,10.598557136595,0.0688402858761685,0.385233716719666,5.06862150892749e-05,6.30581172206731e-38,0.0109827058929322,16580.7887510924,14487.9571173142,35279.526356825,0.413723610085786
9.717,0.0233673323690734,0.227060368630287,10.598557136595,0.068847371125847,0.385273366134726,5.16984519525381e-05,7.7345495001352e-38,0.0110648557463185,16597.3778330021,14502.2509253723,35317.5680511752,0.414137540626648
9.718,0.0233673323690734,0.227083735962656,10.598557136595,0.0688544563755255,0.385313015549786,5.27295320419178e-05,9.48423798725235e-38,0.011147522459735,16613.9835122909,14516.5588356911,35355.6507656484,0.414551885305085
9.719,0.0233673323690734,0.227107103295025,10.598557136595,0.068861541625204,0.385352664964845,5.37797778960315e-05,1.16263484076663e-37,0.0112307085094499,16630.6058055646,14530.8808621839,35393.7745444763,0.414966644535442
9.72,0.0233673323690734,0.227130470627394,10.598557136595,0.0688686268748825,0.385392314379905,5.48495170252498e-05,1.4248126681218e-37,0.011314416378021,16647.2447294456,14545.2170187778,35431.9394319383,0.415381818732479
9.721,0.0233673323690734,0.227153837959763,10.598557136595,0.068875712124561,0.385431963794965,5.59390819782861e-05,1.74560437027109e-37,0.0113986485542731,16663.9003005726,14559.5673194134,35470.1454723616,0.415797408311368
9.722,0.0233673323690734,0.227177205292132,10.598557136595,0.0688827973742395,0.385471613210024,5.70488104095218e-05,2.13799933331575e-37,0.0114834075332769,16680.5725356013,14573.9317780453,35508.3927101212,0.4162134136877
9.723,0.0233673323690734,0.227200572624501,10.598557136595,0.0688898826239179,0.385511262625084,5.81790451470402e-05,2.61783986196242e-37,0.0115686958163254,16697.261451204,14588.3104086417,35546.6811896401,0.416629835277481
9.724,0.0233673323690734,0.22722393995687,10.598557136595,0.0688969678735964,0.385550912040144,5.93301342613893e-05,3.20444208898677e-37,0.0116545159109109,16713.9670640695,14602.7032251848,35585.0109553888,0.417046673497132
9.725,0.0233673323690734,0.227247307289239,10.598557136595,0.0689040531232749,0.385590561455203,6.05024311350975e-05,3.92135076831532e-37,0.0117408703307027,16730.6893909035,14617.1102416702,35623.3820518859,0.417463928763491
9.726,0.0233673323690734,0.227270674621608,10.598557136595,0.0689111383729534,0.385630210870263,6.16962945329088e-05,4.7972565476975e-37,0.0118277615955229,16747.4284484282,14631.5314721078,35661.7945236984,0.417881601493813
9.727,0.0233673323690734,0.227294041953977,10.598557136595,0.0689182236226319,0.385669860285323,6.29120886727748e-05,5.86711036585806e-37,0.0119151922313227,16764.1842533828,14645.9669305209,35700.2484154409,0.418299692105773
9.728,0.0233673323690734,0.227317409286346,10.598557136595,0.0689253088723104,0.385709509700382,6.4150183297583e-05,7.17347693479954e-37,0.0120031647701579,16780.956822523,14660.4166309469,35738.7437717762,0.418718201017458
9.729,0.0233673323690734,0.227340776618715,10.598557136595,0.0689323941219889,0.385749159115442,6.54109537476623e-05,8.76817811337777e-37,0.0120916817501653,16797.7461726215,14674.8805874369,35777.2806374154,0.41913712864738
9.73,0.0233673323690734,0.227364143951084,10.598557136595,0.0689394793716673,0.385788808530502,6.66947810340265e-05,1.07142876698045e-36,0.0121807457155375,16814.5523204676,14689.358814056,35815.8590571176,0.419556475414466
9.731,0.0233673323690734,0.227387511283453,10.598557136595,0.0689465646213458,0.385828457945561,6.80020519123834e-05,1.30885518499922e-36,0.0122703592164975,16831.3752828673,14703.851324883,35854.4790756905,0.419976241738061
9.732,0.0233673323690734,0.227410878615823,10.598557136595,0.0689536498710243,0.385868107360621,6.93331589579327e-05,1.59843257749401e-36,0.012360524809274,16848.2150766437,14718.3581340108,35893.1407379896,0.420396428037933
9.733,0.0233673323690734,0.227434245948192,10.598557136595,0.0689607351207028,0.385907756775681,7.0688500640916e-05,1.95151345367826e-36,0.0124512450560758,16865.0717186367,14732.879255546,35931.8440889195,0.420817034734269
9.734,0.0233673323690734,0.227457613280561,10.598557136595,0.0689678203703813,0.38594740619074,7.2068481402948e-05,2.38189906158197e-36,0.0125425225250647,16881.9452257027,14747.4147036093,35970.5891734324,0.421238062247675
9.735,0.0233673323690734,0.22748098061293,10.598557136595,0.0689749056200598,0.3859870556058,7.34735117341497e-05,2.90636267010334e-36,0.0126343597903309,16898.8356147154,14761.9644923352,36009.3760365294,0.421659510999177
9.736,0.0233673323690734,0.227504347945299,10.598557136595,0.0689819908697383,0.38602670502086,7.49040082510504e-05,3.5452836128009e-36,0.0127267594318654,16915.7429025651,14776.5286358721,36048.2047232604,0.422081381410226
9.737,0.0233673323690734,0.227527715277668,10.598557136595,0.0689890761194168,0.386066354435919,7.63603937752807e-05,4.3234153110635e-36,0.0128197240355329,16932.6671061591,14791.1071483826,36087.0752787232,0.422503673902692
9.738,0.0233673323690734,0.227551082610037,10.598557136595,0.0689961613690952,0.386106003850979,7.78430974130883e-05,5.27081531301186e-36,0.0129132561930456,16949.6082424216,14805.700044043,36125.9877480648,0.422926388898866
9.739,0.0233673323690734,0.227574449942406,10.598557136595,0.0690032466187737,0.386145653266039,7.93525546356302e-05,6.42397119314113e-36,0.0130073585019353,16966.5663282938,14820.3073370437,36164.9421764807,0.423349526821465
9.74,0.0233673323690734,0.227597817274775,10.598557136595,0.0690103318684522,0.386185302681098,8.08892073600741e-05,7.8271631576922e-36,0.0131020335655248,16983.5413807337,14834.9290415892,36203.9386092149,0.423773088093626
9.741,0.0233673323690734,0.227621184607144,10.598557136595,0.0690174171181307,0.386224952096158,8.24535040315346e-05,9.53411263379789e-36,0.0131972839929011,17000.5334167164,14849.5651718979,36242.9770915606,0.424197073138909
9.742,0.0233673323690734,0.227644551939513,10.598557136595,0.0690245023678092,0.386264601511217,8.40458997058026e-05,1.16099762767844e-35,0.0132931123988865,17017.542453234,14864.2157422023,36282.0576688596,0.424621482381303
9.743,0.0233673323690734,0.227667919271882,10.598557136595,0.0690315876174877,0.386304250926277,8.56668561328934e-05,1.41337570583898e-35,0.0133895214040091,17034.5685072954,14878.8807667487,36321.1803865026,0.425046316245213
9.744,0.0233673323690734,0.227691286604251,10.598557136595,0.0690386728671661,0.386343900341337,8.73168418414467e-05,1.72012188172087e-35,0.0134865136344752,17051.6115959268,14893.5602597977,36360.3452899292,0.425471575155475
9.745,0.0233673323690734,0.227714653936621,10.598557136595,0.0690457581168446,0.386383549756396,8.89963322239293e-05,2.09284083630319e-35,0.0135840917221388,17068.6717361711,14908.2542356241,36399.5524246281,0.425897259537347
9.746,0.0233673323690734,0.22773802126899,10.598557136595,0.0690528433665231,0.386423199171456,9.07058096226879e-05,2.54559105311598e-35,0.0136822583044728,17085.7489450887,14922.9627085164,36438.8018361372,0.426323369816516
9.747,0.0233673323690734,0.227761388601359,10.598557136595,0.0690599286162016,0.386462848586516,9.24457634168234e-05,3.09539872023066e-35,0.0137810160245379,17102.8432397566,14937.6856927775,36478.0935700431,0.426749906419088
9.748,0.0233673323690734,0.227784755933728,10.598557136595,0.0690670138658801,0.386502498001575,9.42166901099393e-05,3.76287821038247e-35,0.0138803675309539,17119.9546372691,14952.4232027242,36517.4276719818,0.427176869771603
9.749,0.0233673323690734,0.227808123266097,10.598557136595,0.0690740991155586,0.386542147416635,9.60190934187096e-05,4.5729810224338e-35,0.013980315477868,17137.0831547378,14967.1752526877,36556.8041876387,0.427604260301024
9.75,0.0233673323690734,0.227831490598466,10.598557136595,0.0690811843652371,0.386581796831695,9.78534843623004e-05,5.55589951487447e-35,0.0140808625249238,17154.228809291,14981.941857013,36596.2231627479,0.42803207843474
9.751,0.0233673323690734,0.227854857930835,10.598557136595,0.0690882696149155,0.386621446246754,9.97203813526726e-05,6.74815710402756e-35,0.0141820113372313,17171.3916180744,14996.7230300595,36635.6846430935,0.428460324600571
9.752,0.0233673323690734,0.227878225263204,10.598557136595,0.069095354864594,0.386661095661814,0.000101620310285722,8.19392301401586e-35,0.0142837645853342,17188.5715982509,15011.5187862007,36675.1886745084,0.428888999226762
9.753,0.0233673323690734,0.227901592595573,10.598557136595,0.0691024401142725,0.386700745076874,0.000103553804633277,9.94659736547242e-35,0.0143861249451783,17205.7687670005,15026.3291398242,36714.7353028752,0.429318102741987
9.754,0.0233673323690734,0.227924959927942,10.598557136595,0.069109525363951,0.386740394491933,0.000105521405536004,1.20707216302565e-34,0.01448909509808,17222.9831415202,15041.154105332,36754.3245741261,0.429747635575351
9.755,0.0233673323690734,0.227948327260311,10.598557136595,0.0691166106136295,0.386780043906993,0.000107523661897147,1.46442805647827e-34,0.0145926777306936,17240.2147390245,15055.9936971401,36793.9565342424,0.430177598156388
9.756,0.0233673323690734,0.22797169459268,10.598557136595,0.069123695863308,0.386819693322053,0.000109561130477149,1.77614750296939e-34,0.0146968755349775,17257.463576745,15070.8479296787,36833.6312292555,0.430607990915057
9.757,0.0233673323690734,0.227995061925049,10.598557136595,0.0691307811129865,0.386859342737112,0.000111634375989185,2.15360610441417e-34,0.0148016912081631,17274.7296719305,15085.7168173924,36873.3487052459,0.431038814281753
9.758,0.0233673323690734,0.228018429257418,10.598557136595,0.0691378663626649,0.386898992152172,0.000113743971195547,2.61053695292694e-34,0.0149071274527197,17292.0130418471,15100.6003747401,36913.1090083442,0.4314700686873
9.759,0.0233673323690734,0.228041796589788,10.598557136595,0.0691449516123434,0.386938641567232,0.000115890497004937,3.16351440902201e-34,0.015013186976322,17309.3137037782,15115.4986161948,36952.9121847307,0.431901754562951
9.76,0.0233673323690734,0.228065163922157,10.598557136595,0.0691520368620219,0.386978290982291,0.000118074542570628,3.83253616112918e-34,0.0151198724918148,17326.6316750244,15130.4115562437,36992.7582806353,0.432333872340393
9.761,0.0233673323690734,0.228088531254526,10.598557136595,0.0691591221117004,0.387017940397351,0.00012029670538957,4.64172332823543e-34,0.0152271867171802,17343.9669729038,15145.3392093885,37032.6473423378,0.432766422451743
9.762,0.0233673323690734,0.228111898586895,10.598557136595,0.0691662073613789,0.387057589812411,0.000122557591402349,5.62016229940189e-34,0.0153351323755022,17361.3196147515,15160.2815901453,37072.5794161681,0.433199405329552
9.763,0.0233673323690734,0.228135265919264,10.598557136595,0.0691732926110574,0.38709723922747,0.000124857815094062,6.80291670983794e-34,0.0154437121949313,17378.6896179204,15175.238713044,37112.5545485057,0.433632821406802
9.764,0.0233673323690734,0.228158633251633,10.598557136595,0.0691803778607359,0.38713688864253,0.000127197999596125,8.23224358376729e-34,0.0155529289086501,17396.0769997803,15190.2105926295,37152.5727857805,0.43406667111691
9.765,0.0233673323690734,0.228182000584002,10.598557136595,0.0691874631104143,0.38717653805759,0.000129578776788967,9.95905440909182e-34,0.0156627852548377,17413.4817777186,15205.1972434606,37192.6341744723,0.434500954893725
9.766,0.0233673323690734,0.228205367916371,10.598557136595,0.0691945483600928,0.387216187472649,0.000132000787405631,1.20446699621763e-33,0.0157732839766329,17430.9039691402,15220.1986801106,37232.7387611108,0.434935673171531
9.767,0.0233673323690734,0.22822873524874,10.598557136595,0.0692016336097713,0.387255836887709,0.000134464681136335,1.45629273281377e-33,0.015884427822099,17448.3435914672,15235.2149171671,37272.8865922763,0.435370826385046
9.768,0.0233673323690734,0.228252102581109,10.598557136595,0.0692087188594498,0.387295486302769,0.000136971116733916,1.76027090668055e-33,0.0159962195441873,17465.8006621393,15250.2459692324,37313.077714599,0.435806414969425
9.769,0.0233673323690734,0.228275469913478,10.598557136595,0.0692158041091283,0.387335135717828,0.0001395207621202,2.1270978219508e-33,0.0161086619006991,17483.2751986134,15265.2918509228,37353.3121747594,0.436242439360254
9.77,0.0233673323690734,0.228298837245847,10.598557136595,0.0692228893588068,0.387374785132888,0.000142114294493337,2.56964192682211e-33,0.0162217576542501,17500.7672183642,15280.3525768692,37393.5900194887,0.436678899993559
9.771,0.0233673323690734,0.228322204578216,10.598557136595,0.0692299746084853,0.387414434547948,0.000144752400436036,3.10338047594623e-33,0.0163355095722323,17518.2767388838,15295.4281617171,37433.911295568,0.437115797305801
9.772,0.0233673323690734,0.228345571910586,10.598557136595,0.0692370598581638,0.387454083963007,0.000147435776024723,3.7469230702121e-33,0.0164499204267755,17535.8037776814,15310.518620126,37474.276049829,0.437553131733876
9.773,0.0233673323690734,0.228368939242955,10.598557136595,0.0692441451078422,0.387493733378067,0.000150165126939688,4.52263917675994e-33,0.0165649929947109,17553.3483522844,15325.6239667704,37514.6843291541,0.43799090371512
9.774,0.0233673323690734,0.228392306575324,10.598557136595,0.0692512303575207,0.387533382793127,0.000152941168576131,5.45741006260588e-33,0.0166807300575315,17570.9104802371,15340.7442163389,37555.136180476,0.438429113687304
9.775,0.0233673323690734,0.228415673907693,10.598557136595,0.0692583156071992,0.387573032208186,0.000155764626156143,6.58352954728024e-33,0.016797134401353,17588.4901791018,15355.8793835347,37595.6316507782,0.438867762088638
9.776,0.0233673323690734,0.228439041240062,10.598557136595,0.0692654008568777,0.387612681623246,0.00015863623484169,7.93978271544634e-33,0.0169142088168766,17606.0874664582,15371.0294830756,37636.1707870948,0.43930684935777
9.777,0.0233673323690734,0.228462408572431,10.598557136595,0.0692724861065562,0.387652331038306,0.000161556739848486,9.5727373746339e-33,0.0170319560993479,17623.7023599034,15386.1945296937,37676.7536365104,0.439746375933788
9.778,0.0233673323690734,0.2284857759048,10.598557136595,0.0692795713562347,0.387691980453365,0.000164526896560856,1.15382897685378e-32,0.0171503790485186,17641.3348770525,15401.374538136,37717.3802461608,0.44018634225622
9.779,0.0233673323690734,0.228509143237169,10.598557136595,0.0692866566059132,0.387731629868425,0.000167547470647523,1.39035140672479e-32,0.017269480468605,17658.985035538,15416.5695231636,37758.0506632322,0.44062674876503
9.78,0.0233673323690734,0.228532510569538,10.598557136595,0.0692937418555916,0.387771279283485,0.000170619238178399,1.67488746955539e-32,0.0173892631682495,17676.6528530099,15431.7794995525,37798.764934962,0.441067595900625
9.781,0.0233673323690734,0.228555877901907,10.598557136595,0.0693008271052701,0.387810928698544,0.000173742985742292,2.01708719171261e-32,0.0175097299604792,17694.3383471362,15447.0044820932,37839.5231086385,0.441508884103854
9.782,0.0233673323690734,0.228579245234276,10.598557136595,0.0693079123549486,0.387850578113604,0.000176919510565581,2.42852046084161e-32,0.0176308836626645,17712.0415356023,15462.2444855907,37880.3252316005,0.441950613816003
9.783,0.0233673323690734,0.228602612566645,10.598557136595,0.0693149976046271,0.387890227528664,0.000180149620631893,2.9230550237164e-32,0.0177527270964792,17729.7624361114,15477.4995248647,37921.1713512387,0.442392785478802
9.784,0.0233673323690734,0.228625979899014,10.598557136595,0.0693220828543056,0.387929876943723,0.000183434134802705,3.51730811872905e-32,0.017875263087858,17747.5010663845,15492.7696147494,37962.0615149941,0.442835399534425
9.785,0.0233673323690734,0.228649347231383,10.598557136595,0.0693291681039841,0.387969526358783,0.000186773882938918,4.23118593156195e-32,0.0179984944669548,17765.25744416,15508.0547700938,38002.9957703594,0.443278456425483
9.786,0.0233673323690734,0.228672714563753,10.598557136595,0.0693362533536625,0.388009175773843,0.000190169706023441,5.08852776617648e-32,0.0181224240681011,17783.0315871945,15523.3550057614,38043.9741648783,0.443721956595035
9.787,0.0233673323690734,0.228696081896122,10.598557136595,0.069343338603341,0.388048825188902,0.000193622456284711,6.11787503608299e-32,0.0182470547297635,17800.8235132621,15538.6703366306,38084.9967461457,0.444165900486581
9.788,0.0233673323690734,0.228719449228491,10.598557136595,0.0693504238530195,0.388088474603962,0.000197132997321176,7.35338899784177e-32,0.0183723892945,17818.6332401547,15554.0007775941,38126.0635618079,0.444610288544064
9.789,0.0233673323690734,0.22874281656086,10.598557136595,0.069357509102698,0.388128124019022,0.000200702204226813,8.83594568208613e-32,0.0184984306089184,17836.460785682,15569.3463435597,38167.1746595626,0.445055121211872
9.79,0.0233673323690734,0.228766183893229,10.598557136595,0.0693645943523765,0.388167773434081,0.000204330963717565,1.06144418598197e-31,0.018625181523632,17854.3061676715,15584.7070494496,38208.3300871589,0.445500398934839
9.791,0.0233673323690734,0.228789551225598,10.598557136595,0.069371679602055,0.388207422849141,0.000208020174258793,1.27473522707744e-31,0.0187526448932164,17872.1694039687,15600.0829102009,38249.5298923975,0.445946122158242
9.792,0.0233673323690734,0.228812918557967,10.598557136595,0.0693787648517335,0.3882470722642,0.000211770746193669,1.53045859218574e-31,0.0188808235761648,17890.0505124368,15615.4739407653,38290.7741231302,0.446392291327804
9.793,0.0233673323690734,0.228836285890336,10.598557136595,0.0693858501014119,0.38828672167926,0.000215583601872621,1.8369698257413e-31,0.0190097204348449,17907.9495109569,15630.8801561094,38332.0628272612,0.446838906889695
9.794,0.0233673323690734,0.228859653222705,10.598557136595,0.0693929353510904,0.38832637109432,0.000219459675783697,2.20425266687071e-31,0.0191393383354535,17925.8664174281,15646.3015712144,38373.3960527455,0.44728596929053
9.795,0.0233673323690734,0.228883020555074,10.598557136595,0.0694000206007689,0.388366020509379,0.000223399914683918,2.64423294553665e-31,0.0192696801479713,17943.8012497671,15661.7382010765,38414.7738475904,0.447733478977371
9.796,0.0233673323690734,0.228906387887443,10.598557136595,0.0694071058504474,0.388405669924439,0.000227405277731678,3.17115233392205e-31,0.019400748746119,17961.7540259089,15677.1900607065,38456.1962598548,0.448181436397729
9.797,0.0233673323690734,0.228929755219812,10.598557136595,0.0694141911001259,0.388445319339499,0.000231476736620066,3.80201323895714e-31,0.0195325470073107,17979.7247638062,15692.6571651301,38497.6633376492,0.448629841999561
9.798,0.0233673323690734,0.228953122552181,10.598557136595,0.0694212763498044,0.388484968754558,0.000235615275711176,4.55710822550822e-31,0.0196650778126078,17997.7134814297,15708.1395293877,38539.1751291363,0.449078696231272
9.799,0.0233673323690734,0.22897648988455,10.598557136595,0.0694283615994829,0.388524618169618,0.000239821892171472,5.46064985085162e-31,0.0197983440466743,18015.7201967683,15723.6371685348,38580.7316825306,0.449527999541716
9.8,0.0233673323690734,0.22899985721692,10.598557136595,0.0694354468491614,0.388564267584678,0.000244097596108073,6.54151974009948e-31,0.0199323485977293,18033.7449278285,15739.1500976415,38622.3330460986,0.449977752380198
9.801,0.0233673323690734,0.229023224549289,10.598557136595,0.0694425320988398,0.388603916999737,0.000248443410706031,7.83415922252945e-31,0.0200670943575002,18051.7876926352,15754.6783317929,38663.9792681586,0.450427955196469
9.802,0.0233673323690734,0.229046591881658,10.598557136595,0.0694496173485183,0.388643566414797,0.000252860372366666,9.37962797832993e-31,0.0202025842211762,18069.848509231,15770.2218860889,38705.6703970815,0.450878608440733
9.803,0.0233673323690734,0.229069959214027,10.598557136595,0.0694567025981968,0.388683215829857,0.000257349530846815,1.1226862029685e-30,0.0203388210873612,18087.9273956769,15785.7807756444,38747.4064812902,0.451329712563644
9.804,0.0233673323690734,0.229093326546396,10.598557136595,0.0694637878478753,0.388722865244916,0.00026191194939908,1.34341681859289e-30,0.0204758078580249,18106.0243700517,15801.3550155892,38789.1875692593,0.451781268016304
9.805,0.0233673323690734,0.229116693878765,10.598557136595,0.0694708730975538,0.388762514659976,0.000266548704913135,1.60709988801758e-30,0.0206135474384563,18124.1394504524,15816.9446210678,38831.0137095163,0.45223327525027
9.806,0.0233673323690734,0.229140061211134,10.598557136595,0.0694779583472323,0.388802164075036,0.000271260888057946,1.92200594035312e-30,0.0207520427372149,18142.272654994,15832.54960724,38872.884950641,0.452685734717549
9.807,0.0233673323690734,0.229163428543503,10.598557136595,0.0694850435969108,0.388841813490095,0.000276049603424983,2.29798090758113e-30,0.0208912966660815,18160.4240018098,15848.1699892803,38914.8013412649,0.4531386468706
9.808,0.0233673323690734,0.229186795875872,10.598557136595,0.0694921288465892,0.388881462905155,0.000280915969672499,2.74674291507959e-30,0.0210313121400105,18178.5935090511,15863.8057823782,38956.7629300729,0.453592012162336
9.809,0.0233673323690734,0.229210163208241,10.598557136595,0.0694992140962677,0.388921112320215,0.000285861119670708,3.28223435479363e-30,0.0211720920770802,18196.7811948874,15879.4570017384,38998.7697658016,0.454045831046122
9.81,0.0233673323690734,0.22923353054061,10.598557136595,0.0695062993459462,0.388960761735274,0.000290886200648005,3.92103941950471e-30,0.0213136393984435,18214.9870775065,15895.1236625803,39040.8218972407,0.454500103975777
9.811,0.0233673323690734,0.229256897872979,10.598557136595,0.0695133845956247,0.389000411150334,0.000295992374338122,4.68287912841805e-30,0.0214559570282773,18233.2111751141,15910.8057801386,39082.9193732322,0.454954831405574
9.812,0.0233673323690734,0.229280265205348,10.598557136595,0.0695204698453032,0.389040060565394,0.000301180817128354,5.59119805891204e-30,0.021599047893734,18251.4535059344,15926.5033696627,39125.0622426707,0.45541001379024
9.813,0.0233673323690734,0.229303632537718,10.598557136595,0.0695275550949817,0.389079709980453,0.000306452720208695,6.67385957569394e-30,0.0217429149248904,18269.7140882098,15942.2164464173,39167.2505545039,0.455865651584958
9.814,0.0233673323690734,0.229326999870087,10.598557136595,0.0695346403446602,0.389119359395513,0.000311809289721953,7.96396938633479e-30,0.0218875610546962,18287.9929402007,15957.9450256822,39209.4843577319,0.456321745245365
9.815,0.0233673323690734,0.229350367202456,10.598557136595,0.0695417255943386,0.389159008810573,0.000317251746914935,9.50085083268368e-30,0.0220329892189246,18306.2900801862,15973.689122752,39251.7637014079,0.456778295227555
9.816,0.0233673323690734,0.229373734534825,10.598557136595,0.0695488108440171,0.389198658225632,0.000322781328290524,1.13311995466542e-29,0.0221792023561205,18324.6055264632,15989.4487529367,39294.0886346378,0.45723530198808
9.817,0.0233673323690734,0.229397101867194,10.598557136595,0.0695558960936956,0.389238307640692,0.000328399285760738,1.3510450069002e-29,0.0223262034075481,18342.9392973473,16005.2239315611,39336.4592065806,0.457692765983944
9.818,0.0233673323690734,0.229420469199563,10.598557136595,0.0695629813433741,0.389277957055752,0.000334106886800852,1.61043928827745e-29,0.0224739953171406,18361.2914111722,16021.0146739654,39378.8754664482,0.458150687672612
9.819,0.0233673323690734,0.229443836531932,10.598557136595,0.0695700665930526,0.389317606470811,0.000339905414604415,1.91910872039299e-29,0.0226225810314471,18379.6618862901,16036.8209955048,39421.3374635056,0.458609067512006
9.82,0.0233673323690734,0.229467203864301,10.598557136595,0.0695771518427311,0.389357255885871,0.000345796168239225,2.28631229821283e-29,0.0227719634995801,18398.0507410714,16052.6429115497,39463.845247071,0.459067905960506
9.821,0.0233673323690734,0.22949057119667,10.598557136595,0.0695842370924096,0.389396905300931,0.000351780462804379,2.72302951077594e-29,0.0229221456731634,18416.4579939049,16068.4804374855,39506.3988665155,0.459527203476949
9.822,0.0233673323690734,0.229513938529039,10.598557136595,0.069591322342088,0.38943655471599,0.000357859629588188,3.24227640465166e-29,0.023073130506279,18434.883663198,16084.333588713,39548.9983712639,0.459986960520635
9.823,0.0233673323690734,0.229537305861408,10.598557136595,0.0695984075917665,0.38947620413105,0.000364035016227114,3.85947903235877e-29,0.0232249209554137,18453.3277673763,16100.2023806481,39591.6438107939,0.46044717755132
9.824,0.0233673323690734,0.229560673193777,10.598557136595,0.069605492841445,0.38951585354611,0.000370307986865615,4.59291457980619e-29,0.0233775199794048,18471.7903248838,16116.0868287218,39634.3352346367,0.46090785502922
9.825,0.0233673323690734,0.229584040526146,10.598557136595,0.0696125780911235,0.389555502961169,0.000376679922317054,5.46423229072337e-29,0.0235309305393879,18490.2713541833,16131.9869483807,39677.0726923769,0.461368993415014
9.826,0.0233673323690734,0.229607407858515,10.598557136595,0.069619663340802,0.389595152376229,0.000383152220225465,6.49906844893805e-29,0.0236851555987415,18508.7708737556,16147.9027550861,39719.8562336526,0.46183059316984
9.827,0.0233673323690734,0.229630775190885,10.598557136595,0.0696267485904805,0.389634801791289,0.000389726295228282,7.72777219645771e-29,0.0238401981230323,18527.2889021004,16163.8342643149,39762.6859081554,0.462292654755297
9.828,0.0233673323690734,0.229654142523254,10.598557136595,0.0696338338401589,0.389674451206348,0.000396403579120113,9.18626192101087e-29,0.023996061079962,18545.8254577356,16179.7814915593,39805.5617656305,0.462755178633448
9.829,0.0233673323690734,0.229677509855623,10.598557136595,0.0696409190898375,0.389714100621408,0.00040318552101736,1.09170354163572e-28,0.024152747439311,18564.3805591978,16195.7444523266,39848.4838558766,0.463218165266816
9.83,0.0233673323690734,0.229700877187992,10.598557136595,0.0696480043395159,0.389753750036468,0.000410073587523789,1.29703610906864e-28,0.0243102601728831,18582.9542250421,16211.7231621395,39891.4522287462,0.463681615118388
9.831,0.0233673323690734,0.229724244520361,10.598557136595,0.0696550895891944,0.389793399451527,0.000417069262897135,1.54056822758294e-28,0.0244686022544508,18601.5464738422,16227.717636536,39934.4669341456,0.464145528651613
9.832,0.0233673323690734,0.22974761185273,10.598557136595,0.0696621748388729,0.389833048866587,0.000424174049216549,1.82932722932824e-28,0.0246277766596993,18620.1573241903,16243.7278910694,39977.5280220351,0.464609906330406
9.833,0.0233673323690734,0.229770979185099,10.598557136595,0.0696692600885514,0.389872698281647,0.000431389466550966,2.17161845033903e-28,0.0247877863661691,18638.7867946973,16259.7539413084,40020.6355424284,0.465074748619144
9.834,0.0233673323690734,0.229794346517468,10.598557136595,0.0696763453382299,0.389912347696706,0.000438717053128516,2.57725492658931e-28,0.0249486343532013,18657.4349039926,16275.795802837,40063.7895453933,0.465540055982669
9.835,0.0233673323690734,0.229817713849837,10.598557136595,0.0696834305879084,0.389951997111766,0.00044615836550675,3.05782787654943e-28,0.0251103236018802,18676.1016707245,16291.8534912547,40106.990081052,0.46600582888629
9.836,0.0233673323690734,0.229841081182206,10.598557136595,0.0696905158375869,0.389991646526826,0.000453714978743772,3.62702512301451e-28,0.0252728570949756,18694.7871135595,16307.9270221762,40150.2371995801,0.466472067795777
9.837,0.0233673323690734,0.229864448514575,10.598557136595,0.0696976010872653,0.390031295941885,0.000461388486570413,4.30100584540098e-28,0.0254362378168869,18713.4912511832,16324.0164112317,40193.5309512078,0.466938773177372
9.838,0.0233673323690734,0.229887815846944,10.598557136595,0.0697046863369438,0.390070945356945,0.000469180501563182,5.09884150371692e-28,0.0256004687535849,18732.2141022997,16340.1216740668,40236.8713862193,0.467405945497778
9.839,0.0233673323690734,0.229911183179313,10.598557136595,0.0697117715866223,0.390110594772005,0.000477092655318185,6.04303447274536e-28,0.025765552892554,18750.9556856318,16356.2428263428,40280.2585549528,0.467873585224169
9.84,0.0233673323690734,0.229934550511683,10.598557136595,0.0697188568363008,0.390150244187064,0.000485126598625882,7.16012791113384e-28,0.0259314932227336,18769.7160199212,16372.3798837359,40323.6925078012,0.468341692824184
9.841,0.0233673323690734,0.229957917844052,10.598557136595,0.0697259420859793,0.390189893602124,0.000493284001646854,8.48142271368025e-28,0.026098292734461,18788.4951239282,16388.5328619382,40367.1732952113,0.468810268765931
9.842,0.0233673323690734,0.229981285176421,10.598557136595,0.0697330273356578,0.390229543017184,0.00050156655408835,1.00438201124846e-27,0.0262659544194123,18807.2930164319,16404.7017766571,40410.7009676849,0.469279313517987
9.843,0.0233673323690734,0.23000465250879,10.598557136595,0.0697401125853362,0.390269192432243,0.000509975965381694,1.18908116698779e-27,0.0264344812705425,18826.1097162302,16420.8866436157,40454.2755757775,0.469748827549394
9.844,0.0233673323690734,0.230028019841159,10.598557136595,0.0697471978350147,0.390308841847303,0.000518513964860708,1.40736421197344e-27,0.0266038762820277,18844.9452421398,16437.0874785524,40497.8971700995,0.470218811329668
9.845,0.0233673323690734,0.230051387173528,10.598557136595,0.0697542830846932,0.390348491262363,0.000527182301940874,1.66526748531513e-27,0.0267741424492056,18863.7996129962,16453.3042972212,40541.5658013162,0.470689265328793
9.846,0.0233673323690734,0.230074754505897,10.598557136595,0.0697613683343717,0.390388140677422,0.000535982746299349,1.96989949138401e-27,0.0269452827685143,18882.6728476537,16469.5371153916,40585.2815201467,0.471160190017222
9.847,0.0233673323690734,0.230098121838266,10.598557136595,0.0697684535840502,0.390427790092482,0.000544917088055964,2.32962902887142e-27,0.0271173002374343,18901.5649649857,16485.7859488487,40629.0443773657,0.47163158586588
9.848,0.0233673323690734,0.230121489170635,10.598557136595,0.0697755388337287,0.390467439507542,0.00055398713795496,2.75430591908307e-27,0.0272901978544275,18920.4759838842,16502.0508133932,40672.8544238021,0.472103453346165
9.849,0.0233673323690734,0.230144856503004,10.598557136595,0.0697826240834072,0.390507088922601,0.000563194727547529,3.25551990991963e-27,0.0274639786188756,18939.4059232603,16518.3317248413,40716.7117103396,0.472575792929941
9.85,0.0233673323690734,0.230168223835373,10.598557136595,0.0697897093330856,0.390546738337661,0.000572541709375353,3.84690427331944e-27,0.0276386455310215,18958.3548020438,16534.6286990249,40760.6162879172,0.473048605089549
9.851,0.0233673323690734,0.230191591167742,10.598557136595,0.0697967945827641,0.39058638775272,0.000582029957154803,4.54449171196785e-27,0.0278142015919067,18977.3226391838,16550.9417517915,40804.5682075281,0.473521890297802
9.852,0.0233673323690734,0.230214958500111,10.598557136595,0.0698038798324426,0.39062603716778,0.000591661365962053,5.36713147162065e-27,0.027990649803311,18996.309453648,16567.2708990043,40848.5675202215,0.473995649027986
9.853,0.0233673323690734,0.23023832583248,10.598557136595,0.0698109650821211,0.39066568658284,0.000601437852418897,6.33697804823136e-27,0.0281679931676893,19015.3152644232,16583.6161565419,40892.6142771006,0.474469881753857
9.854,0.0233673323690734,0.23026169316485,10.598557136595,0.0698180503317996,0.390705335997899,0.000611361354879545,7.48006361905316e-27,0.0283462346881123,19034.3400905153,16599.9775402988,40936.7085293242,0.47494458894965
9.855,0.0233673323690734,0.230285060497219,10.598557136595,0.0698251355814781,0.390744985412959,0.00062143383361806,8.82696835416288e-27,0.0285253773682029,19053.383950949,16616.3550661852,40980.8503281065,0.475419771090072
9.856,0.0233673323690734,0.230308427829588,10.598557136595,0.0698322208311566,0.390784634828019,0.000631657271016563,1.04136051263886e-26,0.0287054242120734,19072.4468647683,16632.7487501268,41025.0397247165,0.475895428650303
9.857,0.0233673323690734,0.230331795161957,10.598557136595,0.0698393060808351,0.390824284243078,0.000642033671754395,1.22821378876187e-26,0.0288863782242647,19091.528851036,16649.1586080652,41069.2767704786,0.476371562106004
9.858,0.0233673323690734,0.230355162494326,10.598557136595,0.0698463913305135,0.390863933658138,0.000652565062997864,1.44820561808297e-26,0.0290682424096826,19110.6299288342,16665.5846559576,41113.5615167727,0.476848171933306
9.859,0.0233673323690734,0.230378529826695,10.598557136595,0.069853476580192,0.390903583073198,0.000663253494590765,1.70714319831726e-26,0.0292510197735336,19129.7501172639,16682.026909777,41157.8940150339,0.47732525860882
9.86,0.0233673323690734,0.230401897159064,10.598557136595,0.0698605618298705,0.390943232488257,0.0006741010392458,2.01183894106372e-26,0.0294347133212639,19148.8894354453,16698.4853855122,41202.2743167529,0.477802822609632
9.861,0.0233673323690734,0.230425264491433,10.598557136595,0.069867647079549,0.390982881903317,0.000685109792736582,2.37028228572265e-26,0.0296193260584945,19168.0479025178,16714.9600991678,41246.7024734758,0.478280864413307
9.862,0.0233673323690734,0.230448631823802,10.598557136595,0.0698747323292275,0.391022531318377,0.000696281874090354,2.79184050053104e-26,0.0298048609909568,19187.2255376397,16731.4510667639,41291.1785368044,0.478759384497886
9.863,0.0233673323690734,0.230471999156171,10.598557136595,0.069881817578906,0.391062180733436,0.000707619425781608,3.28749329604e-26,0.0299913211244302,19206.4223599888,16747.9583043368,41335.7025583961,0.479238383341889
9.864,0.0233673323690734,0.23049536648854,10.598557136595,0.0698889028285845,0.391101830148496,0.000719124613926236,3.87010686854319e-26,0.0301787094646772,19225.6383887618,16764.4818279384,41380.2745899641,0.479717861424316
9.865,0.0233673323690734,0.230518733820909,10.598557136595,0.0698959880782629,0.391141479563556,0.00073079962847637,4.55475391139237e-26,0.0303670290173776,19244.8736431749,16781.0216536365,41424.8946832771,0.480197819224644
9.866,0.0233673323690734,0.230542101153278,10.598557136595,0.0699030733279414,0.391181128978615,0.0007426466834161,5.35908720121875e-26,0.0305562827880656,19264.1281424631,16797.5777975147,41469.5628901598,0.480678257222831
9.867,0.0233673323690734,0.230565468485648,10.598557136595,0.0699101585776199,0.391220778393675,0.000754668016957679,6.30377560744073e-26,0.0307464737820644,19283.4019058812,16814.1502756725,41514.2792624929,0.481159175899316
9.868,0.0233673323690734,0.230588835818017,10.598557136595,0.0699172438272984,0.391260427808735,0.000766865891738389,7.41301281452653e-26,0.0309376050044194,19302.6949527027,16830.7391042254,41559.0438522127,0.481640575735016
9.869,0.0233673323690734,0.230612203150386,10.598557136595,0.0699243290769769,0.391300077223794,0.000779242595018258,8.7151107188901e-26,0.031129679459835,19322.0073022208,16847.3442993045,41603.8567113118,0.482122457211332
9.87,0.0233673323690734,0.230635570482755,10.598557136595,0.0699314143266554,0.391339726638854,0.000791800438878195,1.02431914025388e-25,0.0313227001526075,19341.3389737478,16863.9658770571,41648.7178918388,0.482604820810146
9.871,0.0233673323690734,0.230658937815124,10.598557136595,0.0699384995763339,0.391379376053914,0.000804541760418891,1.20359938361152e-25,0.0315166700865598,19360.6899866154,16880.6038536465,41693.6274458985,0.483087667013821
9.872,0.0233673323690734,0.230682305147493,10.598557136595,0.0699455848260123,0.391419025468973,0.000817468921960206,1.41388140734149e-25,0.0317115922649741,19380.0603601746,16897.2582452515,41738.5854256516,0.483570996305203
9.873,0.0233673323690734,0.230705672479862,10.598557136595,0.0699526700756908,0.391458674884033,0.000830584311241372,1.66046007244478e-25,0.0319074696905271,19399.4501137958,16913.9290680672,41783.5918833152,0.484054809167621
9.874,0.0233673323690734,0.230729039812231,10.598557136595,0.0699597553253693,0.391498324299093,0.000843890341621603,1.94952309995095e-25,0.0321043053652228,19418.8592668687,16930.6163383048,41828.646871163,0.48453910608489
9.875,0.0233673323690734,0.2307524071446,10.598557136595,0.0699668405750478,0.391537973714152,0.00085738945228127,2.28829966780518e-25,0.0323021022903244,19438.2878388025,16947.3200721912,41873.7504415245,0.485023887541304
9.876,0.0233673323690734,0.230775774476969,10.598557136595,0.0699739258247263,0.391577623129212,0.00087108410842386,2.68523340599903e-25,0.0325008634662895,19457.7358490257,16964.0402859693,41918.902646786,0.485509154021647
9.877,0.0233673323690734,0.230799141809338,10.598557136595,0.0699810110744048,0.391617272544272,0.000884976801478268,3.15018374034015e-25,0.0327005918927014,19477.2033169864,16980.7769958984,41964.1035393903,0.485994906011184
9.878,0.0233673323690734,0.230822509141707,10.598557136595,0.0699880963240833,0.391656921959331,0.000899070049301638,3.69466016572497e-25,0.0329012905682008,19496.6902621521,16997.5302182535,42009.3531718366,0.486481143995668
9.879,0.0233673323690734,0.230845876474076,10.598557136595,0.0699951815737617,0.391696571374391,0.000913366396382939,4.33209475936718e-25,0.0331029624904202,19516.1967040096,17014.2999693256,42054.6515966808,0.486967868461336
9.88,0.0233673323690734,0.230869243806445,10.598557136595,0.0700022668234402,0.391736220789451,0.00092786841404684,5.07815908846534e-25,0.0333056106559149,19535.7226620655,17031.0862654221,42099.9988665355,0.487455079894913
9.881,0.0233673323690734,0.230892611138815,10.598557136595,0.0700093520731187,0.39177587020451,0.000942578700658071,5.95113264301567e-25,0.0335092380600934,19555.2681558457,17047.8891228661,42145.3950340697,0.487942778783611
9.882,0.0233673323690734,0.230915978471184,10.598557136595,0.0700164373227972,0.39181551961957,0.000957499881826507,6.97233105321917e-25,0.0337138476971517,19574.8332048956,17064.7085579973,42190.8401520098,0.488430965615128
9.883,0.0233673323690734,0.230939345803553,10.598557136595,0.0700235225724757,0.39185516903463,0.00097263461061246,8.1666036556113e-25,0.0339194425600029,19594.4178287804,17081.544587171,42236.3342731384,0.488919640877651
9.884,0.0233673323690734,0.230962713135922,10.598557136595,0.0700306078221542,0.391894818449689,0.00098798556773257,9.56291147979952e-25,0.0341260256402093,19614.0220470847,17098.397226759,42281.8774502958,0.489408805059857
9.885,0.0233673323690734,0.230986080468291,10.598557136595,0.0700376930718326,0.391934467864749,0.00100355546176599,1.11949984694535e-24,0.0343335999279117,19633.6458794126,17115.2664931491,42327.4697363783,0.489898458650907
9.886,0.0233673323690734,0.23100944780066,10.598557136595,0.0700447783215111,0.391974117279809,0.00101934702936128,1.31021707629232e-24,0.0345421684117627,19653.289345388,17132.1524027452,42373.11118434,0.490388602140457
9.887,0.0233673323690734,0.231032815133029,10.598557136595,0.0700518635711896,0.392013766694868,0.00103536303544337,1.53302011814469e-24,0.034751734078856,19672.9524646545,17149.0549719677,42418.8018471919,0.490879236018651
9.888,0.0233673323690734,0.231056182465398,10.598557136595,0.0700589488208681,0.392053416109928,0.00105160627342106,1.79323787540007e-24,0.0349622999146555,19692.635256875,17165.9742172527,42464.5417780019,0.491370360776121
9.889,0.0233673323690734,0.231079549797767,10.598557136595,0.0700660340705466,0.392093065524988,0.00106807956539504,2.09707262016386e-24,0.0351738689029279,19712.3377417324,17182.9101550529,42510.3310298956,0.491861976903993
9.89,0.0233673323690734,0.231102917130136,10.598557136595,0.0700731193202251,0.392132714940047,0.00108478576236603,2.45174118731165e-24,0.0353864440256718,19732.0599389292,17199.8628018372,42556.1696560555,0.492354084893884
9.891,0.0233673323690734,0.231126284462505,10.598557136595,0.0700802045699036,0.392172364355107,0.00110172774444329,2.86563867398904e-24,0.0356000282630455,19751.8018681876,17216.8321740906,42602.0577097213,0.492846685237899
9.892,0.0233673323690734,0.231149651794874,10.598557136595,0.0700872898195821,0.392212013770167,0.0011189084210537,3.34852818044792e-24,0.0358146245933,19771.5635492495,17233.8182883144,42647.9952441908,0.493339778428641
9.893,0.0233673323690734,0.231173019127243,10.598557136595,0.0700943750692605,0.392251663185226,0.00113633073115086,3.9117606746342e-24,0.036030235992706,19791.3450018767,17250.8211610263,42693.9823128187,0.493833364959203
9.894,0.0233673323690734,0.231196386459612,10.598557136595,0.070101460318939,0.392291312600286,0.00115399764342456,4.56852969331384e-24,0.0362468654354831,19811.1462458504,17267.8408087601,42740.0189690173,0.494327445323171
9.895,0.0233673323690734,0.231219753791982,10.598557136595,0.0701085455686175,0.392330962015346,0.00117191215651068,5.33416631870133e-24,0.0364645158937303,19830.9673009721,17284.8772480662,42786.1052662566,0.494822020014625
9.896,0.0233673323690734,0.231243121124351,10.598557136595,0.070115630818296,0.392370611430405,0.00119007729920114,6.22648070584169e-24,0.036683190337354,19850.8081870627,17301.930495511,42832.2412580642,0.495317089528141
9.897,0.0233673323690734,0.23126648845672,10.598557136595,0.0701227160679745,0.392410260845465,0.00120849613065412,7.26615739890042e-24,0.0369028917339952,19870.6689239631,17319.0005676774,42878.4269980255,0.495812654358787
9.898,0.0233673323690734,0.231289855789089,10.598557136595,0.070129801317653,0.392449910260525,0.00122717174060466,8.47721278283681e-24,0.0371236230489607,19890.5495315342,17336.0874811648,42924.6625397835,0.496308715002129
9.899,0.0233673323690734,0.231313223121458,10.598557136595,0.0701368865673315,0.392489559675584,0.00124610724957531,9.88752429221417e-24,0.0373453872451497,19910.4500296564,17353.1912525887,42970.9479370395,0.496805271954228
9.9,0.0233673323690734,0.231336590453827,10.598557136595,0.0701439718170099,0.392529209090644,0.00126530580908685,1.1529442466033e-23,0.0375681872829811,19930.3704382303,17370.3118985812,43017.283243552,0.49730232571164
9.901,0.0233673323690734,0.231359957786196,10.598557136595,0.0701510570666884,0.392568858505704,0.00128477060186956,1.34404986247374e-23,0.0377920261203235,19950.3107771763,17387.4494357907,43063.6685131379,0.497799876771418
9.902,0.0233673323690734,0.231383325118565,10.598557136595,0.0701581423163669,0.392608507920763,0.0013045048420742,1.56642228853321e-23,0.0380169067124213,19970.2710664347,17404.603880882,43110.1037996723,0.498297925631115
9.903,0.0233673323690734,0.231406692450934,10.598557136595,0.0701652275660454,0.392648157335823,0.00132451177548341,1.82510894603133e-23,0.0382428320118233,19990.2513259659,17421.7752505365,43156.589157088,0.49879647278878
9.904,0.0233673323690734,0.231430059783303,10.598557136595,0.0701723128157239,0.392687806750883,0.00134479467972295,2.12596087481302e-23,0.0384698049683083,20010.2515757501,17438.963561452,43203.1246393761,0.499295518742959
9.905,0.0233673323690734,0.231453427115672,10.598557136595,0.0701793980654024,0.392727456165942,0.00136535686447339,2.4757588666203e-23,0.0386978285288147,20030.2718357875,17456.1688303426,43249.710300586,0.499795063992697
9.906,0.0233673323690734,0.231476794448041,10.598557136595,0.0701864833150809,0.392767105581002,0.00138620167168149,2.88235910574447e-23,0.0389269056373663,20050.3121260984,17473.3910739391,43296.3461948254,0.500295109037543
9.907,0.0233673323690734,0.23150016178041,10.598557136595,0.0701935685647593,0.392806754996061,0.00140733247577176,3.35486128820549e-23,0.0391570392349981,20070.3724667231,17490.6303089887,43343.0323762601,0.500795654377538
9.908,0.0233673323690734,0.231523529112779,10.598557136595,0.0702006538144378,0.392846404411121,0.00142875268385817,3.90380263605899e-23,0.0393882322596852,20090.452877722,17507.8865522553,43389.7688991145,0.501296700513229
9.909,0.0233673323690734,0.231546896445149,10.598557136595,0.0702077390641163,0.392886053826181,0.00145046573595571,4.5413817345194e-23,0.0396204876462683,20110.5533791754,17525.159820519,43436.5558176716,0.501798247945664
9.91,0.0233673323690734,0.231570263777518,10.598557136595,0.0702148243137948,0.39292570324124,0.00147247510519182,5.28171670590944e-23,0.0398538083263788,20130.6739911839,17542.4501305768,43483.3931862725,0.502300297176387
9.911,0.0233673323690734,0.231593631109887,10.598557136595,0.0702219095634733,0.3929653526563,0.00149478429801814,6.14114290684943e-23,0.0400881972283676,20150.814733868,17559.7574992419,43530.2810593173,0.502802848707449
9.912,0.0233673323690734,0.231616998442256,10.598557136595,0.0702289948131518,0.39300500207136,0.00151739685442186,7.13855610596076e-23,0.0403236572772295,20170.9756273686,17577.0819433446,43577.2194912649,0.503305903041403
9.913,0.0233673323690734,0.231640365774625,10.598557136595,0.0702360800628303,0.393044651486419,0.00154031634813698,8.29580798296174e-23,0.0405601913945285,20191.1566918464,17594.4234797313,43624.2085366321,0.503809460681301
9.914,0.0233673323690734,0.231663733106994,10.598557136595,0.0702431653125087,0.393084300901479,0.0015635463868558,9.63816180250502e-23,0.0407978024983255,20211.3579474826,17611.7821252653,43671.2482499955,0.504313522130702
9.915,0.0233673323690734,0.231687100439363,10.598557136595,0.0702502505621872,0.393123950316539,0.00158709061243988,1.11948172758475e-22,0.0410364935031025,20231.5794144785,17629.1578968266,43718.3386859898,0.504818087893667
9.916,0.0233673323690734,0.231710467771732,10.598557136595,0.0702573358118657,0.393163599731598,0.00161095270113112,1.29995149517203e-22,0.0412762673196888,20251.8211130554,17646.5508113115,43765.4798993093,0.505323158474762
9.917,0.0233673323690734,0.231733835104101,10.598557136595,0.0702644210615442,0.393203249146658,0.00163513636376235,1.50912319983638e-22,0.0415171268551849,20272.0830634552,17663.9608856333,43812.6719447064,0.505828734379057
9.918,0.0233673323690734,0.23175720243647,10.598557136595,0.0702715063112227,0.393242898561718,0.00165964534596817,1.75149829792724e-22,0.0417590750128898,20292.3652859397,17681.3881367219,43859.9148769931,0.506334816112129
9.919,0.0233673323690734,0.231780569768839,10.598557136595,0.0702785915609012,0.393282547976777,0.00168448342839522,2.03227412166362e-22,0.042002114692225,20312.6678007912,17698.832581524,43907.2087510408,0.50684140418006
9.92,0.0233673323690734,0.231803937101208,10.598557136595,0.0702856768105797,0.393322197391837,0.00170965442691214,2.35744986147528e-22,0.042246248788658,20332.9906283122,17716.2942370026,43954.5536217792,0.507348499089437
9.921,0.0233673323690734,0.231827304433577,10.598557136595,0.0702927620602581,0.393361846806897,0.00173516219281961,2.73394844210705e-22,0.0424914801936297,20353.3337888255,17733.773120138,44001.949544198,0.507856101347355
9.922,0.0233673323690734,0.231850671765947,10.598557136595,0.0702998473099366,0.393401496221956,0.00176101061305986,3.16975663810693e-22,0.042737811794478,20373.6973026743,17751.2692479269,44049.3965733459,0.508364211461417
9.923,0.0233673323690734,0.231874039098316,10.598557136595,0.0703069325596151,0.393441145637016,0.00178720361042566,3.67408611478162e-22,0.0429852464743602,20394.0811902221,17768.7826373829,44096.8947643308,0.508872829939733
9.924,0.0233673323690734,0.231897406430685,10.598557136595,0.0703140178092936,0.393480795052076,0.00181374514376945,4.25755846972647e-22,0.043233787112181,20414.4854718527,17786.3133055363,44144.4441723203,0.509381957290921
9.925,0.0233673323690734,0.231920773763054,10.598557136595,0.0703211030589721,0.393520444467135,0.00184063920821177,4.93241779440004e-22,0.0434834365825145,20434.9101679706,17803.8612694343,44192.0448525415,0.509891594024109
9.926,0.0233673323690734,0.231944141095423,10.598557136595,0.0703281883086506,0.393560093882195,0.00186788983534912,5.71277478271898e-22,0.0437341977555277,20455.3552990003,17821.4265461408,44239.6968602807,0.510401740648933
9.927,0.0233673323690734,0.231967508427792,10.598557136595,0.0703352735583291,0.393599743297255,0.00189550109346192,6.61488699305485e-22,0.0439860734969065,20475.820885387,17839.0091527367,44287.4002508841,0.51091239767554
9.928,0.0233673323690734,0.231990875760161,10.598557136595,0.0703423588080076,0.393639392712314,0.00192347708772163,7.65748053128646e-22,0.044239066667779,20496.3069475964,17856.6091063196,44335.1550797577,0.511423565614588
9.929,0.0233673323690734,0.23201424309253,10.598557136595,0.070349444057686,0.393679042127374,0.00195182196039726,8.8621191771599e-22,0.0444931801246371,20516.8135061144,17874.226424004,44382.9614023669,0.511935244977244
9.93,0.0233673323690734,0.232037610424899,10.598557136595,0.0703565293073645,0.393718691542434,0.00198053989106197,1.02536278370081e-21,0.0447484167192635,20537.3405814475,17891.8611229214,44430.819274237,0.512447436275188
9.931,0.0233673323690734,0.232060977757268,10.598557136595,0.070363614557043,0.393758340957493,0.00200963509679852,1.18605781874502e-21,0.0450047792986532,20557.888194123,17909.51322022,44478.7287509536,0.512960140020611
9.932,0.0233673323690734,0.232084345089637,10.598557136595,0.0703706998067215,0.393797990372553,0.00203911183240436,1.37158454938978e-21,0.0452622707049362,20578.4563646884,17927.182733065,44526.6898881615,0.513473356726216
9.933,0.0233673323690734,0.232107712422006,10.598557136595,0.0703777850564,0.393837639787613,0.00206897439059643,1.58572468633001e-21,0.0455208937753034,20599.0451137119,17944.8696786388,44574.702741566,0.51398708690522
9.934,0.0233673323690734,0.232131079754375,10.598557136595,0.0703848703060785,0.393877289202672,0.00209922710221491,1.83282726439458e-21,0.0457806513419273,20619.6544617822,17962.5740741402,44622.7673669324,0.514501331071355
9.935,0.0233673323690734,0.232154447086744,10.598557136595,0.0703919555557569,0.393916938617732,0.00212987433642663,2.11789243409509e-21,0.0460415462318871,20640.2844295087,17980.2959367856,44670.8838200862,0.515016089738864
9.936,0.0233673323690734,0.232177814419114,10.598557136595,0.0703990408054354,0.393956588032792,0.00216092050092749,2.44666743015274e-21,0.0463035812670888,20660.9350375213,17998.0352838079,44719.0521569127,0.515531363422505
9.937,0.0233673323690734,0.232201181751483,10.598557136595,0.0704061260551139,0.393996237447851,0.00219237004214474,2.82575645709522e-21,0.0465667592641917,20681.6063064707,18015.7921324571,44767.272433358,0.516047152637552
9.938,0.0233673323690734,0.232224549083852,10.598557136595,0.0704132113047924,0.394035886862911,0.00222422744543801,3.26274647633602e-21,0.0468310830345294,20702.2982570281,18033.5665000005,44815.5447054282,0.516563457899796
9.939,0.0233673323690734,0.232247916416221,10.598557136595,0.0704202965544709,0.394075536277971,0.00225649723529962,3.76635115718007e-21,0.0470965553840308,20723.0109098855,18051.3584037221,44863.8690291898,0.51708027972554
9.94,0.0233673323690734,0.23227128374859,10.598557136595,0.0704273818041494,0.39411518569303,0.0022891839755546,4.34657557047043e-21,0.0473631791131463,20743.7442857555,18069.1678609231,44912.2454607697,0.517597618631606
9.941,0.0233673323690734,0.232294651080959,10.598557136595,0.0704344670538279,0.39415483510809,0.0023222922695594,5.01490456323571e-21,0.0476309570167682,20764.4984053716,18086.9948889217,44960.6740563558,0.518115475135336
9.942,0.0233673323690734,0.232318018413328,10.598557136595,0.0704415523035063,0.39419448452315,0.00235582676039975,5.78451816162299e-21,0.0478998918841521,20785.2732894878,18104.8395050533,45009.1548721959,0.518633849754583
9.943,0.0233673323690734,0.232341385745697,10.598557136595,0.0704486375531848,0.394234133938209,0.00238979213108816,6.67053781418024e-21,0.048169986498842,20806.068958879,18122.7017266703,45057.6879645989,0.519152743007723
9.944,0.0233673323690734,0.232364753078066,10.598557136595,0.0704557228028633,0.394273783353269,0.00242419310476004,7.69030781562804e-21,0.0484412436385912,20826.8854343409,18140.5815711423,45106.2733899343,0.519672155413649
9.945,0.0233673323690734,0.232388120410435,10.598557136595,0.0704628080525418,0.394313432768329,0.00245903444486885,8.86371685119467e-21,0.0487136660752827,20847.72273669,18158.479055856,45154.9112046323,0.520192087491774
9.946,0.0233673323690734,0.232411487742804,10.598557136595,0.0704698933022203,0.394353082183388,0.00249432095538085,1.02135652829054e-20,0.0489872565748549,20868.5808867635,18176.3941982152,45203.6014651841,0.52071253976203
9.947,0.0233673323690734,0.232434855075173,10.598557136595,0.0704769785518988,0.394392731598448,0.00253005748096823,1.17659845726464e-20,0.049262017897221,20889.4599054197,18194.327015641,45252.3442281416,0.521233512744869
9.948,0.0233673323690734,0.232458222407542,10.598557136595,0.0704840638015773,0.394432381013508,0.00256624890720165,1.35509161148304e-20,0.0495379527961922,20910.3598135375,18212.2775255716,45301.1395501182,0.521755006961264
9.949,0.0233673323690734,0.232481589739912,10.598557136595,0.0704911490512558,0.394472030428567,0.00260290016074129,1.56026577476193e-20,0.0498150640193979,20931.2806320169,18230.2457454622,45349.9874877875,0.52227702293271
9.95,0.0233673323690734,0.232504957072281,10.598557136595,0.0704982343009342,0.394511679843627,0.00264001620952748,1.79604873418073e-20,0.0500933543082101,20952.2223817786,18248.2316927857,45398.8880978848,0.522799561181222
9.951,0.0233673323690734,0.23252832440465,10.598557136595,0.0705053195506127,0.394551329258687,0.00267760206296964,2.06693741479481e-20,0.050372826397664,20973.1850837645,18266.235385032,45447.8414372068,0.523322622229339
9.952,0.0233673323690734,0.232551691737019,10.598557136595,0.0705124048002912,0.394590978673746,0.00271566277213411,2.37807900353771e-20,0.0506534830163778,20994.1687589372,18284.2568397079,45496.8475626106,0.523846206600121
9.953,0.0233673323690734,0.232575059069388,10.598557136595,0.0705194900499697,0.394630628088806,0.00275420342993132,2.73536344037149e-20,0.0509353268864778,21015.1734282805,18302.2960743381,45545.9065310154,0.524370314817154
9.954,0.0233673323690734,0.232598426401757,10.598557136595,0.0705265752996482,0.394670277503866,0.00279322917130124,3.14552884134444e-20,0.0512183607235183,21036.1991127989,18320.3531064642,45595.0183994014,0.524894947404546
9.955,0.0233673323690734,0.232621793734126,10.598557136595,0.0705336605493267,0.394709926918925,0.00283274517339754,3.61628162962337e-20,0.0515025872364015,21057.2458335181,18338.4279536452,45644.1832248103,0.525420104886929
9.956,0.0233673323690734,0.232645161066495,10.598557136595,0.0705407457990051,0.394749576333985,0.00287275665577109,4.15643338998361e-20,0.0517880091273024,21078.313611485,18356.5206334574,45693.4010643454,0.52594578778946
9.957,0.0233673323690734,0.232668528398864,10.598557136595,0.0705478310486836,0.394789225749045,0.00291326888055159,4.77605673327216e-20,0.0520746290915882,21099.4024677672,18374.6311634944,45742.6719751714,0.526471996637823
9.958,0.0233673323690734,0.232691895731233,10.598557136595,0.0705549162983621,0.394828875164104,0.00295428715262781,5.48666276417197e-20,0.0523624498177385,21120.5124234537,18392.7595613674,45791.9960145148,0.526998731958226
9.959,0.0233673323690734,0.232715263063602,10.598557136595,0.0705620015480406,0.394868524579164,0.00299581681982711,6.30140309276752e-20,0.0526514739872699,21141.6434996543,18410.9058447046,45841.3732396638,0.527525994277405
9.96,0.0233673323690734,0.232738630395971,10.598557136595,0.0705690867977191,0.394908173994224,0.00303786327309295,7.23529972309209e-20,0.0529417042746551,21162.7957175002,18429.0700311519,45890.8037079683,0.528053784122623
9.961,0.0233673323690734,0.23276199772834,10.598557136595,0.0705761720473976,0.394947823409283,0.00308043194666091,8.30550659600599e-20,0.0532331433472434,21183.9690981436,18447.2521383725,45940.28747684,0.528582102021669
9.962,0.0233673323690734,0.232785365060709,10.598557136595,0.0705832572970761,0.394987472824343,0.00312352831823396,9.53160706591124e-20,0.0535257938651847,21205.1636627578,18465.452184047,45989.8246037526,0.52911094850286
9.963,0.0233673323690734,0.232808732393079,10.598557136595,0.0705903425467545,0.395027122239403,0.00316715790915547,1.09359521583344e-19,0.0538196584813484,21226.3794325374,18483.6701858734,46039.4151462417,0.529640324095044
9.964,0.0233673323690734,0.232832099725448,10.598557136595,0.070597427796433,0.395066771654462,0.0032113262845811,1.25440450968231e-19,0.0541147398412461,21247.6164286983,18501.9061615673,46089.0591619052,0.530170229327597
9.965,0.0233673323690734,0.232855467057817,10.598557136595,0.0706045130461115,0.395106421069522,0.0032560390536487,1.43849783120627e-19,0.0544110405829503,21268.8746724774,18520.1601288617,46138.7567084026,0.530700664730423
9.966,0.0233673323690734,0.232878834390186,10.598557136595,0.07061159829579,0.395146070484582,0.00330130186964741,1.64919299644347e-19,0.0547085633370187,21290.1541851329,18538.4321055071,46188.5078434561,0.531231630833958
9.967,0.0233673323690734,0.232902201722555,10.598557136595,0.0706186835454685,0.395185719899641,0.00334712043018436,1.89027279349792e-19,0.055007310726414,21311.4549879444,18556.7221092714,46238.3126248498,0.531763128169169
9.968,0.0233673323690734,0.232925569054924,10.598557136595,0.070625768795147,0.395225369314701,0.00339350047734973,2.16604902825426e-19,0.0553072853664231,21332.7771022126,18575.0301579404,46288.1711104301,0.532295157267551
9.969,0.0233673323690734,0.232948936387293,10.598557136595,0.0706328540448255,0.39526501872976,0.00344044779788082,2.48143523416006e-19,0.0556084898645816,21354.1205492597,18593.3562693169,46338.0833581061,0.532827718661135
9.97,0.0233673323690734,0.232972303719662,10.598557136595,0.070639939294504,0.39530466814482,0.00348796822332368,2.84202919625448e-19,0.0559109268205929,21375.4853504292,18611.7004612217,46388.0494258491,0.533360812882483
9.971,0.0233673323690734,0.232995671052031,10.598557136595,0.0706470245441824,0.39534431755988,0.00353606763019292,3.25420658933487e-19,0.056214598826248,21396.8715270857,18630.0627514931,46438.0693716928,0.533894440464687
9.972,0.0233673323690734,0.2330190383844,10.598557136595,0.0706541097938609,0.395383966974939,0.00358475194013052,3.72522719895032e-19,0.0565195084653498,21418.2791006156,18648.4431579868,46488.1432537337,0.534428601941377
9.973,0.0233673323690734,0.233042405716769,10.598557136595,0.0706611950435394,0.395423616389999,0.00363402712006195,4.26335538414518e-19,0.0568256583136321,21439.7080924264,18666.8416985764,46538.271130131,0.534963297846713
9.974,0.0233673323690734,0.233065773049138,10.598557136595,0.0706682802932179,0.395463265805059,0.00368389918235049,4.87799665528176e-19,0.0571330509386792,21461.1585239471,18685.2583911528,46588.4530591063,0.535498528715391
9.975,0.0233673323690734,0.233089140381507,10.598557136595,0.0706753655428964,0.395502915220118,0.00373437418495041,5.57985248180033e-19,0.0574416888998505,21482.630416628,18703.6932536248,46638.6890989441,0.536034295082643
9.976,0.0233673323690734,0.233112507713876,10.598557136595,0.0706824507925749,0.395542564635178,0.00378545823155729,6.38109571675268e-19,0.057751574748199,21504.1237919412,18722.1463039189,46688.9793079921,0.536570597484234
9.977,0.0233673323690734,0.233135875046246,10.598557136595,0.0706895360422534,0.395582214050238,0.00383715747175688,7.29556933124187e-19,0.0580627110263935,21525.6386713799,18740.6175599791,46739.3237446604,0.537107436456469
9.978,0.0233673323690734,0.233159242378615,10.598557136595,0.0706966212919318,0.395621863465297,0.00388947810117145,8.3390114966017e-19,0.0583751002686373,21547.1750764592,18759.1070397673,46789.7224674223,0.537644812536183
9.979,0.0233673323690734,0.233182609710984,10.598557136595,0.0707037065416103,0.395661512880357,0.00394242636160497,9.52931044011395e-19,0.0586887450005931,21568.7330287152,18777.6147612629,46840.1755348143,0.538182726260755
9.98,0.0233673323690734,0.233205977043353,10.598557136595,0.0707107917912888,0.395701162295417,0.00399600854118534,1.08867929364228e-18,0.0590036477393018,21590.3125497062,18796.1407424632,46890.6830054357,0.538721178168099
9.981,0.0233673323690734,0.233229344375722,10.598557136595,0.0707178770409673,0.395740811710476,0.00405023097450454,1.2434550787663e-18,0.0593198109931023,21611.9136610114,18814.6850013832,46941.2449379493,0.539260168796666
9.982,0.0233673323690734,0.233252711708091,10.598557136595,0.0707249622906458,0.395780461125536,0.00410510004275743,1.41988101972064e-18,0.0596372372615557,21633.5363842321,18833.2475560557,46991.8613910809,0.539799698685446
9.983,0.0233673323690734,0.23327607904046,10.598557136595,0.0707320475403243,0.395820110540596,0.00416062217387753,1.62093495621877e-18,0.059955929035365,21655.1807409911,18851.8284245313,47042.53242362,0.54033976837397
9.984,0.0233673323690734,0.233299446372829,10.598557136595,0.0707391327900028,0.395859759955655,0.00421680384267049,1.84999719071153e-18,0.0602758887962944,21676.8467529325,18870.4276248783,47093.258094419,0.540880378402307
9.985,0.0233673323690734,0.233322813705198,10.598557136595,0.0707462180396812,0.395899409370715,0.00427365157094623,2.11090389640335e-18,0.0605971190170941,21698.5344417225,18889.045175183,47144.0384623939,0.541421529311068
9.986,0.0233673323690734,0.233346181037567,10.598557136595,0.0707533032893597,0.395939058785775,0.0043311719276479,2.40800747841656e-18,0.0609196221614193,21720.2438290488,18907.6810935494,47194.8735865247,0.541963221641403
9.987,0.0233673323690734,0.233369548369936,10.598557136595,0.0707603885390382,0.395978708200834,0.00438937152897842,2.74624477536092e-18,0.0612434006837504,21741.9749366207,18926.3353980994,47245.7635258542,0.542505455935005
9.988,0.0233673323690734,0.233392915702305,10.598557136595,0.0707674737887167,0.396018357615894,0.00444825703852555,3.13121409942804e-18,0.0615684570293172,21763.7277861694,18945.0081069729,47296.7083394896,0.543048232734108
9.989,0.0233673323690734,0.233416283034674,10.598557136595,0.0707745590383952,0.396058007030954,0.00450783516738374,3.56926223751481e-18,0.0618947936340189,21785.5023994477,18963.6992383276,47347.7080866015,0.54359155258149
9.99,0.0233673323690734,0.233439650367044,10.598557136595,0.0707816442880737,0.396097656446013,0.00456811267427337,4.06758267545678e-18,0.0622224129243433,21807.2987982301,18982.4088103389,47398.7628264241,0.544135416020469
9.991,0.0233673323690734,0.233463017699413,10.598557136595,0.0707887295377522,0.396137305861073,0.00462909636565849,4.63432646399189e-18,0.0625513173172921,21829.1170043132,19001.1368412005,47449.8726182559,0.544679823594909
9.992,0.0233673323690734,0.233486385031782,10.598557136595,0.0707958147874306,0.396176955276133,0.00469079309586117,5.278727320561e-18,0.0628815092203002,21850.9570395151,19019.8833491239,47501.0375214591,0.545224775849219
9.993,0.0233673323690734,0.233509752364151,10.598557136595,0.0708029000371091,0.396216604691192,0.00475320976717309,6.01124275781797e-18,0.0632129910311561,21872.8189256759,19038.6483523385,47552.2575954599,0.545770273328349
9.994,0.0233673323690734,0.23353311969652,10.598557136595,0.0708099852867876,0.396256254106252,0.00481635332996569,6.84371325020032e-18,0.0635457651379262,21894.7026846574,19057.4318690918,47603.5328997486,0.546316316577798
9.995,0.0233673323690734,0.233556487028889,10.598557136595,0.0708170705364661,0.396295903521312,0.00488023078279648,7.78954169689327e-18,0.0638798339188747,21916.6083383434,19076.2339176491,47654.8634938797,0.54686290614361
9.996,0.0233673323690734,0.233579854361258,10.598557136595,0.0708241557861446,0.396335552936371,0.00494484917251334,8.86389571620991e-18,0.0642151997423859,21938.5359086396,19095.0545162941,47706.2494374722,0.547410042572373
9.997,0.0233673323690734,0.233603221693627,10.598557136595,0.0708312410358231,0.396375202351431,0.00501021559435546,1.00839356161537e-17,0.0645518649668843,21960.4854174736,19113.893683328,47757.6907902085,0.547957726411225
9.998,0.0233673323690734,0.233626589025996,10.598557136595,0.0708383262855015,0.396414851766491,0.00507633719205264,1.14690712327386e-17,0.064889831940759,21982.4568867947,19132.7514370706,47809.1876118364,0.548505958207848
9.999,0.0233673323690734,0.233649956358365,10.598557136595,0.0708454115351801,0.39645450118155,0.00514322115792077,1.30412512156475e-17,0.0652291030022849,22004.4503385747,19151.6277958595,47860.7399621676,0.549054738510476
10,0.0233673323690734,0.233673323690734,10.598557136595,0.0708524967848585,0.39649415059661,0.00521087473295447,1.48252887750079e-17,0.0655696804795418,22026.4657948067,19170.5227780504,47912.347901078,0.549604067867888
10.001,0.0233673323690734,0.233696691023103,10.598557136595,0.070859582034537,0.39653380001167,0.00527930520691793,1.68492283886961e-17,0.0659115666903409,22048.5032775064,19189.4364020171,47964.0114885089,0.550153946829413
10.002,0.0233673323690734,0.233720058355472,10.598557136595,0.0708666672842155,0.396573449426729,0.0053485199184318,1.91447585124772e-17,0.0662547639421443,22070.5628087112,19208.3686861516,48015.7307844654,0.550704375944931
10.003,0.0233673323690734,0.233743425687841,10.598557136595,0.070873752533894,0.396613098841789,0.00541852625505707,2.1747675942337e-17,0.0665992745319859,22092.6444104807,19227.319648864,48067.5058490179,0.551255355764871
10.004,0.0233673323690734,0.233766793020211,10.598557136595,0.0708808377835725,0.396652748256849,0.00548933165337712,2.46984081567393e-17,0.0669451007463972,22114.7481048964,19246.2893085825,48119.3367423011,0.551806886840212
10.005,0.0233673323690734,0.23379016035258,10.598557136595,0.070887923033251,0.396692397671908,0.00556094359907566,2.80426007242702e-17,0.0672922448613277,22136.8739140621,19265.2776837537,48171.2235245151,0.552358969722487
10.006,0.0233673323690734,0.233813527684949,10.598557136595,0.0708950082829294,0.396732047086968,0.00563336962701154,3.1831777708744e-17,0.0676407091420655,22159.0218601035,19284.2847928421,48223.1662559243,0.552911604963777
10.007,0.0233673323690734,0.233836895017318,10.598557136595,0.0709020935326079,0.396771696502028,0.00570661732129165,3.61240839490849e-17,0.0679904958431636,22181.1919651686,19303.3106543306,48275.1649968584,0.553464793116718
10.008,0.0233673323690734,0.233860262349687,10.598557136595,0.0709091787822864,0.396811345917087,0.00578069431533945,4.09851191462901e-17,0.0683416072083599,22203.3842514275,19322.3552867204,48327.2198077122,0.554018534734498
10.009,0.0233673323690734,0.233883629682056,10.598557136595,0.0709162640319649,0.396850995332147,0.00585560829196106,4.64888748675857e-17,0.0686940454705013,22225.5987410726,19341.4187085308,48379.3307489456,0.55457283037086
10.01,0.0233673323690734,0.233906997014425,10.598557136595,0.0709233492816434,0.396890644747207,0.00593136698340729,5.27187868914965e-17,0.0690478128514638,22247.8354563182,19360.5009382994,48431.4978810834,0.555127680580098
10.011,0.0233673323690734,0.233930364346794,10.598557136595,0.0709304345313219,0.396930294162266,0.0060079781714339,5.97689167832649e-17,0.0694029115620796,22270.0944194012,19379.6019945822,48483.7212647162,0.555683085917063
10.012,0.0233673323690734,0.233953731679163,10.598557136595,0.0709375197810004,0.396969943577326,0.00608544968735732,6.77452782238321e-17,0.0697593438020577,22292.3756525804,19398.7218959534,48536.0009604995,0.55623904693716
10.013,0.0233673323690734,0.233977099011532,10.598557136595,0.0709446050306788,0.397009592992386,0.00616378941210694,7.67673254374618e-17,0.0701171117599054,22314.6791781371,19417.8606610054,48588.3370291544,0.55679556419635
10.014,0.0233673323690734,0.234000466343901,10.598557136595,0.0709516902803573,0.397049242407445,0.00624300527627544,8.69696230934296e-17,0.0704762176128554,22337.0050183749,19437.0183083493,48640.7295314672,0.557352638251151
10.015,0.0233673323690734,0.23402383367627,10.598557136595,0.0709587755300358,0.397088891822505,0.0063231052601644,9.85037193187663e-17,0.070836663526787,22359.3531956196,19456.1948566143,48693.1785282904,0.557910269658637
10.016,0.0233673323690734,0.234047201008639,10.598557136595,0.0709658607797143,0.397128541237565,0.00640409739382645,1.11540245978886e-16,0.0711984516561478,22381.7237322193,19475.390324448,48745.6840805412,0.558468458976439
10.017,0.0233673323690734,0.234070568341009,10.598557136595,0.0709729460293928,0.397168190652624,0.00648598975710531,1.26271273188772e-16,0.0715615841438813,22404.1166505446,19494.6047305164,48798.2462492032,0.559027206762746
10.018,0.0233673323690734,0.234093935673378,10.598557136595,0.0709800312790713,0.397207840067684,0.00656879047967096,1.42912948140086e-16,0.0719260631213482,22426.5319729884,19513.838093504,48850.8650953256,0.559586513576307
10.019,0.0233673323690734,0.234117303005747,10.598557136595,0.0709871165287498,0.397247489482744,0.00665250774105129,1.61708451806241e-16,0.0722918907082488,22448.9697219661,19533.0904321136,48903.5406800231,0.560146379976427
10.02,0.0233673323690734,0.234140670338116,10.598557136595,0.0709942017784282,0.397287138897803,0.00673714977066155,1.8293131095524e-16,0.0726590690125507,22471.4299199153,19552.3617650667,48956.2730644769,0.560706806522975
10.021,0.0233673323690734,0.234164037670485,10.598557136595,0.0710012870281067,0.397326788312863,0.00682272484782874,2.06889107201351e-16,0.0730276001304106,22493.9125892964,19571.652111103,49009.0623099336,0.561267793776376
10.022,0.0233673323690734,0.234187405002854,10.598557136595,0.0710083722777852,0.397366437727923,0.00690924130181242,2.33927629611311e-16,0.073397486146097,22516.4177525919,19590.9614889808,49061.908477706,0.561829342297617
10.023,0.0233673323690734,0.234210772335223,10.598557136595,0.0710154575274637,0.397406087142982,0.00699670751182317,2.64435522699487e-16,0.0737687291319183,22538.945432307,19610.2899174769,49114.8116291732,0.562391452648247
10.024,0.0233673323690734,0.234234139667592,10.598557136595,0.0710225427771422,0.397445736558042,0.00708513190703598,2.98849487555989e-16,0.0741413311481453,22561.4956509695,19629.6374153867,49167.7718257805,0.562954125390378
10.025,0.0233673323690734,0.234257506999961,10.598557136595,0.0710296280268207,0.397485385973102,0.00717452296659983,3.37660100420445e-16,0.0745152942429341,22584.0684311295,19649.0040015239,49220.7891290389,0.56351736108668
10.026,0.0233673323690734,0.23428087433233,10.598557136595,0.0710367132764992,0.397525035388161,0.00726488921964486,3.81418320309588e-16,0.0748906204522544,22606.6637953597,19668.3896947211,49273.8636005266,0.564081160300389
10.027,0.0233673323690734,0.234304241664699,10.598557136595,0.0710437985261776,0.397564684803221,0.00735623924528418,4.30742765406382e-16,0.0752673117998124,22629.2817662557,19687.7945138292,49326.9953018874,0.564645523595307
10.028,0.0233673323690734,0.234327608997068,10.598557136595,0.0710508837758561,0.397604334218281,0.00744858167261282,4.8632784691413e-16,0.0756453702969765,22651.9223664354,19707.2184777179,49380.1842948323,0.565210451535796
10.029,0.0233673323690734,0.234350976329437,10.598557136595,0.0710579690255346,0.39764398363334,0.00754192518070155,5.48952859059156e-16,0.0760247979427006,22674.5856185392,19726.6616052753,49433.4306411381,0.565775944686782
10.03,0.0233673323690734,0.234374343661806,10.598557136595,0.0710650542752131,0.3976836330484,0.00763627849858876,6.19492135003874e-16,0.0764055967234529,22697.2715452306,19746.1239154085,49486.7344026488,0.566342003613761
10.031,0.0233673323690734,0.234397710994176,10.598557136595,0.0710721395248916,0.39772328246346,0.00773165040526649,6.98926390714158e-16,0.0767877686131399,22719.9801691955,19765.6054270427,49540.0956412748,0.566908628882791
10.032,0.0233673323690734,0.234421078326545,10.598557136595,0.0710792247745701,0.397762931878519,0.00782804972966278,7.88355392451902e-16,0.0771713155730299,22742.7115131424,19785.1061591224,49593.5144189931,0.567475821060496
10.033,0.0233673323690734,0.234444445658914,10.598557136595,0.0710863100242486,0.397802581293579,0.0079254853506212,8.89012098669331e-16,0.0775562395516827,22765.4655998026,19804.6261306102,49646.990797848,0.56804358071407
10.034,0.0233673323690734,0.234467812991283,10.598557136595,0.0710933952739271,0.397842230708639,0.008023966196875,1.00227844381814e-15,0.0779425424848745,22788.2424519305,19824.1653604879,49700.5248399505,0.568611908411273
10.035,0.0233673323690734,0.234491180323652,10.598557136595,0.0711004805236055,0.397881880123698,0.00812350124701696,1.12970295014011e-15,0.0783302262955207,22811.0420923026,19843.7238677557,49754.1166074783,0.56918080472043
10.036,0.0233673323690734,0.234514547656021,10.598557136595,0.071107565773284,0.397921529538758,0.00822409952946673,1.27302037405493e-15,0.0787192928936079,22833.8645437187,19863.3016714326,49807.7661626765,0.56975027021044
10.037,0.0233673323690734,0.23453791498839,10.598557136595,0.0711146510229625,0.397961178953817,0.00832577012243215,1.43417361651032e-15,0.0791097441761164,22856.7098290013,19882.8987905566,49861.4735678571,0.570320305450767
10.038,0.0233673323690734,0.234561282320759,10.598557136595,0.071121736272641,0.398000828368877,0.00842852215386759,1.61533815185973e-15,0.0795015820269495,22879.5779709956,19902.5152441842,49915.2388853996,0.570890911011449
10.039,0.0233673323690734,0.234584649653128,10.598557136595,0.0711288215223195,0.398040477783937,0.00853236480142669,1.81894925771023e-15,0.0798948083168566,22902.4689925698,19922.1510513908,49969.0621777502,0.571462087463087
10.04,0.0233673323690734,0.234608016985497,10.598557136595,0.071135906771998,0.398080127198996,0.00863730729241275,2.04773235904486e-15,0.0802894249033656,22925.3829166149,19941.8062312707,50022.943507423,0.572033835376861
10.041,0.0233673323690734,0.234631384317866,10.598557136595,0.0711429920216765,0.398119776614056,0.0087433589037232,2.30473683404399e-15,0.0806854336307072,22948.3197660449,19961.4808029369,50076.8829369993,0.572606155324519
10.042,0.0233673323690734,0.234654751650235,10.598557136595,0.0711500772713549,0.398159426029116,0.0088505289617896,2.59337366678099e-15,0.0810828363297406,22971.2795637965,19981.1747855213,50130.8805291277,0.573179047878379
10.043,0.0233673323690734,0.234678118982604,10.598557136595,0.0711571625210334,0.398199075444175,0.00895882684251493,2.91745737370328e-15,0.0814816348178858,22994.2623328295,20000.8881981747,50184.9363465247,0.573752513611335
10.044,0.0233673323690734,0.234701486314974,10.598557136595,0.0711642477707119,0.398238724859235,0.0090682619712048,3.28125267691781e-15,0.0818818308990489,23017.2680961269,20020.6210600669,50239.0504519742,0.574326553096853
10.045,0.0233673323690734,0.234724853647343,10.598557136595,0.0711713330203904,0.398278374274295,0.00917884382249418,3.68952644827849e-15,0.0822834263635484,23040.2968766942,20040.3733903864,50293.2229083277,0.574901166908972
10.046,0.0233673323690734,0.234748220979712,10.598557136595,0.0711784182700689,0.398318023689354,0.00929058192027135,4.14760550457756e-15,0.0826864229880473,23063.3486975604,20060.1452083408,50347.4537785048,0.575476355622304
10.047,0.0233673323690734,0.234771588312081,10.598557136595,0.0711855035197474,0.398357673104414,0.0094034858375955,4.66144089630021e-15,0.0830908225354802,23086.4235817771,20079.9365331566,50401.7431254927,0.576052119812042
10.048,0.0233673323690734,0.23479495564445,10.598557136595,0.0711925887694258,0.398397322519474,0.0095175651966099,5.23767940106585e-15,0.0834966267549794,23109.5215524194,20099.7473840791,50456.0910123466,0.576628460053946
10.049,0.0233673323690734,0.234818322976819,10.598557136595,0.0711996740191043,0.398436971934533,0.00963282966845219,5.88374300865296e-15,0.0839038373818081,23132.6426325851,20119.5777803729,50510.4975021895,0.577205376924359
10.05,0.0233673323690734,0.234841690309188,10.598557136595,0.0712067592687828,0.398476621349593,0.00974928897315818,6.60791726808901e-15,0.0843124561372875,23155.7868453955,20139.4277413214,50564.9626582129,0.577782871000197
10.051,0.0233673323690734,0.234865057641557,10.598557136595,0.0712138445184613,0.398516270764653,0.00986695287956111,7.4194494595397e-15,0.0847224847287242,23178.9542139945,20159.2972862271,50619.4865436761,0.578360942858954
10.052,0.0233673323690734,0.234888424973926,10.598557136595,0.0712209297681398,0.398555920179712,0.00998583120518787,8.32865765545871e-15,0.0851339248493437,23202.1447615497,20179.1864344114,50674.0692219065,0.578939593078701
10.053,0.0233673323690734,0.234911792306295,10.598557136595,0.0712280150178183,0.398595569594772,0.0101059338161489,9.34705184756991e-15,0.0855467781782187,23225.3585112517,20199.0952052151,50728.7107563004,0.579518822238091
10.054,0.0233673323690734,0.234935159638664,10.598557136595,0.0712351002674968,0.398635219009832,0.0102272706270231,1.04874684398993e-14,0.0859610463801959,23248.5954863141,20219.0236179976,50783.4112103215,0.580098630916351
10.055,0.0233673323690734,0.234958526971033,10.598557136595,0.0712421855171752,0.398674868424891,0.01034985160074,1.17642195442961e-14,0.0863767311058319,23271.8557099738,20238.9716921379,50838.1706475029,0.58067901969329
10.056,0.0233673323690734,0.234981894303402,10.598557136595,0.0712492707668537,0.398714517839951,0.0104736867484549,1.31932586648896e-14,0.0867938339913206,23295.1392054913,20258.9394470338,50892.9891314457,0.581259989149298
10.057,0.0233673323690734,0.235005261635771,10.598557136595,0.0712563560165322,0.398754167255011,0.0105987861294198,1.47923645232262e-14,0.0872123566584218,23318.4459961499,20278.9269021023,50947.8667258193,0.581841539865342
10.058,0.0233673323690734,0.235028628968141,10.598557136595,0.0712634412662107,0.39879381667007,0.0107251598508506,1.65813449578026e-14,0.0876323007143971,23341.7761052564,20298.9340767795,51002.8034943625,0.582423672422975
10.059,0.0233673323690734,0.23505199630051,10.598557136595,0.0712705265158892,0.39883346608513,0.0108528180677878,1.85822630319107e-14,0.0880536677519379,23365.129556141,20318.9609905208,51057.7995008823,0.583006387404329
10.06,0.0233673323690734,0.235075363632879,10.598557136595,0.0712776117655677,0.39887311550019,0.0109817709829536,2.08196877041829e-14,0.0884764593490979,23388.5063721571,20339.0076628009,51112.8548092548,0.583589685392119
10.061,0.0233673323690734,0.235098730965248,10.598557136595,0.0712846970152462,0.398912764915249,0.0111120288466019,2.33209716585909e-14,0.0889006770692224,23411.9065766815,20359.0741131134,51167.9694834245,0.584173566969643
10.062,0.0233673323690734,0.235122098297617,10.598557136595,0.0712917822649246,0.398952414330309,0.0112436019563667,2.61165591573942e-14,0.0893263224608847,23435.3301931144,20379.1603609712,51223.1435874054,0.584758032720783
10.063,0.0233673323690734,0.235145465629986,10.598557136595,0.0712988675146031,0.398992063745369,0.0113765006571025,2.92403270735619e-14,0.0897533970578156,23458.7772448795,20399.2664259068,51278.3771852804,0.585343083230004
10.064,0.0233673323690734,0.235168832962355,10.598557136595,0.0713059527642816,0.399031713160428,0.0115107353407205,3.27299625815388e-14,0.090181902378834,23482.2477554237,20419.3923274716,51333.6703412011,0.585928719082357
10.065,0.0233673323690734,0.235192200294724,10.598557136595,0.0713130380139601,0.399071362575488,0.0116463164460206,3.66273813393629e-14,0.0906118399277838,23505.7417482177,20439.5380852363,51389.0231193887,0.586514940863478
10.066,0.0233673323690734,0.235215567627093,10.598557136595,0.0713201232636386,0.399111011990548,0.0117832544585177,4.09791903840022e-14,0.0910432111934651,23529.2592467554,20459.7037187912,51444.4355841337,0.58710174915959
10.067,0.0233673323690734,0.235238934959462,10.598557136595,0.0713272085133171,0.399150661405607,0.0119215599102616,4.58372003891546e-14,0.0914760176495645,23552.8002745543,20479.8892477456,51499.9077997954,0.587689144557498
10.068,0.0233673323690734,0.235262302291831,10.598557136595,0.0713342937629956,0.399190310820667,0.0120612433796543,5.12589924038873e-14,0.0919102607545939,23576.3648551555,20500.0946917283,51555.4398308031,0.5882771276446
10.069,0.0233673323690734,0.2352856696242,10.598557136595,0.071341379012674,0.399229960235727,0.0122023154912603,5.73085447051909e-14,0.0923459419518203,23599.9530121234,20520.3200703875,51611.0317416552,0.588865699008879
10.07,0.0233673323690734,0.235309036956569,10.598557136595,0.0713484642623525,0.399269609650786,0.0123447869156121,6.40569259628083e-14,0.0927830626692023,23623.5647690464,20540.5654033907,51666.6835969199,0.589454859238907
10.071,0.0233673323690734,0.235332404288938,10.598557136595,0.071355549512031,0.399309259065846,0.0124886683690098,7.15830615343431e-14,0.0932216243193207,23647.200149536,20560.8307104249,51722.3954612347,0.590044608923842
10.072,0.0233673323690734,0.235355771621308,10.598557136595,0.0713626347617095,0.399348908480906,0.0126339706133177,7.99745803888091e-14,0.0936616282993179,23670.8591772278,20581.1160111964,51778.1673993071,0.590634948653436
10.073,0.0233673323690734,0.235379138953677,10.598557136595,0.071369720011388,0.399388557895965,0.012780704455753,8.93287509017533e-14,0.0941030759908305,23694.5418757808,20601.421325431,51833.9994759144,0.591225879018028
10.074,0.0233673323690734,0.235402506286046,10.598557136595,0.0713768052610665,0.399428207311025,0.0129288807486697,9.97535145824712e-14,0.094545968759922,23718.2482688776,20621.7466728741,51889.8917559032,0.591817400608547
10.075,0.0233673323690734,0.235425873618415,10.598557136595,0.071383890510745,0.399467856726085,0.0130785103893393,1.11368627689315e-13,0.094990307957023,23741.9783802246,20642.0920732902,51945.8443041908,0.592409514016517
10.076,0.0233673323690734,0.235449240950784,10.598557136595,0.0713909757604235,0.399507506141144,0.0132296043197237,1.24306921669469e-13,0.0954360949168644,23765.732233552,20662.4575464639,52001.8571857641,0.593002219834051
10.077,0.0233673323690734,0.235472608283153,10.598557136595,0.0713980610101019,0.399547155556204,0.0133821735262427,1.38715694434332e-13,0.0958833309584113,23789.5098526136,20682.8431121986,52057.9304656799,0.593595518653853
10.078,0.0233673323690734,0.235495975615522,10.598557136595,0.0714051462597804,0.399586804971264,0.0135362290395388,1.54758245658e-13,0.0963320173848038,23813.3112611871,20703.2487903178,52114.0642090655,0.594189411069223
10.079,0.0233673323690734,0.235519342947891,10.598557136595,0.0714122315094589,0.399626454386323,0.0136917819342338,1.72615570573268e-13,0.0967821554832912,23837.1364830738,20723.6746006644,52170.2584811183,0.594783897674055
10.08,0.0233673323690734,0.23554271028026,10.598557136595,0.0714193167591374,0.399666103801383,0.0138488433286802,1.92488228149094e-13,0.0972337465251667,23860.9855420989,20744.1205631008,52226.513347106,0.595378979062833
10.081,0.0233673323690734,0.235566077612629,10.598557136595,0.0714264020088159,0.399705753216443,0.0140074243847092,2.14598401075098e-13,0.0976867917657094,23884.8584621116,20764.5866975089,52282.8288723665,0.595974655830639
10.082,0.0233673323690734,0.235589444944998,10.598557136595,0.0714334872584944,0.399745402631502,0.0141675363073717,2.39192166663557e-13,0.098141292444119,23908.7552669848,20785.0730237905,52339.2051223085,0.596570928573153
10.083,0.0233673323690734,0.235612812277367,10.598557136595,0.0714405725081729,0.399785052046562,0.0143291903446722,2.66541999623501e-13,0.0985972497834514,23932.6759806152,20805.5795618669,52395.642162411,0.597167797886643
10.084,0.0233673323690734,0.235636179609736,10.598557136595,0.0714476577578513,0.399824701461622,0.0144923977873013,2.96949529676538e-13,0.0990546649905618,23956.6206269236,20826.106331679,52452.1400582235,0.597765264367981
10.085,0.0233673323690734,0.235659546942106,10.598557136595,0.0714547430075298,0.399864350876681,0.0146571699683594,3.30748579184714e-13,0.0995135392560405,23980.5892298546,20846.6533531874,52508.6988753667,0.598363328614635
10.086,0.0233673323690734,0.235682914274475,10.598557136595,0.0714618282572083,0.399904000291741,0.0148235182630744,3.68308508367051e-13,0.0999738737541493,24004.5818133768,20867.2206463724,52565.3186795312,0.598961991224665
10.087,0.0233673323690734,0.235706281606844,10.598557136595,0.0714689135068868,0.3999436497068,0.0149914540885173,4.10037898309033e-13,0.100435669642765,24028.5984014829,20887.8082312341,52621.9995364794,0.599561252796737
10.088,0.0233673323690734,0.235729648939213,10.598557136595,0.0714759987565653,0.39998329912186,0.0151609889033091,4.5638860483597e-13,0.100898928063318,24052.6390181893,20908.4161277921,52678.7415120439,0.600161113930113
10.089,0.0233673323690734,0.235753016271582,10.598557136595,0.0714830840062438,0.40002294853692,0.0153321342073221,5.07860219453684e-13,0.101363650140725,24076.7036875368,20929.0443560861,52735.5446721284,0.600761575224652
10.09,0.0233673323690734,0.235776383603951,10.598557136595,0.0714901692559222,0.400062597951979,0.015504901541378,5.65004976977378e-13,0.101829836983341,24100.79243359,20949.6929361752,52792.4090827081,0.601362637280816
10.091,0.0233673323690734,0.23579975093632,10.598557136595,0.0714972545056007,0.400102247367039,0.0156793024869381,6.28433153194546e-13,0.102297489682891,24124.9052804375,20970.3618881386,52849.3348098287,0.601964300699667
10.092,0.0233673323690734,0.235823118268689,10.598557136595,0.0715043397552792,0.400141896782099,0.015855348665789,6.98818999976129e-13,0.102766609314412,24149.0422521925,20991.0512320751,52906.3219196078,0.60256656608287
10.093,0.0233673323690734,0.235846485601058,10.598557136595,0.0715114250049577,0.400181546197158,0.0160330517397207,7.76907269680339e-13,0.103237196936194,24173.2033729916,21011.7609881034,52963.3704782336,0.603169434032689
10.094,0.0233673323690734,0.235869852933427,10.598557136595,0.0715185102546362,0.400221195612218,0.0162124234102029,8.63520385528306e-13,0.103709253589726,24197.3886669962,21032.4911763621,53020.4805519662,0.603772905151991
10.095,0.0233673323690734,0.235893220265796,10.598557136595,0.0715255955043147,0.400260845027278,0.0163934754180519,9.5956631989195e-13,0.104182780299631,24221.5981583914,21053.2418170097,53077.652207137,0.60437698004425
10.096,0.0233673323690734,0.235916587598165,10.598557136595,0.0715326807539932,0.400300494442337,0.0165762195430919,1.0660472481736e-12,0.10465777807361,24245.8318713868,21074.0129302243,53134.8855101487,0.604981659313539
10.097,0.0233673323690734,0.235939954930534,10.598557136595,0.0715397660036717,0.400340143857397,0.0167606676038142,1.18406905220493e-12,0.105134247902389,24270.0898302161,21094.8045362043,53192.1805274759,0.605586943564537
10.098,0.0233673323690734,0.235963322262903,10.598557136595,0.0715468512533501,0.400379793272457,0.016946831457027,1.31485175389057e-12,0.105612190759655,24294.3720591373,21115.6166551678,53249.5373256649,0.606192833402531
10.099,0.0233673323690734,0.235986689595273,10.598557136595,0.0715539365030286,0.400419442687516,0.0171347229974995,1.45974096722895e-12,0.106091607602001,24318.6785824325,21136.4493073528,53306.9559713333,0.606799329433407
10.1,0.0233673323690734,0.236010056927642,10.598557136595,0.0715610217527071,0.400459092102576,0.0173243541576035,1.62022046490239e-12,0.106572499368873,24343.0094244084,21157.3025130175,53364.4365311711,0.607406432263664
10.101,0.0233673323690734,0.236033424260011,10.598557136595,0.0715681070023856,0.400498741517636,0.0175157369069455,1.79792596438583e-12,0.10705486698251,24367.3646093957,21178.1762924399,53421.9790719398,0.608014142500403
10.102,0.0233673323690734,0.23605679159238,10.598557136595,0.0715751922520641,0.400538390932695,0.0177088832519958,1.99466024806492e-12,0.10753871134789,24391.7441617496,21199.070665918,53479.5836604733,0.608622460751336
10.103,0.0233673323690734,0.236080158924749,10.598557136595,0.0715822775017426,0.400578040347755,0.0179038052357088,2.21240974221165e-12,0.108024033352671,24416.1481058498,21219.98565377,53537.250363677,0.60923138762478
10.104,0.0233673323690734,0.236103526257118,10.598557136595,0.0715893627514211,0.400617689762815,0.0181005149371412,2.4533626909408e-12,0.108510833867141,24440.5764661,21240.9212763338,53594.979248529,0.609840923729662
10.105,0.0233673323690734,0.236126893589487,10.598557136595,0.0715964480010995,0.400657339177874,0.0182990244710621,2.71992907350082e-12,0.108999113744159,24465.0292669288,21261.8775539679,53652.7703820794,0.61045106967552
10.106,0.0233673323690734,0.236150260921856,10.598557136595,0.071603533250778,0.400696988592934,0.0184993459875559,3.01476242656166e-12,0.109488873819101,24489.5065327889,21282.8545070504,53710.6238314503,0.611061826072497
10.107,0.0233673323690734,0.236173628254225,10.598557136595,0.0716106185004565,0.400736638007994,0.0187014916716235,3.34078374760806e-12,0.109980114909811,24514.0082881576,21303.8521559796,53768.5396638367,0.611673193531352
10.108,0.0233673323690734,0.236196995586594,10.598557136595,0.071617703750135,0.400776287423053,0.0189054737427743,3.70120767121663e-12,0.110472837816539,24538.5345575366,21324.8705211743,53826.517946506,0.612285172663452
10.109,0.0233673323690734,0.236220362918963,10.598557136595,0.0716247889998135,0.400815936838113,0.0191113044546121,4.09957112702873e-12,0.110967043321893,24563.0853654522,21345.9096230728,53884.5587467975,0.612897764080774
10.11,0.0233673323690734,0.236243730251332,10.598557136595,0.071631874249492,0.400855586253173,0.0193189960944187,4.53976470670507e-12,0.111462732190785,24587.6607364552,21366.9694821341,53942.6621321238,0.613510968395912
10.111,0.0233673323690734,0.236267097583701,10.598557136595,0.0716389594991705,0.400895235668232,0.0195285609827281,5.02606698717004e-12,0.11195990517038,24612.260695121,21388.0501188373,54000.82816997,0.61412478622207
10.112,0.0233673323690734,0.23629046491607,10.598557136595,0.0716460447488489,0.400934885083292,0.019740011472895,5.56318207919788e-12,0.112458562990038,24636.8852660495,21409.1515536814,54059.0569278939,0.614739218173064
10.113,0.0233673323690734,0.23631383224844,10.598557136595,0.0716531299985274,0.400974534498352,0.0199533599506609,6.15628069396148e-12,0.112958706361268,24661.5344738653,21430.2738071859,54117.3484735262,0.615354264863328
10.114,0.0233673323690734,0.236337199580809,10.598557136595,0.0716602152482059,0.401014183913411,0.0201686188337104,6.81104504567706e-12,0.113460335977676,24686.2083432178,21451.4168998905,54175.7028745703,0.61596992690791
10.115,0.0233673323690734,0.236360566913178,10.598557136595,0.0716673004978844,0.401053833328471,0.0203858005712228,7.53371793617054e-12,0.11396345251491,24710.9068987805,21472.5808523551,54234.120198803,0.616586204922468
10.116,0.0233673323690734,0.236383934245547,10.598557136595,0.0716743857475629,0.401093482743531,0.0206049176434196,8.33115639717688e-12,0.114468056630613,24735.6301652523,21493.76568516,54292.6005140739,0.617203099523283
10.117,0.0233673323690734,0.236407301577916,10.598557136595,0.0716814709972414,0.40113313215859,0.0208259825611045,9.21089029861421e-12,0.114974148964372,24760.3781673563,21514.9714189058,54351.143888306,0.617820611327249
10.118,0.0233673323690734,0.236430668910285,10.598557136595,0.0716885562469199,0.40117278157365,0.0210490078651957,1.01811863662491e-11,0.115481730137665,24785.1509298405,21536.1980742131,54409.750389495,0.618438740951878
10.119,0.0233673323690734,0.236454036242654,10.598557136595,0.0716956414965983,0.40121243098871,0.0212740061262576,1.12511180902238e-11,0.115990800753816,24809.9484774776,21557.4456717233,54468.4200857107,0.619057489015299
10.12,0.0233673323690734,0.236477403575023,10.598557136595,0.0717027267462768,0.401252080403769,0.021500989944022,1.2430642047032e-11,0.116501361397944,24834.7708350654,21578.7142320979,54527.1530450959,0.619676856136261
10.121,0.0233673323690734,0.236500770907392,10.598557136595,0.0717098119959553,0.401291729818829,0.0217299719469034,1.37306812020957e-11,0.117013412636911,24859.618027426,21600.0037760188,54585.9493358665,0.620296842934131
10.122,0.0233673323690734,0.236524138239761,10.598557136595,0.0717168972456338,0.401331379233889,0.0219609647915125,1.51632158082674e-11,0.11752695501928,24884.4900794068,21621.3143241885,54644.8090263127,0.620917450028894
10.123,0.0233673323690734,0.23654750557213,10.598557136595,0.0717239824953123,0.401371028648948,0.0221939811621602,1.67413825675673e-11,0.118041989075262,24909.3870158797,21642.6458973296,54703.7321847978,0.62153867804116
10.124,0.0233673323690734,0.236570872904499,10.598557136595,0.0717310677449908,0.401410678064008,0.0224290337703567,1.84795827798166e-11,0.118558515316673,24934.3088617417,21663.9985161854,54762.7188797593,0.622160527592157
10.125,0.0233673323690734,0.236594240236868,10.598557136595,0.0717381529946693,0.401450327479068,0.0226661353543041,2.03936002625546e-11,0.119076534236877,24959.2556419146,21685.3722015196,54821.7691797077,0.622782999303732
10.126,0.0233673323690734,0.236617607569237,10.598557136595,0.0717452382443477,0.401489976894127,0.0229052986783859,2.25007298923731e-11,0.119596046310754,24984.2273813452,21706.7669741163,54880.8831532281,0.623406093798358
10.127,0.0233673323690734,0.236640974901607,10.598557136595,0.0717523234940262,0.401529626309187,0.0231465365326476,2.4819917688619e-11,0.120117051994642,25009.2241050054,21728.1828547803,54940.0608689795,0.624029811699131
10.128,0.0233673323690734,0.236664342233976,10.598557136595,0.0717594087437047,0.401569275724247,0.0233898617322714,2.73719134370474e-11,0.120639551726295,25034.2458378917,21749.6198643367,54999.3023956945,0.624654153629767
10.129,0.0233673323690734,0.236687709566345,10.598557136595,0.0717664939933832,0.401608925139306,0.0236352871170488,3.01794369336569e-11,0.121163545924839,25059.2926050259,21771.0780236314,55058.6078021801,0.625279120214608
10.13,0.0233673323690734,0.236711076898714,10.598557136595,0.0717735792430617,0.401648574554366,0.0238828255508433,3.32673590179745e-11,0.121689034990725,25084.3644314548,21792.5573535305,55117.9771573176,0.625904712078623
10.131,0.0233673323690734,0.236734444231083,10.598557136595,0.0717806644927402,0.401688223969426,0.0241324899210481,3.66628986613127e-11,0.122216019305683,25109.4613422503,21814.0578749211,55177.4105300622,0.6265309298474
10.132,0.0233673323690734,0.236757811563452,10.598557136595,0.0717877497424187,0.401727873384485,0.0243842931380407,4.03958374792408e-11,0.122744499232683,25134.5833625091,21835.5796087105,55236.9079894439,0.62715777414716
10.133,0.0233673323690734,0.236781178895821,10.598557136595,0.0717948349920971,0.401767522799545,0.0246382481346286,4.44987531491428e-11,0.123274475115884,25159.7305173534,21857.122575827,55296.4696045668,0.627785245604747
10.134,0.0233673323690734,0.23680454622819,10.598557136595,0.0718019202417756,0.401807172214605,0.0248943678654908,4.90072733343635e-11,0.123805947280599,25184.9028319304,21878.6867972194,55356.0954446099,0.628413344847632
10.135,0.0233673323690734,0.236827913560559,10.598557136595,0.0718090054914541,0.401846821629664,0.0251526653066118,5.39603518460965e-11,0.124338916033241,25210.1003314123,21900.272293857,55415.7855788262,0.629042072503913
10.136,0.0233673323690734,0.236851280892928,10.598557136595,0.0718160907411326,0.401886471044724,0.0254131534547135,5.94005689141346e-11,0.124873381661293,25235.3230409966,21921.8790867301,55475.5400765437,0.62967142920232
10.137,0.0233673323690734,0.236874648225297,10.598557136595,0.0718231759908111,0.401926120459784,0.0256758453266779,6.53744575878606e-11,0.125409344433257,25260.5709859061,21943.5071968495,55535.3590071655,0.630301415572209
10.138,0.0233673323690734,0.236898015557666,10.598557136595,0.0718302612404896,0.401965769874843,0.0259407539589641,7.19328584510939e-11,0.125946804598614,25285.8441913886,21965.1566452467,55595.2424401688,0.630932032243565
10.139,0.0233673323690734,0.236921382890035,10.598557136595,0.0718373464901681,0.402005419289903,0.0262078924070229,7.91313050088043e-11,0.126485762387787,25311.1426827174,21986.8274529742,55655.1904451064,0.631563279847006
10.14,0.0233673323690734,0.236944750222405,10.598557136595,0.0718444317398465,0.402045068704963,0.0264772737447027,8.70304422910246e-11,0.127026218012096,25336.4664851911,22008.5196411049,55715.2030916058,0.632195159013781
10.141,0.0233673323690734,0.236968117554774,10.598557136595,0.071851516989525,0.402084718120022,0.026748911063649,9.56964814212531e-11,0.127568171663715,25361.8156241333,22030.2332307329,55775.2804493694,0.632827670375766
10.142,0.0233673323690734,0.236991484887143,10.598557136595,0.0718586022392035,0.402124367535082,0.0270228174727026,1.05201693113678e-10,0.128111623515642,25387.1901248933,22051.9682429727,55835.4225881751,0.633460814565474
10.143,0.0233673323690734,0.237014852219512,10.598557136595,0.071865687488882,0.402164016950142,0.0272990060972878,1.15624943296284e-10,0.12865657372165,25412.5900128455,22073.7246989599,55895.6295778759,0.634094592216051
10.144,0.0233673323690734,0.237038219551881,10.598557136595,0.0718727727385605,0.402203666365201,0.0275774900787958,1.27052274307814e-10,0.12920302241625,25438.0153133899,22095.502619851,55955.9014884001,0.634729003961271
10.145,0.0233673323690734,0.23706158688425,10.598557136595,0.071879857988239,0.402243315780261,0.0278582825739652,1.39577535385771e-10,0.129750969714656,25463.4660519516,22117.3020268231,56016.2383897513,0.635364050435549
10.146,0.0233673323690734,0.237084954216619,10.598557136595,0.0718869432379175,0.402282965195321,0.0281413967542544,1.53303066451239e-10,0.130300415712746,25488.9422539816,22139.1229410744,56076.6403520091,0.635999732273931
10.147,0.0233673323690734,0.237108321548988,10.598557136595,0.0718940284875959,0.40232261461038,0.028426845805207,1.68340439506979e-10,0.130851360487019,25514.4439449559,22160.965383824,56137.1074453278,0.636636050112097
10.148,0.0233673323690734,0.237131688881357,10.598557136595,0.0719011137372744,0.40236226402544,0.028714642925817,1.8481126229857e-10,0.131403804094564,25539.9711503763,22182.8293763119,56197.6397399379,0.637273004586366
10.149,0.0233673323690734,0.237155056213726,10.598557136595,0.0719081989869529,0.4024019134405,0.0290048013278836,2.0284804924499e-10,0.131957746573022,25565.52389577,22204.7149397991,56258.2373061459,0.637910596333695
10.15,0.0233673323690734,0.237178423546095,10.598557136595,0.0719152842366314,0.402441562855559,0.0292973342353604,2.22595165028974e-10,0.132513187940545,25591.1022066897,22226.6220955674,56318.9002143334,0.638548825991671
10.151,0.0233673323690734,0.237201790878464,10.598557136595,0.0719223694863099,0.402481212270619,0.029592254883704,2.44209846648847e-10,0.133070128195769,25616.7061087137,22248.5508649198,56379.6285349583,0.639187694198527
10.152,0.0233673323690734,0.237225158210833,10.598557136595,0.0719294547359884,0.402520861685679,0.0298895765192129,2.67863310173177e-10,0.133628567317769,25642.335627446,22270.5012691803,56440.4223385547,0.639827201593131
10.153,0.0233673323690734,0.237248525543202,10.598557136595,0.0719365399856669,0.402560511100738,0.0301893123983596,2.93741948912847e-10,0.13418850526603,25667.9907885161,22292.4733296938,56501.281695732,0.640467348814989
10.154,0.0233673323690734,0.237271892875572,10.598557136595,0.0719436252353454,0.402600160515798,0.0304914757871238,3.22048630231278e-10,0.134749941980411,25693.671617579,22314.4670678264,56562.2066771766,0.64110813650425
10.155,0.0233673323690734,0.237295260207941,10.598557136595,0.0719507104850238,0.402639809930857,0.0307960799603137,3.53004098754345e-10,0.135312877381111,25719.3781403158,22336.4825049652,56623.1973536507,0.6417495653017
10.156,0.0233673323690734,0.23731862754031,10.598557136595,0.0719577957347023,0.402679459345917,0.0311031382008857,3.86848494323401e-10,0.135877311368636,25745.1103824328,22358.5196625184,56684.2537959927,0.64239163584877
10.157,0.0233673323690734,0.237341994872679,10.598557136595,0.0719648809843808,0.402719108760977,0.0314126637992551,4.23842993654671e-10,0.136443243823763,25770.8683696624,22380.5785619154,56745.3760751177,0.643034348787528
10.158,0.0233673323690734,0.237365362205048,10.598557136595,0.0719719662340593,0.402758758176036,0.0317246700526079,4.64271585334704e-10,0.137010674607513,25796.6521277624,22402.6592246066,56806.5642620168,0.643677704760689
10.159,0.0233673323690734,0.237388729537417,10.598557136595,0.0719790514837378,0.402798407591096,0.0320391702642013,5.08442988490731e-10,0.137579603561113,25822.4616825168,22424.7616720638,56867.8184277584,0.644321704411609
10.16,0.0233673323690734,0.237412096869786,10.598557136595,0.0719861367334163,0.402838057006156,0.0323561777426597,5.56692726236788e-10,0.138150030505968,25848.2970597349,22446.8859257798,56929.1386434867,0.644966348384287
10.161,0.0233673323690734,0.237435464202155,10.598557136595,0.0719932219830947,0.402877706421215,0.0326757058012703,6.09385365810311e-10,0.138721955243629,25874.1582852523,22469.0320072684,56990.524980423,0.645611637323366
10.162,0.0233673323690734,0.237458831534524,10.598557136595,0.0720003072327732,0.402917355836275,0.0329977677572681,6.66916938180517e-10,0.139295377555761,25900.0453849301,22491.1999380651,57051.9775098656,0.646257571874137
10.163,0.0233673323690734,0.237482198866893,10.598557136595,0.0720073924824517,0.402957005251335,0.0333223769311187,7.29717550841642e-10,0.139870297204115,25925.9583846556,22513.3897397265,57113.4963031894,0.646904152682534
10.164,0.0233673323690734,0.237505566199262,10.598557136595,0.0720144777321302,0.402996654666394,0.0336495466457935,7.98254208493659e-10,0.140446713930496,25951.8973103415,22535.6014338301,57175.0814318463,0.647551380395137
10.165,0.0233673323690734,0.237528933531631,10.598557136595,0.0720215629818087,0.403036304081454,0.0339792902260443,8.73033857375411e-10,0.141024627456735,25977.8621879268,22557.8350419751,57236.7329673651,0.648199255659174
10.166,0.0233673323690734,0.237552300864,10.598557136595,0.0720286482314872,0.403075953496514,0.0343116209976692,9.54606670142248e-10,0.141604037484661,26003.8530433766,22580.0905857819,57298.4509813523,0.648847779122522
10.167,0.0233673323690734,0.23757566819637,10.598557136595,0.0720357334811657,0.403115602911573,0.0346465522867723,1.04356958939019e-09,0.142184943696069,26029.8699026816,22602.3680868922,57360.235545491,0.649496951433702
10.168,0.0233673323690734,0.237599035528739,10.598557136595,0.0720428187308441,0.403155252326633,0.0349840974190242,1.14057014921689e-09,0.142767345752698,26055.9127918586,22624.6675669691,57422.0867315416,0.650146773241888
10.169,0.0233673323690734,0.237622402861108,10.598557136595,0.0720499039805226,0.403194901741693,0.0353242697189125,1.24631059557941e-09,0.143351243296199,26081.9817369506,22646.989047697,57484.0046113426,0.650797245196902
10.17,0.0233673323690734,0.237645770193477,10.598557136595,0.0720569892302011,0.403234551156752,0.0356670825089869,1.36155232767642e-09,0.143936635948109,26108.0767640265,22669.3325507816,57545.9892568089,0.651448367949214
10.171,0.0233673323690734,0.237669137525846,10.598557136595,0.0720640744798796,0.403274200571812,0.0360125491091054,1.48712068414472e-09,0.144523523309826,26134.1978991813,22691.6980979503,57608.0407399339,0.652100142149949
10.172,0.0233673323690734,0.237692504858215,10.598557136595,0.0720711597295581,0.403313849986872,0.0363606828356703,1.62391009951801e-09,0.145111904962582,26160.3451685363,22714.0857109518,57670.1591327882,0.652752568450881
10.173,0.0233673323690734,0.237715872190584,10.598557136595,0.0720782449792366,0.403353499401931,0.0367114970008587,1.77288965817201e-09,0.145701780467418,26186.5185982385,22736.4954115561,57732.3445075199,0.653405647504435
10.174,0.0233673323690734,0.237739239522953,10.598557136595,0.0720853302289151,0.403393148816991,0.0370650049118548,1.93510907486901e-09,0.14629314936516,26212.7182144616,22758.9272215549,57794.5969363553,0.654059379963691
10.175,0.0233673323690734,0.237762606855322,10.598557136595,0.0720924154785936,0.403432798232051,0.0374212198700714,2.1117051330162e-09,0.146886011176394,26238.944043405,22781.3811627613,57856.9164915985,0.654713766482383
10.176,0.0233673323690734,0.237785974187691,10.598557136595,0.072099500728272,0.40347244764711,0.0377801551703667,2.30390861389643e-09,0.147480365401439,26265.1961112947,22803.8572570098,57919.3032456314,0.655368807714895
10.177,0.0233673323690734,0.23780934152006,10.598557136595,0.0721065859779505,0.40351209706217,0.0381418241002629,2.51305175240686e-09,0.148076211520328,26291.4744443827,22826.3555261568,57981.757270914,0.656024504316268
10.178,0.0233673323690734,0.237832708852429,10.598557136595,0.072113671227629,0.40355174647723,0.0385062399391537,2.74057625725073e-09,0.148673548992786,26317.7790689473,22848.87599208,58044.2786399846,0.656680856942202
10.179,0.0233673323690734,0.237856076184798,10.598557136595,0.0721207564773075,0.403591395892289,0.038873415957508,2.98804193610812e-09,0.149272377258201,26344.1100112932,22871.4186766786,58106.8674254594,0.657337866249047
10.18,0.0233673323690734,0.237879443517167,10.598557136595,0.072127841726986,0.403631045307349,0.0392433654160743,3.25713596904875e-09,0.149872695735609,26370.4672977512,22893.9836018735,58169.5237000331,0.657995532893812
10.181,0.0233673323690734,0.237902810849537,10.598557136595,0.0721349269766645,0.403670694722409,0.0396161015650758,3.54968287634289e-09,0.150474503823669,26396.8509546788,22916.5707896075,58232.2475364792,0.658653857534167
10.182,0.0233673323690734,0.237926178181906,10.598557136595,0.0721420122263429,0.403710344137468,0.0399916376434001,3.86765522992442e-09,0.151077800900642,26423.2610084596,22939.1802618446,58295.0390076487,0.659312840828432
10.183,0.0233673323690734,0.237949545514275,10.598557136595,0.0721490974760214,0.403749993552528,0.0403699868777915,4.21318516103995e-09,0.151682586324372,26449.6974855035,22961.8120405707,58357.8981864718,0.659972483435594
10.184,0.0233673323690734,0.237972912846644,10.598557136595,0.0721561827256999,0.403789642967588,0.0407511624820317,4.58857672008226e-09,0.152288859432268,26476.1604122471,22984.4661477934,58420.8251459576,0.660632786015294
10.185,0.0233673323690734,0.237996280179013,10.598557136595,0.0721632679753784,0.403829292382647,0.041135177656121,4.99631914831881e-09,0.15289661954128,26502.6498151534,23007.142605542,58483.8199591932,0.661293749227836
10.186,0.0233673323690734,0.238019647511382,10.598557136595,0.0721703532250569,0.403868941797707,0.0415220455854504,5.43910112512692e-09,0.15350586594788,26529.1657207116,23029.8414358674,58546.8826993451,0.661955373734181
10.187,0.0233673323690734,0.238043014843751,10.598557136595,0.0721774384747354,0.403908591212767,0.0419117794399776,5.91982605852301e-09,0.154116597928052,26555.7081554378,23052.5626608425,58610.0134396583,0.662617660195955
10.188,0.0233673323690734,0.23806638217612,10.598557136595,0.0721845237244139,0.403948240627826,0.0423043923733917,6.44162849115395e-09,0.154728814737264,26582.2771458744,23075.3063025618,58673.2122534571,0.663280609275446
10.189,0.0233673323690734,0.238089749508489,10.598557136595,0.0721916089740924,0.403987890042886,0.0426998975222746,7.00789169860667e-09,0.155342515610455,26608.8727185904,23098.0723831417,58736.4792141446,0.6639442216356
10.19,0.0233673323690734,0.238113116840858,10.598557136595,0.0721986942237708,0.404027539457946,0.0430983080052645,7.62226656184706e-09,0.155957699762019,26635.4949001812,23120.8609247202,58799.8143952031,0.664608497940031
10.191,0.0233673323690734,0.238136484173227,10.598557136595,0.0722057794734493,0.404067188873005,0.0434996369222095,8.2886918008115e-09,0.156574366385789,26662.1437172692,23143.6719494575,58863.2178701946,0.665273438853017
10.192,0.0233673323690734,0.238159851505596,10.598557136595,0.0722128647231278,0.404106838288065,0.0439038973533167,9.01141566175069e-09,0.157192514655017,26688.8191965032,23166.5054795354,58926.6897127596,0.665939045039496
10.193,0.0233673323690734,0.238183218837965,10.598557136595,0.0722199499728063,0.404146487703125,0.0443111023583049,9.79501915680477e-09,0.157812143722364,26715.5213645585,23189.3615371575,58990.2299966185,0.666605317165075
10.194,0.0233673323690734,0.238206586170334,10.598557136595,0.0722270352224848,0.404186137118184,0.0447212649755454,1.06444409604711e-08,0.158433252719881,26742.2502481374,23212.2401445497,59053.8387955713,0.667272255896027
10.195,0.0233673323690734,0.238229953502704,10.598557136595,0.0722341204721633,0.404225786533244,0.0451343982212046,1.15650040742458e-08,0.159055840759001,26769.0058739689,23235.1413239594,59117.5161834973,0.667939861899291
10.196,0.0233673323690734,0.238253320835073,10.598557136595,0.0722412057218418,0.404265435948304,0.045550515088378,1.25624443776389e-08,0.159679906930513,26795.7882688084,23258.0650976562,59181.2622343555,0.668608135842472
10.197,0.0233673323690734,0.238276688167442,10.598557136595,0.0722482909715202,0.404305085363363,0.0459696285462275,1.36429411911576e-08,0.160305450304564,26822.5974594384,23281.0114879317,59245.0770221848,0.669277078393845
10.198,0.0233673323690734,0.238300055499811,10.598557136595,0.0722553762211987,0.404344734778423,0.04639175153911,1.48131499845703e-08,0.160932469930638,26849.4334726681,23303.9805170993,59308.9606211039,0.669946690222353
10.199,0.0233673323690734,0.23832342283218,10.598557136595,0.0722624614708772,0.404384384193482,0.0468168969857012,1.60802373720096e-08,0.16156096483754,26876.2963353336,23326.9722074945,59372.9131053112,0.670616971997606
10.2,0.0233673323690734,0.238346790164549,10.598557136595,0.0722695467205557,0.404424033608542,0.047245077778124,1.74519185441612e-08,0.162190934033393,26903.1860742975,23349.9865814749,59436.9345490853,0.671287924389886
10.201,0.0233673323690734,0.238370157496918,10.598557136595,0.0722766319702342,0.404463683023602,0.0476763067810655,1.89364972968736e-08,0.162822376505626,26930.1027164499,23373.0236614201,59501.0250267852,0.671959548070149
10.202,0.0233673323690734,0.238393524829287,10.598557136595,0.0722837172199127,0.404503332438661,0.0481105968308921,2.05429088252398e-08,0.163455291220952,26957.0462887072,23396.0834697319,59565.1846128493,0.672631843710014
10.203,0.0233673323690734,0.238416892161656,10.598557136595,0.0722908024695911,0.404542981853721,0.0485479607347676,2.22807654624106e-08,0.164089677125376,26984.016818013,23419.1660288338,59629.413381797,0.673304811981779
10.204,0.0233673323690734,0.238440259494025,10.598557136595,0.0722978877192696,0.404582631268781,0.0489884112697612,2.41604055530714e-08,0.164725533144169,27011.0143313379,23442.271361172,59693.7114082278,0.673978453558413
10.205,0.0233673323690734,0.238463626826394,10.598557136595,0.0723049729689481,0.40462228068384,0.0494319611819531,2.61929456629166e-08,0.165362858181869,27038.0388556793,23465.3994892143,59758.0787668213,0.674652769113555
10.206,0.0233673323690734,0.238486994158763,10.598557136595,0.0723120582186266,0.4046619300989,0.0498786231855435,2.83903363374248e-08,0.166001651122268,27065.0904180619,23488.5504354512,59822.5155323382,0.675327759321523
10.207,0.0233673323690734,0.238510361491132,10.598557136595,0.0723191434683051,0.40470157951396,0.050328409961952,3.07654216357217e-08,0.166641910828408,27092.1690455372,23511.724222395,59887.0217796197,0.676003424857308
10.208,0.0233673323690734,0.238533728823502,10.598557136595,0.0723262287179836,0.404741228929019,0.0507813341589142,3.33320026786705e-08,0.167283636142567,27119.2747651837,23534.9208725802,59951.5975835871,0.676679766396573
10.209,0.0233673323690734,0.238557096155871,10.598557136595,0.0723333139676621,0.404780878344079,0.0512374083895826,3.61049054643023e-08,0.167926825886259,27146.4076041073,23558.1404085638,60016.2430192433,0.67735678461566
10.21,0.0233673323690734,0.23858046348824,10.598557136595,0.0723403992173406,0.404820527759139,0.0516966452316174,3.91000532182796e-08,0.168571478860225,27173.5675894407,23581.3828529249,60080.9581616717,0.67803448019159
10.211,0.0233673323690734,0.238603830820609,10.598557136595,0.072347484467019,0.404860177174198,0.0521590572262751,4.23345435626478e-08,0.169217593844422,27200.754748344,23604.6482282649,60145.7430860365,0.678712853802055
10.212,0.0233673323690734,0.238627198152978,10.598557136595,0.0723545697166975,0.404899826589258,0.0526246568775017,4.58267308024218e-08,0.16986516959803,27227.9691080043,23627.9365572074,60210.5978675833,0.679391906125431
10.213,0.0233673323690734,0.238650565485347,10.598557136595,0.072361654966376,0.404939476004318,0.0530934566510159,4.95963136464968e-08,0.170514204859435,27255.210695636,23651.2478623986,60275.5225816386,0.680071637840771
10.214,0.0233673323690734,0.238673932817716,10.598557136595,0.0723687402160545,0.404979125419377,0.05356546897339,5.36644286974867e-08,0.171164698346228,27282.4795384807,23674.5821665065,60340.5173036102,0.680752049627804
10.215,0.0233673323690734,0.238697300150085,10.598557136595,0.072375825465733,0.405018774834437,0.0540407062311361,5.80537500639953e-08,0.171816648755208,27309.7756638071,23697.9394922222,60405.5821089871,0.681433142166943
10.216,0.0233673323690734,0.238720667482454,10.598557136595,0.0723829107154115,0.405058424249497,0.0545191807697814,6.27885954684816e-08,0.172470054762369,27337.0990989115,23721.3198622585,60470.7170733399,0.682114916139281
10.217,0.0233673323690734,0.238744034814823,10.598557136595,0.07238999596509,0.405098073664556,0.0550009048929464,6.7895039244915e-08,0.173124915022905,27364.4498711173,23744.7232993511,60535.9222723207,0.682797372226594
10.218,0.0233673323690734,0.238767402147192,10.598557136595,0.0723970812147684,0.405137723079616,0.0554858908614163,7.34010326420975e-08,0.173781228171202,27391.8280077753,23768.1498262579,60601.1977816628,0.683480511111334
10.219,0.0233673323690734,0.238790769479561,10.598557136595,0.0724041664644469,0.405177372494676,0.0559741508922182,7.93365318716844e-08,0.174438992820842,27419.2335362635,23791.5994657592,60666.5436771817,0.684164333476643
10.22,0.0233673323690734,0.23881413681193,10.598557136595,0.0724112517141254,0.405217021909735,0.0564656971576894,8.57336343636785e-08,0.175098207564598,27446.6664839875,23815.0722406581,60731.9600347742,0.684848840006343
10.221,0.0233673323690734,0.238837504144299,10.598557136595,0.0724183369638039,0.405256671324795,0.0569605417845428,9.26267237176204e-08,0.175758870974432,27474.1268783803,23838.5681737797,60797.4469304191,0.685534031384939
10.222,0.0233673323690734,0.238860871476669,10.598557136595,0.0724254222134824,0.405296320739855,0.0574586968529394,1.00052623864202e-07,0.176420981601502,27501.6147469023,23862.0872879719,60863.0044401772,0.686219908297623
10.223,0.0233673323690734,0.238884238809038,10.598557136595,0.0724325074631609,0.405335970154914,0.0579601743955506,1.08050762979355e-07,0.177084537976157,27529.1301170414,23885.6296061055,60928.6326401914,0.686906471430274
10.224,0.0233673323690734,0.238907606141407,10.598557136595,0.0724395927128394,0.405375619569974,0.0584649863966186,1.16663347722199e-07,0.177749538607937,27556.6730163128,23909.195151073,60994.3316066864,0.687593721469453
10.225,0.0233673323690734,0.238930973473776,10.598557136595,0.0724466779625178,0.405415268985034,0.0589731447910238,1.25935548398618e-07,0.17841598198558,27584.2434722595,23932.7839457902,61060.1014159691,0.68828165910241
10.226,0.0233673323690734,0.238954340806145,10.598557136595,0.0724537632121963,0.405454918400093,0.0594846614633415,1.35915695683607e-07,0.179083866577018,27611.841512452,23956.3960131953,61125.9421444292,0.688970285017084
10.227,0.0233673323690734,0.238977708138514,10.598557136595,0.0724608484618748,0.405494567815153,0.0599995482469022,1.46655489569259e-07,0.179753190829387,27639.4671644884,23980.0313762492,61191.8538685382,0.689659599902102
10.228,0.0233673323690734,0.239001075470883,10.598557136595,0.0724679337115533,0.405534217230213,0.0605178169228458,1.5821022123958e-07,0.180423953169022,27667.1204559942,24003.6900579351,61257.8366648503,0.690349604446775
10.229,0.0233673323690734,0.239024442803252,10.598557136595,0.0724750189612318,0.405573866645272,0.061039479219183,1.70639008610151e-07,0.181096152001466,27694.8014146227,24027.3720812594,61323.8906100023,0.691040299341111
10.23,0.0233673323690734,0.239047810135621,10.598557136595,0.0724821042109103,0.405613516060332,0.0615645468098478,1.84005046307986e-07,0.181769785711476,27722.510068055,24051.0774692509,61390.0157807134,0.691731685275805
10.231,0.0233673323690734,0.23907117746799,10.598557136595,0.0724891894605888,0.405653165475392,0.0620930313137483,1.98375870907003e-07,0.182444852663021,27750.2464439997,24074.806244961,61456.2122537857,0.69242376294224
10.232,0.0233673323690734,0.239094544800359,10.598557136595,0.0724962747102672,0.405692814890451,0.0626249442938256,2.13823642276109e-07,0.183121351199293,27778.0105701931,24098.5584314642,61522.4801061041,0.693116533032497
10.233,0.0233673323690734,0.239117912132728,10.598557136595,0.0725033599599457,0.405732464305511,0.0631602972561025,2.30425441939393e-07,0.183799279642713,27805.8024743994,24122.3340518576,61588.8194146367,0.693809996239345
10.234,0.0233673323690734,0.239141279465097,10.598557136595,0.0725104452096242,0.405772113720571,0.0636991016487319,2.48263589393562e-07,0.184478636294932,27833.6221844105,24146.1331292608,61655.2302564339,0.694504153256246
10.235,0.0233673323690734,0.239164646797466,10.598557136595,0.0725175304593027,0.40581176313563,0.0642413688610526,2.6742597737496e-07,0.185159419436847,27861.4697280461,24169.9556868167,61721.7127086296,0.695199004777358
10.236,0.0233673323690734,0.239188014129836,10.598557136595,0.0725246157089812,0.40585141255069,0.0647871102226364,2.88006427116611e-07,0.1858416273286,27889.3451331538,24193.8017476908,61788.2668484411,0.695894551497534
10.237,0.0233673323690734,0.239211381462205,10.598557136595,0.0725317009586597,0.40589106196575,0.0653363370023336,3.10105064687529e-07,0.186525258209588,27917.2484276089,24217.6713350712,61854.8927531684,0.696590794112318
10.238,0.0233673323690734,0.239234748794574,10.598557136595,0.0725387862083382,0.405930711380809,0.0658890604073278,3.33828719559939e-07,0.187210310298478,27945.1796393147,24241.5644721694,61921.5905001955,0.697287733317955
10.239,0.0233673323690734,0.239258116126943,10.598557136595,0.0725458714580167,0.405970360795869,0.0664452915821803,3.59291346604273e-07,0.18789678179321,27973.1387962026,24265.4811822195,61988.3601669894,0.697985369811384
10.24,0.0233673323690734,0.239281483459312,10.598557136595,0.0725529567076951,0.406010010210929,0.0670050416078755,3.86614472770466e-07,0.188584670871003,28001.1259262315,24289.4214884785,62055.2018311005,0.69868370429024
10.241,0.0233673323690734,0.239304850791681,10.598557136595,0.0725600419573736,0.406049659625988,0.0675683215008733,4.15927669774119e-07,0.189273975688376,28029.1410573887,24313.3854142264,62122.1155701633,0.699382737452858
10.242,0.0233673323690734,0.23932821812405,10.598557136595,0.0725671272070521,0.406089309041048,0.0681351422121542,4.47369054167179e-07,0.189964694381152,28057.1842176894,24337.3729827662,62189.1014618957,0.700082469998274
10.243,0.0233673323690734,0.239351585456419,10.598557136595,0.0725742124567306,0.406128958456108,0.0687055146262624,4.81085816238738e-07,0.190656825064469,28085.2554351765,24361.3842174238,62256.1595840995,0.700782902626216
10.244,0.0233673323690734,0.239374952788788,10.598557136595,0.0725812977064091,0.406168607871167,0.0692794495603594,5.17234779259007e-07,0.191350365832794,28113.3547379214,24385.4191415483,62323.2900146604,0.70148403603712
10.245,0.0233673323690734,0.239398320121157,10.598557136595,0.0725883829560876,0.406208257286227,0.0698569577632679,5.5598299064796e-07,0.192045314759936,28141.4821540235,24409.4777785116,62390.4928315479,0.702185870932119
10.246,0.0233673323690734,0.239421687453526,10.598557136595,0.0725954682057661,0.406247906701287,0.070438049914516,5.97508346723988e-07,0.192741669899054,28169.63771161,24433.5601517087,62457.7681128159,0.702888408013046
10.247,0.0233673323690734,0.239445054785895,10.598557136595,0.0726025534554445,0.406287556116346,0.0710227366233907,6.42000252763499e-07,0.193439429282679,28197.8214388366,24457.666284558,62525.1159366022,0.70359164798244
10.248,0.0233673323690734,0.239468422118264,10.598557136595,0.072609638705123,0.406327205531406,0.0716110284279816,6.8966032017857e-07,0.194138590922719,28226.0333638869,24481.7962005005,62592.536381129,0.704295591543541
10.249,0.0233673323690734,0.239491789450634,10.598557136595,0.0726167239548015,0.406366854946466,0.0722029357942312,7.40703102702816e-07,0.194839152810483,28254.273514973,24505.9499230007,62660.0295247029,0.705000239400293
10.25,0.0233673323690734,0.239515156783003,10.598557136595,0.07262380920448,0.406406504361525,0.0727984691149794,7.95356873557807e-07,0.195541112916684,28282.541920335,24530.1274755462,62727.5954457144,0.705705592257342
10.251,0.0233673323690734,0.239538524115372,10.598557136595,0.0726308944541585,0.406446153776585,0.0733976387090193,8.53864445661219e-07,0.196244469191467,28310.8386082412,24554.3288816476,62795.2342226395,0.706411650820042
10.252,0.0233673323690734,0.239561891447741,10.598557136595,0.072637979703837,0.406485803191645,0.0740004548201439,9.16484037024923e-07,0.196949219564419,28339.1636069884,24578.5541648388,62862.945934038,0.707118415794453
10.253,0.0233673323690734,0.23958525878011,10.598557136595,0.0726450649535154,0.406525452606704,0.0746069276161934,9.83490183586534e-07,0.197655361944583,28367.5169449016,24602.8033486769,62930.7306585547,0.707825887887338
10.254,0.0233673323690734,0.239608626112479,10.598557136595,0.0726521502031939,0.406565102021764,0.0752170671881138,1.0551747018145e-06,0.198362894220482,28395.898650334,24627.0764567424,62998.5884749192,0.708534067806169
10.255,0.0233673323690734,0.239631993444848,10.598557136595,0.0726592354528724,0.406604751436824,0.0758308835490059,1.13184770352319e-06,0.199071814260135,28424.3087516676,24651.3735126389,63066.519461946,0.709242956259128
10.256,0.0233673323690734,0.239655360777217,10.598557136595,0.0726663207025509,0.406644400851883,0.0764483866331758,1.21383866544016e-06,0.199782119911068,28452.7472773122,24675.6945399931,63134.5236985346,0.709952553955102
10.257,0.0233673323690734,0.239678728109586,10.598557136595,0.0726734059522294,0.406684050266943,0.0770695862951961,1.3014975561739e-06,0.200493809000345,28481.2142557064,24700.0395624555,63202.6012636695,0.710662861603689
10.258,0.0233673323690734,0.239702095441955,10.598557136595,0.0726804912019079,0.406723699682003,0.0776944923089576,1.3951960233366e-06,0.201206879334578,28509.7097153173,24724.4086036994,63270.7522364204,0.711373879915196
10.259,0.0233673323690734,0.239725462774324,10.598557136595,0.0726875764515864,0.406763349097062,0.078323114366729,1.49532864369355e-06,0.201921328699952,28538.2336846403,24748.8016874219,63338.9766959426,0.712085609600644
10.26,0.0233673323690734,0.239748830106693,10.598557136595,0.0726946617012648,0.406802998512122,0.0789554620782108,1.60231423932352e-06,0.20263715486224,28566.7861921993,24773.2188373433,63407.2747214758,0.71279805137176
10.261,0.0233673323690734,0.239772197439062,10.598557136595,0.0727017469509433,0.406842647927181,0.0795915449696026,1.71659726289922e-06,0.203354355566832,28595.3672665469,24797.6600772071,63475.6463923463,0.713511205940986
10.262,0.0233673323690734,0.239795564771432,10.598557136595,0.0727088322006218,0.406882297342241,0.0802313724826616,1.8386492553141e-06,0.204072928538752,28623.9769362642,24822.1254307807,63544.0917879652,0.714225074021479
10.263,0.0233673323690734,0.239818932103801,10.598557136595,0.0727159174503003,0.406921946757301,0.0808749539737621,1.9689703790139e-06,0.204792871482674,28652.6152299608,24846.6149218544,63612.6109878295,0.714939656327105
10.264,0.0233673323690734,0.23984229943617,10.598557136595,0.0727230026999788,0.40696159617236,0.0815222987129685,2.10809103052317e-06,0.205514182082959,28681.282176275,24871.1285742423,63681.2040715216,0.715654953572446
10.265,0.0233673323690734,0.239865666768539,10.598557136595,0.0727300879496573,0.40700124558742,0.0821734158830983,2.25657353578516e-06,0.206236858003668,28709.9778038738,24895.6664117822,63749.8711187106,0.716370966472802
10.266,0.0233673323690734,0.239889034100908,10.598557136595,0.0727371731993358,0.40704089500248,0.0828283145787884,2.41501393207782e-06,0.206960896888583,28738.7021414528,24920.2284583348,63818.6122091503,0.717087695744183
10.267,0.0233673323690734,0.239912401433277,10.598557136595,0.0727442584490142,0.407080544417539,0.0834870038055727,2.58404384041115e-06,0.207686296361242,28767.4552177362,24944.8147377849,63887.4274226811,0.717805142103319
10.268,0.0233673323690734,0.239935768765646,10.598557136595,0.0727513436986927,0.407120193832599,0.0841494924789523,2.76433243245022e-06,0.208413054024956,28796.2370614774,24969.4252740405,63956.3168392299,0.718523306267658
10.269,0.0233673323690734,0.239959136098015,10.598557136595,0.0727584289483712,0.407159843247659,0.0848157894234673,2.95658849616377e-06,0.209141167462834,28825.047701458,24994.0600910335,64025.280538809,0.719242188955362
10.27,0.0233673323690734,0.239982503430384,10.598557136595,0.0727655141980497,0.407199492662718,0.0854859033717824,3.16156260455354e-06,0.209870634237812,28853.8871664886,25018.7192127192,64094.3186015173,0.719961790885315
10.271,0.0233673323690734,0.240005870762753,10.598557136595,0.0727725994477282,0.407239142077778,0.0861598429637628,3.38004939196705e-06,0.210601451892683,28882.7554854089,25043.4026630767,64163.4311075404,0.720682112777121
10.272,0.0233673323690734,0.240029238095122,10.598557136595,0.0727796846974067,0.407278791492838,0.0868376167455543,3.61288994266599e-06,0.21133361795011,28911.6526870871,25068.1104661084,64232.6181371496,0.721403155351097
10.273,0.0233673323690734,0.240052605427491,10.598557136595,0.0727867699470852,0.407318440907897,0.0875192331686754,3.86097429648797e-06,0.212067129912671,28940.5788004203,25092.8426458408,64301.8797707037,0.72212491932829
10.274,0.0233673323690734,0.24007597275986,10.598557136595,0.0727938551967637,0.407358090322957,0.0882047005891026,4.1252440765974e-06,0.212801985262875,28969.5338543348,25117.599226324,64371.2160886475,0.722847405430463
10.275,0.0233673323690734,0.240099340092229,10.598557136595,0.0728009404464421,0.407397739738017,0.0888940272663571,4.40669524450232e-06,0.213538181463192,28998.5178777855,25142.3802316316,64440.6271715126,0.7235706143801
10.276,0.0233673323690734,0.240122707424599,10.598557136595,0.0728080256961206,0.407437389153076,0.0895872213626065,4.70638098769197e-06,0.214275715956088,29027.5308997565,25167.1856858612,64510.1130999177,0.724294546900412
10.277,0.0233673323690734,0.240146074756968,10.598557136595,0.0728151109457991,0.407477038568136,0.0902842909417576,5.02541474541577e-06,0.21501458616405,29056.5729492609,25192.0156131342,64579.6739545682,0.725019203715333
10.278,0.0233673323690734,0.240169442089337,10.598557136595,0.0728221961954776,0.407516687983196,0.0909852439685534,5.36497337831812e-06,0.215754789489614,29085.6440553405,25216.8700375954,64649.3098162566,0.725744585549517
10.279,0.0233673323690734,0.240192809421706,10.598557136595,0.0728292814451561,0.407556337398255,0.091690088307683,5.72630048783307e-06,0.216496323315399,29114.7442470667,25241.7489834139,64719.0207658625,0.726470693128346
10.28,0.0233673323690734,0.240216176754075,10.598557136595,0.0728363666948346,0.407595986813315,0.0923988317228838,6.11070989141447e-06,0.217239185004139,29143.8735535396,25266.6524747825,64788.8068843528,0.727197527177929
10.281,0.0233673323690734,0.240239544086444,10.598557136595,0.0728434519445131,0.407635636228375,0.093111481876053,6.51958925989002e-06,0.217983371898713,29173.0320038884,25291.5805359177,64858.6682527818,0.727925088425102
10.282,0.0233673323690734,0.240262911418813,10.598557136595,0.0728505371941915,0.407675285643434,0.0938280463263569,6.95440392340733e-06,0.218728881322174,29202.2196272717,25316.53319106,64928.6049522906,0.728653377597422
10.283,0.0233673323690734,0.240286278751182,10.598557136595,0.07285762244387,0.407714935058494,0.0945485325293545,7.41670085265664e-06,0.219475710577788,29231.436452877,25341.510464474,64998.6170641086,0.72938239542318
10.284,0.0233673323690734,0.240309646083551,10.598557136595,0.0728647076935485,0.407754584473554,0.0952729478361146,7.90811282223252e-06,0.220223856949064,29260.6825099213,25366.5123804479,65068.7046695524,0.730112142631396
10.285,0.0233673323690734,0.24033301341592,10.598557136595,0.072871792943227,0.407794233888613,0.0960012994923364,8.43036276322009e-06,0.220973317699783,29289.9578276505,25391.5389632941,65138.8678500262,0.730842619951814
10.286,0.0233673323690734,0.240356380748289,10.598557136595,0.0728788781929055,0.407833883303673,0.0967335946374848,8.98526831230063e-06,0.221724090074042,29319.2624353399,25416.590237349,65209.1066870221,0.731573828114913
10.287,0.0233673323690734,0.240379748080658,10.598557136595,0.072885963442584,0.407873532718733,0.0974698403039181,9.57474656485708e-06,0.222476171296282,29348.5963622942,25441.6662269728,65279.42126212,0.732305767851901
10.288,0.0233673323690734,0.240403115413027,10.598557136595,0.0728930486922625,0.407913182133792,0.0982100434160256,1.02008190398001e-05,0.223229558571326,29377.9596378474,25466.7669565499,65349.8116569881,0.733038439894719
10.289,0.0233673323690734,0.240426482745396,10.598557136595,0.0729001339419409,0.407952831548852,0.0989542107893637,1.08656168640236e-05,0.22398424908441,29407.3522913626,25491.8924504886,65420.277953382,0.733771844976037
10.29,0.0233673323690734,0.240449850077766,10.598557136595,0.0729072191916194,0.407992480963912,0.0997023491298075,1.15713861846458e-05,0.224740240001227,29436.7743522325,25517.0427332216,65490.8202331461,0.734505983829261
10.291,0.0233673323690734,0.240473217410135,10.598557136595,0.0729143044412979,0.408032130378971,0.100454465032696,1.23204938173646e-05,0.225497528467959,29466.2258498793,25542.2178292055,65561.4385782129,0.735240857188532
10.292,0.0233673323690734,0.240496584742504,10.598557136595,0.0729213896909764,0.408071779794031,0.101210564981981,1.311543313951e-05,0.226256111611313,29495.7068137544,25567.4177629209,65632.1330706027,0.735976465788719
10.293,0.0233673323690734,0.240519952074873,10.598557136595,0.0729284749406549,0.408111429209091,0.101970655349392,1.39588302365957e-05,0.227015986538563,29525.2172733387,25592.6425588728,65702.9037924251,0.736712810365434
10.294,0.0233673323690734,0.240543319407242,10.598557136595,0.0729355601903334,0.40815107862415,0.102734742393596,1.48534503113566e-05,0.227777150337586,29554.7572581428,25617.8922415902,65773.7508258777,0.737449891655021
10.295,0.0233673323690734,0.240566686739611,10.598557136595,0.0729426454400118,0.40819072803921,0.103502832259361,1.58022043645124e-05,0.228539600076901,29584.3267977066,25643.1668356264,65844.6742532469,0.738187710394561
10.296,0.0233673323690734,0.24059005407198,10.598557136595,0.0729497306896903,0.40823037745427,0.104274930976732,1.68081561567237e-05,0.229303332805707,29613.9259215996,25668.4663655588,65915.6741569076,0.738926267321872
10.297,0.0233673323690734,0.240613421404349,10.598557136595,0.0729568159393688,0.408270026869329,0.105051044460206,1.78745294613837e-05,0.23006834555393,29643.5546594211,25693.7908559894,65986.7506193239,0.739665563175514
10.298,0.0233673323690734,0.240636788736718,10.598557136595,0.0729639011890473,0.408309676284389,0.105831178507911,1.90047156181462e-05,0.230834635332249,29673.2130407997,25719.1403315439,66057.9037230486,0.740405598694779
10.299,0.0233673323690734,0.240660156069087,10.598557136595,0.0729709864387258,0.408349325699449,0.106615338800798,2.02022813973183e-05,0.231602199132152,29702.9010953937,25744.5148168727,66129.1335507234,0.741146374619705
10.3,0.0233673323690734,0.240683523401456,10.598557136595,0.0729780716884043,0.408388975114508,0.107403530901831,2.14709771854094e-05,0.232371033925972,29732.6188528914,25769.9143366505,66200.4401850796,0.741887891691068
10.301,0.0233673323690734,0.240706890733825,10.598557136595,0.0729851569380828,0.408428624529568,0.108195760255176,2.281474550239e-05,0.233141136666922,29762.3663430104,25795.3389155761,66271.823708937,0.742630150650383
10.302,0.0233673323690734,0.240730258066194,10.598557136595,0.0729922421877612,0.408468273944628,0.108992032185417,2.42377298614372e-05,0.233912504289149,29792.1435954982,25820.788578373,66343.2842052051,0.743373152239911
10.303,0.0233673323690734,0.240753625398564,10.598557136595,0.0729993274374397,0.408507923359687,0.109792351896755,2.57442839820903e-05,0.234685133707771,29821.9506401321,25846.263349789,66414.8217568832,0.744116897202655
10.304,0.0233673323690734,0.240776992730933,10.598557136595,0.0730064126871182,0.408547572774747,0.11059672447222,2.7338981368002e-05,0.235459021818915,29851.7875067191,25871.7632545961,66486.4364470591,0.744861386282356
10.305,0.0233673323690734,0.240800360063302,10.598557136595,0.0730134979367967,0.408587222189807,0.111405154872895,2.90266252606863e-05,0.236234165499773,29881.6542250961,25897.2883175908,66558.1283589111,0.745606620223506
10.306,0.0233673323690734,0.240823727395671,10.598557136595,0.0730205831864752,0.408626871604866,0.11221764793714,3.08122589807864e-05,0.237010561608639,29911.5508251299,25922.8385635944,66629.8975757069,0.746352599771339
10.307,0.0233673323690734,0.24084709472804,10.598557136595,0.0730276684361537,0.408666521019926,0.113034208379815,3.27011766686479e-05,0.23778820698495,29941.4773367169,25948.4140174523,66701.7441808036,0.747099325671833
10.308,0.0233673323690734,0.240870462060409,10.598557136595,0.0730347536858322,0.408706170434986,0.113854840791528,3.46989344361841e-05,0.238567098449342,29971.4337897838,25974.0147040345,66773.6682576489,0.747846798671715
10.309,0.0233673323690734,0.240893829392778,10.598557136595,0.0730418389355107,0.408745819850045,0.114679549637867,3.68113619421075e-05,0.239347232803688,30001.420214287,25999.6406482356,66845.6698897798,0.748595019518458
10.31,0.0233673323690734,0.240917196725147,10.598557136595,0.0730489241851891,0.408785469265105,0.115508339258655,3.90445744028895e-05,0.240128606831147,30031.4366402129,26025.2918749749,66917.7491608241,0.749343988960284
10.311,0.0233673323690734,0.240940564057516,10.598557136595,0.0730560094348676,0.408825118680165,0.116341213867198,4.14049850518883e-05,0.240911217296208,30061.4830975779,26050.968409196,66989.9061544989,0.75009370774616
10.312,0.0233673323690734,0.240963931389885,10.598557136595,0.0730630946845461,0.408864768095224,0.117178177549549,4.38993180593441e-05,0.241695060944742,30091.5596164285,26076.6702758672,67062.1409546121,0.750844176625807
10.313,0.0233673323690734,0.240987298722254,10.598557136595,0.0730701799342246,0.408904417510284,0.11801923426378,4.65346219259603e-05,0.24248013450405,30121.6662268413,26102.3974999817,67134.4536450624,0.751595396349694
10.314,0.0233673323690734,0.241010666054623,10.598557136595,0.0730772651839031,0.408944066925344,0.118864387839243,4.93182833630364e-05,0.243266434682902,30151.8029589227,26128.1501065568,67206.8443098377,0.752347367669038
10.315,0.0233673323690734,0.241034033386992,10.598557136595,0.0730843504335816,0.408983716340403,0.11971364197586,5.22580416722613e-05,0.244053958171599,30181.9698428097,26153.9281206351,67279.3130330178,0.753100091335814
10.316,0.0233673323690734,0.241057400719361,10.598557136595,0.0730914356832601,0.409023365755463,0.120567000243409,5.53620036382753e-05,0.244842701642014,30212.166908669,26179.7315672835,67351.8598987726,0.753853568102744
10.317,0.0233673323690734,0.241080768051731,10.598557136595,0.0730985209329385,0.409063015170523,0.121424466080807,5.86386589473273e-05,0.245632661747642,30242.3941866978,26205.5604715938,67424.4849913622,0.754607798723304
10.318,0.0233673323690734,0.2411041353841,10.598557136595,0.073105606182617,0.409102664585582,0.122286042795423,6.20968961454787e-05,0.246423835123655,30272.6517071232,26231.4148586825,67497.1883951387,0.755362783951726
10.319,0.0233673323690734,0.241127502716469,10.598557136595,0.0731126914322955,0.409142314000642,0.123151733562376,6.57460191497258e-05,0.247216218386947,30302.9395002029,26257.2947536909,67569.9701945442,0.756118524542994
10.32,0.0233673323690734,0.241150870048838,10.598557136595,0.073119776681974,0.409181963415702,0.124021541423852,6.95957643256713e-05,0.248009808136191,30333.2575962246,26283.200181785,67642.8304741126,0.756875021252852
10.321,0.0233673323690734,0.241174237381207,10.598557136595,0.0731268619316525,0.409221612830761,0.124895469288419,7.36563181452768e-05,0.248804600951884,30363.6060255064,26309.1311681559,67715.7693184681,0.757632274837792
10.322,0.0233673323690734,0.241197604713576,10.598557136595,0.073133947181331,0.409261262245821,0.125773519930365,7.79383354384378e-05,0.249600593396405,30393.9848183968,26335.0877380192,67788.7868123269,0.758390286055071
10.323,0.0233673323690734,0.241220972045945,10.598557136595,0.0731410324310095,0.409300911660881,0.126655695989024,8.24529582519163e-05,0.250397782014066,30424.3940052746,26361.0699166156,67861.8830404965,0.7591490556627
10.324,0.0233673323690734,0.241244339378314,10.598557136595,0.0731481176806879,0.40934056107594,0.127541999968118,8.72118353293488e-05,0.251196163331161,30454.8336165488,26387.0777292108,67935.058087875,0.759908584419446
10.325,0.0233673323690734,0.241267706710683,10.598557136595,0.0731552029303664,0.409380210491,0.128432434235112,9.22271422260565e-05,0.251995733856028,30485.3036826592,26413.1112010951,68008.3120394532,0.760668873084841
10.326,0.0233673323690734,0.241291074043052,10.598557136595,0.0731622881800449,0.40941985990606,0.129327001020569,9.75116020721307e-05,0.252796490079096,30515.8042340759,26439.170357584,68081.6449803129,0.761429922419173
10.327,0.0233673323690734,0.241314441375421,10.598557136595,0.0731693734297234,0.409459509321119,0.130225702417507,0.000103078506997419,0.253598428472938,30546.3353012994,26465.255224018,68155.0569956274,0.762191733183489
10.328,0.0233673323690734,0.24133780870779,10.598557136595,0.0731764586794019,0.409499158736179,0.131128540380782,0.000108941740231981,0.254401545492335,30576.8969148606,26491.3658257624,68228.5481706627,0.762954306139603
10.329,0.0233673323690734,0.241361176040159,10.598557136595,0.0731835439290804,0.409538808151238,0.132035516726462,0.000115115798895246,0.255205837574325,30607.4891053214,26517.5021882077,68302.1185907759,0.763717642050087
10.33,0.0233673323690734,0.241384543372528,10.598557136595,0.0731906291787589,0.409578457566298,0.13294663313121,0.000121615817487183,0.256011301138256,30638.1119032738,26543.6643367693,68375.7683414166,0.764481741678276
10.331,0.0233673323690734,0.241407910704898,10.598557136595,0.0731977144284373,0.409618106981358,0.133861891131686,0.000128457592094736,0.256817932585849,30668.7653393406,26569.8522968879,68449.4975081263,0.76524660578827
10.332,0.0233673323690734,0.241431278037267,10.598557136595,0.0732047996781158,0.409657756396417,0.134781292123951,0.000135657605326255,0.257625728301255,30699.4494441754,26596.0660940291,68523.3061765392,0.766012235144935
10.333,0.0233673323690734,0.241454645369636,10.598557136595,0.0732118849277943,0.409697405811477,0.135704837362866,0.000143233051986745,0.258434684651102,30730.1642484621,26622.3057536836,68597.1944323811,0.766778630513898
10.334,0.0233673323690734,0.241478012702005,10.598557136595,0.0732189701774728,0.409737055226537,0.136632527961525,0.000151201865506593,0.259244797984566,30760.9097829157,26648.5713013674,68671.1623614707,0.767545792661555
10.335,0.0233673323690734,0.241501380034374,10.598557136595,0.0732260554271513,0.409776704641596,0.137564364890677,0.000159582745135802,0.260056064633422,30791.6860782816,26674.8627626218,68745.2100497194,0.76831372235507
10.336,0.0233673323690734,0.241524747366743,10.598557136595,0.0732331406768298,0.409816354056656,0.138500348978153,0.000168395183915791,0.2608684809121,30822.4931653362,26701.1801630128,68819.3375831307,0.76908242036237
10.337,0.0233673323690734,0.241548114699112,10.598557136595,0.0732402259265083,0.409856003471716,0.139440480908325,0.000177659497440596,0.261682043117753,30853.3310748864,26727.5235281321,68893.5450478014,0.769851887452155
10.338,0.0233673323690734,0.241571482031481,10.598557136595,0.0732473111761868,0.409895652886775,0.140384761221546,0.000187396853418496,0.26249674753031,30884.1998377704,26753.8928835965,68967.8325299209,0.770622124393892
10.339,0.0233673323690734,0.24159484936385,10.598557136595,0.0732543964258652,0.409935302301835,0.141333190313613,0.000197629302045122,0.263312590412534,30915.0994848567,26780.2882550479,69042.2001157711,0.771393131957817
10.34,0.0233673323690734,0.241618216696219,10.598557136595,0.0732614816755437,0.409974951716895,0.142285768435239,0.000208379807198751,0.264129568010087,30946.0300470451,26806.7096681539,69116.6478917278,0.772164910914938
10.341,0.0233673323690734,0.241641584028588,10.598557136595,0.0732685669252222,0.410014601131954,0.143242495691527,0.000219672278467494,0.264947676551593,30976.9915552661,26833.1571486069,69191.1759442592,0.772937462037035
10.342,0.0233673323690734,0.241664951360957,10.598557136595,0.0732756521749007,0.410054250547014,0.144203372041459,0.000231531604018283,0.265766912248692,31007.9840404813,26859.6307221252,69265.7843599274,0.773710786096659
10.343,0.0233673323690734,0.241688318693326,10.598557136595,0.0732827374245792,0.410093899962074,0.145168397297385,0.000243983684316457,0.266587271296105,31039.0075336831,26886.130414452,69340.4732253872,0.774484883867132
10.344,0.0233673323690734,0.241711686025696,10.598557136595,0.0732898226742577,0.410133549377133,0.146137571124534,0.000257055466704806,0.2674087498717,31070.062065895,26912.6562513561,69415.2426273869,0.775259756122554
10.345,0.0233673323690734,0.241735053358065,10.598557136595,0.0732969079239361,0.410173198792193,0.147110893040522,0.000270774980849586,0.268231344136549,31101.1476681716,26939.2082586319,69490.0926527692,0.776035403637798
10.346,0.0233673323690734,0.241758420690434,10.598557136595,0.0733039931736146,0.410212848207253,0.148088362414871,0.000285171375060933,0.269055050234991,31132.2643715984,26965.7864620989,69565.0233884691,0.776811827188508
10.347,0.0233673323690734,0.241781788022803,10.598557136595,0.0733110784232931,0.410252497622312,0.149069978468545,0.000300274953494521,0.269879864294701,31163.4122072922,26992.3908876023,69640.0349215165,0.777589027551111
10.348,0.0233673323690734,0.241805155355172,10.598557136595,0.0733181636729716,0.410292147037372,0.150055740273488,0.000316117214239908,0.270705782426751,31194.5912064008,27019.0215610128,69715.1273390346,0.778367005502807
10.349,0.0233673323690734,0.241828522687541,10.598557136595,0.0733252489226501,0.410331796452432,0.151045646752166,0.000332730888300869,0.271532800725668,31225.8014001032,27045.6785082265,69790.3007282403,0.779145761821573
10.35,0.0233673323690734,0.24185189001991,10.598557136595,0.0733323341723286,0.410371445867491,0.152039696677132,0.000350149979472318,0.272360915269512,31257.0428196096,27072.3617551651,69865.5551764452,0.779925297286165
10.351,0.0233673323690734,0.241875257352279,10.598557136595,0.0733394194220071,0.410411095282551,0.153037888670592,0.000368409805116744,0.273190122119927,31288.3154961614,27099.0713277759,69940.8907710545,0.780705612676119
10.352,0.0233673323690734,0.241898624684648,10.598557136595,0.0733465046716855,0.410450744697611,0.154040221203979,0.000387547037843191,0.274020417322219,31319.6194610314,27125.8072520318,70016.3075995683,0.781486708771753
10.353,0.0233673323690734,0.241921992017017,10.598557136595,0.073353589921364,0.41049039411267,0.155046692597534,0.000407599748090054,0.27485179690541,31350.9547455234,27152.5695539313,70091.8057495801,0.782268586354159
10.354,0.0233673323690734,0.241945359349386,10.598557136595,0.0733606751710425,0.41053004352773,0.156057301019911,0.00042860744761289,0.275684256882314,31382.3213809727,27179.3582594986,70167.3853087785,0.783051246205217
10.355,0.0233673323690734,0.241968726681755,10.598557136595,0.073367760420721,0.41056969294279,0.157072044487777,0.000450611133876232,0.276517793249601,31413.7193987461,27206.1733947836,70243.0463649468,0.783834689107587
10.356,0.0233673323690734,0.241992094014124,10.598557136595,0.0733748456703995,0.410609342357849,0.15809092086542,0.00047365333534824,0.277352401987859,31445.1488302415,27233.0149858616,70318.7890059622,0.784618915844711
10.357,0.0233673323690734,0.242015461346493,10.598557136595,0.073381930920078,0.410648991772909,0.159113927864382,0.000497778157696008,0.27818807906167,31476.6097068883,27259.8830588341,70394.6133197976,0.785403927200815
10.358,0.0233673323690734,0.242038828678863,10.598557136595,0.0733890161697565,0.410688641187969,0.160141063043091,0.000523031330877108,0.279024820419674,31508.1020601475,27286.7776398281,70470.5193945201,0.786189723960914
10.359,0.0233673323690734,0.242062196011232,10.598557136595,0.073396101419435,0.410728290603028,0.161172323806493,0.000549460257122718,0.279862621994633,31539.6259215113,27313.6987549963,70546.5073182918,0.786976306910801
10.36,0.0233673323690734,0.242085563343601,10.598557136595,0.0734031866691134,0.410767940018088,0.16220770740572,0.000577114059806575,0.280701479703509,31571.1813225037,27340.6464305174,70622.5771793703,0.78776367683706
10.361,0.0233673323690734,0.24210893067597,10.598557136595,0.0734102719187919,0.410807589433148,0.163247210937746,0.000606043633191437,0.281541389447528,31602.76829468,27367.6206925957,70698.7290661079,0.788551834527063
10.362,0.0233673323690734,0.242132298008339,10.598557136595,0.0734173571684704,0.410847238848207,0.164290831345053,0.000636301693044502,0.282382347112246,31634.3868696273,27394.6215674615,70774.9630669525,0.789340780768966
10.363,0.0233673323690734,0.242155665340708,10.598557136595,0.0734244424181489,0.410886888263267,0.165338565415327,0.000667942828112037,0.283224348567626,31666.0370789641,27421.649081371,70851.279270447,0.790130516351714
10.364,0.0233673323690734,0.242179032673077,10.598557136595,0.0734315276678274,0.410926537678327,0.166390409781141,0.000701023552440514,0.284067389668107,31697.7189543406,27448.7032606063,70927.6777652304,0.790921042065046
10.365,0.0233673323690734,0.242202400005446,10.598557136595,0.0734386129175059,0.410966187093386,0.167446360919658,0.00073560235853142,0.284911466252668,31729.4325274387,27475.7841314754,71004.1586400365,0.791712358699485
10.366,0.0233673323690734,0.242225767337815,10.598557136595,0.0734456981671843,0.411005836508446,0.168506415152348,0.000771739771315549,0.285756574144909,31761.1778299719,27502.8917203121,71080.7219836953,0.792504467046349
10.367,0.0233673323690734,0.242249134670184,10.598557136595,0.0734527834168628,0.411045485923506,0.169570568644711,0.00080949840292926,0.286602709153117,31792.9548936857,27530.0260534765,71157.3678851326,0.793297367897746
10.368,0.0233673323690734,0.242272502002553,10.598557136595,0.0734598686665413,0.411085135338565,0.170638817406,0.000848943008275165,0.287449867070336,31824.7637503569,27557.1871573544,71234.0964333697,0.794091062046577
10.369,0.0233673323690734,0.242295869334922,10.598557136595,0.0734669539162198,0.411124784753625,0.17171115728898,0.000890140541348163,0.288298043674446,31856.6044317946,27584.3750583578,71310.9077175242,0.794885550286536
10.37,0.0233673323690734,0.242319236667291,10.598557136595,0.0734740391658983,0.411164434168685,0.172787583989671,0.000933160212304095,0.28914723472823,31888.4769698394,27611.5897829249,71387.8018268099,0.795680833412112
10.371,0.0233673323690734,0.242342603999661,10.598557136595,0.0734811244155768,0.411204083583744,0.173868093047113,0.000978073545248345,0.289997435979447,31920.3813963638,27638.8313575195,71464.7788505363,0.796476912218588
10.372,0.0233673323690734,0.24236597133203,10.598557136595,0.0734882096652553,0.411243732998804,0.174952679843144,0.00102495443672001,0.29084864316091,31952.3177432723,27666.099808632,71541.8388781099,0.797273787502041
10.373,0.0233673323690734,0.242389338664399,10.598557136595,0.0734952949149337,0.411283382413864,0.176041339602182,0.00107387921484323,0.291700851990557,31984.2860425011,27693.3951627788,71618.981999033,0.798071460059349
10.374,0.0233673323690734,0.242412705996768,10.598557136595,0.0735023801646122,0.411323031828923,0.177134067391025,0.001124926699118,0.292554058171527,32016.2863260187,27720.7174465023,71696.2083029047,0.798869930688184
10.375,0.0233673323690734,0.242436073329137,10.598557136595,0.0735094654142907,0.411362681243983,0.178230858118645,0.00117817826081869,0.293408257392226,32048.3186258252,27748.0666863712,71773.5178794206,0.799669200187016
10.376,0.0233673323690734,0.242459440661506,10.598557136595,0.0735165506639692,0.411402330659043,0.17933170653602,0.00123371788396884,0.294263445326415,32080.3829739531,27775.4429089805,71850.910818373,0.800469269355114
10.377,0.0233673323690734,0.242482807993875,10.598557136595,0.0735236359136477,0.411441980074102,0.180436607235952,0.00129163222685568,0.29511961763328,32112.4794024666,27802.8461409514,71928.3872096516,0.801270138992549
10.378,0.0233673323690734,0.242506175326244,10.598557136595,0.0735307211633262,0.411481629489162,0.181545554652902,0.00135201068404818,0.295976769957501,32144.6079434622,27830.2764089311,72005.9471432418,0.802071809900189
10.379,0.0233673323690734,0.242529542658613,10.598557136595,0.0735378064130047,0.411521278904221,0.182658543062847,0.00141494544888058,0.296834897929338,32176.7686290684,27857.7337395934,72083.5907092272,0.802874282879706
10.38,0.0233673323690734,0.242552909990982,10.598557136595,0.0735448916626832,0.411560928319281,0.183775566583136,0.00148053157635851,0.297693997164704,32208.961491446,27885.2181596385,72161.3179977882,0.803677558733574
10.381,0.0233673323690734,0.242576277323351,10.598557136595,0.0735519769123616,0.411600577734341,0.184896619172353,0.00154886704644496,0.298554063265235,32241.1865627876,27912.7296957926,72239.1290992018,0.804481638265066
10.382,0.0233673323690734,0.24259964465572,10.598557136595,0.0735590621620401,0.4116402271494,0.186021694630206,0.00162005282768203,0.299415091818378,32273.4438753186,27940.2683748084,72317.0241038434,0.805286522278264
10.383,0.0233673323690734,0.242623011988089,10.598557136595,0.0735661474117186,0.41167987656446,0.187150786597417,0.00169419294109816,0.300277078397462,32305.733461296,27967.8342234651,72395.003102185,0.806092211578051
10.384,0.0233673323690734,0.242646379320458,10.598557136595,0.0735732326613971,0.41171952597952,0.188283888555624,0.00177139452435303,0.301140018561779,32338.0553530097,27995.4272685682,72473.0661847969,0.806898706970118
10.385,0.0233673323690734,0.242669746652828,10.598557136595,0.0735803179110756,0.411759175394579,0.189420993827285,0.00185176789606607,0.302003907856654,32370.4095827814,28023.0475369498,72551.2134423463,0.807706009260958
10.386,0.0233673323690734,0.242693113985197,10.598557136595,0.0735874031607541,0.411798824809639,0.19056209557562,0.00193542662027635,0.302868741813534,32402.7961829654,28050.6950554682,72629.4449655984,0.808514119257874
10.387,0.0233673323690734,0.242716481317566,10.598557136595,0.0735944884104325,0.411838474224699,0.191707186804534,0.00202248757097446,0.303734515950064,32435.2151859483,28078.3698510086,72707.7608454168,0.809323037768979
10.388,0.0233673323690734,0.242739848649935,10.598557136595,0.073601573660111,0.411878123639758,0.192856260358561,0.00211307099664819,0.304601225770157,32467.6666241491,28106.0719504822,72786.1611727622,0.810132765603187
10.389,0.0233673323690734,0.242763215982304,10.598557136595,0.0736086589097895,0.411917773054818,0.194009308922828,0.00220730058478202,0.305468866764089,32500.1505300191,28133.8013808272,72864.6460386942,0.810943303570229
10.39,0.0233673323690734,0.242786583314673,10.598557136595,0.073615744159468,0.411957422469878,0.195166325023025,0.00230530352624398,0.306337434408566,32532.6669360425,28161.5581690083,72943.2155343703,0.811754652480643
10.391,0.0233673323690734,0.242809950647042,10.598557136595,0.0736228294091465,0.411997071884937,0.196327301025373,0.00240721057949476,0.307206924166808,32565.2158747355,28189.3423420166,73021.8697510457,0.812566813145775
10.392,0.0233673323690734,0.242833317979411,10.598557136595,0.073629914658825,0.412036721299997,0.197492229136624,0.00251315613455229,0.308077331488632,32597.797378647,28217.15392687,73100.608780075,0.813379786377789
10.393,0.0233673323690734,0.24285668531178,10.598557136595,0.0736369999085035,0.412076370715057,0.198661101404063,0.00262327827663797,0.308948651810532,32630.4114803587,28244.992950613,73179.4327129108,0.814193572989658
10.394,0.0233673323690734,0.242880052644149,10.598557136595,0.073644085158182,0.412116020130116,0.199833909715509,0.00273771884943256,0.309820880555752,32663.0582124846,28272.8594403167,73258.3416411042,0.815008173795167
10.395,0.0233673323690734,0.242903419976518,10.598557136595,0.0736511704078604,0.412155669545176,0.201010645799353,0.00285662351786824,0.310694013134382,32695.7376076713,28300.7534230791,73337.3356563051,0.815823589608917
10.396,0.0233673323690734,0.242926787308887,10.598557136595,0.0736582556575389,0.412195318960236,0.202191301224588,0.00298014183037559,0.31156804494343,32728.4496985985,28328.6749260248,73416.4148502626,0.816639821246326
10.397,0.0233673323690734,0.242950154641256,10.598557136595,0.0736653409072174,0.412234968375295,0.203375867400845,0.00310842728050684,0.3124429713669,32761.194517978,28356.6239763052,73495.5793148241,0.817456869523623
10.398,0.0233673323690734,0.242973521973625,10.598557136595,0.0736724261568959,0.412274617790355,0.204564335578466,0.0032416373678553,0.313318787775887,32793.9720985548,28384.6006010985,73574.8291419364,0.818274735257858
10.399,0.0233673323690734,0.242996889305995,10.598557136595,0.0736795114065744,0.412314267205415,0.205756696848564,0.00337993365818232,0.31419548952865,32826.7824731065,28412.6048276097,73654.1644236458,0.819093419266898
10.4,0.0233673323690734,0.243020256638364,10.598557136595,0.0736865966562529,0.412353916620474,0.206952942143099,0.00352348184266693,0.315073071970695,32859.6256744433,28440.6366830705,73733.585252097,0.819912922369424
10.401,0.0233673323690734,0.243043623970733,10.598557136595,0.0736936819059314,0.412393566035534,0.20815306223498,0.0036724517961914,0.315951530434866,32892.5017354086,28468.6961947398,73813.0917195346,0.82073324538494
10.402,0.0233673323690734,0.243066991303102,10.598557136595,0.0737007671556098,0.412433215450594,0.209357047738158,0.00382701763456735,0.316830860241419,32925.4106888783,28496.7833899032,73892.6839183029,0.821554389133772
10.403,0.0233673323690734,0.243090358635471,10.598557136595,0.0737078524052883,0.412472864865653,0.210564889107739,0.00398735777061124,0.31771105669811,32958.3525677615,28524.8982958729,73972.361940845,0.82237635443706
10.404,0.0233673323690734,0.24311372596784,10.598557136595,0.0737149376549668,0.412512514280713,0.211776576640116,0.00415365496897657,0.318592115100282,32991.3274049999,28553.0409399887,74052.1258797045,0.823199142116771
10.405,0.0233673323690734,0.243137093300209,10.598557136595,0.0737220229046453,0.412552163695773,0.212992100473101,0.00432609639964055,0.319474030730945,33024.3352335685,28581.2113496169,74131.9758275243,0.824022752995692
10.406,0.0233673323690734,0.243160460632578,10.598557136595,0.0737291081543238,0.412591813110832,0.214211450586073,0.00450487368995044,0.320356798860863,33057.3760864752,28609.409552151,74211.9118770473,0.824847187897437
10.407,0.0233673323690734,0.243183827964947,10.598557136595,0.0737361934040023,0.412631462525892,0.215434616800129,0.004690182975125,0.321240414748634,33090.4499967606,28637.6355750113,74291.9341211165,0.825672447646437
10.408,0.0233673323690734,0.243207195297316,10.598557136595,0.0737432786536807,0.412671111940952,0.216661588778269,0.00488222494711361,0.322124873640785,33123.5569974988,28665.8894456455,74372.0426526748,0.826498533067953
10.409,0.0233673323690734,0.243230562629685,10.598557136595,0.0737503639033592,0.412710761356011,0.217892356025567,0.00508120490170232,0.323010170771849,33156.6971217969,28694.1711915281,74452.2375647659,0.827325444988073
10.41,0.0233673323690734,0.243253929962054,10.598557136595,0.0737574491530377,0.412750410771071,0.21912690788936,0.00528733278376359,0.323896301364453,33189.8704027947,28722.4808401609,74532.5189505329,0.828153184233705
10.411,0.0233673323690734,0.243277297294423,10.598557136595,0.0737645344027162,0.412790060186131,0.220365233559464,0.00550082323054551,0.324783260629405,33223.0768736657,28750.8184190725,74612.8869032198,0.82898175163259
10.412,0.0233673323690734,0.243300664626792,10.598557136595,0.0737716196523947,0.41282970960119,0.221607322068381,0.00572189561288456,0.325671043765781,33256.3165676163,28779.1839558192,74693.3415161716,0.829811148013296
10.413,0.0233673323690734,0.243324031959162,10.598557136595,0.0737787049020732,0.41286935901625,0.22285316229153,0.00595077407423743,0.326559645961013,33289.5895178864,28807.577477984,74773.8828828333,0.830641374205221
10.414,0.0233673323690734,0.243347399291531,10.598557136595,0.0737857901517517,0.41290900843131,0.224102742947472,0.00618768756741539,0.327449062390965,33322.8957577487,28835.9990131772,74854.5110967508,0.831472431038588
10.415,0.0233673323690734,0.2433707666239,10.598557136595,0.0737928754014301,0.412948657846369,0.22535605259818,0.00643286988891517,0.328339288220038,33356.2353205095,28864.4485890367,74935.226251571,0.832304319344455
10.416,0.0233673323690734,0.243394133956269,10.598557136595,0.0737999606511086,0.412988307261429,0.226613079649287,0.00668655971072462,0.329230318601244,33389.6082395085,28892.9262332272,75016.028441042,0.833137039954712
10.417,0.0233673323690734,0.243417501288638,10.598557136595,0.0738070459007871,0.413027956676489,0.227873812350353,0.00694900060949192,0.330122148676295,33423.0145481184,28921.4319734409,75096.9177590124,0.833970593702077
10.418,0.0233673323690734,0.243440868621007,10.598557136595,0.0738141311504656,0.413067606091548,0.229138238795161,0.00722044109294695,0.331014773575696,33456.4542797457,28949.9658373974,75177.8942994323,0.834804981420105
10.419,0.0233673323690734,0.243464235953376,10.598557136595,0.0738212164001441,0.413107255506608,0.230406346922005,0.00750113462345085,0.331908188418834,33489.9274678301,28978.5278528435,75258.9581563535,0.835640203943186
10.42,0.0233673323690734,0.243487603285745,10.598557136595,0.0738283016498226,0.413146904921668,0.23167812451399,0.00779133963856029,0.332802388314056,33523.4341458447,29007.1180475535,75340.1094239283,0.836476262106539
10.421,0.0233673323690734,0.243510970618114,10.598557136595,0.0738353868995011,0.413186554336727,0.23295355919936,0.00809131956849465,0.333697368358769,33556.9743472962,29035.736449329,75421.3481964115,0.837313156746224
10.422,0.0233673323690734,0.243534337950483,10.598557136595,0.0738424721491796,0.413226203751787,0.234232638451822,0.00840134285037934,0.334593123639525,33590.5481057249,29064.3830859991,75502.6745681591,0.838150888699136
10.423,0.0233673323690734,0.243557705282852,10.598557136595,0.073849557398858,0.413265853166847,0.235515349590876,0.00872168293915219,0.335489649232105,33624.1554547045,29093.0579854204,75584.0886336284,0.838989458803006
10.424,0.0233673323690734,0.243581072615221,10.598557136595,0.0738566426485365,0.413305502581906,0.236801679782183,0.00905261831502059,0.336386940201618,33657.7964278424,29121.7611754767,75665.5904873795,0.839828867896405
10.425,0.0233673323690734,0.24360443994759,10.598557136595,0.073863727898215,0.413345151996966,0.238091616037916,0.00939443248734247,0.337284991602586,33691.4710587795,29150.4926840797,75747.1802240738,0.840669116818743
10.426,0.0233673323690734,0.24362780727996,10.598557136595,0.0738708131478935,0.413384801412026,0.239385145217131,0.00974741399481861,0.338183798479026,33725.1793811904,29179.2525391683,75828.8579384747,0.841510206410266
10.427,0.0233673323690734,0.243651174612329,10.598557136595,0.073877898397572,0.413424450827085,0.240682254026158,0.010111856401886,0.339083355864554,33758.9214287836,29208.0407687092,75910.6237254483,0.842352137512066
10.428,0.0233673323690734,0.243674541944698,10.598557136595,0.0738849836472505,0.413464100242145,0.241982929018998,0.0104880582911857,0.33998365878247,33792.697235301,29236.8574006968,75992.4776799626,0.843194910966075
10.429,0.0233673323690734,0.243697909277067,10.598557136595,0.073892068896929,0.413503749657205,0.243287156597718,0.0108763232519952,0.340884702245839,33826.5068345184,29265.7024631526,76074.4198970882,0.844038527615063
10.43,0.0233673323690734,0.243721276609436,10.598557136595,0.0738991541466074,0.413543399072264,0.244594923012882,0.0112769598645188,0.341786481257598,33860.3502602455,29294.5759841263,76156.450471998,0.84488298830265
10.431,0.0233673323690734,0.243744643941805,10.598557136595,0.0739062393962859,0.413583048487324,0.245906214363975,0.0116902816799105,0.342688990810636,33894.2275463257,29323.4779916951,76238.5694999676,0.845728293873297
10.432,0.0233673323690734,0.243768011274174,10.598557136595,0.0739133246459644,0.413622697902384,0.247221016599835,0.0121166071959252,0.343592225887885,33928.1387266362,29352.4085139636,76320.7770763756,0.846574445172307
10.433,0.0233673323690734,0.243791378606543,10.598557136595,0.0739204098956429,0.413662347317443,0.248539315519121,0.0125562598280948,0.344496181462418,33962.0838350883,29381.3675790647,76403.073296703,0.847421443045832
10.434,0.0233673323690734,0.243814745938912,10.598557136595,0.0739274951453214,0.413701996732503,0.24986109677076,0.0130095678763085,0.345400852497535,33996.0629056271,29410.3552151584,76485.4582565342,0.848269288340871
10.435,0.0233673323690734,0.243838113271281,10.598557136595,0.0739345803949999,0.413741646147563,0.251186345854431,0.0134768644867025,0.346306233946859,34030.0759722316,29439.3714504331,76567.9320515564,0.849117981905271
10.436,0.0233673323690734,0.24386148060365,10.598557136595,0.0739416656446784,0.413781295562622,0.252515048121034,0.0139584876087482,0.347212320754421,34064.1230689149,29468.4163131046,76650.4947775599,0.849967524587722
10.437,0.0233673323690734,0.243884847936019,10.598557136595,0.0739487508943568,0.413820944977682,0.253847188773204,0.0144547799474487,0.348119107854759,34098.2042297241,29497.4898314167,76733.1465304386,0.850817917237768
10.438,0.0233673323690734,0.243908215268388,10.598557136595,0.0739558361440353,0.413860594392742,0.255182752865808,0.0149660889105321,0.349026590173012,34132.3194887405,29526.592033641,76815.8874061895,0.851669160705804
10.439,0.0233673323690734,0.243931582600757,10.598557136595,0.0739629213937138,0.413900243807801,0.256521725306454,0.015492766550551,0.349934762625,34166.4688800791,29555.7229480771,76898.7175009133,0.85252125584307
10.44,0.0233673323690734,0.243954949933127,10.598557136595,0.0739700066433923,0.413939893222861,0.257864090856034,0.016035169501806,0.350843620117333,34200.6524378894,29584.8826030523,76981.6369108142,0.853374203501663
10.441,0.0233673323690734,0.243978317265496,10.598557136595,0.0739770918930708,0.413979542637921,0.259209834129256,0.0165936589119864,0.351753157547493,34234.8701963551,29614.0710269222,77064.6457322005,0.854228004534532
10.442,0.0233673323690734,0.244001684597865,10.598557136595,0.0739841771427493,0.41401919205298,0.260558939595185,0.0171686003684507,0.352663369803929,34269.1221896938,29643.28824807,77147.7440614836,0.855082659795475
10.443,0.0233673323690734,0.244025051930234,10.598557136595,0.0739912623924278,0.41405884146804,0.261911391577818,0.0177603638190738,0.353574251766155,34303.4084521575,29672.5342949072,77230.9319951794,0.855938170139149
10.444,0.0233673323690734,0.244048419262603,10.598557136595,0.0739983476421062,0.414098490883099,0.263267174256647,0.0183693234875639,0.354485798304837,34337.7290180325,29701.8091958732,77314.2096299081,0.856794536421065
10.445,0.0233673323690734,0.244071786594972,10.598557136595,0.0740054328917847,0.414138140298159,0.26462627166724,0.0189958577831904,0.355398004281894,34372.0839216395,29731.1129794354,77397.5770623935,0.85765175949759
10.446,0.0233673323690734,0.244095153927341,10.598557136595,0.0740125181414632,0.414177789713219,0.265988667701833,0.0196403492048412,0.356310864550581,34406.4731973332,29760.4456740892,77481.034389464,0.858509840225945
10.447,0.0233673323690734,0.24411852125971,10.598557136595,0.0740196033911417,0.414217439128278,0.267354346109937,0.0203031842393598,0.357224373955595,34440.8968795029,29789.8073083585,77564.5817080525,0.859368779464211
10.448,0.0233673323690734,0.244141888592079,10.598557136595,0.0740266886408202,0.414257088543338,0.268723290498951,0.0209847532540829,0.358138527333163,34475.3550025725,29819.1979107951,77648.2191151961,0.86022857807133
10.449,0.0233673323690734,0.244165255924448,10.598557136595,0.0740337738904987,0.414296737958398,0.270095484334776,0.0216854503835293,0.359053319511134,34509.8476009999,29848.6175099789,77731.9467080369,0.861089236907097
10.45,0.0233673323690734,0.244188623256817,10.598557136595,0.0740408591401771,0.414336387373457,0.271470910942466,0.0224056734102029,0.359968745309079,34544.3747092777,29878.0661345179,77815.7645838213,0.861950756832173
10.451,0.0233673323690734,0.244211990589186,10.598557136595,0.0740479443898557,0.414376036788517,0.272849553506862,0.0231458236394411,0.360884799538385,34578.9363619333,29907.5438130489,77899.6728399014,0.862813138708079
10.452,0.0233673323690734,0.244235357921555,10.598557136595,0.0740550296395341,0.414415686203577,0.274231395073245,0.0239063057682802,0.361801477002341,34613.5325935279,29937.0505742361,77983.6715737331,0.863676383397194
10.453,0.0233673323690734,0.244258725253925,10.598557136595,0.0740621148892126,0.414455335618636,0.275616418548011,0.0246875277483139,0.362718772496247,34648.1634386581,29966.5864467727,78067.7608828782,0.864540491762765
10.454,0.0233673323690734,0.244282092586294,10.598557136595,0.0740692001388911,0.414494985033696,0.277004606699342,0.0254899006424956,0.3636366808075,34682.8289319547,29996.15145938,78151.9408650038,0.8654054646689
10.455,0.0233673323690734,0.244305459918663,10.598557136595,0.0740762853885696,0.414534634448756,0.278395942157887,0.0263138384758703,0.364555196715689,34717.529108083,30025.7456408073,78236.2116178815,0.866271302980572
10.456,0.0233673323690734,0.244328827251032,10.598557136595,0.0740833706382481,0.414574283863815,0.279790407417469,0.0271597580802363,0.365474314992694,34752.2640017433,30055.3690198327,78320.5732393893,0.867138007563618
10.457,0.0233673323690734,0.244352194583401,10.598557136595,0.0740904558879266,0.414613933278875,0.281187984835786,0.0280280789326983,0.366394030402782,34787.0336476706,30085.0216252626,78405.0258275102,0.868005579284745
10.458,0.0233673323690734,0.24437556191577,10.598557136595,0.074097541137605,0.414653582693935,0.282588656635121,0.0289192229881244,0.367314337702695,34821.8380806344,30114.7034859316,78489.5694803324,0.868874019011523
10.459,0.0233673323690734,0.244398929248139,10.598557136595,0.0741046263872835,0.414693232108994,0.283992404903083,0.0298336145055221,0.368235231641758,34856.6773354391,30144.4146307029,78574.2042960511,0.869743327612392
10.46,0.0233673323690734,0.244422296580508,10.598557136595,0.074111711636962,0.414732881524054,0.285399211593334,0.0307716798683184,0.369156706961967,34891.5514469242,30174.1550884683,78658.9303729664,0.870613505956663
10.461,0.0233673323690734,0.244445663912877,10.598557136595,0.0741187968866405,0.414772530939114,0.286809058526333,0.0317338473985732,0.370078758398081,34926.4604499635,30203.9248881479,78743.7478094846,0.87148455491451
10.462,0.0233673323690734,0.244469031245246,10.598557136595,0.074125882136319,0.414812180354173,0.288221927390101,0.0327205471651684,0.371001380677731,34961.4043794662,30233.7240586904,78828.6567041182,0.872356475356986
10.463,0.0233673323690734,0.244492398577615,10.598557136595,0.0741329673859975,0.414851829769233,0.289637799740986,0.033732210785973,0.371924568521506,34996.3832703763,30263.5526290732,78913.6571554863,0.873229268156011
10.464,0.0233673323690734,0.244515765909984,10.598557136595,0.074140052635676,0.414891479184293,0.291056657004427,0.0347692712240401,0.372848316643049,35031.3971576724,30293.410628302,78998.7492623134,0.874102934184375
10.465,0.0233673323690734,0.244539133242353,10.598557136595,0.0741471378853544,0.414931128599352,0.292478480475757,0.0358321625778988,0.373772619749161,35066.4460763687,30323.2980854113,79083.9331234313,0.874977474315746
10.466,0.0233673323690734,0.244562500574722,10.598557136595,0.0741542231350329,0.414970778014412,0.293903251320987,0.0369213198659634,0.374697472539893,35101.5300615139,30353.2150294643,79169.2088377781,0.875852889424664
10.467,0.0233673323690734,0.244585867907092,10.598557136595,0.0741613083847114,0.415010427429472,0.295330950577618,0.0380371788051497,0.375622869708645,35136.6491481922,30383.1614895528,79254.5765043986,0.876729180386547
10.468,0.0233673323690734,0.244609235239461,10.598557136595,0.0741683936343899,0.415050076844531,0.296761559155443,0.0391801755837491,0.376548805942253,35171.8033715226,30413.1374947971,79340.0362224441,0.877606348077681
10.469,0.0233673323690734,0.24463260257183,10.598557136595,0.0741754788840684,0.415089726259591,0.298195057837388,0.0403507466286693,0.377475275921103,35206.9927666592,30443.1430743467,79425.5880911733,0.878484393375237
10.47,0.0233673323690734,0.244655969904199,10.598557136595,0.0741825641337469,0.415129375674651,0.299631427280335,0.0415493283670929,0.378402274319217,35242.2173687916,30473.1782573795,79511.2322099518,0.879363317157261
10.471,0.0233673323690734,0.244679337236568,10.598557136595,0.0741896493834254,0.41516902508971,0.301070648015962,0.0427763569826638,0.379329795804347,35277.4772131442,30503.2430731022,79596.9686782521,0.880243120302673
10.472,0.0233673323690734,0.244702704568937,10.598557136595,0.0741967346331038,0.41520867450477,0.302512700451603,0.0440322681663279,0.380257835038084,35312.772334977,30533.3375507504,79682.7975956541,0.881123803691279
10.473,0.0233673323690734,0.244726071901306,10.598557136595,0.0742038198827823,0.41524832391983,0.303957564871109,0.0453174968618995,0.381186386675947,35348.1027695851,30563.4617195887,79768.7190618451,0.882005368203764
10.474,0.0233673323690734,0.244749439233675,10.598557136595,0.0742109051324608,0.415287973334889,0.305405221435705,0.0466324770064927,0.382115445367479,35383.4685522989,30593.6156089101,79854.73317662,0.882887814721689
10.475,0.0233673323690734,0.244772806566044,10.598557136595,0.0742179903821393,0.415327622749949,0.306855650184886,0.0479776412659681,0.383045005756351,35418.8697184842,30623.7992480372,79940.840039881,0.883771144127503
10.476,0.0233673323690734,0.244796173898413,10.598557136595,0.0742250756318178,0.415367272165009,0.308308831037298,0.0493534207654871,0.383975062480456,35454.3063035421,30654.0126663208,80027.0397516384,0.884655357304534
10.477,0.0233673323690734,0.244819541230782,10.598557136595,0.0742321608814963,0.415406921580068,0.309764743791634,0.0507602448153578,0.384905610172009,35489.7783429094,30684.2558931411,80113.3324120102,0.885540455136997
10.478,0.0233673323690734,0.244842908563151,10.598557136595,0.0742392461311748,0.415446570995128,0.311223368127536,0.0521985406322946,0.385836643457635,35525.2858720579,30714.5289579072,80199.7181212221,0.886426438509988
10.479,0.0233673323690734,0.24486627589552,10.598557136595,0.0742463313808533,0.415486220410188,0.312684683606523,0.0536687330562966,0.386768156958484,35560.8289264952,30744.8318900572,80286.1969796082,0.887313308309492
10.48,0.0233673323690734,0.24488964322789,10.598557136595,0.0742534166305317,0.415525869825247,0.314148669672903,0.0551712442632641,0.387700145290316,35596.4075417645,30775.1647190583,80372.7690876107,0.888201065422379
10.481,0.0233673323690734,0.244913010560259,10.598557136595,0.0742605018802102,0.415565519240307,0.315615305654704,0.0567064934735563,0.388632603063599,35632.0217534442,30805.5274744066,80459.4345457801,0.889089710736404
10.482,0.0233673323690734,0.244936377892628,10.598557136595,0.0742675871298887,0.415605168655367,0.317084570764625,0.0582748966567002,0.389565524883615,35667.6715971487,30835.9201856275,80546.193454775,0.889979245140214
10.483,0.0233673323690734,0.244959745224997,10.598557136595,0.0742746723795672,0.415644818070426,0.318556444100978,0.0598768662323974,0.390498905350553,35703.3571085278,30866.3428822754,80633.0459153635,0.890869669523345
10.484,0.0233673323690734,0.244983112557366,10.598557136595,0.0742817576292457,0.415684467485486,0.320030904648639,0.0615128107680544,0.391432739059604,35739.0783232669,30896.7955939339,80719.9920284211,0.891760984776218
10.485,0.0233673323690734,0.245006479889735,10.598557136595,0.0742888428789242,0.415724116900546,0.32150793128003,0.0631831346730755,0.392367020601067,35774.8352770873,30927.2783502158,80807.0318949328,0.89265319179015
10.486,0.0233673323690734,0.245029847222104,10.598557136595,0.0742959281286027,0.415763766315605,0.322987502756083,0.0648882378900817,0.393301744560444,35810.628005746,30957.7911807631,80894.1656159927,0.89354629145735
10.487,0.0233673323690734,0.245053214554473,10.598557136595,0.0743030133782811,0.415803415730665,0.324469597727214,0.0666285155833104,0.394236905518531,35846.4565450357,30988.334115247,80981.393292803,0.894440284670914
10.488,0.0233673323690734,0.245076581886842,10.598557136595,0.0743100986279596,0.415843065145725,0.325954194734331,0.0684043578244542,0.39517249805153,35882.3209307849,31018.907183368,81068.7150266761,0.895335172324838
10.489,0.0233673323690734,0.245099949219211,10.598557136595,0.0743171838776381,0.415882714560784,0.327441272209824,0.0702161492761271,0.396108516731138,35918.2211988581,31049.5104148561,81156.1309190331,0.896230955314009
10.49,0.0233673323690734,0.24512331655158,10.598557136595,0.0743242691273166,0.415922363975844,0.328930808478561,0.0720642688732315,0.397044956124644,35954.1573851554,31080.1438394703,81243.6410714042,0.89712763453421
10.491,0.0233673323690734,0.245146683883949,10.598557136595,0.0743313543769951,0.415962013390904,0.33042278175892,0.0739490895025109,0.397981810795036,35990.129525613,31110.8074869992,81331.2455854296,0.89802521088212
10.492,0.0233673323690734,0.245170051216318,10.598557136595,0.0743384396266736,0.416001662805963,0.331917170163801,0.0758709776804924,0.398919075301094,36026.1376562033,31141.5013872606,81418.9445628589,0.898923685255316
10.493,0.0233673323690734,0.245193418548687,10.598557136595,0.0743455248763521,0.416041312221023,0.333413951701648,0.0778302932301146,0.399856744197485,36062.1818129342,31172.225570102,81506.7381055514,0.899823058552272
10.494,0.0233673323690734,0.245216785881057,10.598557136595,0.0743526101260305,0.416080961636082,0.334913104277503,0.0798273889563475,0.400794812034869,36098.2620318499,31202.9800653999,81594.6263154762,0.900723331672361
10.495,0.0233673323690734,0.245240153213426,10.598557136595,0.074359695375709,0.416120611051142,0.336414605694039,0.0818626103210235,0.401733273359997,36134.3783490307,31233.7649030609,81682.6092947123,0.901624505515858
10.496,0.0233673323690734,0.245263520545795,10.598557136595,0.0743667806253875,0.416160260466202,0.337918433652608,0.0839362951171957,0.4026721227158,36170.5308005928,31264.5801130205,81770.687145449,0.902526580983935
10.497,0.0233673323690734,0.245286887878164,10.598557136595,0.074373865875066,0.416199909881261,0.339424565754311,0.0860487731433481,0.4036113546415,36206.7194226887,31295.425725244,81858.8599699855,0.903429558978668
10.498,0.0233673323690734,0.245310255210533,10.598557136595,0.0743809511247445,0.416239559296321,0.340932979501058,0.0882003658776883,0.404550963672702,36242.944251507,31326.3017697263,81947.1278707317,0.904333440403034
10.499,0.0233673323690734,0.245333622542902,10.598557136595,0.074388036374423,0.416279208711381,0.342443652296646,0.0903913861528794,0.405490944341495,36279.2053232727,31357.208276492,82035.4909502076,0.905238226160919
10.5,0.0233673323690734,0.245356989875271,10.598557136595,0.0743951216241014,0.41631885812644,0.343956561447824,0.0926221378314772,0.406431291176544,36315.5026742466,31388.1452755948,82123.9493110435,0.906143917157103
10.501,0.0233673323690734,0.24538035720764,10.598557136595,0.0744022068737799,0.4163585075415,0.345471684165402,0.0948929154824417,0.407371998703201,36351.8363407263,31419.1127971188,82212.5030559812,0.90705051429728
10.502,0.0233673323690734,0.245403724540009,10.598557136595,0.0744092921234584,0.41639815695656,0.346988997565335,0.0972040040589676,0.408313061443595,36388.2063590454,31450.1108711772,82301.1522878725,0.907958018488048
10.503,0.0233673323690734,0.245427091872378,10.598557136595,0.0744163773731369,0.416437806371619,0.348508478669814,0.0995556785779844,0.40925447391673,36424.6127655738,31481.1395279131,82389.8971096805,0.908866430636909
10.504,0.0233673323690734,0.245450459204747,10.598557136595,0.0744234626228154,0.416477455786679,0.350030104408394,0.101948203801688,0.410196230638588,36461.055596718,31512.1987974993,82478.7376244792,0.909775751652277
10.505,0.0233673323690734,0.245473826537116,10.598557136595,0.0744305478724939,0.416517105201739,0.351553851619096,0.104381833921351,0.411138326122228,36497.534888921,31543.2887101387,82567.6739354536,0.910685982443473
10.506,0.0233673323690734,0.245497193869485,10.598557136595,0.0744376331221724,0.416556754616798,0.353079697049519,0.106856812243787,0.412080754877879,36534.0506786617,31574.4092960634,82656.7061459004,0.911597123920726
10.507,0.0233673323690734,0.245520561201854,10.598557136595,0.0744447183718508,0.416596404031858,0.354607617357988,0.109373370880815,0.413023511413044,36570.6030024563,31605.5605855358,82745.834359227,0.912509176995179
10.508,0.0233673323690734,0.245543928534224,10.598557136595,0.0744518036215293,0.416636053446918,0.356137589114673,0.111931730442008,0.413966590232598,36607.1918968568,31636.742608848,82835.0586789531,0.913422142578885
10.509,0.0233673323690734,0.245567295866593,10.598557136595,0.0744588888712078,0.416675702861977,0.357669588802733,0.11453209973109,0.414909985838886,36643.8173984524,31667.9553963219,82924.3792087097,0.914336021584812
10.51,0.0233673323690734,0.245590663198962,10.598557136595,0.0744659741208863,0.416715352277037,0.359203592819453,0.117174675446295,0.415853692731816,36680.4795438684,31699.1989783094,83013.7960522389,0.915250814926834
10.511,0.0233673323690734,0.245614030531331,10.598557136595,0.0744730593705648,0.416755001692097,0.360739577477412,0.119859641885076,0.416797705408969,36717.1783697669,31730.4733851924,83103.3093133959,0.916166523519748
10.512,0.0233673323690734,0.2456373978637,10.598557136595,0.0744801446202433,0.416794651107156,0.362277519005628,0.122587170653416,0.417742018365691,36753.913912847,31761.7786473828,83192.9190961468,0.917083148279263
10.513,0.0233673323690734,0.245660765196069,10.598557136595,0.0744872298699218,0.416834300522216,0.36381739355072,0.125357420380124,0.418686626095187,36790.6862098439,31793.1147953222,83282.6255045705,0.918000690122001
10.514,0.0233673323690734,0.245684132528438,10.598557136595,0.0744943151196003,0.416873949937276,0.365359177178088,0.128170536436482,0.419631523088628,36827.4952975302,31824.4818594827,83372.4286428577,0.918919149965506
10.515,0.0233673323690734,0.245707499860807,10.598557136595,0.0745014003692787,0.416913599352335,0.36690284587308,0.131026650661495,0.420576703835248,36864.3412127149,31855.8798703661,83462.3286153117,0.919838528728239
10.516,0.0233673323690734,0.245730867193176,10.598557136595,0.0745084856189572,0.416953248767395,0.368448375542167,0.133925881093129,0.421522162822434,36901.2239922438,31887.3088585043,83552.3255263481,0.920758827329576
10.517,0.0233673323690734,0.245754234525545,10.598557136595,0.0745155708686357,0.416992898182455,0.36999574201414,0.136868331705882,0.422467894535836,36938.1436729997,31918.7688544597,83642.419480495,0.921680046689817
10.518,0.0233673323690734,0.245777601857914,10.598557136595,0.0745226561183142,0.417032547597514,0.371544921041298,0.139854092154961,0.423413893459462,36975.1002919025,31950.2598888245,83732.610582394,0.922602187730183
10.519,0.0233673323690734,0.245800969190283,10.598557136595,0.0745297413679927,0.417072197012574,0.373095888300631,0.142883237527408,0.424360154075766,37012.0938859086,31981.781992221,83822.8989367982,0.923525251372812
10.52,0.0233673323690734,0.245824336522652,10.598557136595,0.0745368266176712,0.417111846427634,0.37464861939504,0.145955828100552,0.425306670865763,37049.1244920116,32013.335195302,83913.2846485748,0.92444923854077
10.521,0.0233673323690734,0.245847703855022,10.598557136595,0.0745439118673497,0.417151495842693,0.376203089854535,0.149071909108008,0.426253438309118,37086.1921472423,32044.9195287505,84003.7678227037,0.925374150158044
10.522,0.0233673323690734,0.245871071187391,10.598557136595,0.0745509971170281,0.417191145257753,0.377759275137436,0.152231510513584,0.427200450884238,37123.2968886682,32076.5350232796,84094.3485642774,0.926299987149544
10.523,0.0233673323690734,0.24589443851976,10.598557136595,0.0745580823667066,0.417230794672813,0.379317150631606,0.155434646793454,0.428147703068386,37160.4387533941,32108.1817096328,84185.0269785029,0.927226750441109
10.524,0.0233673323690734,0.245917805852129,10.598557136595,0.0745651676163851,0.417270444087872,0.380876691655666,0.158681316726795,0.429095189337768,37197.6177785618,32139.8596185841,84275.8031707,0.928154440959503
10.525,0.0233673323690734,0.245941173184498,10.598557136595,0.0745722528660636,0.417310093502932,0.382437873460204,0.161971503195239,0.430042904167628,37234.8340013504,32171.5687809374,84366.6772463014,0.929083059632413
10.526,0.0233673323690734,0.245964540516867,10.598557136595,0.0745793381157421,0.417349742917992,0.384000671229032,0.165305172991483,0.430990842032357,37272.0874589761,32203.3092275275,84457.6493108549,0.930012607388461
10.527,0.0233673323690734,0.245987907849236,10.598557136595,0.0745864233654206,0.417389392333051,0.385565060080401,0.168682276637235,0.431938997405585,37309.3781886924,32235.0809892194,84548.719470021,0.930943085157195
10.528,0.0233673323690734,0.246011275181605,10.598557136595,0.0745935086150991,0.417429041748111,0.387131015068238,0.172102748210828,0.432887364760274,37346.70622779,32266.8840969085,84639.8878295746,0.93187449386909
10.529,0.0233673323690734,0.246034642513974,10.598557136595,0.0746005938647775,0.417468691163171,0.388698511183402,0.175566505184822,0.433835938568826,37384.0716135969,32298.7185815207,84731.1544954047,0.932806834455557
10.53,0.0233673323690734,0.246058009846343,10.598557136595,0.074607679114456,0.41750834057823,0.390267523354918,0.179073448273746,0.434784713303172,37421.4743834785,32330.5844740124,84822.519573514,0.933740107848936
10.531,0.0233673323690734,0.246081377178712,10.598557136595,0.0746147643641345,0.41754798999329,0.391838026451238,0.182623461292331,0.435733683434877,37458.9145748377,32362.4818053709,84913.9831700203,0.934674314982502
10.532,0.0233673323690734,0.246104744511081,10.598557136595,0.074621849613813,0.41758763940835,0.393409995281476,0.186216411024397,0.436682843435225,37496.3922251145,32394.4106066134,85005.545391155,0.93560945679046
10.533,0.0233673323690734,0.24612811184345,10.598557136595,0.0746289348634915,0.417627288823409,0.39498340459669,0.189852147102748,0.437632187775333,37533.9073717867,32426.3709087882,85097.2063432646,0.936545534207952
10.534,0.0233673323690734,0.246151479175819,10.598557136595,0.07463602011317,0.417666938238469,0.396558229091132,0.193530501900158,0.438581710926238,37571.4600523694,32458.3627429742,85188.9661328102,0.937482548171058
10.535,0.0233673323690734,0.246174846508189,10.598557136595,0.0746431053628485,0.417706587653529,0.398134443403503,0.197251290431747,0.439531407358991,37609.0503044153,32490.3861402806,85280.8248663674,0.938420499616789
10.536,0.0233673323690734,0.246198213840558,10.598557136595,0.0746501906125269,0.417746237068588,0.399712022118242,0.201014310268989,0.440481271544765,37646.6781655145,32522.4411318479,85372.7826506269,0.939359389483098
10.537,0.0233673323690734,0.246221581172927,10.598557136595,0.0746572758622054,0.417785886483648,0.401290939766783,0.204819341465445,0.441431297954945,37684.3436732951,32554.5277488467,85464.8395923945,0.940299218708874
10.538,0.0233673323690734,0.246244948505296,10.598557136595,0.0746643611118839,0.417825535898708,0.402871170828837,0.208666146494494,0.442381481061228,37722.0468654226,32586.6460224788,85556.9957985915,0.941239988233949
10.539,0.0233673323690734,0.246268315837665,10.598557136595,0.0746714463615624,0.417865185313767,0.404452689733659,0.212554470199168,0.443331815335712,37759.7877796,32618.7959839765,85649.2513762534,0.942181698999089
10.54,0.0233673323690734,0.246291683170034,10.598557136595,0.0746785316112409,0.417904834728827,0.406035470861347,0.216484039754357,0.444282295251005,37797.5664535684,32650.977664603,85741.6064325324,0.943124351946007
10.541,0.0233673323690734,0.246315050502403,10.598557136595,0.0746856168609194,0.417944484143887,0.407619488544114,0.220454564641402,0.445232915280315,37835.3829251064,32683.1910956525,85834.0610746956,0.944067948017356
10.542,0.0233673323690734,0.246338417834772,10.598557136595,0.0746927021105979,0.417984133558946,0.40920471706757,0.224465736635287,0.446183669897542,37873.2372320304,32715.4363084498,85926.6154101255,0.945012488156731
10.543,0.0233673323690734,0.246361785167141,10.598557136595,0.0746997873602763,0.418023782974006,0.410791130672024,0.2285172298046,0.447134553577383,37911.1294121948,32747.7133343509,86019.2695463211,0.945957973308673
10.544,0.0233673323690734,0.24638515249951,10.598557136595,0.0747068726099548,0.418063432389066,0.412378703553772,0.232608700524272,0.448085560795428,37949.0595034918,32780.0222047425,86112.0235908968,0.946904404418669
10.545,0.0233673323690734,0.246408519831879,10.598557136595,0.0747139578596333,0.418103081804125,0.41396740986638,0.236739787501239,0.449036686028245,37987.0275438515,32812.3629510423,86204.8776515832,0.947851782433146
10.546,0.0233673323690734,0.246431887164248,10.598557136595,0.0747210431093118,0.418142731219185,0.415557223721996,0.240910111813189,0.449987923753491,38025.0335712419,32844.7356046991,86297.831836227,0.948800108299485
10.547,0.0233673323690734,0.246455254496617,10.598557136595,0.0747281283589903,0.418182380634245,0.417148119192646,0.245119276960337,0.450939268449997,38063.077623669,32877.1401971928,86390.8862527914,0.949749382966012
10.548,0.0233673323690734,0.246478621828986,10.598557136595,0.0747352136086688,0.418222030049304,0.418740070311519,0.249366868930346,0.451890714597867,38101.1597391769,32909.5767600341,86484.0410093557,0.950699607382
10.549,0.0233673323690734,0.246501989161356,10.598557136595,0.0747422988583473,0.418261679464364,0.420333051074294,0.253652456276515,0.452842256678578,38139.2799558477,32942.0453247649,86577.2962141158,0.951650782497675
10.55,0.0233673323690734,0.246525356493725,10.598557136595,0.0747493841080258,0.418301328879424,0.421927035440429,0.257975590209128,0.453793889175069,38177.4383118017,32974.5459229583,86670.6519753848,0.952602909264213
10.551,0.0233673323690734,0.246548723826094,10.598557136595,0.0747564693577042,0.418340978294483,0.423521997334467,0.262335804700054,0.454745606571839,38215.6348451972,33007.0785862184,86764.1084015917,0.953555988633738
10.552,0.0233673323690734,0.246572091158463,10.598557136595,0.0747635546073827,0.418380627709543,0.425117910647353,0.266732616600657,0.455697403355044,38253.8695942306,33039.6433461807,86857.6656012829,0.954510021559332
10.553,0.0233673323690734,0.246595458490832,10.598557136595,0.0747706398570612,0.418420277124603,0.426714749237743,0.271165525772888,0.456649274012592,38292.1425971369,33072.2402345117,86951.3236831223,0.955465008995028
10.554,0.0233673323690734,0.246618825823201,10.598557136595,0.0747777251067397,0.418459926539662,0.4283124869333,0.275634015233588,0.457601213034231,38330.453892189,33104.8692829093,87045.0827558899,0.956420951895811
10.555,0.0233673323690734,0.24664219315557,10.598557136595,0.0747848103564182,0.418499575954722,0.429911097532029,0.280137551312032,0.458553214911655,38368.8035176981,33137.5305231025,87138.942928484,0.957377851217625
10.556,0.0233673323690734,0.246665560487939,10.598557136595,0.0747918956060967,0.418539225369782,0.431510554803579,0.284675583820538,0.459505274138594,38407.191512014,33170.2239868518,87232.9043099199,0.958335707917373
10.557,0.0233673323690734,0.246688927820308,10.598557136595,0.0747989808557751,0.418578874784841,0.433110832490548,0.289247546238114,0.4604573852109,38445.6179135245,33202.9497059488,87326.9670093301,0.959294522952906
10.558,0.0233673323690734,0.246712295152677,10.598557136595,0.0748060661054536,0.418618524199901,0.434711904309821,0.293852855907156,0.461409542626657,38484.0827606562,33235.7077122167,87421.1311359655,0.960254297283042
10.559,0.0233673323690734,0.246735662485046,10.598557136595,0.0748131513551321,0.41865817361496,0.436313743953871,0.298490914242942,0.462361740886265,38522.5860918738,33268.4980375101,87515.3967991942,0.961215031867556
10.56,0.0233673323690734,0.246759029817415,10.598557136595,0.0748202366048106,0.41869782303002,0.437916325092083,0.303161106955924,0.463313974492538,38561.1279456808,33301.3207137148,87609.7641085029,0.962176727667183
10.561,0.0233673323690734,0.246782397149784,10.598557136595,0.0748273218544891,0.41873747244508,0.439519621372063,0.307862804286619,0.464266237950791,38599.7083606189,33334.1757727482,87704.2331734955,0.963139385643616
10.562,0.0233673323690734,0.246805764482153,10.598557136595,0.0748344071041676,0.418777121860139,0.44112360642097,0.312595361253063,0.465218525768944,38638.3273752686,33367.0632465591,87798.8041038945,0.964103006759516
10.563,0.0233673323690734,0.246829131814523,10.598557136595,0.0748414923538461,0.418816771275199,0.442728253846832,0.317358117910541,0.466170832457613,38676.9850282489,33399.983167128,87893.4770095412,0.965067591978504
10.564,0.0233673323690734,0.246852499146892,10.598557136595,0.0748485776035245,0.418856420690259,0.444333537239851,0.322150399623479,0.467123152530194,38715.6813582175,33432.9355664669,87988.2520003943,0.966033142265163
10.565,0.0233673323690734,0.246875866479261,10.598557136595,0.074855662853203,0.418896070105318,0.445939430173744,0.326971517349401,0.468075480502969,38754.4164038706,33465.9204766192,88083.1291865321,0.966999658585044
10.566,0.0233673323690734,0.24689923381163,10.598557136595,0.0748627481028815,0.418935719520378,0.447545906207053,0.331820767934601,0.469027810895194,38793.1902039434,33498.9379296601,88178.1086781511,0.967967141904666
10.567,0.0233673323690734,0.246922601143999,10.598557136595,0.07486983335256,0.418975368935438,0.449152938884456,0.336697434421388,0.469980138229187,38832.0027972095,33531.9879576964,88273.1905855662,0.96893559319151
10.568,0.0233673323690734,0.246945968476368,10.598557136595,0.0748769186022385,0.419015018350497,0.450760501738104,0.341600786366777,0.470932457030429,38870.8542224817,33565.0705928665,88368.3750192123,0.969905013414027
10.569,0.0233673323690734,0.246969335808737,10.598557136595,0.074884003851917,0.419054667765557,0.452368568288931,0.346530080172197,0.471884761827653,38909.7445186114,33598.1858673407,88463.6620896423,0.970875403541639
10.57,0.0233673323690734,0.246992703141106,10.598557136595,0.0748910891015955,0.419094317180617,0.453977112047976,0.35148455942413,0.472837047152936,38948.6737244889,33631.3338133209,88559.0519075294,0.971846764544736
10.571,0.0233673323690734,0.247016070473475,10.598557136595,0.074898174351274,0.419133966595676,0.455586106517692,0.356463455245301,0.473789307541789,38987.6418790433,33664.5144630407,88654.5445836651,0.972819097394678
10.572,0.0233673323690734,0.247039437805844,10.598557136595,0.0749052596009524,0.419173616010736,0.457195525193283,0.361465986656289,0.474741537533255,39026.6490212428,33697.7278487655,88750.1402289607,0.973792403063797
10.573,0.0233673323690734,0.247062805138213,10.598557136595,0.0749123448506309,0.419213265425796,0.458805341564009,0.366491360947096,0.475693731669996,39065.6951900947,33730.9740027929,88845.8389544478,0.974766682525403
10.574,0.0233673323690734,0.247086172470582,10.598557136595,0.0749194301003094,0.419252914840855,0.460415529114498,0.371538774058478,0.476645884498384,39104.7804246449,33764.2529574518,88941.6408712764,0.975741936753771
10.575,0.0233673323690734,0.247109539802951,10.598557136595,0.0749265153499879,0.419292564255915,0.462026061326078,0.376607410972769,0.477597990568597,39143.9047639789,33797.5647451035,89037.5460907175,0.976718166724157
10.576,0.0233673323690734,0.247132907135321,10.598557136595,0.0749336005996664,0.419332213670975,0.463636911678083,0.381696446113765,0.478550044434709,39183.0682472209,33830.9093981409,89133.5547241617,0.977695373412793
10.577,0.0233673323690734,0.24715627446769,10.598557136595,0.0749406858493449,0.419371863086034,0.465248053649159,0.386805043755369,0.479502040654775,39222.2709135344,33864.2869489889,89229.6668831196,0.978673557796882
10.578,0.0233673323690734,0.247179641800059,10.598557136595,0.0749477710990233,0.419411512501094,0.466859460718594,0.391932358438774,0.48045397379093,39261.512802122,33897.6974301045,89325.8826792221,0.97965272085461
10.579,0.0233673323690734,0.247203009132428,10.598557136595,0.0749548563487018,0.419451161916154,0.468471106367619,0.397077535397647,0.481405838409478,39300.7939522258,33931.1408739768,89422.2022242204,0.980632863565143
10.58,0.0233673323690734,0.247226376464797,10.598557136595,0.0749619415983803,0.419490811331213,0.470082964080715,0.402239710991042,0.482357629080976,39340.1144031268,33964.6173131267,89518.6256299864,0.981613986908619
10.581,0.0233673323690734,0.247249743797166,10.598557136595,0.0749690268480588,0.419530460746273,0.471695007346931,0.407418013143753,0.483309340380331,39379.4741941454,33998.1267801074,89615.1530085124,0.982596091866163
10.582,0.0233673323690734,0.247273111129535,10.598557136595,0.0749761120977373,0.419570110161333,0.473307209661189,0.412611561793571,0.484260966886891,39418.8733646416,34031.669307504,89711.784471912,0.983579179419884
10.583,0.0233673323690734,0.247296478461904,10.598557136595,0.0749831973474158,0.419609759576392,0.474919544525577,0.417819469345121,0.485212503184525,39458.3119540143,34065.244927934,89808.5201324188,0.984563250552864
10.584,0.0233673323690734,0.247319845794273,10.598557136595,0.0749902825970943,0.419649408991452,0.476531985450672,0.423040841129993,0.486163943861726,39497.7900017023,34098.853674047,89905.3601023878,0.985548306249176
10.585,0.0233673323690734,0.247343213126642,10.598557136595,0.0749973678467728,0.419689058406512,0.478144505956831,0.428274775872573,0.487115283511693,39537.3075471837,34132.4955785247,90002.3044942959,0.986534347493879
10.586,0.0233673323690734,0.247366580459011,10.598557136595,0.0750044530964512,0.419728707821571,0.479757079575481,0.433520366161281,0.488066516732416,39576.8646299758,34166.1706740811,90099.3534207401,0.987521375273009
10.587,0.0233673323690734,0.24738994779138,10.598557136595,0.0750115383461297,0.419768357236631,0.481369679850437,0.438776698924843,0.489017638126773,39616.4612896359,34199.8789934625,90196.5069944392,0.988509390573597
10.588,0.0233673323690734,0.247413315123749,10.598557136595,0.0750186235958082,0.419808006651691,0.482982280339188,0.444042855913057,0.48996864230262,39656.0975657606,34233.6205694476,90293.7653282343,0.98949839438366
10.589,0.0233673323690734,0.247436682456119,10.598557136595,0.0750257088454867,0.41984765606675,0.484594854614177,0.449317914181671,0.490919523872865,39695.7734979861,34267.3954348471,90391.1285350869,0.990488387692198
10.59,0.0233673323690734,0.247460049788488,10.598557136595,0.0750327940951652,0.41988730548181,0.486207376264113,0.45460094658105,0.491870277455575,39735.4891259885,34301.2036225047,90488.5967280815,0.991479371489206
10.591,0.0233673323690734,0.247483417120857,10.598557136595,0.0750398793448437,0.41992695489687,0.487819818895245,0.459891022248023,0.492820897674052,39775.2444894832,34335.0451652957,90586.1700204236,0.992471346765669
10.592,0.0233673323690734,0.247506784453226,10.598557136595,0.0750469645945222,0.419966604311929,0.489432156132655,0.465187207100598,0.493771379156927,39815.0396282259,34368.9200961286,90683.8485254416,0.993464314513562
10.593,0.0233673323690734,0.247530151785595,10.598557136595,0.0750540498442006,0.420006253726989,0.491044361621525,0.470488564335031,0.494721716538239,39854.8745820114,34402.8284479438,90781.6323565854,0.994458275725851
10.594,0.0233673323690734,0.247553519117964,10.598557136595,0.0750611350938791,0.420045903142049,0.492656409028438,0.475794154924913,0.495671904457532,39894.7493906748,34436.7702537145,90879.5216274273,0.995453231396499
10.595,0.0233673323690734,0.247576886450333,10.598557136595,0.0750682203435576,0.420085552557108,0.494268272042645,0.481103038121695,0.496621937559941,39934.664094091,34470.7455464463,90977.5164516629,0.996449182520463
10.596,0.0233673323690734,0.247600253782702,10.598557136595,0.0750753055932361,0.420125201972168,0.495879924377326,0.486414271956253,0.497571810496268,39974.6187321746,34504.7543591774,91075.616943109,0.99744613009369
10.597,0.0233673323690734,0.247623621115071,10.598557136595,0.0750823908429146,0.420164851387228,0.497491339770882,0.491726913741159,0.498521517923084,40014.6133448802,34538.7967249787,91173.8232157064,0.998444075113131
10.598,0.0233673323690734,0.24764698844744,10.598557136595,0.0750894760925931,0.420204500802287,0.499102491988194,0.497040020573027,0.499471054502806,40054.6479722026,34572.8726769536,91272.1353835184,0.999443018576732
10.599,0.0233673323690734,0.247670355779809,10.598557136595,0.0750965613422716,0.420244150217347,0.500713354821872,0.502352649834577,0.500420414903783,40094.7226541762,34606.9822482382,91370.5535607305,1.00044296148343
10.6,0.0233673323690734,0.247693723112178,10.598557136595,0.07510364659195,0.420283799632407,0.50232390209354,0.507663859696054,0.501369593800385,40134.8374308758,34641.1254720012,91469.0778616526,1.00144390483318
10.601,0.0233673323690734,0.247717090444547,10.598557136595,0.0751107318416285,0.420323449047466,0.503934107655077,0.512972709615387,0.502318585873089,40174.9923424162,34675.3023814442,91567.7084007168,1.00244584962691
10.602,0.0233673323690734,0.247740457776916,10.598557136595,0.075117817091307,0.420363098462526,0.505543945389875,0.518278260836792,0.503267385808563,40215.1874289523,34709.5130098015,91666.4452924796,1.00344879686658
10.603,0.0233673323690734,0.247763825109286,10.598557136595,0.0751249023409855,0.420402747877586,0.507153389214079,0.52357957688726,0.504215988299747,40255.4227306792,34743.75739034,91765.2886516199,1.00445274755513
10.604,0.0233673323690734,0.247787192441655,10.598557136595,0.075131987590664,0.420442397292645,0.508762413077852,0.528875724070657,0.505164388045947,40295.6982878321,34778.0355563597,91864.2385929409,1.00545770269651
10.605,0.0233673323690734,0.247810559774024,10.598557136595,0.0751390728403425,0.420482046707705,0.5103709909666,0.534165771958825,0.506112579752913,40336.0141406867,34812.3475411934,91963.2952313699,1.00646366329568
10.606,0.0233673323690734,0.247833927106393,10.598557136595,0.075146158090021,0.420521696122765,0.511979096902209,0.539448793879321,0.507060558132921,40376.3703295588,34846.6933782065,92062.4586819571,1.00747063035859
10.607,0.0233673323690734,0.247857294438762,10.598557136595,0.0751532433396994,0.420561345537824,0.513586704944291,0.544723867399486,0.508008317904865,40416.7668948046,34881.0731007977,92161.7290598779,1.00847860489222
10.608,0.0233673323690734,0.247880661771131,10.598557136595,0.0751603285893779,0.420600994952884,0.515193789191408,0.549990074806227,0.508955853794338,40457.2038768207,34915.4867423985,92261.1064804314,1.00948758790453
10.609,0.0233673323690734,0.2479040291035,10.598557136595,0.0751674138390564,0.420640644367944,0.516800323782284,0.555246503581209,0.509903160533707,40497.681316044,34949.9343364732,92360.5910590405,1.01049758040452
10.61,0.0233673323690734,0.247927396435869,10.598557136595,0.0751744990887349,0.420680293783003,0.518406282897044,0.56049224687111,0.510850232862212,40538.199252952,34984.4159165195,92460.1829112535,1.01150858340217
10.611,0.0233673323690734,0.247950763768238,10.598557136595,0.0751815843384134,0.420719943198063,0.520011640758424,0.565726403952401,0.511797065526035,40578.7577280627,35018.9315160679,92559.8821527427,1.0125205979085
10.612,0.0233673323690734,0.247974131100607,10.598557136595,0.0751886695880919,0.420759592613123,0.52161637163297,0.57094808069031,0.512743653278388,40619.3567819344,35053.4811686819,92659.6888993054,1.0135336249355
10.613,0.0233673323690734,0.247997498432976,10.598557136595,0.0751957548377704,0.420799242028182,0.523220449832265,0.576156389991698,0.513689990879599,40659.9964551663,35088.0649079583,92759.6032668636,1.01454766549621
10.614,0.0233673323690734,0.248020865765345,10.598557136595,0.0752028400874488,0.420838891443242,0.524823849714118,0.581350452251284,0.514636073097188,40700.6767883981,35122.6827675269,92859.6253714643,1.01556272060467
10.615,0.0233673323690734,0.248044233097714,10.598557136595,0.0752099253371273,0.420878540858302,0.526426545683758,0.58652939579094,0.515581894705951,40741.39782231,35157.3347810509,92959.7553292797,1.01657879127594
10.616,0.0233673323690734,0.248067600430083,10.598557136595,0.0752170105868058,0.420918190273361,0.528028512195038,0.591692357291783,0.516527450488043,40782.1595976231,35192.0209822264,93059.9932566072,1.01759587852608
10.617,0.0233673323690734,0.248090967762453,10.598557136595,0.0752240958364843,0.420957839688421,0.529629723751617,0.596838482218546,0.517472735233062,40822.9621550993,35226.7414047831,93160.33926987,1.01861398337219
10.618,0.0233673323690734,0.248114335094822,10.598557136595,0.0752311810861628,0.420997489103481,0.531230154908129,0.601966925235963,0.518417743738118,40863.805535541,35261.4960824836,93260.7934856161,1.01963310683237
10.619,0.0233673323690734,0.248137702427191,10.598557136595,0.0752382663358413,0.42103713851854,0.532829780271382,0.60707685061694,0.51936247080793,40904.6897797916,35296.2850491241,93361.3560205194,1.02065324992573
10.62,0.0233673323690734,0.24816106975956,10.598557136595,0.0752453515855198,0.4210767879336,0.534428574501517,0.612167432641997,0.520306911254897,40945.6149287355,35331.1083385341,93462.0269913805,1.02167441367244
10.621,0.0233673323690734,0.248184437091929,10.598557136595,0.0752524368351982,0.42111643734866,0.536026512313167,0.617237855989786,0.521251059899176,40986.5810232977,35365.9659845763,93562.8065151245,1.02269659909364
10.622,0.0233673323690734,0.248207804424298,10.598557136595,0.0752595220848767,0.421156086763719,0.537623568476635,0.622287316118449,0.522194911568768,41027.5881044443,35400.858021147,93663.6947088037,1.02371980721152
10.623,0.0233673323690734,0.248231171756667,10.598557136595,0.0752666073345552,0.421195736178779,0.539219717819033,0.62731501963736,0.523138461099596,41068.6362131824,35435.7844821758,93764.6916895959,1.0247440390493
10.624,0.0233673323690734,0.248254539089036,10.598557136595,0.0752736925842337,0.421235385593838,0.540814935225445,0.632320184669124,0.524081703335586,41109.7253905602,35470.745401626,93865.7975748061,1.0257692956312
10.625,0.0233673323690734,0.248277906421405,10.598557136595,0.0752807778339122,0.421275035008898,0.54240919564005,0.637302041201465,0.525024633128735,41150.8556776668,35505.7408134941,93967.0124818648,1.02679557798249
10.626,0.0233673323690734,0.248301273753774,10.598557136595,0.0752878630835907,0.421314684423958,0.544002474067284,0.642259831428884,0.525967245339205,41192.0271156324,35540.7707518103,94068.3365283295,1.02782288712943
10.627,0.0233673323690734,0.248324641086143,10.598557136595,0.0752949483332692,0.421354333839017,0.54559474557296,0.647192810083692,0.526909534835396,41233.2397456287,35575.8352506385,94169.7698318852,1.02885122409935
10.628,0.0233673323690734,0.248348008418512,10.598557136595,0.0753020335829476,0.421393983254077,0.547185985285386,0.652100244756263,0.527851496494015,41274.4936088681,35610.9343440759,94271.3125103424,1.02988058992058
10.629,0.0233673323690734,0.248371375750881,10.598557136595,0.0753091188326261,0.421433632669137,0.548776168396499,0.656981416204382,0.528793125200166,41315.7887466046,35646.0680662537,94372.9646816396,1.03091098562249
10.63,0.0233673323690734,0.248394743083251,10.598557136595,0.0753162040823046,0.421473282084196,0.550365270162977,0.661835618651314,0.529734415847426,41357.1252001333,35681.2364513365,94474.7264638426,1.03194241223546
10.631,0.0233673323690734,0.24841811041562,10.598557136595,0.0753232893319831,0.421512931499256,0.55195326590733,0.666662160072511,0.53067536333791,41398.5030107906,35716.4395335226,94576.5979751436,1.03297487079094
10.632,0.0233673323690734,0.248441477747989,10.598557136595,0.0753303745816616,0.421552580914316,0.553540131019023,0.671460362470835,0.531615962582364,41439.9222199544,35751.6773470443,94678.5793338632,1.03400836232137
10.633,0.0233673323690734,0.248464845080358,10.598557136595,0.0753374598313401,0.421592230329375,0.555125840955559,0.676229562139989,0.532556208500233,41481.3828690438,35786.9499261674,94780.670658449,1.03504288786025
10.634,0.0233673323690734,0.248488212412727,10.598557136595,0.0753445450810186,0.421631879744435,0.55671037124357,0.680969109916146,0.533496096019738,41522.8849995196,35822.2573051917,94882.8720674769,1.03607844844211
10.635,0.0233673323690734,0.248511579745096,10.598557136595,0.075351630330697,0.421671529159495,0.558293697479892,0.685678371417531,0.53443562007795,41564.4286528838,35857.5995184507,94985.1836796497,1.03711504510249
10.636,0.0233673323690734,0.248534947077465,10.598557136595,0.0753587155803755,0.421711178574554,0.559875795332653,0.690356727271984,0.535374775620869,41606.0138706801,35892.9766003119,95087.605613799,1.03815267887801
10.637,0.0233673323690734,0.248558314409834,10.598557136595,0.075365800830054,0.421750827989614,0.561456640542337,0.695003573332226,0.536313557603503,41647.6406944939,35928.3885851765,95190.1379888846,1.0391913508063
10.638,0.0233673323690734,0.248581681742203,10.598557136595,0.0753728860797325,0.421790477404674,0.563036208922835,0.699618320878823,0.537251960989929,41689.3091659517,35963.8355074799,95292.7809239937,1.04023106192602
10.639,0.0233673323690734,0.248605049074572,10.598557136595,0.075379971329411,0.421830126819733,0.564614476362515,0.704200396810839,0.538189980753385,41731.0193267222,35999.3174016913,95395.5345383429,1.0412718132769
10.64,0.0233673323690734,0.248628416406941,10.598557136595,0.0753870565790895,0.421869776234793,0.566191418825267,0.708749243823958,0.539127611876333,41772.7712185155,36034.834302314,95498.3989512771,1.04231360589967
10.641,0.0233673323690734,0.24865178373931,10.598557136595,0.075394141828768,0.421909425649853,0.567767012351532,0.713264320576112,0.540064849350532,41814.5648830835,36070.3862438853,95601.3742822691,1.04335644083613
10.642,0.0233673323690734,0.248675151071679,10.598557136595,0.0754012270784464,0.421949075064912,0.569341233059354,0.717745101840637,0.541001688177123,41856.4003622198,36105.9732609765,95704.4606509216,1.04440031912913
10.643,0.0233673323690734,0.248698518404048,10.598557136595,0.0754083123281249,0.421988724479972,0.570914057145398,0.722191078646796,0.541938123366691,41898.2776977601,36141.5953881933,95807.658176966,1.04544524182253
10.644,0.0233673323690734,0.248721885736418,10.598557136595,0.0754153975778034,0.422028373895032,0.572485460885963,0.726601758407727,0.54287414993934,41940.1969315814,36177.2526601749,95910.966980262,1.04649120996125
10.645,0.0233673323690734,0.248745253068787,10.598557136595,0.0754224828274819,0.422068023310091,0.574055420638011,0.730976665035892,0.54380976292477,41982.1581056033,36212.9451115955,96014.3871807996,1.04753822459128
10.646,0.0233673323690734,0.248768620401156,10.598557136595,0.0754295680771604,0.422107672725151,0.575623912840165,0.735315339045893,0.544744957362351,42024.1612617867,36248.672777163,96117.9188986978,1.04858628675962
10.647,0.0233673323690734,0.248791987733525,10.598557136595,0.0754366533268389,0.422147322140211,0.577190914013695,0.739617337644768,0.545679728301181,42066.2064421349,36284.4356916195,96221.562254205,1.04963539751433
10.648,0.0233673323690734,0.248815355065894,10.598557136595,0.0754437385765174,0.42218697155527,0.57875640076353,0.743882234809869,0.546614070800175,42108.293688693,36320.2338897417,96325.317367699,1.05068555790452
10.649,0.0233673323690734,0.248838722398263,10.598557136595,0.0754508238261958,0.42222662097033,0.580320349779233,0.748109621354231,0.54754797992813,42150.4230435484,36356.0674063404,96429.1843596885,1.05173676898037
10.65,0.0233673323690734,0.248862089730632,10.598557136595,0.0754579090758743,0.42226627038539,0.581882737835964,0.75229910497959,0.548481450763787,42192.5945488303,36391.9362762607,96533.1633508107,1.05278903179306
10.651,0.0233673323690734,0.248885457063001,10.598557136595,0.0754649943255528,0.422305919800449,0.583443541795467,0.756450310317166,0.549414478395917,42234.8082467102,36427.8405343823,96637.2544618337,1.05384234739488
10.652,0.0233673323690734,0.24890882439537,10.598557136595,0.0754720795752313,0.422345569215509,0.585002738607026,0.760562878956196,0.550347057923382,42277.064179402,36463.7802156191,96741.4578136561,1.05489671683913
10.653,0.0233673323690734,0.248932191727739,10.598557136595,0.0754791648249098,0.422385218630569,0.586560305308402,0.764636469460366,0.551279184455203,42319.3623891614,36499.7553549195,96845.7735273058,1.05595214118019
10.654,0.0233673323690734,0.248955559060108,10.598557136595,0.0754862500745883,0.422424868045628,0.588116219026802,0.768670757372332,0.552210853110637,42361.7029182867,36535.7659872665,96950.2017239424,1.05700862147348
10.655,0.0233673323690734,0.248978926392477,10.598557136595,0.0754933353242668,0.422464517460688,0.589670456979801,0.772665435206314,0.553142059019243,42404.0858091185,36571.8121476774,97054.7425248554,1.05806615877547
10.656,0.0233673323690734,0.249002293724846,10.598557136595,0.0755004205739453,0.422504166875748,0.591222996476275,0.776620212429017,0.554072797320951,42446.5111040397,36607.8938712042,97159.3960514653,1.05912475414372
10.657,0.0233673323690734,0.249025661057215,10.598557136595,0.0755075058236237,0.422543816290807,0.592773814917318,0.780534815428936,0.555003063166123,42488.9788454755,36644.0111929334,97264.1624253236,1.0601844086368
10.658,0.0233673323690734,0.249049028389585,10.598557136595,0.0755145910733022,0.422583465705867,0.594322889797166,0.784408987474319,0.555932851715638,42531.4890758936,36680.1641479863,97369.0417681126,1.06124512331439
10.659,0.0233673323690734,0.249072395721954,10.598557136595,0.0755216763229807,0.422623115120927,0.595870198704095,0.788242488659821,0.556862158140947,42574.0418378044,36716.3527715186,97474.0342016464,1.06230689923718
10.66,0.0233673323690734,0.249095763054323,10.598557136595,0.0755287615726592,0.422662764535986,0.597415719321312,0.792035095842092,0.557790977624138,42616.6371737606,36752.5770987207,97579.1398478695,1.06336973746696
10.661,0.0233673323690734,0.249119130386692,10.598557136595,0.0755358468223377,0.422702413951046,0.59895942942786,0.795786602564538,0.558719305358018,42659.2751263575,36788.837164818,97684.3588288587,1.06443363906657
10.662,0.0233673323690734,0.249142497719061,10.598557136595,0.0755429320720162,0.422742063366106,0.600501306899488,0.799496818971338,0.559647136546165,42701.9557382331,36825.1330050704,97789.6912668224,1.06549860509991
10.663,0.0233673323690734,0.24916586505143,10.598557136595,0.0755500173216947,0.422781712781165,0.60204132970952,0.80316557171098,0.560574466403001,42744.6790520679,36861.4646547727,97895.1372841001,1.06656463663194
10.664,0.0233673323690734,0.249189232383799,10.598557136595,0.0755571025713731,0.422821362196225,0.60357947592973,0.806792703829583,0.561501290153858,42787.4451105854,36897.8321492544,98000.697003164,1.06763173472869
10.665,0.0233673323690734,0.249212599716168,10.598557136595,0.0755641878210516,0.422861011611285,0.605115723731192,0.810378074654105,0.562427603035044,42830.2539565516,36934.2355238799,98106.370546618,1.06869990045727
10.666,0.0233673323690734,0.249235967048537,10.598557136595,0.0755712730707301,0.422900661026344,0.606650051385132,0.813921559665773,0.563353400293907,42873.1056327753,36970.6748140487,98212.1580371981,1.06976913488584
10.667,0.0233673323690734,0.249259334380906,10.598557136595,0.0755783583204086,0.422940310441404,0.608182437263753,0.817423050363879,0.564278677188898,42916.0001821082,37007.1500551949,98318.0595977729,1.07083943908363
10.668,0.0233673323690734,0.249282701713275,10.598557136595,0.0755854435700871,0.422979959856464,0.609712859841086,0.820882454120308,0.565203428989641,42958.9376474448,37043.6612827877,98424.0753513431,1.07191081412095
10.669,0.0233673323690734,0.249306069045644,10.598557136595,0.0755925288197656,0.423019609271523,0.6112412976938,0.824299694024908,0.566127650976996,43001.9180717227,37080.2085323314,98530.2054210429,1.07298326106918
10.67,0.0233673323690734,0.249329436378013,10.598557136595,0.075599614069444,0.423059258686583,0.61276772950201,0.827674708722017,0.567051338443114,43044.9414979222,37116.7918393651,98636.4499301381,1.07405678100075
10.671,0.0233673323690734,0.249352803710383,10.598557136595,0.0756066993191225,0.423098908101642,0.614292134050101,0.831007452238476,0.567974486691517,43088.0079690668,37153.4112394632,98742.809002028,1.0751313749892
10.672,0.0233673323690734,0.249376171042752,10.598557136595,0.075613784568801,0.423138557516702,0.615814490227506,0.834297893803263,0.568897091037148,43131.1175282231,37190.0667682351,98849.2827602455,1.07620704410911
10.673,0.0233673323690734,0.249399538375121,10.598557136595,0.0756208698184795,0.423178206931762,0.617334777029498,0.837546017659095,0.569819146806436,43174.2702185004,37226.7584613253,98955.8713284554,1.07728378943615
10.674,0.0233673323690734,0.24942290570749,10.598557136595,0.075627955068158,0.423217856346821,0.618852973557976,0.840751822866303,0.570740649337364,43217.4660830515,37263.4863544135,99062.5748304571,1.07836161204708
10.675,0.0233673323690734,0.249446273039859,10.598557136595,0.0756350403178365,0.423257505761881,0.62036905902223,0.843915323099178,0.571661593979529,43260.7051650723,37300.2504832146,99169.3933901832,1.0794405130197
10.676,0.0233673323690734,0.249469640372228,10.598557136595,0.075642125567515,0.423297155176941,0.621883012739693,0.847036546435108,0.572581976094195,43303.9875078019,37337.0508834786,99276.327131699,1.08052049343293
10.677,0.0233673323690734,0.249493007704597,10.598557136595,0.0756492108171934,0.423336804592,0.623394814136712,0.85011553513684,0.573501791054371,43347.3131545225,37373.887590991,99383.3761792049,1.08160155436674
10.678,0.0233673323690734,0.249516375036966,10.598557136595,0.0756562960668719,0.42337645400706,0.62490444274928,0.853152345428072,0.574421034244858,43390.68214856,37410.7606415725,99490.5406570344,1.0826836969022
10.679,0.0233673323690734,0.249539742369335,10.598557136595,0.0756633813165504,0.42341610342212,0.626411878223766,0.856147047262702,0.575339701062313,43434.0945332832,37447.6700710792,99597.8206896554,1.08376692212144
10.68,0.0233673323690734,0.249563109701704,10.598557136595,0.0756704665662289,0.423455752837179,0.627917100317651,0.859099724088081,0.576257786915313,43477.5503521046,37484.6159154024,99705.2164016697,1.08485123110769
10.681,0.0233673323690734,0.249586477034073,10.598557136595,0.0756775518159074,0.423495402252239,0.629420088900243,0.862010472602471,0.577175287224416,43521.04964848,37521.5982104691,99812.7279178141,1.08593662494527
10.682,0.0233673323690734,0.249609844366442,10.598557136595,0.0756846370655859,0.423535051667299,0.630920823953373,0.864879402507049,0.578092197422207,43564.5924659086,37558.6169922414,99920.3553629592,1.08702310471956
10.683,0.0233673323690734,0.249633211698811,10.598557136595,0.0756917223152644,0.423574701082358,0.632419285572108,0.867706636252807,0.579008512953378,43608.1788479333,37595.6722967172,100028.09886211,1.08811067151705
10.684,0.0233673323690734,0.24965657903118,10.598557136595,0.0756988075649428,0.423614350497418,0.633915453965435,0.870492308782541,0.57992422927477,43651.8088381405,37632.7641599296,100135.958540408,1.0891993264253
10.685,0.0233673323690734,0.24967994636355,10.598557136595,0.0757058928146213,0.423653999912478,0.635409309456938,0.873236567268318,0.580839341855441,43695.4824801602,37669.8926179477,100243.934523128,1.09028907053297
10.686,0.0233673323690734,0.249703313695919,10.598557136595,0.0757129780642998,0.423693649327537,0.63690083248547,0.875939570844649,0.581753846176714,43739.199817666,37707.0577068756,100352.026935679,1.0913799049298
10.687,0.0233673323690734,0.249726681028288,10.598557136595,0.0757200633139783,0.423733298742597,0.638390003605818,0.878601490337762,0.582667737732248,43782.9608943752,37744.2594628535,100460.235903609,1.09247183070662
10.688,0.0233673323690734,0.249750048360657,10.598557136595,0.0757271485636568,0.423772948157657,0.639876803489359,0.881222507991152,0.583581012028086,43826.7657540491,37781.4979220571,100568.561552597,1.09356484895537
10.689,0.0233673323690734,0.249773415693026,10.598557136595,0.0757342338133353,0.423812597572716,0.641361212924687,0.88380281718778,0.58449366458271,43870.6144404923,37818.7731206977,100677.00400846,1.09465896076905
10.69,0.0233673323690734,0.249796783025395,10.598557136595,0.0757413190630138,0.423852246987776,0.642843212818271,0.886342622169232,0.585405690927107,43914.5069975536,37856.0850950224,100785.563397151,1.09575416724179
10.691,0.0233673323690734,0.249820150357764,10.598557136595,0.0757484043126923,0.423891896402836,0.644322784195063,0.888842137752061,0.586317086604819,43958.4434691256,37893.4338813142,100894.239844756,1.09685046946879
10.692,0.0233673323690734,0.249843517690133,10.598557136595,0.0757554895623707,0.423931545817895,0.645799908199114,0.891301589041641,0.587227847171994,44002.4238991447,37930.8195158916,101003.033477501,1.09794786854635
10.693,0.0233673323690734,0.249866885022502,10.598557136595,0.0757625748120492,0.423971195232955,0.647274566094192,0.893721211143852,0.588137968197453,44046.4483315913,37968.2420351091,101111.944421745,1.09904636557186
10.694,0.0233673323690734,0.249890252354871,10.598557136595,0.0757696600617277,0.424010844648015,0.648746739264369,0.896101248874818,0.589047445262735,44090.5168104899,38005.7014753571,101220.972803984,1.10014596164384
10.695,0.0233673323690734,0.24991361968724,10.598557136595,0.0757767453114062,0.424050494063074,0.650216409214614,0.898441956469024,0.589956273962158,44134.6293799092,38043.1978730621,101330.118750851,1.10124665786187
10.696,0.0233673323690734,0.249936987019609,10.598557136595,0.0757838305610847,0.424090143478134,0.651683557571363,0.900743597286065,0.590864449902865,44178.7860839613,38080.7312646859,101439.382389115,1.10234845532665
10.697,0.0233673323690734,0.249960354351978,10.598557136595,0.0757909158107632,0.424129792893194,0.653148166083099,0.903006443516346,0.591771968704889,44222.9869668033,38118.3016867268,101548.763845683,1.10345135513997
10.698,0.0233673323690734,0.249983721684348,10.598557136595,0.0757980010604417,0.424169442308253,0.654610216620909,0.905230775885944,0.592678826001199,44267.232072636,38155.9091757191,101658.263247596,1.10455535840474
10.699,0.0233673323690734,0.250007089016717,10.598557136595,0.0758050863101201,0.424209091723313,0.656069691179021,0.907416883360926,0.593585017437749,44311.5214457043,38193.5537682329,101767.880722035,1.10566046622496
10.7,0.0233673323690734,0.250030456349086,10.598557136595,0.0758121715597986,0.424248741138373,0.657526571875367,0.909565062851423,0.594490538673544,44355.8551302978,38231.2355008746,101877.616396317,1.10676667970575
10.701,0.0233673323690734,0.250053823681455,10.598557136595,0.0758192568094771,0.424288390553432,0.658980840952098,0.911675618915655,0.59539538538068,44400.2331707502,38268.9544102866,101987.470397895,1.1078739999533
10.702,0.0233673323690734,0.250077191013824,10.598557136595,0.0758263420591556,0.424328039968492,0.660432480776106,0.913748863464178,0.5962995532444,44444.6556114394,38306.7105331474,102097.442854361,1.10898242807494
10.703,0.0233673323690734,0.250100558346193,10.598557136595,0.0758334273088341,0.424367689383552,0.661881473839548,0.915785115464654,0.597203037963146,44489.122496788,38344.5039061718,102207.533893445,1.11009196517911
10.704,0.0233673323690734,0.250123925678562,10.598557136595,0.0758405125585126,0.424407338798611,0.663327802760339,0.917784700647313,0.598105835248612,44533.6338712628,38382.3345661109,102317.743643013,1.11120261237533
10.705,0.0233673323690734,0.250147293010931,10.598557136595,0.0758475978081911,0.424446988213671,0.664771450282643,0.919747951211369,0.599007940825787,44578.1897793751,38420.2025497518,102428.07223107,1.11231437077426
10.706,0.0233673323690734,0.2501706603433,10.598557136595,0.0758546830578695,0.424486637628731,0.666212399277367,0.921675205532671,0.599909350433016,44622.7902656809,38458.1078939182,102538.519785759,1.11342724148765
10.707,0.0233673323690734,0.250194027675669,10.598557136595,0.075861768307548,0.42452628704379,0.667650632742632,0.923566807872733,0.600810059822042,44667.4353747807,38496.0506354698,102649.086435361,1.11454122562838
10.708,0.0233673323690734,0.250217395008038,10.598557136595,0.0758688535572265,0.42456593645885,0.669086133804227,0.925423108089415,0.601710064758055,44712.1251513196,38534.0308113028,102759.772308295,1.11565632431042
10.709,0.0233673323690734,0.250240762340407,10.598557136595,0.075875938806905,0.42460558587391,0.670518885716082,0.927244461349477,0.602609361019749,44756.8596399873,38572.04845835,102870.577533119,1.11677253864888
10.71,0.0233673323690734,0.250264129672776,10.598557136595,0.0758830240565835,0.424645235288969,0.671948871860703,0.929031227843171,0.603507944399365,44801.6388855186,38610.1036135804,102981.502238529,1.11788986975998
10.711,0.0233673323690734,0.250287497005145,10.598557136595,0.075890109306262,0.424684884704029,0.673376075749604,0.930783772501102,0.604405810702733,44846.4629326923,38648.1963139995,103092.546553361,1.11900831876104
10.712,0.0233673323690734,0.250310864337515,10.598557136595,0.0758971945559404,0.424724534119089,0.674800481023748,0.932502464713566,0.605302955749335,44891.3318263327,38686.3265966494,103203.710606588,1.1201278867705
10.713,0.0233673323690734,0.250334231669884,10.598557136595,0.075904279805619,0.424764183534148,0.676222071453954,0.934187678052512,0.606199375372343,44936.2456113088,38724.4944986088,103314.994527325,1.12124857490795
10.714,0.0233673323690734,0.250357599002253,10.598557136595,0.0759113650552974,0.424803832949208,0.6776408309413,0.93583978999634,0.607095065418661,44981.2043325341,38762.7000569927,103426.398444822,1.12237038429407
10.715,0.0233673323690734,0.250380966334622,10.598557136595,0.0759184503049759,0.424843482364268,0.679056743517538,0.937459181657718,0.607990021748984,45026.2080349675,38800.9433089529,103537.922488472,1.12349331605066
10.716,0.0233673323690734,0.250404333666991,10.598557136595,0.0759255355546544,0.424883131779327,0.680469793345467,0.939046237514556,0.608884240237837,45071.2567636127,38839.2242916781,103649.566787807,1.12461737130067
10.717,0.0233673323690734,0.25042770099936,10.598557136595,0.0759326208043329,0.424922781194387,0.681879964719321,0.940601345144322,0.609777716773624,45116.3505635185,38877.5430423933,103761.331472497,1.12574255116814
10.718,0.0233673323690734,0.250451068331729,10.598557136595,0.0759397060540114,0.424962430609447,0.683287242065127,0.942124894961835,0.610670447258665,45161.4894797786,38915.8995983602,103873.216672352,1.12686885677825
10.719,0.0233673323690734,0.250474435664098,10.598557136595,0.0759467913036899,0.425002080024506,0.684691609941082,0.94361727996073,0.611562427609256,45206.6735575319,38954.2939968777,103985.222517325,1.12799628925732
10.72,0.0233673323690734,0.250497802996467,10.598557136595,0.0759538765533683,0.425041729439566,0.686093053037894,0.945078895458664,0.612453653755701,45251.9028419626,38992.7262752811,104097.349137505,1.12912484973277
10.721,0.0233673323690734,0.250521170328836,10.598557136595,0.0759609618030468,0.425081378854626,0.687491556179115,0.946510138846444,0.61334412164236,45297.1773782998,39031.1964709427,104209.596663124,1.13025453933316
10.722,0.0233673323690734,0.250544537661205,10.598557136595,0.0759680470527253,0.425121028269685,0.688887104321489,0.94791140934122,0.614233827227697,45342.4972118182,39069.7046212716,104321.965224553,1.13138535918818
10.723,0.0233673323690734,0.250567904993574,10.598557136595,0.0759751323024038,0.425160677684745,0.690279682555266,0.94928310774381,0.615122766484319,45387.8623878376,39108.250763714,104434.454952304,1.13251731042866
10.724,0.0233673323690734,0.250591272325943,10.598557136595,0.0759822175520823,0.425200327099805,0.691669276104508,0.950625636200297,0.616010935399018,45433.2729517232,39146.8349357526,104547.065977032,1.13365039418655
10.725,0.0233673323690734,0.250614639658312,10.598557136595,0.0759893028017608,0.425239976514864,0.693055870327405,0.951939397968037,0.616898329972818,45478.7289488854,39185.4571749077,104659.798429528,1.13478461159492
10.726,0.0233673323690734,0.250638006990682,10.598557136595,0.0759963880514393,0.425279625929924,0.694439450716558,0.953224797186111,0.617784946221016,45524.2304247805,39224.117518736,104772.652440728,1.135919963788
10.727,0.0233673323690734,0.250661374323051,10.598557136595,0.0760034733011177,0.425319275344984,0.695820002899271,0.954482238650372,0.618670780173223,45569.7774249098,39262.8160048319,104885.628141708,1.13705645190114
10.728,0.0233673323690734,0.25068474165542,10.598557136595,0.0760105585507962,0.425358924760043,0.697197512637813,0.95571212759313,0.619555827873401,45615.3699948202,39301.5526708261,104998.725663686,1.13819407707082
10.729,0.0233673323690734,0.250708108987789,10.598557136595,0.0760176438004747,0.425398574175103,0.698571965829699,0.956914869467601,0.620440085379916,45661.0081801045,39340.3275543871,105111.945138019,1.13933284043467
10.73,0.0233673323690734,0.250731476320158,10.598557136595,0.0760247290501532,0.425438223590163,0.699943348507939,0.958090869737142,0.621323548765568,45706.6920264008,39379.1406932204,105225.28669621,1.14047274313147
10.731,0.0233673323690734,0.250754843652527,10.598557136595,0.0760318142998317,0.425477873005222,0.701311646841275,0.959240533669362,0.622206214117633,45752.4215793929,39417.9921250684,105338.750469899,1.14161378630109
10.732,0.0233673323690734,0.250778210984896,10.598557136595,0.0760388995495102,0.425517522420282,0.702676847134434,0.960364266135187,0.623088077537905,45798.1968848104,39456.8818877111,105452.336590871,1.14275597108461
10.733,0.0233673323690734,0.250801578317265,10.598557136595,0.0760459847991887,0.425557171835342,0.704038935828347,0.961462471412897,0.62396913514274,45844.0179884286,39495.8100189657,105566.045191053,1.14389929862418
10.734,0.0233673323690734,0.250824945649634,10.598557136595,0.0760530700488671,0.425596821250401,0.705397899500361,0.96253555299719,0.624849383063082,45889.8849360686,39534.7765566865,105679.876402512,1.14504377006315
10.735,0.0233673323690734,0.250848312982003,10.598557136595,0.0760601552985456,0.425636470665461,0.706753724864463,0.963583913413346,0.625728817444515,45935.7977735973,39573.7815387653,105793.830357461,1.14618938654599
10.736,0.0233673323690734,0.250871680314372,10.598557136595,0.0760672405482241,0.425676120080521,0.708106398771469,0.964607954036479,0.626607434447298,45981.7565469277,39612.8250031315,105907.907188252,1.14733614921831
10.737,0.0233673323690734,0.250895047646741,10.598557136595,0.0760743257979026,0.42571576949558,0.70945590820921,0.965608074915924,0.627485230246394,46027.7613020185,39651.9069877514,106022.107027382,1.14848405922687
10.738,0.0233673323690734,0.25091841497911,10.598557136595,0.0760814110475811,0.42575541891064,0.710802240302724,0.966584674604804,0.62836220103152,46073.8120848743,39691.0275306292,106136.430007489,1.14963311771959
10.739,0.0233673323690734,0.25094178231148,10.598557136595,0.0760884962972596,0.4257950683257,0.712145382314426,0.967538149994755,0.629238343007177,46119.9089415462,39730.1866698065,106250.876261357,1.15078332584552
10.74,0.0233673323690734,0.250965149643849,10.598557136595,0.0760955815469381,0.425834717740759,0.713485321644255,0.968468896155841,0.630113652392685,46166.0519181307,39769.3844433622,106365.44592191,1.15193468475488
10.741,0.0233673323690734,0.250988516976218,10.598557136595,0.0761026667966165,0.425874367155819,0.714822045829849,0.969377306181669,0.630988125422226,46212.2410607711,39808.6208894131,106480.139122218,1.15308719559901
10.742,0.0233673323690734,0.251011884308587,10.598557136595,0.076109752046295,0.425914016570878,0.716155542546677,0.97026377103969,0.631861758344877,46258.4764156564,39847.8960461134,106594.955995491,1.15424085953044
10.743,0.0233673323690734,0.251035251640956,10.598557136595,0.0761168372959735,0.425953665985938,0.717485799608167,0.971128679426683,0.632734547424638,46304.7580290219,39887.209951655,106709.896675086,1.15539567770282
10.744,0.0233673323690734,0.251058618973325,10.598557136595,0.076123922545652,0.425993315400998,0.718812804965847,0.971972417629433,0.633606488940481,46351.0859471493,39926.5626442675,106824.961294503,1.15655165127097
10.745,0.0233673323690734,0.251081986305694,10.598557136595,0.0761310077953305,0.426032964816057,0.720136546709455,0.972795369390551,0.634477579186374,46397.4602163666,39965.9541622183,106940.149987385,1.15770878139088
10.746,0.0233673323690734,0.251105353638063,10.598557136595,0.076138093045009,0.426072614231117,0.721457013067036,0.973597915779441,0.635347814471315,46443.8808830479,40005.3845438122,107055.46288752,1.15886706921966
10.747,0.0233673323690734,0.251128720970432,10.598557136595,0.0761451782946875,0.426112263646177,0.722774192405056,0.974380435068396,0.636217191119375,46490.3479936139,40044.8538273922,107170.900128839,1.16002651591561
10.748,0.0233673323690734,0.251152088302801,10.598557136595,0.0761522635443659,0.426151913061236,0.724088073228482,0.975143302613766,0.637085705469723,46536.8615945319,40084.3620513391,107286.46184542,1.16118712263816
10.749,0.0233673323690734,0.25117545563517,10.598557136595,0.0761593487940444,0.426191562476296,0.725398644180867,0.975886890742188,0.637953353876662,46583.4217323153,40123.9092540712,107402.148171482,1.16234889054795
10.75,0.0233673323690734,0.251198822967539,10.598557136595,0.0761664340437229,0.426231211891356,0.72670589404441,0.976611568641825,0.638820132709659,46630.0284535243,40163.495474045,107517.959241392,1.16351182080671
10.751,0.0233673323690734,0.251222190299908,10.598557136595,0.0761735192934014,0.426270861306415,0.728009811740033,0.977317702258591,0.639686038353381,46676.6818047657,40203.1207497549,107633.89518966,1.1646759145774
10.752,0.0233673323690734,0.251245557632277,10.598557136595,0.0761806045430799,0.426310510721475,0.729310386327427,0.978005654197294,0.640551067207728,46723.3818326928,40242.7851197334,107749.956150941,1.16584117302409
10.753,0.0233673323690734,0.251268924964647,10.598557136595,0.0761876897927584,0.426350160136535,0.730607607005089,0.978675783627659,0.641415215687855,46770.1285840055,40282.4886225507,107866.142260037,1.16700759731206
10.754,0.0233673323690734,0.251292292297016,10.598557136595,0.0761947750424369,0.426389809551594,0.731901463110372,0.979328446195184,0.642278480224215,46816.9221054508,40322.2312968152,107982.453651894,1.16817518860772
10.755,0.0233673323690734,0.251315659629385,10.598557136595,0.0762018602921154,0.426429458966654,0.733191944119504,0.979963993936759,0.643140857262583,46863.7624438221,40362.0131811736,108098.890461602,1.16934394807867
10.756,0.0233673323690734,0.251339026961754,10.598557136595,0.0762089455417938,0.426469108381714,0.734479039647598,0.980582775200992,0.644002343264084,46910.6496459597,40401.8343143104,108215.4528244,1.17051387689366
10.757,0.0233673323690734,0.251362394294123,10.598557136595,0.0762160307914723,0.426508757796773,0.735762739448676,0.981185134573193,0.64486293470523,46957.5837587509,40441.6947349485,108332.14087567,1.17168497622262
10.758,0.0233673323690734,0.251385761626492,10.598557136595,0.0762231160411508,0.426548407211833,0.737043033415657,0.981771412804926,0.645722628077943,47004.5648291297,40481.5944818489,108448.954750942,1.17285724723666
10.759,0.0233673323690734,0.251409128958861,10.598557136595,0.0762302012908293,0.426588056626893,0.738319911580358,0.982341946748088,0.64658141988959,47051.5929040774,40521.5335938109,108565.894585891,1.17403069110805
10.76,0.0233673323690734,0.25143249629123,10.598557136595,0.0762372865405078,0.426627706041952,0.739593364113463,0.982897069293411,0.647439306663002,47098.6680306217,40561.512109672,108682.960516338,1.17520530901022
10.761,0.0233673323690734,0.251455863623599,10.598557136595,0.0762443717901863,0.426667355457012,0.740863381324513,0.983437109313356,0.648296284936511,47145.7902558381,40601.5300683079,108800.152678251,1.1763811021178
10.762,0.0233673323690734,0.251479230955968,10.598557136595,0.0762514570398647,0.426707004872072,0.742129953661863,0.983962391609277,0.649152351263977,47192.9596268487,40641.5875086332,108917.471207745,1.17755807160659
10.763,0.0233673323690734,0.251502598288337,10.598557136595,0.0762585422895432,0.426746654287131,0.743393071712635,0.984473236862812,0.650007502214808,47240.1761908228,40681.6844696001,109034.916241082,1.17873621865354
10.764,0.0233673323690734,0.251525965620706,10.598557136595,0.0762656275392217,0.426786303702191,0.744652726202675,0.984969961591406,0.650861734373997,47287.439994977,40721.8209901998,109152.48791467,1.1799155444368
10.765,0.0233673323690734,0.251549332953075,10.598557136595,0.0762727127889002,0.426825953117251,0.745908907996493,0.98545287810789,0.651715044342142,47334.7510865753,40761.997109462,109270.186365063,1.18109605013572
10.766,0.0233673323690734,0.251572700285444,10.598557136595,0.0762797980385787,0.42686560253231,0.747161608097181,0.985922294484017,0.652567428735471,47382.1095129285,40802.2128664544,109388.011728966,1.18227773693078
10.767,0.0233673323690734,0.251596067617814,10.598557136595,0.0762868832882572,0.42690525194737,0.748410817646353,0.986378514517899,0.653418884185874,47429.5153213951,40842.4683002836,109505.964143226,1.18346060600367
10.768,0.0233673323690734,0.251619434950183,10.598557136595,0.0762939685379357,0.42694490136243,0.749656527924053,0.986821837705235,0.654269407340924,47476.9685593811,40882.763450095,109624.043744844,1.18464465853727
10.769,0.0233673323690734,0.251642802282552,10.598557136595,0.0763010537876141,0.426984550777489,0.750898730348653,0.987252559214241,0.655118994863901,47524.4692743396,40923.0983550722,109742.250670963,1.18582989571563
10.77,0.0233673323690734,0.251666169614921,10.598557136595,0.0763081390372926,0.427024200192549,0.752137416476766,0.987670969864215,0.655967643433821,47572.0175137713,40963.4730544375,109860.585058877,1.18701631872398
10.771,0.0233673323690734,0.25168953694729,10.598557136595,0.0763152242869711,0.427063849607609,0.753372578003127,0.988077356107631,0.656815349745456,47619.6133252245,41003.8875874521,109979.047046027,1.18820392874875
10.772,0.0233673323690734,0.251712904279659,10.598557136595,0.0763223095366496,0.427103499022668,0.754604206760472,0.988472000015664,0.657662110509356,47667.2567562949,41044.3419934159,110097.636770003,1.18939272697754
10.773,0.0233673323690734,0.251736271612028,10.598557136595,0.0763293947863281,0.427143148437728,0.75583229471942,0.988855179267083,0.658507922451882,47714.9478546261,41084.8363116675,110216.354368542,1.19058271459917
10.774,0.0233673323690734,0.251759638944397,10.598557136595,0.0763364800360066,0.427182797852788,0.757056833988334,0.989227167140385,0.659352782315219,47762.6866679092,41125.3705815843,110335.199979531,1.1917738928036
10.775,0.0233673323690734,0.251783006276766,10.598557136595,0.0763435652856851,0.427222447267847,0.758277816813173,0.989588232509105,0.660196686857399,47810.4732438829,41165.9448425826,110454.173741005,1.19296626278203
10.776,0.0233673323690734,0.251806373609135,10.598557136595,0.0763506505353636,0.427262096682907,0.759495235577351,0.989938639840202,0.66103963285233,47858.3076303337,41206.5591341176,110573.275791148,1.19415982572682
10.777,0.0233673323690734,0.251829740941504,10.598557136595,0.076357735785042,0.427301746097967,0.760709082801575,0.990278649195418,0.661881617089815,47906.1898750963,41247.2134956834,110692.506268292,1.19535458283154
10.778,0.0233673323690734,0.251853108273873,10.598557136595,0.0763648210347205,0.427341395513026,0.761919351143671,0.990608516235524,0.662722636375566,47954.1200260527,41287.907966813,110811.86531092,1.19655053529094
10.779,0.0233673323690734,0.251876475606242,10.598557136595,0.076371906284399,0.427381044928086,0.763126033398421,0.990928492227376,0.663562687531237,48002.0981311331,41328.6425870786,110931.353057663,1.19774768430097
10.78,0.0233673323690734,0.251899842938612,10.598557136595,0.0763789915340775,0.427420694343146,0.764329122497372,0.991238824053653,0.664401767394437,48050.1242383156,41369.4173960911,111050.969647302,1.19894603105879
10.781,0.0233673323690734,0.251923210270981,10.598557136595,0.076386076783756,0.427460343758205,0.765528611508654,0.991539754225221,0.665239872818752,48098.1983956265,41410.2324335009,111170.715218767,1.20014557676274
10.782,0.0233673323690734,0.25194657760335,10.598557136595,0.0763931620334345,0.427499993173265,0.766724493636769,0.991831520896003,0.666077000673761,48146.3206511396,41451.0877389972,111290.589911139,1.20134632261236
10.783,0.0233673323690734,0.251969944935719,10.598557136595,0.0764002472831129,0.427539642588325,0.767916762222401,0.992114357880281,0.666913147845063,48194.4910529775,41491.9833523084,111410.593863648,1.20254826980841
10.784,0.0233673323690734,0.251993312268088,10.598557136595,0.0764073325327914,0.427579292003384,0.769105410742194,0.992388494672334,0.667748311234292,48242.7096493104,41532.9193132023,111530.727215674,1.20375141955283
10.785,0.0233673323690734,0.252016679600457,10.598557136595,0.0764144177824699,0.427618941418444,0.770290432808528,0.992654156468311,0.668582487759131,48290.976488357,41573.8956614857,111650.990106748,1.20495577304877
10.786,0.0233673323690734,0.252040046932826,10.598557136595,0.0764215030321484,0.427658590833503,0.771471822169301,0.992911564190268,0.669415674353338,48339.2916183841,41614.9124370049,111771.382676551,1.20616133150058
10.787,0.0233673323690734,0.252063414265195,10.598557136595,0.0764285882818269,0.427698240248563,0.772649572707689,0.993160934512263,0.670247867966763,48387.6550877069,41655.9696796452,111891.905064915,1.20736809611382
10.788,0.0233673323690734,0.252086781597564,10.598557136595,0.0764356735315054,0.427737889663623,0.773823678441893,0.993402479888426,0.671079065565354,48436.0669446888,41697.0674293315,112012.557411823,1.20857606809526
10.789,0.0233673323690734,0.252110148929933,10.598557136595,0.0764427587811839,0.427777539078682,0.774994133524905,0.993636408582926,0.671909264131192,48484.5272377416,41738.2057260281,112133.339857407,1.20978524865287
10.79,0.0233673323690734,0.252133516262302,10.598557136595,0.0764498440308623,0.427817188493742,0.77616093224424,0.99386292470173,0.672738460662493,48533.0360153257,41779.3846097386,112254.252541954,1.21099563899583
10.791,0.0233673323690734,0.252156883594671,10.598557136595,0.0764569292805408,0.427856837908802,0.777324069021672,0.994082228226085,0.673566652173633,48581.59332595,41820.6041205062,112375.295605898,1.21220724033453
10.792,0.0233673323690734,0.25218025092704,10.598557136595,0.0764640145302193,0.427896487323861,0.77848353841296,0.994294515047628,0.674393835695155,48630.1992181715,41861.8642984133,112496.469189826,1.21342005388057
10.793,0.0233673323690734,0.252203618259409,10.598557136595,0.0764710997798978,0.427936136738921,0.779639335107576,0.994499977005054,0.675220008273794,48678.8537405963,41903.1651835822,112617.773434478,1.21463408084676
10.794,0.0233673323690734,0.252226985591779,10.598557136595,0.0764781850295763,0.427975786153981,0.780791453928412,0.99469880192224,0.676045166972489,48727.556941879,41944.5068161747,112739.208480744,1.21584932244714
10.795,0.0233673323690734,0.252250352924148,10.598557136595,0.0764852702792548,0.42801543556904,0.781939889831481,0.994891173647765,0.67686930887039,48776.3088707226,41985.8892363922,112860.774469668,1.21706577989694
10.796,0.0233673323690734,0.252273720256517,10.598557136595,0.0764923555289333,0.4280550849841,0.783084637905631,0.995077272095732,0.677692431062884,48825.1095758792,42027.3124844756,112982.471542442,1.21828345441262
10.797,0.0233673323690734,0.252297087588886,10.598557136595,0.0764994407786118,0.42809473439916,0.784225693372228,0.995257273287828,0.678514530661606,48873.9591061495,42068.7766007058,113104.299840415,1.21950234721186
10.798,0.0233673323690734,0.252320454921255,10.598557136595,0.0765065260282902,0.428134383814219,0.785363051584835,0.995431349396522,0.679335604794441,48922.8575103828,42110.2816254031,113226.259505086,1.22072245951355
10.799,0.0233673323690734,0.252343822253624,10.598557136595,0.0765136112779687,0.428174033229279,0.786496708028906,0.995599668789363,0.680155650605554,48971.8048374778,42151.8275989279,113348.350678107,1.22194379253779
10.8,0.0233673323690734,0.252367189585993,10.598557136595,0.0765206965276472,0.428213682644339,0.787626658321449,0.995762396074267,0.680974665255394,49020.8011363817,42193.4145616805,113470.573501282,1.22316634750594
10.801,0.0233673323690734,0.252390556918362,10.598557136595,0.0765277817773257,0.428253332059398,0.788752898210686,0.99591969214574,0.681792645920701,49069.8464560909,42235.0425541003,113592.928116568,1.22439012564053
10.802,0.0233673323690734,0.252413924250731,10.598557136595,0.0765348670270042,0.428292981474458,0.789875423575722,0.996071714231971,0.682609589794531,49118.9408456505,42276.7116166676,113715.414666077,1.22561512816535
10.803,0.0233673323690734,0.2524372915831,10.598557136595,0.0765419522766827,0.428332630889518,0.790994230426196,0.996218615942717,0.683425494086258,49168.0843541552,42318.421789902,113838.033292072,1.2268413563054
10.804,0.0233673323690734,0.252460658915469,10.598557136595,0.0765490375263611,0.428372280304577,0.792109314901911,0.996360547317905,0.684240356021587,49217.2770307482,42360.1731143632,113960.784136971,1.2280688112869
10.805,0.0233673323690734,0.252484026247838,10.598557136595,0.0765561227760396,0.428411929719637,0.793220673272496,0.996497654876914,0.685054172842565,49266.5189246224,42401.965630651,114083.667343344,1.22929749433733
10.806,0.0233673323690734,0.252507393580207,10.598557136595,0.0765632080257181,0.428451579134697,0.794328301937021,0.99663008166844,0.685866941807597,49315.8100850197,42443.7993794054,114206.683053916,1.23052740668535
10.807,0.0233673323690734,0.252530760912577,10.598557136595,0.0765702932753966,0.428491228549756,0.795432197423626,0.996757967320903,0.686678660191444,49365.150561231,42485.6744013062,114329.831411565,1.23175854956087
10.808,0.0233673323690734,0.252554128244946,10.598557136595,0.0765773785250751,0.428530877964816,0.796532356389148,0.996881448093332,0.687489325285243,49414.5404025971,42527.5907370733,114453.112559324,1.23299092419505
10.809,0.0233673323690734,0.252577495577315,10.598557136595,0.0765844637747536,0.428570527379876,0.797628775618729,0.997000656926663,0.688298934396514,49463.9796585077,42569.5484274672,114576.52664038,1.23422453182026
10.81,0.0233673323690734,0.252600862909684,10.598557136595,0.0765915490244321,0.428610176794935,0.798721452025423,0.997115723495394,0.689107484849167,49513.4683784022,42611.5475132883,114700.073798074,1.2354593736701
10.811,0.0233673323690734,0.252624230242053,10.598557136595,0.0765986342741106,0.428649826209995,0.799810382649794,0.997226774259553,0.689914973983509,49563.006611769,42653.5880353771,114823.754175901,1.23669545097942
10.812,0.0233673323690734,0.252647597574422,10.598557136595,0.076605719523789,0.428689475625055,0.800895564659521,0.997333932516911,0.690721399156257,49612.5944081466,42695.6700346148,114947.567917512,1.23793276498429
10.813,0.0233673323690734,0.252670964906791,10.598557136595,0.0766128047734675,0.428729125040114,0.801976995348978,0.997437318455392,0.691526757740543,49662.2318171229,42737.7935519226,115071.515166712,1.23917131692203
10.814,0.0233673323690734,0.25269433223916,10.598557136595,0.076619890023146,0.428768774455174,0.803054672138817,0.997537049205637,0.69233104712592,49711.918888335,42779.9586282622,115195.596067462,1.24041110803119
10.815,0.0233673323690734,0.252717699571529,10.598557136595,0.0766269752728245,0.428808423870234,0.804128592575553,0.997633238893666,0.69313426471837,49761.6556714701,42822.1653046358,115319.810763878,1.24165213955157
10.816,0.0233673323690734,0.252741066903898,10.598557136595,0.076634060522503,0.428848073285293,0.805198754331129,0.997725998693591,0.693936407940317,49811.4422162652,42864.4136220859,115444.15940023,1.24289441272418
10.817,0.0233673323690734,0.252764434236267,10.598557136595,0.0766411457721815,0.428887722700353,0.806265155202478,0.997815436880336,0.694737474230617,49861.2785725065,42906.7036216955,115568.642120944,1.24413792879131
10.818,0.0233673323690734,0.252787801568636,10.598557136595,0.07664823102186,0.428927372115413,0.807327793111094,0.997901658882332,0.695537461044584,49911.1647900306,42949.0353445883,115693.259070604,1.24538268899648
10.819,0.0233673323690734,0.252811168901005,10.598557136595,0.0766553162715384,0.428967021530472,0.808386666102577,0.997984767334118,0.696336365853981,49961.1009187236,42991.4088319284,115818.010393947,1.24662869458443
10.82,0.0233673323690734,0.252834536233374,10.598557136595,0.0766624015212169,0.429006670945532,0.809441772346186,0.99806486212884,0.697134186147032,50011.0870085218,43033.8241249207,115942.896235869,1.24787594680119
10.821,0.0233673323690734,0.252857903565744,10.598557136595,0.0766694867708954,0.429046320360592,0.810493110134375,0.998142040470583,0.697930919428422,50061.123109411,43076.2812648105,116067.916741418,1.24912444689399
10.822,0.0233673323690734,0.252881270898113,10.598557136595,0.0766765720205739,0.429085969775651,0.811540677882341,0.998216396926515,0.698726563219305,50111.2092714276,43118.7802928839,116193.072055803,1.25037419611135
10.823,0.0233673323690734,0.252904638230482,10.598557136595,0.0766836572702524,0.429125619190711,0.812584474127554,0.998288023478802,0.699521115057311,50161.3455446576,43161.3212504678,116318.362324387,1.25162519570301
10.824,0.0233673323690734,0.252928005562851,10.598557136595,0.0766907425199309,0.429165268605771,0.813624497529272,0.998357009576261,0.700314572496539,50211.5319792374,43203.9041789298,116443.78769269,1.25287744691996
10.825,0.0233673323690734,0.25295137289522,10.598557136595,0.0766978277696093,0.42920491802083,0.814660746868078,0.998423442185715,0.701106933107571,50261.7686253532,43246.5291196783,116569.34830639,1.25413095101447
10.826,0.0233673323690734,0.252974740227589,10.598557136595,0.0767049130192878,0.42924456743589,0.815693221045393,0.998487405843027,0.701898194477474,50312.055533242,43289.1961141628,116695.04431132,1.25538570924004
10.827,0.0233673323690734,0.252998107559958,10.598557136595,0.0767119982689663,0.42928421685095,0.816721919082976,0.998548982703776,0.702688354209791,50362.3927531904,43331.9052038732,116820.875853472,1.25664172285142
10.828,0.0233673323690734,0.253021474892327,10.598557136595,0.0767190835186448,0.429323866266009,0.817746840122444,0.998608252593556,0.70347740992456,50412.7803355358,43374.6564303407,116946.843078995,1.25789899310462
10.829,0.0233673323690734,0.253044842224696,10.598557136595,0.0767261687683233,0.429363515681069,0.818767983424769,0.998665293057857,0.704265359258306,50463.2183306658,43417.4498351376,117072.946134196,1.25915752125693
10.83,0.0233673323690734,0.253068209557065,10.598557136595,0.0767332540180018,0.429403165096129,0.819785348369766,0.998720179411523,0.705052199864038,50513.7067890183,43460.2854598768,117199.185165539,1.26041730856685
10.831,0.0233673323690734,0.253091576889434,10.598557136595,0.0767403392676803,0.429442814511188,0.820798934455598,0.998772984787744,0.705837929411263,50564.2457610817,43503.1633462124,117325.560319646,1.2616783562942
10.832,0.0233673323690734,0.253114944221803,10.598557136595,0.0767474245173588,0.429482463926248,0.821808741298256,0.998823780186574,0.706622545585979,50614.8352973952,43546.08353584,117452.071743297,1.2629406657
10.833,0.0233673323690734,0.253138311554172,10.598557136595,0.0767545097670372,0.429522113341308,0.822814768631032,0.998872634522951,0.707406046090673,50665.4754485481,43589.0460704957,117578.719583432,1.26420423804658
10.834,0.0233673323690734,0.253161678886542,10.598557136595,0.0767615950167157,0.429561762756367,0.823817016304013,0.998919614674189,0.708188428644327,50716.1662651807,43632.050991957,117705.503987146,1.2654690745975
10.835,0.0233673323690734,0.253185046218911,10.598557136595,0.0767686802663942,0.429601412171427,0.824815484283544,0.99896478552694,0.708969690982415,50766.9077979839,43675.098342043,117832.425101696,1.2667351766176
10.836,0.0233673323690734,0.25320841355128,10.598557136595,0.0767757655160727,0.429641061586487,0.825810172651689,0.999008210023601,0.709749830856901,50817.700097699,43718.1881626135,117959.483074497,1.26800254537298
10.837,0.0233673323690734,0.253231780883649,10.598557136595,0.0767828507657512,0.429680711001546,0.826801081605711,0.999049949208144,0.71052884603624,50868.5432151185,43761.32049557,118086.678053121,1.26927118213101
10.838,0.0233673323690734,0.253255148216018,10.598557136595,0.0767899360154297,0.429720360416606,0.827788211457517,0.999090062271371,0.711306734305378,50919.4372010855,43804.4953828552,118214.010185302,1.27054108816033
10.839,0.0233673323690734,0.253278515548387,10.598557136595,0.0767970212651082,0.429760009831666,0.828771562633118,0.999128606595562,0.712083493465744,50970.3821064938,43847.712866453,118341.47961893,1.27181226473084
10.84,0.0233673323690734,0.253301882880756,10.598557136595,0.0768041065147866,0.429799659246725,0.829751135672077,0.999165637798519,0.712859121335255,51021.3779822886,43890.9729883889,118469.086502058,1.27308471311373
10.841,0.0233673323690734,0.253325250213125,10.598557136595,0.0768111917644651,0.429839308661785,0.83072693122696,0.999201209776982,0.713633615748312,51072.4248794655,43934.2757907301,118596.830982895,1.27435843458143
10.842,0.0233673323690734,0.253348617545494,10.598557136595,0.0768182770141436,0.429878958076845,0.831698950062773,0.99923537474942,0.714406974555793,51123.5228490717,43977.6213155849,118724.713209815,1.27563343040768
10.843,0.0233673323690734,0.253371984877863,10.598557136595,0.0768253622638221,0.429918607491904,0.832667193056396,0.999268183298174,0.715179195625054,51174.6719422048,44021.0096051033,118852.733331345,1.27690970186746
10.844,0.0233673323690734,0.253395352210232,10.598557136595,0.0768324475135006,0.429958256906964,0.833631661196026,0.99929968441096,0.715950276839924,51225.8722100142,44064.4407014768,118980.891496178,1.27818725023705
10.845,0.0233673323690734,0.253418719542601,10.598557136595,0.0768395327631791,0.429997906322024,0.834592355580604,0.999329925521707,0.716720216100703,51277.1237037002,44107.9146469388,119109.187853166,1.279466076794
10.846,0.0233673323690734,0.25344208687497,10.598557136595,0.0768466180128576,0.430037555737083,0.835549277419231,0.999358952550737,0.717489011324154,51328.426474514,44151.431483764,119237.622551318,1.28074618281713
10.847,0.0233673323690734,0.253465454207339,10.598557136595,0.076853703262536,0.430077205152143,0.836502428030603,0.999386809944278,0.718256660443502,51379.7805737586,44194.9912542691,119366.195739809,1.28202756958654
10.848,0.0233673323690734,0.253488821539709,10.598557136595,0.0768607885122145,0.430116854567203,0.837451808842425,0.999413540713306,0.719023161408429,51431.1860527882,44238.5940008125,119494.907567972,1.28331023838364
10.849,0.0233673323690734,0.253512188872078,10.598557136595,0.076867873761893,0.430156503982262,0.838397421390815,0.999439186471704,0.719788512185065,51482.642963008,44282.2397657941,119623.758185299,1.28459419049108
10.85,0.0233673323690734,0.253535556204447,10.598557136595,0.0768749590115715,0.430196153397322,0.839339267319733,0.999463787473757,0.720552710755987,51534.151355875,44325.9285916561,119752.747741448,1.28587942719282
10.851,0.0233673323690734,0.253558923536816,10.598557136595,0.07688204426125,0.430235802812381,0.840277348380372,0.99948738265095,0.721315755120213,51585.7112828977,44369.6605208821,119881.876386235,1.28716594977409
10.852,0.0233673323690734,0.253582290869185,10.598557136595,0.0768891295109285,0.430275452227441,0.841211666430572,0.999510009648096,0.722077643293191,51637.3227956361,44413.4355959982,120011.144269638,1.28845375952143
10.853,0.0233673323690734,0.253605658201554,10.598557136595,0.076896214760607,0.430315101642501,0.84214222343421,0.999531704858782,0.722838373306795,51688.9859457015,44457.2538595718,120140.551541798,1.28974285772262
10.854,0.0233673323690734,0.253629025533923,10.598557136595,0.0769033000102854,0.43035475105756,0.843069021460607,0.999552503460123,0.723597943209323,51740.7007847571,44501.1153542126,120270.098353016,1.29103324566678
10.855,0.0233673323690734,0.253652392866292,10.598557136595,0.0769103852599639,0.43039440047262,0.843992062683919,0.999572439446848,0.724356351065482,51792.4673645179,44545.0201225725,120399.784853757,1.2923249246443
10.856,0.0233673323690734,0.253675760198661,10.598557136595,0.0769174705096424,0.43043404988768,0.844911349382514,0.999591545664698,0.725113594956383,51844.2857367503,44588.9682073452,120529.611194647,1.29361789594685
10.857,0.0233673323690734,0.25369912753103,10.598557136595,0.0769245557593209,0.430473699302739,0.845826883938381,0.999609853843145,0.725869672979537,51896.1559532728,44632.9596512667,120659.577526475,1.2949121608674
10.858,0.0233673323690734,0.253722494863399,10.598557136595,0.0769316410089994,0.430513348717799,0.846738668836497,0.999627394627447,0.726624583248843,51948.0780659556,44676.9944971151,120789.684000192,1.29620772070022
10.859,0.0233673323690734,0.253745862195768,10.598557136595,0.0769387262586779,0.430552998132859,0.847646706664209,0.999644197610016,0.727378323894577,52000.0521267208,44721.0727877107,120919.930766912,1.29750457674087
10.86,0.0233673323690734,0.253769229528137,10.598557136595,0.0769458115083564,0.430592647547918,0.848551000110621,0.999660291361131,0.72813089306339,52052.0781875424,44765.194565916,121050.317977913,1.2988027302862
10.861,0.0233673323690734,0.253792596860506,10.598557136595,0.0769528967580348,0.430632296962978,0.849451551965961,0.999675703458979,0.728882288918295,52104.1563004466,44809.359874636,121180.845784634,1.30010218263438
10.862,0.0233673323690734,0.253815964192876,10.598557136595,0.0769599820077133,0.430671946378038,0.850348365120949,0.99969046051904,0.729632509638653,52156.2865175114,44853.5687568177,121311.514338679,1.30140293508484
10.863,0.0233673323690734,0.253839331525245,10.598557136595,0.0769670672573918,0.430711595793097,0.851241442566178,0.999704588222815,0.730381553420172,52208.468890867,44897.8212554508,121442.323791815,1.30270498893835
10.864,0.0233673323690734,0.253862698857614,10.598557136595,0.0769741525070703,0.430751245208157,0.852130787391471,0.99971811134591,0.731129418474894,52260.7034726959,44942.1174135672,121573.274295972,1.30400834549695
10.865,0.0233673323690734,0.253886066189983,10.598557136595,0.0769812377567488,0.430790894623217,0.853016402785241,0.999731053785471,0.731876103031175,52312.9903152326,44986.4572742412,121704.366003246,1.30531300606401
10.866,0.0233673323690734,0.253909433522352,10.598557136595,0.0769883230064273,0.430830544038276,0.853898292033865,0.999743438586986,0.732621605333691,52365.329470764,45030.8408805898,121835.599065894,1.30661897194418
10.867,0.0233673323690734,0.253932800854721,10.598557136595,0.0769954082561058,0.430870193453336,0.854776458521031,0.999755287970455,0.733365923643415,52417.7209916293,45075.2682757725,121966.973636339,1.30792624444344
10.868,0.0233673323690734,0.25395616818709,10.598557136595,0.0770024935057843,0.430909842868396,0.855650905727095,0.999766623355938,0.734109056237603,52470.1649302199,45119.7395029913,122098.489867169,1.30923482486905
10.869,0.0233673323690734,0.253979535519459,10.598557136595,0.0770095787554627,0.430949492283455,0.856521637228437,0.999777465388483,0.734851001409796,52522.6613389798,45164.2546054908,122230.147911134,1.31054471452959
10.87,0.0233673323690734,0.254002902851828,10.598557136595,0.0770166640051412,0.430989141698515,0.857388656696815,0.999787833962454,0.735591757469796,52575.2102704054,45208.8136265585,122361.947921151,1.31185591473495
10.871,0.0233673323690734,0.254026270184197,10.598557136595,0.0770237492548197,0.431028791113575,0.858251967898702,0.999797748245245,0.736331322743654,52627.8117770457,45253.4166095241,122493.8900503,1.31316842679634
10.872,0.0233673323690734,0.254049637516566,10.598557136595,0.0770308345044982,0.431068440528634,0.859111574694645,0.999807226700411,0.737069695573665,52680.4659115021,45298.0635977607,122625.974451829,1.31448225202627
10.873,0.0233673323690734,0.254073004848935,10.598557136595,0.0770379197541767,0.431108089943694,0.859967481038602,0.999816287110211,0.737806874318348,52733.1727264288,45342.7546346837,122758.201279148,1.31579739173856
10.874,0.0233673323690734,0.254096372181304,10.598557136595,0.0770450050038552,0.431147739358754,0.860819690977288,0.999824946597573,0.738542857352438,52785.9322745327,45387.4897637516,122890.570685835,1.31711384724835
10.875,0.0233673323690734,0.254119739513674,10.598557136595,0.0770520902535336,0.431187388773813,0.861668208649505,0.999833221647489,0.739277643066863,52838.7446085732,45432.2690284656,123023.082825632,1.31843161987209
10.876,0.0233673323690734,0.254143106846043,10.598557136595,0.0770591755032121,0.431227038188873,0.862513038285496,0.999841128127859,0.740011229868741,52891.6097813627,45477.0924723699,123155.737852446,1.31975071092757
10.877,0.0233673323690734,0.254166474178412,10.598557136595,0.0770662607528906,0.431266687603933,0.863354184206266,0.999848681309769,0.740743616181363,52944.5278457665,45521.9601390517,123288.535920354,1.32107112173386
10.878,0.0233673323690734,0.254189841510781,10.598557136595,0.0770733460025691,0.431306337018992,0.864191650822923,0.999855895887247,0.741474800444169,52997.4988547024,45566.8720721411,123421.477183593,1.32239285361139
10.879,0.0233673323690734,0.25421320884315,10.598557136595,0.0770804312522476,0.431345986434052,0.86502544263601,0.999862785996467,0.742204781112747,53050.5228611417,45611.8283153113,123554.561796572,1.32371590788188
10.88,0.0233673323690734,0.254236576175519,10.598557136595,0.0770875165019261,0.431385635849112,0.865855564234837,0.999869365234441,0.74293355665881,53103.5999181083,45656.8289122787,123687.789913863,1.3250402858684
10.881,0.0233673323690734,0.254259943507888,10.598557136595,0.0770946017516046,0.431425285264171,0.866682020296798,0.999875646677193,0.743661125570179,53156.7300786791,45701.8739068026,123821.161690206,1.3263659888953
10.882,0.0233673323690734,0.254283310840257,10.598557136595,0.077101687001283,0.431464934679231,0.867504815586718,0.999881642897429,0.744387486350772,53209.9133959845,45746.9633426857,123954.677280508,1.32769301828831
10.883,0.0233673323690734,0.254306678172626,10.598557136595,0.0771087722509615,0.431504584094291,0.86832395495616,0.999887365981712,0.745112637520587,53263.1499232077,45792.0972637737,124088.336839842,1.32902137537444
10.884,0.0233673323690734,0.254330045504995,10.598557136595,0.07711585750064,0.43154423350935,0.869139443342761,0.999892827547142,0.745836577615682,53316.4397135853,45837.275713956,124222.140523451,1.33035106148206
10.885,0.0233673323690734,0.254353412837364,10.598557136595,0.0771229427503185,0.43158388292441,0.869951285769545,0.999898038757575,0.746559305188162,53369.782820407,45882.4987371645,124356.08848674,1.33168207794086
10.886,0.0233673323690734,0.254376780169733,10.598557136595,0.077130027999997,0.43162353233947,0.870759487344252,0.99990301033936,0.747280818806159,53423.179297016,45927.7663773751,124490.180885287,1.33301442608184
10.887,0.0233673323690734,0.254400147502102,10.598557136595,0.0771371132496755,0.431663181754529,0.871564053258658,0.999907752596623,0.74800111705382,53476.6291968088,45973.078678607,124624.417874836,1.33434810723736
10.888,0.0233673323690734,0.254423514834471,10.598557136595,0.077144198499354,0.431702831169589,0.87236498878788,0.999912275426105,0.748720198531281,53530.1325732352,46018.4356849226,124758.799611298,1.3356831227411
10.889,0.0233673323690734,0.254446882166841,10.598557136595,0.0771512837490324,0.431742480584649,0.873162299289713,0.999916588331557,0.749438061854658,53583.6894797986,46063.837440428,124893.326250752,1.33701947392807
10.89,0.0233673323690734,0.25447024949921,10.598557136595,0.0771583689987109,0.431782129999708,0.873955990203933,0.999920700437703,0.750154705656024,53637.2999700561,46109.2839892728,125027.997949446,1.33835716213463
10.891,0.0233673323690734,0.254493616831579,10.598557136595,0.0771654542483894,0.431821779414768,0.874746067051612,0.999924620503791,0.750870128583388,53690.9640976179,46154.7753756498,125162.814863798,1.33969618869846
10.892,0.0233673323690734,0.254516984163948,10.598557136595,0.0771725394980679,0.431861428829828,0.875532535434438,0.999928356936723,0.751584329300682,53744.6819161482,46200.3116437958,125297.777150392,1.34103655495859
10.893,0.0233673323690734,0.254540351496317,10.598557136595,0.0771796247477464,0.431901078244887,0.876315401034026,0.999931917803785,0.752297306487742,53798.4534793651,46245.8928379914,125432.884965982,1.34237826225539
10.894,0.0233673323690734,0.254563718828686,10.598557136595,0.0771867099974249,0.431940727659947,0.877094669611225,0.999935310844991,0.753009058840281,53852.2788410398,46291.5190025601,125568.138467491,1.34372131193056
10.895,0.0233673323690734,0.254587086161055,10.598557136595,0.0771937952471034,0.431980377075007,0.877870347005436,0.999938543485035,0.753719585069877,53906.1580549979,46337.1901818701,125703.537812011,1.34506570532715
10.896,0.0233673323690734,0.254610453493424,10.598557136595,0.0772008804967819,0.432020026490066,0.878642439133918,0.999941622844869,0.754428883903953,53960.0911751186,46382.9064203327,125839.083156805,1.34641144378957
10.897,0.0233673323690734,0.254633820825793,10.598557136595,0.0772079657464603,0.432059675905126,0.879410951991097,0.999944555752923,0.755136954085749,54014.0782553348,46428.6677624032,125974.774659302,1.34775852866354
10.898,0.0233673323690734,0.254657188158162,10.598557136595,0.0772150509961388,0.432099325320186,0.88017589164788,0.999947348755955,0.755843794374311,54068.1193496339,46474.4742525808,126110.612477105,1.34910696129615
10.899,0.0233673323690734,0.254680555490531,10.598557136595,0.0772221362458173,0.432138974735245,0.880937264250957,0.999950008129566,0.756549403544467,54122.2145120568,46520.3259354086,126246.596767984,1.35045674303583
10.9,0.0233673323690734,0.2547039228229,10.598557136595,0.0772292214954958,0.432178624150305,0.881695076022109,0.999952539888366,0.757253780386802,54176.3637966988,46566.2228554737,126382.72768988,1.35180787523237
10.901,0.0233673323690734,0.254727290155269,10.598557136595,0.0772363067451743,0.432218273565365,0.882449333257521,0.999954949795813,0.757956923707642,54230.567257709,46612.165057407,126519.005400904,1.3531603592369
10.902,0.0233673323690734,0.254750657487639,10.598557136595,0.0772433919948528,0.432257922980424,0.883200042327083,0.999957243373731,0.758658832329031,54284.8249492911,46658.1525858838,126655.430059338,1.3545141964019
10.903,0.0233673323690734,0.254774024820008,10.598557136595,0.0772504772445313,0.432297572395484,0.883947209673697,0.999959425911507,0.759359505088705,54339.1369257025,46704.185485623,126792.001823635,1.35586938808121
10.904,0.0233673323690734,0.254797392152377,10.598557136595,0.0772575624942097,0.432337221810544,0.884690841812583,0.999961502474991,0.760058940840079,54393.5032412555,46750.2638013879,126928.720852418,1.35722593563002
10.905,0.0233673323690734,0.254820759484746,10.598557136595,0.0772646477438882,0.432376871225603,0.885430945330586,0.999963477915093,0.760757138452215,54447.9239503162,46796.387577986,127065.587304481,1.35858384040488
10.906,0.0233673323690734,0.254844126817115,10.598557136595,0.0772717329935667,0.432416520640663,0.886167526885482,0.999965356876088,0.761454096809807,54502.3991073054,46842.5568602689,127202.60133879,1.35994310376369
10.907,0.0233673323690734,0.254867494149484,10.598557136595,0.0772788182432452,0.432456170055723,0.886900593205273,0.999967143803648,0.76214981481315,54556.9287666983,46888.7716931324,127339.763114483,1.36130372706572
10.908,0.0233673323690734,0.254890861481853,10.598557136595,0.0772859034929237,0.432495819470782,0.887630151087507,0.999968842952587,0.762844291378124,54611.5129830244,46935.0321215166,127477.072790866,1.36266571167159
10.909,0.0233673323690734,0.254914228814222,10.598557136595,0.0772929887426022,0.432535468885842,0.888356207398575,0.999970458394353,0.76353752543617,54666.1518108682,46981.3381904063,127614.530527422,1.36402905894328
10.91,0.0233673323690734,0.254937596146591,10.598557136595,0.0773000739922807,0.432575118300902,0.88907876907301,0.999971994024246,0.76422951593426,54720.8453048682,47027.6899448302,127752.136483803,1.36539377024415
10.911,0.0233673323690734,0.25496096347896,10.598557136595,0.0773071592419591,0.432614767715961,0.889797843112803,0.999973453568402,0.764920261834881,54775.5935197181,47074.0874298615,127889.890819831,1.3667598469389
10.912,0.0233673323690734,0.254984330811329,10.598557136595,0.0773142444916376,0.432654417131021,0.890513436586702,0.999974840590515,0.765609762116007,54830.3965101662,47120.5306906183,128027.793695507,1.36812729039362
10.913,0.0233673323690734,0.255007698143698,10.598557136595,0.0773213297413161,0.432694066546081,0.891225556629513,0.999976158498334,0.76629801577107,54885.2543310153,47167.0197722626,128165.845270996,1.36949610197573
10.914,0.0233673323690734,0.255031065476067,10.598557136595,0.0773284149909946,0.43273371596114,0.891934210441412,0.999977410549922,0.766985021808947,54940.1670371233,47213.5547200014,128304.045706643,1.37086628305406
10.915,0.0233673323690734,0.255054432808436,10.598557136595,0.0773355002406731,0.4327733653762,0.892639405287246,0.999978599859697,0.767670779253923,54995.1346834029,47260.1355790861,128442.395162963,1.37223783499879
10.916,0.0233673323690734,0.255077800140805,10.598557136595,0.0773425854903516,0.432813014791259,0.893341148495843,0.999979729404249,0.768355287145673,55050.1573248219,47306.762394813,128580.893800642,1.37361075918148
10.917,0.0233673323690734,0.255101167473175,10.598557136595,0.07734967074003,0.432852664206319,0.894039447459307,0.999980802027956,0.769038544539232,55105.2350164026,47353.4352125225,128719.541780543,1.37498505697503
10.918,0.0233673323690734,0.255124534805544,10.598557136595,0.0773567559897085,0.432892313621379,0.894734309632338,0.999981820448387,0.769720550504975,55160.367813223,47400.1540776004,128858.339263701,1.37636072975375
10.919,0.0233673323690734,0.255147902137913,10.598557136595,0.077363841239387,0.432931963036438,0.89542574253153,0.99998278726151,0.770401304128586,55215.5557704159,47446.919035477,128997.286411323,1.37773777889332
10.92,0.0233673323690734,0.255171269470282,10.598557136595,0.0773709264890655,0.432971612451498,0.896113753734677,0.999983704946712,0.77108080451103,55270.7989431691,47493.7301316272,129136.383384793,1.37911620577079
10.921,0.0233673323690734,0.255194636802651,10.598557136595,0.077378011738744,0.433011261866558,0.896798350880087,0.999984575871627,0.771759050768535,55326.0973867258,47540.5874115713,129275.630345665,1.38049601176457
10.922,0.0233673323690734,0.25521800413502,10.598557136595,0.0773850969884225,0.433050911281617,0.897479541665886,0.999985402296791,0.772436042032558,55381.4511563846,47587.490920874,129415.027455672,1.38187719825448
10.923,0.0233673323690734,0.255241371467389,10.598557136595,0.077392182238101,0.433090560696677,0.898157333849324,0.999986186380117,0.773111777449759,55436.8603074991,47634.4407051452,129554.574876717,1.38325976662171
10.924,0.0233673323690734,0.255264738799758,10.598557136595,0.0773992674877794,0.433130210111737,0.89883173524609,0.999986930181202,0.773786256181977,55492.3248954785,47681.4368100397,129694.27277088,1.38464371824881
10.925,0.0233673323690734,0.255288106132127,10.598557136595,0.0774063527374579,0.433169859526796,0.899502753729621,0.999987635665475,0.7744594774062,55547.8449757875,47728.4792812576,129834.121300416,1.38602905451975
10.926,0.0233673323690734,0.255311473464496,10.598557136595,0.0774134379871364,0.433209508941856,0.900170397230405,0.999988304708186,0.775131440314536,55603.420603946,47775.5681645437,129974.120627754,1.38741577681986
10.927,0.0233673323690734,0.255334840796865,10.598557136595,0.0774205232368149,0.433249158356916,0.900834673735305,0.999988939098235,0.775802144114188,55659.0518355298,47822.703505688,130114.270915497,1.38880388653586
10.928,0.0233673323690734,0.255358208129234,10.598557136595,0.0774276084864934,0.433288807771975,0.901495591286864,0.999989540541867,0.776471588027427,55714.7387261702,47869.885350526,130254.572326426,1.39019338505587
10.929,0.0233673323690734,0.255381575461603,10.598557136595,0.0774346937361719,0.433328457187035,0.902153157982614,0.999990110666209,0.777139771291557,55770.4813315538,47917.1137449381,130395.025023496,1.39158427376937
10.93,0.0233673323690734,0.255404942793973,10.598557136595,0.0774417789858504,0.433368106602095,0.902807381974401,0.999990651022684,0.777806693158894,55826.2797074234,47964.3887348502,130535.629169837,1.39297655406727
10.931,0.0233673323690734,0.255428310126342,10.598557136595,0.0774488642355289,0.433407756017154,0.903458271467696,0.99999116309028,0.778472352896734,55882.1339095774,48011.7103662332,130676.384928757,1.39437022734183
10.932,0.0233673323690734,0.255451677458711,10.598557136595,0.0774559494852073,0.433447405432214,0.904105834720905,0.999991648278693,0.779136749787321,55938.0439938699,48059.0786851037,130817.292463739,1.39576529498674
10.933,0.0233673323690734,0.25547504479108,10.598557136595,0.0774630347348858,0.433487054847274,0.904750080044693,0.999992107931354,0.779799883127823,55994.0100162111,48106.4937375234,130958.351938441,1.39716175839706
10.934,0.0233673323690734,0.255498412123449,10.598557136595,0.0774701199845643,0.433526704262333,0.905391015801303,0.999992543328325,0.780461752230298,56050.032032567,48153.9555695997,131099.563516699,1.39855961896925
10.935,0.0233673323690734,0.255521779455818,10.598557136595,0.0774772052342428,0.433566353677393,0.906028650403872,0.999992955689085,0.78112235642167,56106.1100989596,48201.4642274855,131240.927362526,1.39995887810119
10.936,0.0233673323690734,0.255545146788187,10.598557136595,0.0774842904839213,0.433606003092453,0.906662992315752,0.999993346175201,0.78178169504369,56162.244271467,48249.0197573788,131382.44364011,1.40135953719211
10.937,0.0233673323690734,0.255568514120556,10.598557136595,0.0774913757335998,0.433645652507512,0.907294050049834,0.999993715892896,0.782439767452913,56218.4346062232,48296.6222055237,131524.112513819,1.40276159764269
10.938,0.0233673323690734,0.255591881452925,10.598557136595,0.0774984609832783,0.433685301922572,0.907921832167872,0.999994065895511,0.783096573020668,56274.6811594189,48344.2716182097,131665.934148195,1.40416506085498
10.939,0.0233673323690734,0.255615248785294,10.598557136595,0.0775055462329567,0.433724951337632,0.908546347279803,0.999994397185863,0.783752111133021,56330.9839873003,48391.9680417719,131807.908707959,1.40556992823245
10.94,0.0233673323690734,0.255638616117663,10.598557136595,0.0775126314826352,0.433764600752691,0.909167604043078,0.99999471071851,0.784406381190751,56387.3431461705,48439.7115225912,131950.03635801,1.40697620117997
10.941,0.0233673323690734,0.255661983450032,10.598557136595,0.0775197167323137,0.433804250167751,0.909785611161989,0.999995007401926,0.785059382609315,56443.7586923885,48487.5021070943,132092.317263424,1.40838388110381
10.942,0.0233673323690734,0.255685350782401,10.598557136595,0.0775268019819922,0.433843899582811,0.910400377386993,0.999995288100578,0.785711114818816,56500.2306823699,48535.3398417537,132234.751589456,1.40979296941164
10.943,0.0233673323690734,0.25570871811477,10.598557136595,0.0775338872316707,0.43388354899787,0.911011911514047,0.999995553636924,0.786361577263975,56556.7591725866,48583.2247730876,132377.339501537,1.41120346751256
10.944,0.0233673323690734,0.25573208544714,10.598557136595,0.0775409724813492,0.43392319841293,0.91162022238394,0.999995804793324,0.787010769404098,56613.3442195672,48631.1569476602,132520.081165279,1.41261537681707
10.945,0.0233673323690734,0.255755452779509,10.598557136595,0.0775480577310277,0.43396284782799,0.912225318881625,0.999996042313871,0.787658690713043,56669.9858798969,48679.1364120819,132662.976746472,1.41402869873707
10.946,0.0233673323690734,0.255778820111878,10.598557136595,0.0775551429807061,0.434002497243049,0.912827209935551,0.99999626690615,0.788305340679186,56726.684210217,48727.1632130085,132806.026411083,1.41544343468588
10.947,0.0233673323690734,0.255802187444247,10.598557136595,0.0775622282303846,0.434042146658109,0.913425904517007,0.999996479242914,0.788950718805394,56783.4392672262,48775.2373971424,132949.23032526,1.41685958607825
10.948,0.0233673323690734,0.255825554776616,10.598557136595,0.0775693134800631,0.434081796073169,0.914021411639455,0.999996679963693,0.789594824608989,56840.2511076794,48823.3590112318,133092.588655328,1.41827715433033
10.949,0.0233673323690734,0.255848922108985,10.598557136595,0.0775763987297416,0.434121445488228,0.91461374035787,0.99999686967634,0.790237657621713,56897.1197883883,48871.5281020709,133236.101567795,1.41969614085967
10.95,0.0233673323690734,0.255872289441354,10.598557136595,0.0775834839794201,0.434161094903288,0.915202899768085,0.9999970489585,0.790879217389701,56954.0453662218,48919.7447165003,133379.769229344,1.42111654708528
10.951,0.0233673323690734,0.255895656773723,10.598557136595,0.0775905692290986,0.434200744318348,0.915788899006135,0.999997218359022,0.791519503473445,57011.0278981055,48968.0089014069,133523.591806842,1.42253837442755
10.952,0.0233673323690734,0.255919024106092,10.598557136595,0.0775976544787771,0.434240393733407,0.916371747247595,0.999997378399311,0.792158515447757,57068.0674410217,49016.3207037234,133667.569467332,1.42396162430831
10.953,0.0233673323690734,0.255942391438461,10.598557136595,0.0776047397284555,0.434280043148467,0.916951453706939,0.999997529574618,0.79279625290174,57125.1640520101,49064.6801704293,133811.70237804,1.42538629815082
10.954,0.0233673323690734,0.25596575877083,10.598557136595,0.077611824978134,0.434319692563527,0.917528027636881,0.999997672355276,0.793432715438756,57182.3177881675,49113.0873485504,133955.990706372,1.42681239737974
10.955,0.0233673323690734,0.255989126103199,10.598557136595,0.0776189102278125,0.434359341978586,0.918101478327728,0.999997807187879,0.794067902676384,57239.5287066473,49161.5422851584,134100.434619912,1.42823992342118
10.956,0.0233673323690734,0.256012493435568,10.598557136595,0.077625995477491,0.434398991393646,0.918671815106735,0.999997934496413,0.794701814246394,57296.7968646606,49210.045027372,134245.034286428,1.42966887770267
10.957,0.0233673323690734,0.256035860767938,10.598557136595,0.0776330807271695,0.434438640808706,0.919239047337462,0.999998054683334,0.79533444979471,57354.1223194756,49258.5956223562,134389.789873867,1.43109926165315
10.958,0.0233673323690734,0.256059228100307,10.598557136595,0.077640165976848,0.434478290223765,0.919803184419122,0.999998168130597,0.795965808981372,57411.5051284176,49307.1941173225,134534.701550358,1.43253107670301
10.959,0.0233673323690734,0.256082595432676,10.598557136595,0.0776472512265265,0.434517939638825,0.920364235785953,0.999998275200648,0.796595891480508,57468.9453488695,49355.8405595288,134679.76948421,1.43396432428406
10.96,0.0233673323690734,0.256105962765045,10.598557136595,0.077654336476205,0.434557589053885,0.920922210906573,0.999998376237357,0.797224696980294,57526.4430382717,49404.53499628,134824.993843916,1.43539900582956
10.961,0.0233673323690734,0.256129330097414,10.598557136595,0.0776614217258834,0.434597238468944,0.921477119283341,0.999998471566922,0.797852225182919,57583.9982541216,49453.2774749274,134970.374798147,1.43683512277419
10.962,0.0233673323690734,0.256152697429783,10.598557136595,0.0776685069755619,0.434636887884004,0.922028970451728,0.999998561498724,0.798478475804552,57641.6110539745,49502.0680428691,135115.912515759,1.43827267655405
10.963,0.0233673323690734,0.256176064762152,10.598557136595,0.0776755922252404,0.434676537299064,0.922577773979686,0.999998646326151,0.799103448575309,57699.2814954434,49550.9067475501,135261.607165789,1.43971166860672
10.964,0.0233673323690734,0.256199432094521,10.598557136595,0.0776826774749189,0.434716186714123,0.92312353946701,0.999998726327376,0.799727143239209,57757.0096361985,49599.7936364619,135407.458917456,1.44115210037117
10.965,0.0233673323690734,0.25622279942689,10.598557136595,0.0776897627245974,0.434755836129183,0.923666276544721,0.999998801766102,0.800349559554145,57814.7955339681,49648.728757143,135553.467940161,1.44259397328785
10.966,0.0233673323690734,0.256246166759259,10.598557136595,0.0776968479742759,0.434795485544242,0.924205994874434,0.999998872892281,0.800970697291848,57872.639246538,49697.712157179,135699.63440349,1.44403728879861
10.967,0.0233673323690734,0.256269534091628,10.598557136595,0.0777039332239543,0.434835134959302,0.924742704147739,0.999998939942786,0.801590556237849,57930.5408317521,49746.7438842023,135845.958477209,1.44548204834679
10.968,0.0233673323690734,0.256292901423997,10.598557136595,0.0777110184736328,0.434874784374362,0.925276414085575,0.999999003142065,0.802209136191439,57988.5003475117,49795.8239858921,135992.440331269,1.44692825337713
10.969,0.0233673323690734,0.256316268756366,10.598557136595,0.0777181037233113,0.434914433789421,0.92580713443762,0.999999062702752,0.802826436965641,58046.5178517766,49844.9525099748,136139.080135803,1.44837590533585
10.97,0.0233673323690734,0.256339636088736,10.598557136595,0.0777251889729898,0.434954083204481,0.926334874981672,0.999999118826264,0.803442458387169,58104.5934025642,49894.1295042241,136285.878061129,1.4498250056706
10.971,0.0233673323690734,0.256363003421105,10.598557136595,0.0777322742226683,0.434993732619541,0.92685964552303,0.999999171703356,0.804057200296384,58162.7270579499,49943.3550164605,136432.834277746,1.45127555583047
10.972,0.0233673323690734,0.256386370753474,10.598557136595,0.0777393594723468,0.4350333820346,0.927381455893895,0.999999221514661,0.804670662547272,58220.9188760676,49992.6290945517,136579.94895634,1.45272755726602
10.973,0.0233673323690734,0.256409738085843,10.598557136595,0.0777464447220253,0.43507303144966,0.927900315952752,0.999999268431197,0.805282845007396,58279.1689151091,50041.951786413,136727.222267779,1.45418101142924
10.974,0.0233673323690734,0.256433105418212,10.598557136595,0.0777535299717037,0.43511268086472,0.928416235583769,0.999999312614853,0.805893747557858,58337.4772333242,50091.3231400065,136874.654383116,1.4556359197736
10.975,0.0233673323690734,0.256456472750581,10.598557136595,0.0777606152213822,0.435152330279779,0.928929224696193,0.999999354218853,0.806503370093268,58395.8438890215,50140.7432033419,137022.245473587,1.457092283754
10.976,0.0233673323690734,0.25647984008295,10.598557136595,0.0777677004710607,0.435191979694839,0.92943929322375,0.999999393388198,0.807111712521704,58454.2689405675,50190.2120244761,137169.995710616,1.45855010482681
10.977,0.0233673323690734,0.256503207415319,10.598557136595,0.0777747857207392,0.435231629109899,0.929946451124048,0.999999430260081,0.807718774764673,58512.7524463874,50239.7296515138,137317.905265809,1.46000938444984
10.978,0.0233673323690734,0.256526574747688,10.598557136595,0.0777818709704177,0.435271278524958,0.930450708377978,0.999999464964292,0.80832455675707,58571.2944649646,50289.2961326065,137465.974310957,1.46147012408238
10.979,0.0233673323690734,0.256549942080057,10.598557136595,0.0777889562200962,0.435310927940018,0.930952074989125,0.999999497623594,0.808929058447146,58629.8950548411,50338.9115159539,137614.203018038,1.46293232518516
10.98,0.0233673323690734,0.256573309412426,10.598557136595,0.0777960414697747,0.435350577355078,0.931450560983181,0.999999528354087,0.80953227979647,58688.5542746176,50388.5758498028,137762.591559213,1.46439598922039
10.981,0.0233673323690734,0.256596676744795,10.598557136595,0.0778031267194532,0.435390226770137,0.931946176407349,0.999999557265554,0.81013422077988,58747.2721829532,50438.2891824476,137911.140106832,1.46586111765173
10.982,0.0233673323690734,0.256620044077164,10.598557136595,0.0778102119691316,0.435429876185197,0.932438931329768,0.999999584461782,0.810734881385458,58806.0488385658,50488.0515622305,138059.848833428,1.46732771194431
10.983,0.0233673323690734,0.256643411409533,10.598557136595,0.0778172972188101,0.435469525600257,0.932928835838928,0.999999610040881,0.811334261614485,58864.8843002324,50537.8630375416,138208.717911722,1.46879577356473
10.984,0.0233673323690734,0.256666778741903,10.598557136595,0.0778243824684886,0.435509175015316,0.933415900043086,0.999999634095576,0.811932361481397,58923.778626788,50587.7236568183,138357.747514618,1.47026530398104
10.985,0.0233673323690734,0.256690146074272,10.598557136595,0.0778314677181671,0.435548824430376,0.933900134069701,0.999999656713492,0.812529181013757,58982.7318771271,50637.6334685461,138506.93781521,1.47173630466278
10.986,0.0233673323690734,0.256713513406641,10.598557136595,0.0778385529678456,0.435588473845436,0.934381548064853,0.999999677977415,0.813124720252209,59041.7441102032,50687.5925212583,138656.288986778,1.47320877708095
10.987,0.0233673323690734,0.25673688073901,10.598557136595,0.0778456382175241,0.435628123260495,0.93486015219267,0.999999697965556,0.813718979250436,59100.8153850282,50737.6008635358,138805.801202788,1.47468272270801
10.988,0.0233673323690734,0.256760248071379,10.598557136595,0.0778527234672025,0.435667772675555,0.935335956634771,0.999999716751782,0.814311958075128,59159.9457606735,50787.6585440077,138955.474636892,1.47615814301792
10.989,0.0233673323690734,0.256783615403748,10.598557136595,0.077859808716881,0.435707422090615,0.935808971589694,0.999999734405856,0.814903656805939,59219.1352962695,50837.7656113514,139105.309462931,1.4776350394861
10.99,0.0233673323690734,0.256806982736117,10.598557136595,0.0778668939665595,0.435747071505674,0.936279207272333,0.99999975099365,0.815494075535442,59278.3840510057,50887.9221142914,139255.305854934,1.47911341358944
10.991,0.0233673323690734,0.256830350068486,10.598557136595,0.077873979216238,0.435786720920734,0.936746673913388,0.999999766577349,0.8160832143691,59337.6920841309,50938.1281016011,139405.463987115,1.48059326680632
10.992,0.0233673323690734,0.256853717400855,10.598557136595,0.0778810644659165,0.435826370335794,0.9372113817588,0.999999781215656,0.816671073425216,59397.0594549533,50988.3836221019,139555.784033879,1.48207460061659
10.993,0.0233673323690734,0.256877084733224,10.598557136595,0.077888149715595,0.435866019750853,0.937673341069202,0.999999794963971,0.817257652834897,59456.4862228399,51038.6887246628,139706.266169815,1.48355741650158
10.994,0.0233673323690734,0.256900452065593,10.598557136595,0.0778952349652735,0.435905669165913,0.938132562119372,0.999999807874575,0.817842952742016,59515.9724472177,51089.0434582017,139856.910569706,1.48504171594411
10.995,0.0233673323690734,0.256923819397962,10.598557136595,0.077902320214952,0.435945318580973,0.938589055197682,0.999999819996791,0.818426973303166,59575.518187573,51139.4478716846,140007.717408518,1.48652750042848
10.996,0.0233673323690734,0.256947186730331,10.598557136595,0.0779094054646304,0.435984967996032,0.939042830605556,0.99999983137715,0.819009714687624,59635.1235034514,51189.9020141254,140158.686861408,1.48801477144048
10.997,0.0233673323690734,0.2569705540627,10.598557136595,0.0779164907143089,0.436024617411092,0.939493898656931,0.99999984205954,0.819591177077307,59694.7884544583,51240.4059345868,140309.819103723,1.48950353046736
10.998,0.0233673323690734,0.25699392139507,10.598557136595,0.0779235759639874,0.436064266826152,0.939942269677718,0.999999852085349,0.820171360666736,59754.5131002585,51290.9596821798,140461.114310997,1.49099377899791
10.999,0.0233673323690734,0.257017288727439,10.598557136595,0.0779306612136659,0.436103916241211,0.940387954005267,0.999999861493603,0.820750265662991,59814.297500577,51341.5633060638,140612.572658954,1.49248551852236
11,0.0233673323690734,0.257040656059808,10.598557136595,0.0779377464633444,0.436143565656271,0.940830961987835,0.999999870321092,0.821327892285666,59874.1417151978,51392.2168554467,140764.194323508,1.49397875053245
11.001,0.0233673323690734,0.257064023392177,10.598557136595,0.0779448317130229,0.436183215071331,0.941271303984063,0.999999878602497,0.82190424076684,59934.0458039654,51442.9203795849,140915.979480761,1.49547347652142
11.002,0.0233673323690734,0.257087390724546,10.598557136595,0.0779519169627014,0.43622286448639,0.941708990362444,0.999999886370502,0.822479311351025,59994.0098267838,51493.6739277835,141067.928307009,1.49696969798399
11.003,0.0233673323690734,0.257110758056915,10.598557136595,0.0779590022123798,0.43626251390145,0.942144031500804,0.999999893655908,0.823053104295125,60054.033843617,51544.4775493962,141220.040978732,1.49846741641637
11.004,0.0233673323690734,0.257134125389284,10.598557136595,0.0779660874620583,0.43630216331651,0.942576437785787,0.999999900487733,0.823625619868402,60114.117914489,51595.3312938253,141372.317672605,1.49996663331631
11.005,0.0233673323690734,0.257157492721653,10.598557136595,0.0779731727117368,0.436341812731569,0.943006219612332,0.999999906893313,0.824196858352427,60174.2620994839,51646.2352105221,141524.758565493,1.50146735018299
11.006,0.0233673323690734,0.257180860054022,10.598557136595,0.0779802579614153,0.436381462146629,0.943433387383167,0.999999912898396,0.824766820041043,60234.4664587461,51697.1893489865,141677.363834449,1.50296956851716
11.007,0.0233673323690734,0.257204227386391,10.598557136595,0.0779873432110938,0.436421111561689,0.943857951508297,0.999999918527231,0.825335505240316,60294.7310524796,51748.1937587672,141830.13365672,1.50447328982102
11.008,0.0233673323690734,0.25722759471876,10.598557136595,0.0779944284607723,0.436460760976748,0.944279922404497,0.999999923802647,0.825902914268504,60355.0559409492,51799.2484894618,141983.068209742,1.50597851559829
11.009,0.0233673323690734,0.257250962051129,10.598557136595,0.0780015137104507,0.436500410391808,0.944699310494814,0.999999928746142,0.826469047456007,60415.4411844799,51850.353590717,142136.167671144,1.50748524735421
11.01,0.0233673323690734,0.257274329383498,10.598557136595,0.0780085989601292,0.436540059806868,0.945116126208061,0.999999933377946,0.827033905145321,60475.8868434567,51901.5091122283,142289.432218745,1.5089934865955
11.011,0.0233673323690734,0.257297696715867,10.598557136595,0.0780156842098077,0.436579709221927,0.945530379978327,0.999999937717103,0.827597487691009,60536.3929783254,51952.7151037402,142442.862030557,1.5105032348304
11.012,0.0233673323690734,0.257321064048237,10.598557136595,0.0780227694594862,0.436619358636987,0.945942082244478,0.999999941781533,0.828159795459648,60596.9596495922,52003.9716150466,142596.457284782,1.51201449356866
11.013,0.0233673323690734,0.257344431380606,10.598557136595,0.0780298547091647,0.436659008052047,0.946351243449674,0.999999945588095,0.828720828829785,60657.5869178236,52055.27869599,142750.218159818,1.51352726432154
11.014,0.0233673323690734,0.257367798712975,10.598557136595,0.0780369399588432,0.436698657467106,0.946757874040877,0.999999949152649,0.829280588191904,60718.274843647,52106.6363964625,142904.14483425,1.51504154860181
11.015,0.0233673323690734,0.257391166045344,10.598557136595,0.0780440252085217,0.436738306882166,0.947161984468373,0.999999952490114,0.829839073948375,60779.0234877504,52158.0447664054,143058.237486861,1.51655734792376
11.016,0.0233673323690734,0.257414533377713,10.598557136595,0.0780511104582002,0.436777956297226,0.947563585185285,0.99999995561452,0.830396286513413,60839.8329108822,52209.503855809,143212.496296622,1.51807466380318
11.017,0.0233673323690734,0.257437900710082,10.598557136595,0.0780581957078786,0.436817605712285,0.947962686647106,0.999999958539058,0.830952226313039,60900.703173852,52261.0137147131,143366.921442701,1.51959349775739
11.018,0.0233673323690734,0.257461268042451,10.598557136595,0.0780652809575571,0.436857255127345,0.948359299311218,0.999999961276131,0.831506893785031,60961.6343375302,52312.574393207,143521.513104457,1.52111385130523
11.019,0.0233673323690734,0.25748463537482,10.598557136595,0.0780723662072356,0.436896904542405,0.948753433636427,0.999999963837398,0.832060289378883,61022.6264628476,52364.1859414291,143676.271461442,1.52263572596704
11.02,0.0233673323690734,0.257508002707189,10.598557136595,0.0780794514569141,0.436936553957464,0.949145100082494,0.999999966233815,0.832612413555764,61083.6796107967,52415.8484095675,143831.196693403,1.5241591232647
11.021,0.0233673323690734,0.257531370039558,10.598557136595,0.0780865367065926,0.436976203372524,0.949534309109674,0.99999996847568,0.833163266788473,61144.7938424305,52467.5618478599,143986.288980281,1.52568404472162
11.022,0.0233673323690734,0.257554737371927,10.598557136595,0.0780936219562711,0.437015852787584,0.949921071178254,0.999999970572667,0.833712849561395,61205.9692188632,52519.3263065932,144141.548502209,1.52721049186271
11.023,0.0233673323690734,0.257578104704296,10.598557136595,0.0781007072059496,0.437055502202643,0.950305396748101,0.999999972533866,0.834261162370456,61267.2058012702,52571.1418361041,144296.975439516,1.52873846621442
11.024,0.0233673323690734,0.257601472036665,10.598557136595,0.078107792455628,0.437095151617703,0.950687296278204,0.999999974367813,0.834808205723086,61328.5036508882,52623.0084867792,144452.569972726,1.53026796930472
11.025,0.0233673323690734,0.257624839369035,10.598557136595,0.0781148777053065,0.437134801032763,0.951066780226226,0.999999976082526,0.835353980138165,61389.8628290148,52674.9263090545,144608.332282554,1.53179900266312
11.026,0.0233673323690734,0.257648206701404,10.598557136595,0.078121962954985,0.437174450447822,0.951443859048062,0.999999977685534,0.835898486145988,61451.2833970094,52726.8953534158,144764.262549915,1.53333156782064
11.027,0.0233673323690734,0.257671574033773,10.598557136595,0.0781290482046635,0.437214099862882,0.951818543197391,0.999999979183906,0.836441724288219,61512.7654162926,52778.9156703989,144920.360955916,1.53486566630987
11.028,0.0233673323690734,0.257694941366142,10.598557136595,0.078136133454342,0.437253749277942,0.95219084312524,0.999999980584276,0.836983695117842,61574.3089483463,52830.9873105892,145076.627681859,1.53640129966489
11.029,0.0233673323690734,0.257718308698511,10.598557136595,0.0781432187040205,0.437293398693001,0.952560769279545,0.999999981892872,0.837524399199124,61635.914054714,52883.1103246223,145233.062909243,1.53793846942133
11.03,0.0233673323690734,0.25774167603088,10.598557136595,0.078150303953699,0.437333048108061,0.952928332104725,0.99999998311554,0.838063837107567,61697.5807970011,52935.2847631835,145389.666819762,1.53947717711638
11.031,0.0233673323690734,0.257765043363249,10.598557136595,0.0781573892033774,0.437372697523121,0.953293542041243,0.999999984257762,0.838602009429863,61759.3092368739,52987.5106770082,145546.439595306,1.54101742428872
11.032,0.0233673323690734,0.257788410695618,10.598557136595,0.0781644744530559,0.43741234693818,0.953656409525191,0.999999985324684,0.839138916763852,61821.0994360612,53039.7881168818,145703.381417961,1.54255921247862
11.033,0.0233673323690734,0.257811778027987,10.598557136595,0.0781715597027344,0.43745199635324,0.95401694498786,0.999999986321132,0.839674559718479,61882.951456353,53092.11713364,145860.49247001,1.54410254322786
11.034,0.0233673323690734,0.257835145360356,10.598557136595,0.0781786449524129,0.437491645768299,0.954375158855328,0.999999987251631,0.840208938913745,61944.8653596016,53144.4977781685,146017.772933931,1.54564741807978
11.035,0.0233673323690734,0.257858512692725,10.598557136595,0.0781857302020914,0.437531295183359,0.954731061548037,0.999999988120425,0.840742054980664,62006.8412077206,53196.930101403,146175.2229924,1.54719383857924
11.036,0.0233673323690734,0.257881880025094,10.598557136595,0.0781928154517699,0.437570944598419,0.955084663480387,0.999999988931496,0.841273908561222,62068.8790626859,53249.4141543299,146332.842828291,1.54874180627267
11.037,0.0233673323690734,0.257905247357463,10.598557136595,0.0781999007014483,0.437610594013478,0.955435975060328,0.999999989688572,0.841804500308327,62130.9789865355,53301.9499879857,146490.632624672,1.55029132270803
11.038,0.0233673323690734,0.257928614689832,10.598557136595,0.0782069859511268,0.437650243428538,0.955785006688951,0.99999999039515,0.84233383088577,62193.1410413693,53354.5376534571,146648.592564811,1.55184238943485
11.039,0.0233673323690734,0.257951982022202,10.598557136595,0.0782140712008053,0.437689892843598,0.95613176876009,0.999999991054509,0.842861900968172,62255.3652893493,53407.1772018814,146806.722832174,1.55339500800418
11.04,0.0233673323690734,0.257975349354571,10.598557136595,0.0782211564504838,0.437729542258657,0.956476271659922,0.999999991669717,0.84338871124095,62317.6517926998,53459.8686844462,146965.023610423,1.55494917996866
11.041,0.0233673323690734,0.25799871668694,10.598557136595,0.0782282417001623,0.437769191673717,0.956818525766574,0.999999992243653,0.843914262400263,62380.0006137073,53512.6121523899,147123.495083419,1.55650490688244
11.042,0.0233673323690734,0.258022084019309,10.598557136595,0.0782353269498408,0.437808841088777,0.957158541449732,0.999999992779011,0.844438555152968,62442.4118147205,53565.407657001,147282.137435221,1.55806219030126
11.043,0.0233673323690734,0.258045451351678,10.598557136595,0.0782424121995193,0.437848490503836,0.957496329070252,0.999999993278316,0.844961590216583,62504.8854581508,53618.2552496189,147440.950850086,1.55962103178239
11.044,0.0233673323690734,0.258068818684047,10.598557136595,0.0782494974491978,0.437888139918896,0.957831898979777,0.999999993743931,0.845483368319233,62567.4216064718,53671.1549816337,147599.935512471,1.5611814328847
11.045,0.0233673323690734,0.258092186016416,10.598557136595,0.0782565826988762,0.437927789333956,0.958165261520355,0.999999994178069,0.846003890199605,62630.0203222196,53724.1069044859,147759.091607031,1.56274339516856
11.046,0.0233673323690734,0.258115553348785,10.598557136595,0.0782636679485547,0.437967438749015,0.958496427024065,0.999999994582803,0.846523156606911,62692.6816679929,53777.1110696671,147918.41931862,1.56430692019595
11.047,0.0233673323690734,0.258138920681154,10.598557136595,0.0782707531982332,0.438007088164075,0.958825405812641,0.999999994960072,0.847041168300835,62755.4057064532,53830.1675287196,148077.918832292,1.56587200953039
11.048,0.0233673323690734,0.258162288013523,10.598557136595,0.0782778384479117,0.438046737579135,0.959152208197099,0.999999995311692,0.847557926051488,62818.1925003243,53883.2763332362,148237.5903333,1.56743866473696
11.049,0.0233673323690734,0.258185655345892,10.598557136595,0.0782849236975902,0.438086386994194,0.959476844477377,0.999999995639362,0.848073430639368,62881.0421123932,53936.4375348611,148397.434007096,1.56900688738234
11.05,0.0233673323690734,0.258209022678261,10.598557136595,0.0782920089472687,0.438126036409254,0.959799324941967,0.99999999594467,0.848587682855309,62943.9546055095,53989.6511852894,148557.450039334,1.57057667903473
11.051,0.0233673323690734,0.25823239001063,10.598557136595,0.0782990941969472,0.438165685824314,0.960119659867554,0.999999996229105,0.849100683500438,63006.9300425856,54042.9173362668,148717.638615867,1.57214804126393
11.052,0.0233673323690734,0.258255757342999,10.598557136595,0.0783061794466256,0.438205335239373,0.960437859518663,0.999999996494055,0.84961243338613,63069.9684865969,54096.2360395904,148877.999922747,1.57372097564131
11.053,0.0233673323690734,0.258279124675369,10.598557136595,0.0783132646963041,0.438244984654433,0.960753934147306,0.999999996740824,0.850122933333961,63133.0700005821,54149.6073471084,149038.53414623,1.57529548373979
11.054,0.0233673323690734,0.258302492007738,10.598557136595,0.0783203499459826,0.438284634069493,0.961067893992629,0.999999996970625,0.850632184175662,63196.2346476425,54203.0313107198,149199.24147277,1.57687156713389
11.055,0.0233673323690734,0.258325859340107,10.598557136595,0.0783274351956611,0.438324283484552,0.961379749280569,0.999999997184598,0.851140186753074,63259.4624909427,54256.5079823753,149360.122089023,1.57844922739968
11.056,0.0233673323690734,0.258349226672476,10.598557136595,0.0783345204453396,0.438363932899612,0.961689510223511,0.999999997383805,0.851646941918105,63322.7535937109,54310.0374140765,149521.176181846,1.58002846611484
11.057,0.0233673323690734,0.258372594004845,10.598557136595,0.0783416056950181,0.438403582314672,0.961997187019949,0.999999997569239,0.852152450532678,63386.1080192378,54363.6196578765,149682.403938297,1.58160928485859
11.058,0.0233673323690734,0.258395961337214,10.598557136595,0.0783486909446966,0.438443231729731,0.962302789854148,0.999999997741829,0.852656713468691,63449.525830878,54417.2547658796,149843.805545639,1.58319168521176
11.059,0.0233673323690734,0.258419328669583,10.598557136595,0.078355776194375,0.438482881144791,0.962606328895815,0.999999997902443,0.853159731607969,63513.0070920494,54470.9427902417,150005.381191331,1.58477566875674
11.06,0.0233673323690734,0.258442696001952,10.598557136595,0.0783628614440535,0.438522530559851,0.962907814299768,0.999999998051892,0.853661505842217,63576.5518662331,54524.6837831699,150167.13106304,1.58636123707753
11.061,0.0233673323690734,0.258466063334321,10.598557136595,0.078369946693732,0.43856217997491,0.963207256205612,0.999999998190932,0.854162037072974,63640.160216974,54578.477796923,150329.055348632,1.58794839175968
11.062,0.0233673323690734,0.25848943066669,10.598557136595,0.0783770319434105,0.43860182938997,0.963504664737416,0.999999998320271,0.854661326211571,63703.8322078804,54632.3248838115,150491.154236176,1.58953713439036
11.063,0.0233673323690734,0.258512797999059,10.598557136595,0.078384117193089,0.43864147880503,0.963800050003395,0.999999998440569,0.855159374179081,63767.5679026244,54686.2250961971,150653.427913945,1.59112746655831
11.064,0.0233673323690734,0.258536165331428,10.598557136595,0.0783912024427675,0.438681128220089,0.964093422095594,0.999999998552443,0.855656181906271,63831.3673649416,54740.1784864933,150815.876570414,1.59271938985386
11.065,0.0233673323690734,0.258559532663797,10.598557136595,0.078398287692446,0.438720777635149,0.964384791089579,0.999999998656469,0.856151750333563,63895.2306586314,54794.1851071655,150978.500394261,1.59431290586892
11.066,0.0233673323690734,0.258582899996167,10.598557136595,0.0784053729421244,0.438760427050209,0.964674167044123,0.999999998753184,0.856646080410982,63959.1578475572,54848.2450107308,151141.299574368,1.59590801619703
11.067,0.0233673323690734,0.258606267328536,10.598557136595,0.0784124581918029,0.438800076465268,0.96496156000091,0.99999999884309,0.857139173098111,64023.1489956462,54902.3582497581,151304.27429982,1.59750472243329
11.068,0.0233673323690734,0.258629634660905,10.598557136595,0.0784195434414814,0.438839725880328,0.965246979984225,0.999999998926654,0.857631029364047,64087.2041668895,54956.524876868,151467.424759908,1.5991030261744
11.069,0.0233673323690734,0.258653001993274,10.598557136595,0.0784266286911599,0.438879375295388,0.965530437000658,0.999999999004315,0.858121650187351,64151.3234253424,55010.7449447331,151630.751144124,1.60070292901867
11.07,0.0233673323690734,0.258676369325643,10.598557136595,0.0784337139408384,0.438919024710447,0.965811941038815,0.999999999076477,0.858611036556007,64215.506835124,55065.0185060783,151794.253642168,1.60230443256601
11.071,0.0233673323690734,0.258699736658012,10.598557136595,0.0784407991905169,0.438958674125507,0.966091502069018,0.999999999143523,0.859099189467369,64279.7544604178,55119.3456136799,151957.93244394,1.6039075384179
11.072,0.0233673323690734,0.258723103990381,10.598557136595,0.0784478844401953,0.438998323540567,0.966369130043024,0.999999999205806,0.859586109928122,64344.0663654714,55173.7263203667,152121.787739548,1.60551224817748
11.073,0.0233673323690734,0.25874647132275,10.598557136595,0.0784549696898739,0.439037972955626,0.966644834893736,0.999999999263657,0.860071798954231,64408.4426145968,55228.1606790198,152285.819719305,1.60711856344943
11.074,0.0233673323690734,0.258769838655119,10.598557136595,0.0784620549395523,0.439077622370686,0.966918626534925,0.999999999317384,0.860556257570895,64472.8832721701,55282.6487425717,152450.028573728,1.60872648584008
11.075,0.0233673323690734,0.258793205987488,10.598557136595,0.0784691401892308,0.439117271785746,0.967190514860947,0.999999999367274,0.861039486812502,64537.3884026321,55337.1905640079,152614.41449354,1.61033601695735
11.076,0.0233673323690734,0.258816573319857,10.598557136595,0.0784762254389093,0.439156921200805,0.967460509746477,0.999999999413594,0.861521487722583,64601.9580704879,55391.786196366,152778.977669669,1.61194715841078
11.077,0.0233673323690734,0.258839940652226,10.598557136595,0.0784833106885878,0.439196570615865,0.967728621046229,0.999999999456595,0.862002261353763,64666.5923403071,55446.4356927355,152943.718293249,1.61355991181149
11.078,0.0233673323690734,0.258863307984595,10.598557136595,0.0784903959382663,0.439236220030924,0.967994858594693,0.999999999496509,0.862481808767718,64731.291276724,55501.1391062588,153108.636555622,1.61517427877225
11.079,0.0233673323690734,0.258886675316965,10.598557136595,0.0784974811879448,0.439275869445984,0.968259232205869,0.999999999533553,0.862960131035127,64796.0549444376,55555.8964901305,153273.732648333,1.61679026090743
11.08,0.0233673323690734,0.258910042649334,10.598557136595,0.0785045664376232,0.439315518861044,0.968521751673006,0.999999999567928,0.863437229235623,64860.8834082116,55610.7078975977,153439.006763137,1.618407859833
11.081,0.0233673323690734,0.258933409981703,10.598557136595,0.0785116516873017,0.439355168276103,0.968782426768343,0.999999999599822,0.863913104457753,64925.7767328743,55665.57338196,153604.459091993,1.62002707716656
11.082,0.0233673323690734,0.258956777314072,10.598557136595,0.0785187369369802,0.439394817691163,0.969041267242858,0.99999999962941,0.864387757798925,64990.7349833193,55720.4929965697,153770.089827069,1.62164791452734
11.083,0.0233673323690734,0.258980144646441,10.598557136595,0.0785258221866587,0.439434467106223,0.96929828282601,0.999999999656856,0.864861190365365,65055.7582245046,55775.4667948316,153935.899160739,1.62327037353617
11.084,0.0233673323690734,0.25900351197881,10.598557136595,0.0785329074363372,0.439474116521282,0.969553483225498,0.99999999968231,0.865333403272069,65120.8465214535,55830.4948302033,154101.887285584,1.6248944558155
11.085,0.0233673323690734,0.259026879311179,10.598557136595,0.0785399926860157,0.439513765936342,0.969806878127012,0.999999999705915,0.865804397642759,65185.9999392545,55885.5771561951,154268.054394395,1.62652016298943
11.086,0.0233673323690734,0.259050246643548,10.598557136595,0.0785470779356942,0.439553415351402,0.97005847719399,0.999999999727802,0.866274174609832,65251.2185430607,55940.71382637,154434.400680167,1.62814749668365
11.087,0.0233673323690734,0.259073613975917,10.598557136595,0.0785541631853726,0.439593064766461,0.970308290067384,0.999999999748093,0.86674273531432,65316.5023980909,55995.9048943439,154600.926336107,1.62977645852551
11.088,0.0233673323690734,0.259096981308286,10.598557136595,0.0785612484350511,0.439632714181521,0.970556326365424,0.999999999766901,0.867210080905837,65381.8515696291,56051.1504137859,154767.631555629,1.63140705014396
11.089,0.0233673323690734,0.259120348640655,10.598557136595,0.0785683336847296,0.439672363596581,0.97080259568338,0.999999999784334,0.867676212542535,65447.2661230242,56106.4504384175,154934.516532355,1.6330392731696
11.09,0.0233673323690734,0.259143715973024,10.598557136595,0.0785754189344081,0.43971201301164,0.971047107593342,0.999999999800489,0.86814113139106,65512.7461236908,56161.8050220135,155101.581460115,1.63467312923465
11.091,0.0233673323690734,0.259167083305393,10.598557136595,0.0785825041840866,0.4397516624267,0.97128987164399,0.999999999815458,0.868604838626504,65578.2916371092,56217.2142184019,155268.82653295,1.63630861997296
11.092,0.0233673323690734,0.259190450637762,10.598557136595,0.0785895894337651,0.43979131184176,0.97153089736037,0.999999999829326,0.869067335432352,65643.9027288245,56272.6780814635,155436.25194511,1.63794574702003
11.093,0.0233673323690734,0.259213817970131,10.598557136595,0.0785966746834436,0.439830961256819,0.97177019424368,0.999999999842172,0.869528623000449,65709.579464448,56328.1966651325,155603.857891052,1.63958451201298
11.094,0.0233673323690734,0.259237185302501,10.598557136595,0.078603759933122,0.439870610671879,0.972007771771049,0.999999999854071,0.869988702530941,65775.3219096565,56383.7700233962,155771.644565446,1.64122491659058
11.095,0.0233673323690734,0.25926055263487,10.598557136595,0.0786108451828005,0.439910260086939,0.972243639395326,0.99999999986509,0.870447575232236,65841.1301301925,56439.3982102952,155939.61216317,1.64286696239324
11.096,0.0233673323690734,0.259283919967239,10.598557136595,0.078617930432479,0.439949909501998,0.972477806544871,0.999999999875293,0.870905242320951,65907.004191864,56495.0812799231,156107.760879312,1.64451065106299
11.097,0.0233673323690734,0.259307287299608,10.598557136595,0.0786250156821575,0.439989558917058,0.972710282623348,0.99999999988474,0.871361705021874,65972.9441605452,56550.8192864275,156276.090909171,1.64615598424354
11.098,0.0233673323690734,0.259330654631977,10.598557136595,0.078632100931836,0.440029208332118,0.972941077009522,0.999999999893485,0.871816964567911,66038.950102176,56606.612284009,156444.602448258,1.6478029635802
11.099,0.0233673323690734,0.259354021964346,10.598557136595,0.0786391861815145,0.440068857747177,0.973170199057056,0.999999999901579,0.872271022200043,66105.0220827626,56662.4603269218,156613.29569229,1.64945159071996
11.1,0.0233673323690734,0.259377389296715,10.598557136595,0.078646271431193,0.440108507162237,0.973397658094319,0.99999999990907,0.872723879167273,66171.1601683766,56718.3634694734,156782.170837202,1.65110186731146
11.101,0.0233673323690734,0.259400756629084,10.598557136595,0.0786533566808715,0.440148156577297,0.973623463424185,0.999999999916002,0.873175536726591,66237.3644251563,56774.3217660252,156951.228079133,1.65275379500495
11.102,0.0233673323690734,0.259424123961453,10.598557136595,0.0786604419305499,0.440187805992356,0.97384762432385,0.999999999922415,0.873625996142918,66303.6349193061,56830.3352709921,157120.467614441,1.65440737545239
11.103,0.0233673323690734,0.259447491293822,10.598557136595,0.0786675271802284,0.440227455407416,0.974070150044635,0.999999999928348,0.874075258689063,66369.9717170962,56886.4040388427,157289.889639688,1.65606261030733
11.104,0.0233673323690734,0.259470858626191,10.598557136595,0.0786746124299069,0.440267104822476,0.974291049811808,0.999999999933836,0.874523325645677,66436.3748848635,56942.5281240992,157459.494351654,1.65771950122502
11.105,0.0233673323690734,0.25949422595856,10.598557136595,0.0786816976795854,0.440306754237535,0.974510332824401,0.999999999938912,0.874970198301206,66502.8444890114,56998.707581338,157629.281947329,1.65937804986235
11.106,0.0233673323690734,0.259517593290929,10.598557136595,0.0786887829292639,0.440346403652595,0.974728008255027,0.999999999943605,0.875415877951844,66569.3805960092,57054.9424651887,157799.252623914,1.66103825787787
11.107,0.0233673323690734,0.259540960623299,10.598557136595,0.0786958681789424,0.440386053067655,0.974944085249707,0.999999999947945,0.875860365901488,66635.9832723931,57111.2328303352,157969.406578826,1.66270012693179
11.108,0.0233673323690734,0.259564327955668,10.598557136595,0.0787029534286209,0.440425702482714,0.975158572927698,0.999999999951957,0.876303663461691,66702.652584766,57167.5787315156,158139.744009691,1.66436365868597
11.109,0.0233673323690734,0.259587695288037,10.598557136595,0.0787100386782993,0.440465351897774,0.975371480381322,0.999999999955665,0.876745771951616,66769.3885997969,57223.9802235214,158310.265114351,1.66602885480395
11.11,0.0233673323690734,0.259611062620406,10.598557136595,0.0787171239279778,0.440505001312834,0.975582816675798,0.999999999959093,0.877186692697988,66836.191384222,57280.4373611986,158480.970090859,1.66769571695092
11.111,0.0233673323690734,0.259634429952775,10.598557136595,0.0787242091776563,0.440544650727893,0.975792590849079,0.99999999996226,0.877626427035051,66903.0610048441,57336.9501994473,158651.859137485,1.66936424679375
11.112,0.0233673323690734,0.259657797285144,10.598557136595,0.0787312944273348,0.440584300142953,0.97600081191169,0.999999999965187,0.878064976304518,66969.9975285328,57393.5187932214,158822.932452709,1.67103444600096
11.113,0.0233673323690734,0.259681164617513,10.598557136595,0.0787383796770133,0.440623949558013,0.976207488846571,0.99999999996789,0.87850234185553,67037.0010222245,57450.1431975293,158994.190235228,1.67270631624276
11.114,0.0233673323690734,0.259704531949882,10.598557136595,0.0787454649266918,0.440663598973072,0.976412630608922,0.999999999970388,0.878938525044603,67104.0715529229,57506.8234674339,159165.63268395,1.67437985919102
11.115,0.0233673323690734,0.259727899282251,10.598557136595,0.0787525501763703,0.440703248388132,0.976616246126048,0.999999999972695,0.879373527235586,67171.2091876984,57563.559658052,159337.259998002,1.67605507651927
11.116,0.0233673323690734,0.25975126661462,10.598557136595,0.0787596354260487,0.440742897803192,0.976818344297211,0.999999999974825,0.879807349799616,67238.4139936886,57620.3518245547,159509.07237672,1.67773196990274
11.117,0.0233673323690734,0.259774633946989,10.598557136595,0.0787667206757272,0.440782547218251,0.977018933993487,0.999999999976793,0.88023999411507,67305.6860380986,57677.2000221682,159681.070019662,1.67941054101832
11.118,0.0233673323690734,0.259798001279358,10.598557136595,0.0787738059254057,0.440822196633311,0.977218024057614,0.999999999978609,0.880671461567516,67373.0253882001,57734.1043061723,159853.253126593,1.68109079154458
11.119,0.0233673323690734,0.259821368611727,10.598557136595,0.0787808911750842,0.440861846048371,0.977415623303859,0.999999999980285,0.881101753549674,67440.4321113326,57791.0647319021,160025.621897501,1.68277272316177
11.12,0.0233673323690734,0.259844735944097,10.598557136595,0.0787879764247627,0.44090149546343,0.977611740517876,0.999999999981833,0.881530871461364,67507.906274903,57848.0813547469,160198.176532585,1.68445633755183
11.121,0.0233673323690734,0.259868103276466,10.598557136595,0.0787950616744412,0.44094114487849,0.977806384456569,0.999999999983261,0.881958816709462,67575.4479463851,57905.1542301508,160370.917232261,1.68614163639836
11.122,0.0233673323690734,0.259891470608835,10.598557136595,0.0788021469241196,0.44098079429355,0.977999563847965,0.999999999984579,0.882385590707854,67643.0571933208,57962.2834136123,160543.844197161,1.68782862138667
11.123,0.0233673323690734,0.259914837941204,10.598557136595,0.0788092321737981,0.441020443708609,0.97819128739108,0.999999999985795,0.882811194877391,67710.7340833195,58019.4689606853,160716.957628135,1.68951729420375
11.124,0.0233673323690734,0.259938205273573,10.598557136595,0.0788163174234766,0.441060093123669,0.978381563755789,0.999999999986917,0.883235630645842,67778.4786840577,58076.7109269777,160890.257726247,1.69120765653825
11.125,0.0233673323690734,0.259961572605942,10.598557136595,0.0788234026731551,0.441099742538729,0.978570401582711,0.999999999987952,0.883658899447848,67846.2910632803,58134.0093681528,161063.744692779,1.69289971008056
11.126,0.0233673323690734,0.259984939938311,10.598557136595,0.0788304879228336,0.441139391953788,0.978757809483079,0.999999999988906,0.884081002724877,67914.1712887997,58191.3643399288,161237.418729231,1.69459345652271
11.127,0.0233673323690734,0.26000830727068,10.598557136595,0.0788375731725121,0.441179041368848,0.978943796038625,0.999999999989786,0.884501941925179,67982.1194284961,58248.7758980787,161411.280037319,1.69628889755847
11.128,0.0233673323690734,0.260031674603049,10.598557136595,0.0788446584221906,0.441218690783908,0.979128369801462,0.999999999990598,0.884921718503735,68050.1355503174,58306.2440984303,161585.328818977,1.69798603488326
11.129,0.0233673323690734,0.260055041935418,10.598557136595,0.078851743671869,0.441258340198967,0.979311539293971,0.999999999991346,0.885340333922222,68118.21972228,58363.7689968671,161759.565276355,1.69968487019423
11.13,0.0233673323690734,0.260078409267787,10.598557136595,0.0788588289215475,0.441297989614027,0.979493313008693,0.999999999992035,0.885757789648955,68186.372012468,58421.3506493272,161933.989611825,1.70138540519021
11.131,0.0233673323690734,0.260101776600156,10.598557136595,0.078865914171226,0.441337639029087,0.979673699408216,0.999999999992671,0.886174087158852,68254.5924890338,58478.9891118043,162108.602027973,1.70308764157174
11.132,0.0233673323690734,0.260125143932525,10.598557136595,0.0788729994209045,0.441377288444146,0.979852706925074,0.999999999993257,0.886589227933379,68322.8812201976,58536.6844403469,162283.402727606,1.70479158104105
11.133,0.0233673323690734,0.260148511264894,10.598557136595,0.078880084670583,0.441416937859206,0.98003034396164,0.999999999993796,0.887003213460512,68391.2382742484,58594.436691059,162458.391913748,1.70649722530208
11.134,0.0233673323690734,0.260171878597264,10.598557136595,0.0788871699202615,0.441456587274266,0.980206618890029,0.999999999994293,0.88741604523469,68459.6637195432,58652.2459201002,162633.569789644,1.70820457606049
11.135,0.0233673323690734,0.260195245929633,10.598557136595,0.07889425516994,0.441496236689325,0.980381540051999,0.999999999994752,0.887827724756765,68528.1576245074,58710.1121836851,162808.936558757,1.70991363502361
11.136,0.0233673323690734,0.260218613262002,10.598557136595,0.0789013404196185,0.441535886104385,0.980555115758854,0.999999999995173,0.888238253533962,68596.7200576349,58768.035538084,162984.492424769,1.7116244039005
11.137,0.0233673323690734,0.260241980594371,10.598557136595,0.0789084256692969,0.441575535519445,0.980727354291355,0.999999999995562,0.888647633079831,68665.3510874883,58826.0160396227,163160.237591581,1.71333688440195
11.138,0.0233673323690734,0.26026534792674,10.598557136595,0.0789155109189754,0.441615184934504,0.980898263899628,0.99999999999592,0.889055864914203,68734.0507826984,58884.0537446823,163336.172263317,1.71505107824042
11.139,0.0233673323690734,0.260288715259109,10.598557136595,0.0789225961686539,0.441654834349564,0.981067852803075,0.999999999996249,0.889462950563143,68802.819211965,58942.1487096999,163512.296644317,1.71676698713011
11.14,0.0233673323690734,0.260312082591478,10.598557136595,0.0789296814183324,0.441694483764624,0.981236129190291,0.999999999996552,0.889868891558907,68871.6564440566,59000.3009911683,163688.610939144,1.71848461278694
11.141,0.0233673323690734,0.260335449923847,10.598557136595,0.0789367666680109,0.441734133179683,0.981403101218983,0.999999999996832,0.890273689439896,68940.5625478103,59058.5106456356,163865.115352581,1.72020395692851
11.142,0.0233673323690734,0.260358817256216,10.598557136595,0.0789438519176894,0.441773782594743,0.981568777015883,0.999999999997089,0.890677345750609,69009.5375921323,59116.7777297061,164041.810089633,1.72192502127419
11.143,0.0233673323690734,0.260382184588585,10.598557136595,0.0789509371673679,0.441813432009803,0.98173316467668,0.999999999997325,0.891079862041603,69078.5816459978,59175.1023000398,164218.695355523,1.72364780754504
11.144,0.0233673323690734,0.260405551920954,10.598557136595,0.0789580224170463,0.441853081424862,0.981896272265937,0.999999999997543,0.891481239869441,69147.6947784506,59233.4844133526,164395.771355696,1.72537231746383
11.145,0.0233673323690734,0.260428919253323,10.598557136595,0.0789651076667248,0.441892730839922,0.982058107817021,0.999999999997743,0.891881480796654,69216.8770586039,59291.9241264163,164573.038295823,1.72709855275509
11.146,0.0233673323690734,0.260452286585692,10.598557136595,0.0789721929164033,0.441932380254982,0.982218679332034,0.999999999997927,0.892280586391692,69286.1285556401,59350.4214960589,164750.496381791,1.72882651514504
11.147,0.0233673323690734,0.260475653918061,10.598557136595,0.0789792781660818,0.441972029670041,0.982377994781742,0.999999999998096,0.892678558228878,69355.4493388106,59408.9765791643,164928.145819712,1.73055620636166
11.148,0.0233673323690734,0.260499021250431,10.598557136595,0.0789863634157603,0.442011679085101,0.982536062105511,0.999999999998252,0.89307539788837,69424.8394774362,59467.5894326724,165105.986815919,1.73228762813462
11.149,0.0233673323690734,0.2605223885828,10.598557136595,0.0789934486654388,0.44205132850016,0.982692889211246,0.999999999998395,0.893471106956109,69494.2990409071,59526.2601135796,165284.019576969,1.73402078219536
11.15,0.0233673323690734,0.260545755915169,10.598557136595,0.0790005339151173,0.44209097791522,0.982848483975323,0.999999999998527,0.893865687023777,69563.8280986828,59584.9886789383,165462.244309641,1.73575567027702
11.151,0.0233673323690734,0.260569123247538,10.598557136595,0.0790076191647957,0.44213062733028,0.983002854242539,0.999999999998648,0.894259139688755,69633.4267202924,59643.7751858573,165640.661220935,1.73749229411449
11.152,0.0233673323690734,0.260592490579907,10.598557136595,0.0790147044144742,0.442170276745339,0.983156007826051,0.999999999998759,0.894651466554074,69703.0949753346,59702.6196915018,165819.270518079,1.73923065544441
11.153,0.0233673323690734,0.260615857912276,10.598557136595,0.0790217896641527,0.442209926160399,0.983307952507319,0.999999999998861,0.895042669228374,69772.8329334774,59761.522253093,165998.072408518,1.74097075600513
11.154,0.0233673323690734,0.260639225244645,10.598557136595,0.0790288749138312,0.442249575575459,0.983458696036062,0.999999999998955,0.895432749325858,69842.640664459,59820.4829279091,166177.067099927,1.74271259753674
11.155,0.0233673323690734,0.260662592577014,10.598557136595,0.0790359601635097,0.442289224990518,0.983608246130201,0.999999999999041,0.895821708466248,69912.5182380873,59879.5017732846,166356.254800201,1.74445618178111
11.156,0.0233673323690734,0.260685959909383,10.598557136595,0.0790430454131882,0.442328874405578,0.983756610475816,0.999999999999121,0.896209548274742,69982.4657242394,59938.5788466104,166535.63571746,1.74620151048179
11.157,0.0233673323690734,0.260709327241752,10.598557136595,0.0790501306628667,0.442368523820638,0.983903796727099,0.999999999999194,0.896596270381967,70052.4831928632,59997.7142053342,166715.210060049,1.74794858538413
11.158,0.0233673323690734,0.260732694574121,10.598557136595,0.0790572159125451,0.442408173235697,0.984049812506313,0.99999999999926,0.896981876423939,70122.5707139759,60056.9079069603,166894.978036537,1.74969740823521
11.159,0.0233673323690734,0.26075606190649,10.598557136595,0.0790643011622236,0.442447822650757,0.984194665403747,0.999999999999322,0.897366368042015,70192.7283576654,60116.1600090499,167074.93985572,1.75144798078384
11.16,0.0233673323690734,0.260779429238859,10.598557136595,0.0790713864119021,0.442487472065817,0.984338362977683,0.999999999999378,0.897749746882851,70262.9561940889,60175.4705692206,167255.095726615,1.75320030478059
11.161,0.0233673323690734,0.260802796571229,10.598557136595,0.0790784716615806,0.442527121480876,0.984480912754355,0.99999999999943,0.898132014598357,70333.2542934744,60234.8396451473,167435.445858467,1.7549543819778
11.162,0.0233673323690734,0.260826163903598,10.598557136595,0.0790855569112591,0.442566770895936,0.984622322227917,0.999999999999478,0.898513172845655,70403.6227261202,60294.2672945615,167615.990460747,1.75671021412953
11.163,0.0233673323690734,0.260849531235967,10.598557136595,0.0790926421609376,0.442606420310996,0.984762598860411,0.999999999999521,0.898893223287036,70474.0615623946,60353.753575252,167796.729743152,1.75846780299163
11.164,0.0233673323690734,0.260872898568336,10.598557136595,0.079099727410616,0.442646069726055,0.984901750081734,0.999999999999561,0.89927216758991,70544.5708727364,60413.298545064,167977.663915604,1.76022715032167
11.165,0.0233673323690734,0.260896265900705,10.598557136595,0.0791068126602945,0.442685719141115,0.985039783289613,0.999999999999598,0.899650007426771,70615.1507276549,60472.9022619004,168158.793188251,1.76198825787901
11.166,0.0233673323690734,0.260919633233074,10.598557136595,0.079113897909973,0.442725368556175,0.98517670584958,0.999999999999632,0.900026744475149,70685.8011977301,60532.564783721,168340.117771469,1.76375112742476
11.167,0.0233673323690734,0.260943000565443,10.598557136595,0.0791209831596515,0.442765017971234,0.985312525094943,0.999999999999663,0.900402380417563,70756.5223536123,60592.2861685426,168521.637875859,1.76551576072178
11.168,0.0233673323690734,0.260966367897812,10.598557136595,0.07912806840933,0.442804667386294,0.985447248326767,0.999999999999691,0.900776916941486,70827.3142660228,60652.0664744394,168703.353712252,1.76728215953471
11.169,0.0233673323690734,0.260989735230181,10.598557136595,0.0791351536590085,0.442844316801354,0.985580882813857,0.999999999999717,0.901150355739297,70898.1770057535,60711.905759543,168885.265491704,1.76905032562994
11.17,0.0233673323690734,0.26101310256255,10.598557136595,0.079142238908687,0.442883966216413,0.985713435792734,0.999999999999741,0.901522698508234,70969.110643667,60771.8040820422,169067.373425498,1.77082026077565
11.171,0.0233673323690734,0.261036469894919,10.598557136595,0.0791493241583655,0.442923615631473,0.985844914467623,0.999999999999763,0.90189394695036,71040.1152506971,60831.7615001831,169249.677725147,1.77259196674177
11.172,0.0233673323690734,0.261059837227288,10.598557136595,0.079156409408044,0.442963265046533,0.98597532601044,0.999999999999783,0.902264102772512,71111.1908978485,60891.7780722697,169432.178602392,1.7743654453
11.173,0.0233673323690734,0.261083204559657,10.598557136595,0.0791634946577224,0.443002914461592,0.986104677560776,0.999999999999801,0.902633167686259,71182.3376561966,60951.8538566631,169614.8762692,1.77614069822382
11.174,0.0233673323690734,0.261106571892026,10.598557136595,0.0791705799074009,0.443042563876652,0.986232976225888,0.999999999999818,0.903001143407865,71253.5555968883,61011.988911782,169797.770937769,1.77791772728849
11.175,0.0233673323690734,0.261129939224396,10.598557136595,0.0791776651570794,0.443082213291712,0.986360229080693,0.999999999999834,0.903368031658241,71324.8447911416,61072.1832961031,169980.862820523,1.77969653427104
11.176,0.0233673323690734,0.261153306556765,10.598557136595,0.0791847504067579,0.443121862706771,0.986486443167761,0.999999999999848,0.9037338341629,71396.2053102456,61132.4370681603,170164.152130119,1.78147712095027
11.177,0.0233673323690734,0.261176673889134,10.598557136595,0.0791918356564364,0.443161512121831,0.986611625497306,0.999999999999861,0.90409855265192,71467.6372255608,61192.7502865457,170347.63907944,1.78325948910677
11.178,0.0233673323690734,0.261200041221503,10.598557136595,0.0791989209061149,0.443201161536891,0.986735783047191,0.999999999999873,0.904462188859901,71539.1406085193,61253.1230099091,170531.323881599,1.7850436405229
11.179,0.0233673323690734,0.261223408553872,10.598557136595,0.0792060061557933,0.44324081095195,0.98685892276292,0.999999999999883,0.904824744525916,71610.7155306242,61313.5552969576,170715.206749942,1.78682957698283
11.18,0.0233673323690734,0.261246775886241,10.598557136595,0.0792130914054718,0.44328046036701,0.986981051557642,0.999999999999893,0.905186221393476,71682.3620634507,61374.0472064571,170899.28789804,1.78861730027248
11.181,0.0233673323690734,0.26127014321861,10.598557136595,0.0792201766551503,0.44332010978207,0.987102176312156,0.999999999999903,0.905546621210485,71754.0802786453,61434.598797231,171083.567539697,1.79040681217958
11.182,0.0233673323690734,0.261293510550979,10.598557136595,0.0792272619048288,0.443359759197129,0.987222303874909,0.999999999999911,0.905905945729195,71825.8702479261,61495.2101281606,171268.045888949,1.79219811449364
11.183,0.0233673323690734,0.261316877883348,10.598557136595,0.0792343471545073,0.443399408612189,0.987341441062011,0.999999999999919,0.906264196706169,71897.732043083,61555.8812581857,171452.72316006,1.79399120900596
11.184,0.0233673323690734,0.261340245215717,10.598557136595,0.0792414324041858,0.443439058027249,0.987459594657235,0.999999999999926,0.906621375902235,71969.6657359782,61616.6122463041,171637.599567526,1.79578609750965
11.185,0.0233673323690734,0.261363612548086,10.598557136595,0.0792485176538643,0.443478707442308,0.987576771412031,0.999999999999932,0.906977485082443,72041.6713985449,61677.4031515715,171822.675326076,1.79758278179958
11.186,0.0233673323690734,0.261386979880455,10.598557136595,0.0792556029035427,0.443518356857368,0.987692978045538,0.999999999999938,0.907332526016029,72113.7491027891,61738.2540331022,172007.950650667,1.79938126367244
11.187,0.0233673323690734,0.261410347212824,10.598557136595,0.0792626881532212,0.443558006272428,0.987808221244593,0.999999999999943,0.907686500476368,72185.8989207883,61799.1649500689,172193.425756491,1.80118154492672
11.188,0.0233673323690734,0.261433714545193,10.598557136595,0.0792697734028997,0.443597655687487,0.987922507663752,0.999999999999948,0.908039410240933,72258.1209246927,61860.1359617026,172379.100858971,1.80298362736269
11.189,0.0233673323690734,0.261457081877563,10.598557136595,0.0792768586525782,0.443637305102547,0.9880358439253,0.999999999999953,0.908391257091253,72330.4151867238,61921.1671272922,172564.976173762,1.80478751278244
11.19,0.0233673323690734,0.261480449209932,10.598557136595,0.0792839439022567,0.443676954517607,0.988148236619272,0.999999999999957,0.908742042812875,72402.7817791762,61982.2585061859,172751.051916751,1.80659320298985
11.191,0.0233673323690734,0.261503816542301,10.598557136595,0.0792910291519352,0.443716603932666,0.988259692303476,0.99999999999996,0.909091769195319,72475.2207744164,62043.41015779,172937.328304059,1.80840069979061
11.192,0.0233673323690734,0.26152718387467,10.598557136595,0.0792981144016137,0.443756253347726,0.988370217503508,0.999999999999964,0.909440438032038,72547.7322448835,62104.6221415696,173123.80555204,1.81021000499223
11.193,0.0233673323690734,0.261550551207039,10.598557136595,0.0793051996512922,0.443795902762786,0.988479818712779,0.999999999999967,0.909788051120374,72620.3162630888,62165.8945170482,173310.48387728,1.812021120404
11.194,0.0233673323690734,0.261573918539408,10.598557136595,0.0793122849009706,0.443835552177845,0.988588502392539,0.99999999999997,0.910134610261521,72692.9729016163,62227.2273438084,173497.3634966,1.81383404783704
11.195,0.0233673323690734,0.261597285871777,10.598557136595,0.0793193701506491,0.443875201592905,0.988696274971903,0.999999999999972,0.910480117260485,72765.702233123,62288.6206814914,173684.444627054,1.81564878910429
11.196,0.0233673323690734,0.261620653204146,10.598557136595,0.0793264554003276,0.443914851007965,0.988803142847878,0.999999999999975,0.910824573926033,72838.5043303379,62350.074589797,173871.727485929,1.81746534602047
11.197,0.0233673323690734,0.261644020536515,10.598557136595,0.0793335406500061,0.443954500423024,0.98890911238539,0.999999999999977,0.911167982070665,72911.3792660631,62411.5891284842,174059.21229075,1.81928372040215
11.198,0.0233673323690734,0.261667387868884,10.598557136595,0.0793406258996846,0.443994149838084,0.989014189917322,0.999999999999979,0.911510343510566,72984.3271131738,62473.1643573712,174246.899259272,1.8211039140677
11.199,0.0233673323690734,0.261690755201253,10.598557136595,0.0793477111493631,0.444033799253144,0.989118381744535,0.999999999999981,0.911851660065565,73057.3479446176,62534.8003363346,174434.788609487,1.82292592883732
11.2,0.0233673323690734,0.261714122533622,10.598557136595,0.0793547963990415,0.444073448668203,0.989221694135913,0.999999999999983,0.912191933559097,73130.4418334154,62596.4971253104,174622.880559623,1.82474976653302
11.201,0.0233673323690734,0.261737489865991,10.598557136595,0.07936188164872,0.444113098083263,0.98932413332839,0.999999999999984,0.912531165818162,73203.6088526613,62658.2547842939,174811.175328142,1.82657542897864
11.202,0.0233673323690734,0.261760857198361,10.598557136595,0.0793689668983985,0.444152747498323,0.989425705526988,0.999999999999986,0.912869358673282,73276.849075522,62720.0733733391,174999.673133741,1.82840291799983
11.203,0.0233673323690734,0.26178422453073,10.598557136595,0.079376052148077,0.444192396913382,0.98952641690486,0.999999999999987,0.913206513958465,73350.1625752379,62781.9529525597,175188.374195354,1.8302322354241
11.204,0.0233673323690734,0.261807591863099,10.598557136595,0.0793831373977555,0.444232046328442,0.989626273603321,0.999999999999988,0.913542633511162,73423.5494251226,62843.8935821288,175377.278732151,1.83206338308076
11.205,0.0233673323690734,0.261830959195468,10.598557136595,0.079390222647434,0.444271695743502,0.989725281731896,0.999999999999989,0.913877719172225,73497.0096985627,62905.8953222783,175566.386963538,1.83389636280095
11.206,0.0233673323690734,0.261854326527837,10.598557136595,0.0793973078971125,0.444311345158561,0.989823447368358,0.99999999999999,0.914211772785872,73570.5434690187,62967.9582332999,175755.699109157,1.83573117641766
11.207,0.0233673323690734,0.261877693860206,10.598557136595,0.079404393146791,0.444350994573621,0.989920776558772,0.999999999999991,0.914544796199644,73644.1508100243,63030.082375545,175945.215388888,1.8375678257657
11.208,0.0233673323690734,0.261901061192575,10.598557136595,0.0794114783964694,0.444390643988681,0.99001727531754,0.999999999999992,0.914876791264363,73717.8317951868,63092.267809424,176134.936022847,1.83940631268172
11.209,0.0233673323690734,0.261924428524944,10.598557136595,0.0794185636461479,0.44443029340374,0.990112949627449,0.999999999999992,0.915207759834098,73791.5864981872,63154.5145954073,176324.861231389,1.8412466390042
11.21,0.0233673323690734,0.261947795857313,10.598557136595,0.0794256488958264,0.4444699428188,0.990207805439717,0.999999999999993,0.915537703766121,73865.4149927804,63216.822794025,176514.991235105,1.84308880657347
11.211,0.0233673323690734,0.261971163189682,10.598557136595,0.0794327341455049,0.444509592233859,0.990301848674037,0.999999999999994,0.915866624920866,73939.3173527946,63279.1924658663,176705.326254824,1.84493281723171
11.212,0.0233673323690734,0.261994530522051,10.598557136595,0.0794398193951834,0.444549241648919,0.990395085218636,0.999999999999994,0.916194525161895,74013.2936521324,63341.623671581,176895.866511613,1.84677867282291
11.213,0.0233673323690734,0.26201789785442,10.598557136595,0.0794469046448619,0.444588891063979,0.99048752093032,0.999999999999995,0.916521406355857,74087.34396477,63404.1164718784,177086.612226779,1.84862637519295
11.214,0.0233673323690734,0.262041265186789,10.598557136595,0.0794539898945404,0.444628540479038,0.990579161634527,0.999999999999995,0.916847270372445,74161.4683647577,63466.6709275274,177277.563621866,1.85047592618951
11.215,0.0233673323690734,0.262064632519158,10.598557136595,0.0794610751442188,0.444668189894098,0.990670013125382,0.999999999999996,0.917172119084358,74235.66692622,63529.2870993574,177468.720918658,1.85232732766215
11.216,0.0233673323690734,0.262087999851528,10.598557136595,0.0794681603938973,0.444707839309158,0.990760081165752,0.999999999999996,0.91749595436727,74309.9397233554,63591.9650482575,177660.084339176,1.85418058146228
11.217,0.0233673323690734,0.262111367183897,10.598557136595,0.0794752456435758,0.444747488724217,0.990849371487302,0.999999999999996,0.917818778099776,74384.2868304367,63654.7048351767,177851.654105684,1.85603568944314
11.218,0.0233673323690734,0.262134734516266,10.598557136595,0.0794823308932543,0.444787138139277,0.99093788979055,0.999999999999997,0.918140592163369,74458.708321811,63717.5065211245,178043.430440681,1.85789265345984
11.219,0.0233673323690734,0.262158101848635,10.598557136595,0.0794894161429328,0.444826787554337,0.991025641744928,0.999999999999997,0.918461398442389,74533.2042718998,63780.3701671704,178235.413566911,1.85975147536935
11.22,0.0233673323690734,0.262181469181004,10.598557136595,0.0794965013926113,0.444866436969396,0.991112632988842,0.999999999999997,0.918781198823995,74607.7747551993,63843.2958344445,178427.603707355,1.8616121570305
11.221,0.0233673323690734,0.262204836513373,10.598557136595,0.0795035866422898,0.444906086384456,0.99119886912973,0.999999999999998,0.919099995198114,74682.4198462795,63906.2835841364,178620.001085234,1.86347470030395
11.222,0.0233673323690734,0.262228203845742,10.598557136595,0.0795106718919682,0.444945735799516,0.991284355744126,0.999999999999998,0.919417789457415,74757.1396197859,63969.3334774967,178812.605924012,1.86533910705226
11.223,0.0233673323690734,0.262251571178111,10.598557136595,0.0795177571416467,0.444985385214575,0.991369098377721,0.999999999999998,0.919734583497263,74831.9341504381,64032.4455758364,179005.418447392,1.86720537913983
11.224,0.0233673323690734,0.26227493851048,10.598557136595,0.0795248423913252,0.445025034629635,0.99145310254543,0.999999999999998,0.920050379215686,74906.8035130308,64095.6199405271,179198.43887932,1.86907351843294
11.225,0.0233673323690734,0.262298305842849,10.598557136595,0.0795319276410037,0.445064684044695,0.991536373731454,0.999999999999998,0.920365178513329,74981.7477824331,64158.8566330003,179391.667443982,1.87094352679973
11.226,0.0233673323690734,0.262321673175218,10.598557136595,0.0795390128906822,0.445104333459754,0.991618917389347,0.999999999999998,0.920678983293425,75056.7670335895,64222.1557147487,179585.104365806,1.87281540611019
11.227,0.0233673323690734,0.262345040507587,10.598557136595,0.0795460981403607,0.445143982874814,0.991700738942085,0.999999999999999,0.920991795461754,75131.8613415193,64285.5172473258,179778.749869463,1.87468915823622
11.228,0.0233673323690734,0.262368407839956,10.598557136595,0.0795531833900392,0.445183632289874,0.991781843782131,0.999999999999999,0.921303616926603,75207.0307813165,64348.9412923451,179972.604179865,1.87656478505156
11.229,0.0233673323690734,0.262391775172325,10.598557136595,0.0795602686397176,0.445223281704933,0.991862237271508,0.999999999999999,0.921614449598729,75282.2754281508,64412.4279114816,180166.667522166,1.87844228843184
11.23,0.0233673323690734,0.262415142504695,10.598557136595,0.0795673538893961,0.445262931119993,0.991941924741864,0.999999999999999,0.921924295391325,75357.595357267,64475.9771664709,180360.940121766,1.88032167025457
11.231,0.0233673323690734,0.262438509837064,10.598557136595,0.0795744391390746,0.445302580535053,0.99202091149455,0.999999999999999,0.922233156219979,75432.9906439846,64539.5891191094,180555.422204304,1.88220293239913
11.232,0.0233673323690734,0.262461877169433,10.598557136595,0.0795815243887531,0.445342229950112,0.992099202800686,0.999999999999999,0.922541034002638,75508.4613636992,64603.2638312545,180750.113995664,1.88408607674677
11.233,0.0233673323690734,0.262485244501802,10.598557136595,0.0795886096384316,0.445381879365172,0.992176803901236,0.999999999999999,0.922847930659571,75584.0075918816,64667.0013648248,180945.015721976,1.88597110518065
11.234,0.0233673323690734,0.262508611834171,10.598557136595,0.0795956948881101,0.445421528780232,0.992253720007085,0.999999999999999,0.923153848113331,75659.6294040777,64730.8017817997,181140.127609609,1.88785801958579
11.235,0.0233673323690734,0.26253197916654,10.598557136595,0.0796027801377886,0.445461178195291,0.992329956299108,0.999999999999999,0.923458788288719,75735.3268759095,64794.6651442201,181335.44988518,1.8897468218491
11.236,0.0233673323690734,0.262555346498909,10.598557136595,0.079609865387467,0.445500827610351,0.992405517928254,0.999999999999999,0.923762753112748,75811.1000830746,64858.591514188,181530.982775549,1.8916375138594
11.237,0.0233673323690734,0.262578713831278,10.598557136595,0.0796169506371455,0.445540477025411,0.992480410015613,0.999999999999999,0.924065744514603,75886.9491013461,64922.5809538663,181726.72650782,1.89353009750737
11.238,0.0233673323690734,0.262602081163647,10.598557136595,0.079624035886824,0.44558012644047,0.992554637652501,1,0.924367764425609,75962.8740065729,64986.6335254797,181922.681309343,1.89542457468559
11.239,0.0233673323690734,0.262625448496016,10.598557136595,0.0796311211365025,0.44561977585553,0.992628205900538,1,0.924668814779192,76038.8748746802,65050.7492913142,182118.847407713,1.89732094728855
11.24,0.0233673323690734,0.262648815828385,10.598557136595,0.079638206386181,0.44565942527059,0.992701119791723,1,0.924968897510841,76114.9517816686,65114.9283137171,182315.225030769,1.89921921721261
11.241,0.0233673323690734,0.262672183160754,10.598557136595,0.0796452916358595,0.445699074685649,0.992773384328516,1,0.925268014558074,76191.1048036151,65179.1706550973,182511.814406597,1.90111938635605
11.242,0.0233673323690734,0.262695550493123,10.598557136595,0.079652376885538,0.445738724100709,0.992845004483923,1,0.925566167860403,76267.3340166729,65243.4763779253,182708.61576353,1.90302145661903
11.243,0.0233673323690734,0.262718917825493,10.598557136595,0.0796594621352164,0.445778373515769,0.99291598520157,1,0.925863359359294,76343.639497071,65307.845544733,182905.629330144,1.90492542990363
11.244,0.0233673323690734,0.262742285157862,10.598557136595,0.0796665473848949,0.445818022930828,0.992986331395794,1,0.926159590998137,76420.0213211149,65372.2782181143,183102.855335265,1.90683130811381
11.245,0.0233673323690734,0.262765652490231,10.598557136595,0.0796736326345734,0.445857672345888,0.993056047951722,1,0.926454864722202,76496.4795651866,65436.7744607249,183300.294007963,1.90873909315547
11.246,0.0233673323690734,0.2627890198226,10.598557136595,0.0796807178842519,0.445897321760948,0.993125139725352,1,0.926749182478613,76573.0143057441,65501.3343352818,183497.945577557,1.91064878693637
11.247,0.0233673323690734,0.262812387154969,10.598557136595,0.0796878031339304,0.445936971176007,0.993193611543645,1,0.927042546216302,76649.6256193223,65565.9579045645,183695.810273612,1.91256039136622
11.248,0.0233673323690734,0.262835754487338,10.598557136595,0.0796948883836089,0.445976620591067,0.993261468204606,1,0.927334957885986,76726.3135825327,65630.6452314143,183893.888325941,1.91447390835662
11.249,0.0233673323690734,0.262859121819707,10.598557136595,0.0797019736332874,0.446016270006127,0.993328714477371,1,0.927626419440117,76803.0782720629,65695.396378734,184092.179964605,1.91638933982109
11.25,0.0233673323690734,0.262882489152076,10.598557136595,0.0797090588829658,0.446055919421186,0.993395355102295,1,0.927916932832861,76879.9197646778,65760.211409489,184290.685419911,1.91830668767506
11.251,0.0233673323690734,0.262905856484445,10.598557136595,0.0797161441326443,0.446095568836246,0.99346139479104,1,0.928206500020053,76956.8381372188,65825.0903867068,184489.404922419,1.92022595383588
11.252,0.0233673323690734,0.262929223816814,10.598557136595,0.0797232293823228,0.446135218251306,0.993526838226661,1,0.928495122959167,77033.8334666045,65890.0333734768,184688.338702933,1.92214714022281
11.253,0.0233673323690734,0.262952591149183,10.598557136595,0.0797303146320013,0.446174867666365,0.993591690063698,1,0.928782803609278,77110.90582983,65955.0404329507,184887.486992509,1.92407024875704
11.254,0.0233673323690734,0.262975958481552,10.598557136595,0.0797373998816798,0.446214517081425,0.993655954928265,1,0.92906954393103,77188.0553039677,66020.1116283426,185086.850022449,1.92599528136168
11.255,0.0233673323690734,0.262999325813921,10.598557136595,0.0797444851313583,0.446254166496485,0.993719637418138,1,0.929355345886602,77265.2819661672,66085.2470229291,185286.428024307,1.92792223996176
11.256,0.0233673323690734,0.263022693146291,10.598557136595,0.0797515703810368,0.446293815911544,0.99378274210285,1,0.929640211439669,77342.5858936552,66150.446680049,185486.221229886,1.92985112648424
11.257,0.0233673323690734,0.26304606047866,10.598557136595,0.0797586556307152,0.446333465326604,0.993845273523781,1,0.929924142555371,77419.9671637354,66215.7106631036,185686.229871239,1.93178194285801
11.258,0.0233673323690734,0.263069427811029,10.598557136595,0.0797657408803937,0.446373114741663,0.993907236194249,1,0.930207141200281,77497.4258537893,66281.0390355569,185886.454180669,1.93371469101388
11.259,0.0233673323690734,0.263092795143398,10.598557136595,0.0797728261300722,0.446412764156723,0.993968634599605,1,0.930489209342366,77574.9620412755,66346.4318609355,186086.894390729,1.93564937288461
11.26,0.0233673323690734,0.263116162475767,10.598557136595,0.0797799113797507,0.446452413571783,0.994029473197324,1,0.930770348950955,77652.5758037302,66411.8892028284,186287.550734224,1.93758599040487
11.261,0.0233673323690734,0.263139529808136,10.598557136595,0.0797869966294292,0.446492062986842,0.994089756417101,1,0.931050561996705,77730.2672187671,66477.4111248876,186488.423444209,1.93952454551128
11.262,0.0233673323690734,0.263162897140505,10.598557136595,0.0797940818791077,0.446531712401902,0.994149488660947,1,0.931329850451569,77808.0363640779,66542.9976908283,186689.512753991,1.9414650401424
11.263,0.0233673323690734,0.263186264472874,10.598557136595,0.0798011671287862,0.446571361816962,0.99420867430328,1,0.93160821628876,77885.8833174313,66608.6489644274,186890.818897127,1.94340747623872
11.264,0.0233673323690734,0.263209631805243,10.598557136595,0.0798082523784646,0.446611011232021,0.994267317691023,1,0.931885661482719,77963.8081566746,66674.3650095257,187092.342107429,1.94535185574268
11.265,0.0233673323690734,0.263232999137612,10.598557136595,0.0798153376281431,0.446650660647081,0.994325423143701,1,0.93216218800908,78041.8109597327,66740.145890027,187294.082618957,1.94729818059866
11.266,0.0233673323690734,0.263256366469981,10.598557136595,0.0798224228778216,0.446690310062141,0.994382994953537,1,0.932437797844639,78119.8918046081,66805.9916698975,187496.040666028,1.94924645275298
11.267,0.0233673323690734,0.26327973380235,10.598557136595,0.0798295081275001,0.4467299594772,0.994440037385549,1,0.932712492967319,78198.0507693818,66871.9024131669,187698.216483207,1.95119667415391
11.268,0.0233673323690734,0.263303101134719,10.598557136595,0.0798365933771786,0.44676960889226,0.994496554677646,1,0.932986275356138,78276.2879322129,66937.8781839283,187900.610305316,1.95314884675169
11.269,0.0233673323690734,0.263326468467088,10.598557136595,0.0798436786268571,0.44680925830732,0.994552551040731,1,0.933259146991175,78354.6033713383,67003.9190463376,188103.222367427,1.95510297249847
11.27,0.0233673323690734,0.263349835799457,10.598557136595,0.0798507638765356,0.446848907722379,0.994608030658793,1,0.933531109853537,78432.9971650737,67070.0250646141,188306.052904867,1.95705905334838
11.271,0.0233673323690734,0.263373203131827,10.598557136595,0.079857849126214,0.446888557137439,0.994662997689013,1,0.933802165925331,78511.4693918129,67136.1963030407,188509.102153217,1.95901709125752
11.272,0.0233673323690734,0.263396570464196,10.598557136595,0.0798649343758925,0.446928206552499,0.994717456261857,1,0.934072317189625,78590.0201300279,67202.4328259636,188712.370348312,1.96097708818391
11.273,0.0233673323690734,0.263419937796565,10.598557136595,0.079872019625571,0.446967855967558,0.994771410481181,1,0.934341565630417,78668.6494582695,67268.7346977921,188915.85772624,1.96293904608754
11.274,0.0233673323690734,0.263443305128934,10.598557136595,0.0798791048752495,0.447007505382618,0.994824864424329,1,0.934609913232608,78747.3574551673,67335.1019829998,189119.564523345,1.9649029669304
11.275,0.0233673323690734,0.263466672461303,10.598557136595,0.079886190124928,0.447047154797678,0.994877822142234,1,0.934877361981963,78826.144199429,67401.5347461231,189323.490976225,1.96686885267637
11.276,0.0233673323690734,0.263490039793672,10.598557136595,0.0798932753746065,0.447086804212737,0.99493028765952,1,0.935143913865082,78905.0097698415,67468.0330517626,189527.637321734,1.96883670529137
11.277,0.0233673323690734,0.263513407126041,10.598557136595,0.079900360624285,0.447126453627797,0.994982264974602,1,0.935409570869371,78983.9542452704,67534.5969645828,189732.003796981,1.97080652674324
11.278,0.0233673323690734,0.26353677445841,10.598557136595,0.0799074458739635,0.447166103042857,0.99503375805979,1,0.935674334983004,79062.9777046601,67601.2265493113,189936.590639329,1.97277831900179
11.279,0.0233673323690734,0.263560141790779,10.598557136595,0.0799145311236419,0.447205752457916,0.995084770861388,1,0.935938208194896,79142.080227034,67667.9218707401,190141.398086401,1.97475208403883
11.28,0.0233673323690734,0.263583509123148,10.598557136595,0.0799216163733204,0.447245401872976,0.995135307299801,1,0.93620119249467,79221.2618914949,67734.682993725,190346.426376071,1.97672782382812
11.281,0.0233673323690734,0.263606876455517,10.598557136595,0.0799287016229989,0.447285051288036,0.995185371269634,1,0.936463289872626,79300.5227772241,67801.5099831858,190551.675746474,1.9787055403454
11.282,0.0233673323690734,0.263630243787886,10.598557136595,0.0799357868726774,0.447324700703095,0.995234966639798,1,0.936724502319708,79379.8629634828,67868.4029041062,190757.146436,1.98068523556838
11.283,0.0233673323690734,0.263653611120255,10.598557136595,0.0799428721223559,0.447364350118155,0.995284097253612,1,0.936984831827477,79459.282529611,67935.3618215343,190962.838683295,1.98266691147676
11.284,0.0233673323690734,0.263676978452625,10.598557136595,0.0799499573720344,0.447403999533215,0.995332766928909,1,0.937244280388075,79538.7815550285,68002.3868005822,191168.752727264,1.98465057005222
11.285,0.0233673323690734,0.263700345784994,10.598557136595,0.0799570426217129,0.447443648948274,0.995380979458136,1,0.937502849994197,79618.360119234,68069.4779064259,191374.888807068,1.98663621327842
11.286,0.0233673323690734,0.263723713117363,10.598557136595,0.0799641278713913,0.447483298363334,0.995428738608463,1,0.93776054263906,79698.0183018063,68136.6352043064,191581.247162129,1.98862384314099
11.287,0.0233673323690734,0.263747080449732,10.598557136595,0.0799712131210698,0.447522947778394,0.995476048121887,1,0.938017360316373,79777.7561824035,68203.8587595286,191787.828032122,1.99061346162757
11.288,0.0233673323690734,0.263770447782101,10.598557136595,0.0799782983707483,0.447562597193453,0.995522911715334,1,0.938273305020303,79857.5738407637,68271.1486374621,191994.631656987,1.99260507072778
11.289,0.0233673323690734,0.26379381511447,10.598557136595,0.0799853836204268,0.447602246608513,0.995569333080768,1,0.938528378745448,79937.4713567043,68338.5049035406,192201.658276917,1.99459867243323
11.29,0.0233673323690734,0.263817182446839,10.598557136595,0.0799924688701053,0.447641896023573,0.995615315885293,1,0.938782583486808,80017.4488101229,68405.9276232627,192408.908132366,1.99659426873751
11.291,0.0233673323690734,0.263840549779208,10.598557136595,0.0799995541197838,0.447681545438632,0.995660863771263,1,0.93903592123975,80097.5062809971,68473.4168621917,192616.381464049,1.99859186163624
11.292,0.0233673323690734,0.263863917111577,10.598557136595,0.0800066393694622,0.447721194853692,0.995705980356385,1,0.939288393999982,80177.6438493841,68540.972685955,192824.078512937,2.00059145312699
11.293,0.0233673323690734,0.263887284443946,10.598557136595,0.0800137246191407,0.447760844268752,0.995750669233825,1,0.939540003763522,80257.8615954217,68608.5951602455,193031.999520265,2.00259304520935
11.294,0.0233673323690734,0.263910651776315,10.598557136595,0.0800208098688192,0.447800493683811,0.995794933972316,1,0.939790752526667,80338.1595993276,68676.2843508205,193240.144727525,2.00459663988494
11.295,0.0233673323690734,0.263934019108684,10.598557136595,0.0800278951184977,0.447840143098871,0.995838778116266,1,0.940040642285966,80418.5379413997,68744.040323502,193448.51437647,2.00660223915732
11.296,0.0233673323690734,0.263957386441053,10.598557136595,0.0800349803681762,0.447879792513931,0.995882205185859,1,0.940289675038188,80498.9967020165,68811.8631441774,193657.108709114,2.00860984503212
11.297,0.0233673323690734,0.263980753773423,10.598557136595,0.0800420656178547,0.44791944192899,0.995925218677171,1,0.940537852780295,80579.5359616368,68879.7528787989,193865.927967733,2.01061945951693
11.298,0.0233673323690734,0.264004121105792,10.598557136595,0.0800491508675332,0.44795909134405,0.995967822062267,1,0.940785177509408,80660.1558007997,68947.7095933836,194074.972394863,2.01263108462136
11.299,0.0233673323690734,0.264027488438161,10.598557136595,0.0800562361172116,0.44799874075911,0.996010018789318,1,0.941031651222785,80740.8563001251,69015.733354014,194284.242233301,2.01464472235704
11.3,0.0233673323690734,0.26405085577053,10.598557136595,0.0800633213668901,0.448038390174169,0.9960518122827,1,0.941277275917788,80821.6375403136,69083.8242268377,194493.737726108,2.01666037473762
11.301,0.0233673323690734,0.264074223102899,10.598557136595,0.0800704066165686,0.448078039589229,0.996093205943109,1,0.941522053591853,80902.4996021463,69151.9822780674,194703.459116604,2.01867804377874
11.302,0.0233673323690734,0.264097590435268,10.598557136595,0.0800774918662471,0.448117689004289,0.996134203147664,1,0.941765986242462,80983.4425664853,69220.2075739814,194913.406648374,2.02069773149807
11.303,0.0233673323690734,0.264120957767637,10.598557136595,0.0800845771159256,0.448157338419348,0.996174807250017,1,0.942009075867118,81064.4665142738,69288.5001809233,195123.580565266,2.0227194399153
11.304,0.0233673323690734,0.264144325100006,10.598557136595,0.0800916623656041,0.448196987834408,0.996215021580458,1,0.942251324463311,81145.5715265354,69356.860165302,195333.981111387,2.02474317105214
11.305,0.0233673323690734,0.264167692432375,10.598557136595,0.0800987476152826,0.448236637249468,0.996254849446029,1,0.942492734028494,81226.7576843753,69425.287593592,195544.608531112,2.02676892693232
11.306,0.0233673323690734,0.264191059764744,10.598557136595,0.0801058328649611,0.448276286664527,0.996294294130627,1,0.942733306560053,81308.0250689798,69493.7825323335,195755.463069076,2.0287967095816
11.307,0.0233673323690734,0.264214427097113,10.598557136595,0.0801129181146395,0.448315936079587,0.996333358895114,1,0.942973044055278,81389.373761616,69562.3450481322,195966.54497018,2.03082652102775
11.308,0.0233673323690734,0.264237794429482,10.598557136595,0.080120003364318,0.448355585494647,0.996372046977426,1,0.943211948511338,81470.8038436327,69630.9752076595,196177.854479589,2.03285836330059
11.309,0.0233673323690734,0.264261161761851,10.598557136595,0.0801270886139965,0.448395234909706,0.996410361592681,1,0.94345002192525,81552.3153964603,69699.673077653,196389.39184273,2.03489223843197
11.31,0.0233673323690734,0.26428452909422,10.598557136595,0.080134173863675,0.448434884324766,0.996448305933287,1,0.943687266293853,81633.9085016098,69768.4387249154,196601.157305297,2.03692814845576
11.311,0.0233673323690734,0.26430789642659,10.598557136595,0.0801412591133535,0.448474533739826,0.996485883169053,1,0.943923683613778,81715.5832406747,69837.2722163159,196813.151113249,2.03896609540786
11.312,0.0233673323690734,0.264331263758959,10.598557136595,0.080148344363032,0.448514183154885,0.996523096447293,1,0.944159275881428,81797.3396953296,69906.1736187894,197025.373512808,2.04100608132622
11.313,0.0233673323690734,0.264354631091328,10.598557136595,0.0801554296127105,0.448553832569945,0.996559948892941,1,0.944394045092939,81879.1779473312,69975.142999337,197237.824750464,2.04304810825085
11.314,0.0233673323690734,0.264377998423697,10.598557136595,0.0801625148623889,0.448593481985005,0.996596443608653,1,0.944627993244164,81961.0980785174,70044.1804250259,197450.50507297,2.04509217822374
11.315,0.0233673323690734,0.264401365756066,10.598557136595,0.0801696001120674,0.448633131400064,0.996632583674921,1,0.944861122330638,82043.1001708085,70113.2859629891,197663.414727349,2.04713829328899
11.316,0.0233673323690734,0.264424733088435,10.598557136595,0.0801766853617459,0.448672780815124,0.996668372150181,1,0.945093434347556,82125.1843062066,70182.4596804263,197876.553960887,2.0491864554927
11.317,0.0233673323690734,0.264448100420804,10.598557136595,0.0801837706114244,0.448712430230184,0.996703812070918,1,0.945324931289744,82207.350566796,70251.7016446034,198089.923021138,2.05123666688304
11.318,0.0233673323690734,0.264471467753173,10.598557136595,0.0801908558611029,0.448752079645243,0.996738906451779,1,0.945555615151633,82289.5990347427,70321.0119228524,198303.522155923,2.05328892951021
11.319,0.0233673323690734,0.264494835085542,10.598557136595,0.0801979411107814,0.448791729060303,0.996773658285682,1,0.94578548792723,82371.9297922953,70390.390582572,198517.351613329,2.05534324542649
11.32,0.0233673323690734,0.264518202417911,10.598557136595,0.0802050263604599,0.448831378475363,0.99680807054392,1,0.946014551610097,82454.3429217847,70459.8376912275,198731.411641712,2.05739961668618
11.321,0.0233673323690734,0.26454156975028,10.598557136595,0.0802121116101383,0.448871027890422,0.996842146176276,1,0.94624280819332,82536.8385056237,70529.3533163502,198945.702489696,2.05945804534566
11.322,0.0233673323690734,0.264564937082649,10.598557136595,0.0802191968598168,0.448910677305482,0.996875888111126,1,0.946470259669484,82619.4166263081,70598.9375255385,199160.224406171,2.06151853346336
11.323,0.0233673323690734,0.264588304415018,10.598557136595,0.0802262821094953,0.448950326720542,0.996909299255554,1,0.946696908030649,82702.0773664162,70668.5903864577,199374.977640298,2.06358108309976
11.324,0.0233673323690734,0.264611671747387,10.598557136595,0.0802333673591738,0.448989976135601,0.996942382495454,1,0.94692275526832,82784.8208086083,70738.3119668392,199589.962441504,2.06564569631742
11.325,0.0233673323690734,0.264635039079757,10.598557136595,0.0802404526088523,0.449029625550661,0.996975140695643,1,0.947147803373427,82867.6470356282,70808.1023344818,199805.179059487,2.06771237518094
11.326,0.0233673323690734,0.264658406412126,10.598557136595,0.0802475378585308,0.44906927496572,0.99700757669997,1,0.947372054336293,82950.5561303022,70877.9615572508,200020.627744214,2.06978112175702
11.327,0.0233673323690734,0.264681773744495,10.598557136595,0.0802546231082093,0.44910892438078,0.997039693331422,1,0.947595510146613,83033.5481755391,70947.8897030786,200236.308745921,2.07185193811438
11.328,0.0233673323690734,0.264705141076864,10.598557136595,0.0802617083578877,0.44914857379584,0.997071493392231,1,0.947818172793428,83116.623254331,71017.8868399647,200452.222315114,2.07392482632386
11.329,0.0233673323690734,0.264728508409233,10.598557136595,0.0802687936075662,0.449188223210899,0.99710297966399,1,0.948040044265098,83199.7814497533,71087.9530359758,200668.368702568,2.07599978845834
11.33,0.0233673323690734,0.264751875741602,10.598557136595,0.0802758788572447,0.449227872625959,0.997134154907752,1,0.948261126549278,83283.0228449639,71158.0883592453,200884.748159331,2.07807682659278
11.331,0.0233673323690734,0.264775243073971,10.598557136595,0.0802829641069232,0.449267522041019,0.997165021864146,1,0.948481421632893,83366.3475232042,71228.2928779741,201101.360936719,2.08015594280422
11.332,0.0233673323690734,0.26479861040634,10.598557136595,0.0802900493566017,0.449307171456078,0.997195583253478,1,0.948700931502114,83449.7555677991,71298.5666604308,201318.207286321,2.08223713917177
11.333,0.0233673323690734,0.264821977738709,10.598557136595,0.0802971346062802,0.449346820871138,0.997225841775846,1,0.94891965814233,83533.2470621564,71368.9097749505,201535.287459997,2.08432041777664
11.334,0.0233673323690734,0.264845345071078,10.598557136595,0.0803042198559586,0.449386470286198,0.997255800111244,1,0.949137603538129,83616.8220897678,71439.3222899363,201752.601709876,2.0864057807021
11.335,0.0233673323690734,0.264868712403447,10.598557136595,0.0803113051056372,0.449426119701257,0.99728546091967,1,0.949354769673268,83700.4807342083,71509.8042738589,201970.150288363,2.08849323003352
11.336,0.0233673323690734,0.264892079735816,10.598557136595,0.0803183903553156,0.449465769116317,0.997314826841234,1,0.949571158530651,83784.2230791364,71580.3557952559,202187.933448132,2.09058276785833
11.337,0.0233673323690734,0.264915447068185,10.598557136595,0.0803254756049941,0.449505418531377,0.997343900496268,1,0.949786772092306,83868.0492082945,71650.976922733,202405.95144213,2.09267439626609
11.338,0.0233673323690734,0.264938814400555,10.598557136595,0.0803325608546726,0.449545067946436,0.99737268448543,1,0.950001612339359,83951.959205509,71721.6677249638,202624.204523579,2.09476811734842
11.339,0.0233673323690734,0.264962181732924,10.598557136595,0.0803396461043511,0.449584717361496,0.997401181389813,1,0.950215681252011,84035.9531546896,71792.4282706891,202842.692945971,2.09686393319904
11.34,0.0233673323690734,0.264985549065293,10.598557136595,0.0803467313540296,0.449624366776556,0.997429393771051,1,0.950428980809512,84120.0311398303,71863.2586287178,203061.416963073,2.09896184591377
11.341,0.0233673323690734,0.265008916397662,10.598557136595,0.0803538166037081,0.449664016191615,0.997457324171431,1,0.950641512990144,84204.1932450093,71934.1588679268,203280.376828926,2.10106185759053
11.342,0.0233673323690734,0.265032283730031,10.598557136595,0.0803609018533865,0.449703665606675,0.997484975113992,1,0.950853279771187,84288.4395543885,72005.1290572607,203499.572797843,2.10316397032931
11.343,0.0233673323690734,0.2650556510624,10.598557136595,0.080367987103065,0.449743315021735,0.997512349102639,1,0.951064283128904,84372.7701522142,72076.1692657322,203719.005124413,2.10526818623224
11.344,0.0233673323690734,0.265079018394769,10.598557136595,0.0803750723527435,0.449782964436794,0.997539448622244,1,0.951274525038516,84457.1851228171,72147.2795624223,203938.674063499,2.10737450740353
11.345,0.0233673323690734,0.265102385727138,10.598557136595,0.080382157602422,0.449822613851854,0.997566276138756,1,0.951484007474175,84541.6845506123,72218.46001648,204158.57987024,2.10948293594951
11.346,0.0233673323690734,0.265125753059507,10.598557136595,0.0803892428521005,0.449862263266914,0.997592834099308,1,0.951692732408946,84626.2685200989,72289.7106971224,204378.722800047,2.11159347397859
11.347,0.0233673323690734,0.265149120391876,10.598557136595,0.080396328101779,0.449901912681973,0.997619124932319,1,0.951900701814781,84710.9371158611,72361.0316736348,204599.103108609,2.11370612360132
11.348,0.0233673323690734,0.265172487724245,10.598557136595,0.0804034133514575,0.449941562097033,0.997645151047604,1,0.952107917662495,84795.6904225675,72432.4230153714,204819.72105189,2.11582088693036
11.349,0.0233673323690734,0.265195855056614,10.598557136595,0.0804104986011359,0.449981211512093,0.997670914836476,1,0.952314381921749,84880.5285249715,72503.8847917544,205040.576886131,2.11793776608046
11.35,0.0233673323690734,0.265219222388983,10.598557136595,0.0804175838508144,0.450020860927152,0.997696418671857,1,0.952520096561021,84965.451507911,72575.4170722744,205261.670867847,2.1200567631685
11.351,0.0233673323690734,0.265242589721352,10.598557136595,0.0804246691004929,0.450060510342212,0.997721664908377,1,0.952725063547587,85050.4594563091,72647.0199264908,205483.003253832,2.12217788031348
11.352,0.0233673323690734,0.265265957053722,10.598557136595,0.0804317543501714,0.450100159757272,0.997746655882483,1,0.952929284847498,85135.5524551738,72718.6934240318,205704.574301155,2.12430111963652
11.353,0.0233673323690734,0.265289324386091,10.598557136595,0.0804388395998499,0.450139809172331,0.997771393912545,1,0.953132762425559,85220.730589598,72790.4376345937,205926.384267164,2.12642648326086
11.354,0.0233673323690734,0.26531269171846,10.598557136595,0.0804459248495284,0.450179458587391,0.997795881298956,1,0.953335498245303,85305.9939447599,72862.2526279421,206148.433409482,2.12855397331185
11.355,0.0233673323690734,0.265336059050829,10.598557136595,0.0804530100992069,0.450219108002451,0.997820120324242,1,0.953537494268976,85391.3426059229,72934.1384739113,206370.721986013,2.130683591917
11.356,0.0233673323690734,0.265359426383198,10.598557136595,0.0804600953488853,0.45025875741751,0.997844113253161,1,0.953738752457508,85476.7766584356,73006.0952424044,206593.250254937,2.13281534120591
11.357,0.0233673323690734,0.265382793715567,10.598557136595,0.0804671805985638,0.45029840683257,0.997867862332813,1,0.953939274770496,85562.296187732,73078.1230033934,206816.018474712,2.13494922331035
11.358,0.0233673323690734,0.265406161047936,10.598557136595,0.0804742658482423,0.45033805624763,0.997891369792738,1,0.954139063166181,85647.9012793318,73150.2218269195,207039.026904076,2.13708524036419
11.359,0.0233673323690734,0.265429528380305,10.598557136595,0.0804813510979208,0.450377705662689,0.997914637845024,1,0.954338119601424,85733.59201884,73222.391783093,207262.275802045,2.13922339450344
11.36,0.0233673323690734,0.265452895712674,10.598557136595,0.0804884363475993,0.450417355077749,0.997937668684409,1,0.954536446031692,85819.3684919473,73294.6329420932,207485.765427916,2.14136368786626
11.361,0.0233673323690734,0.265476263045043,10.598557136595,0.0804955215972778,0.450457004492809,0.997960464488382,1,0.954734044411028,85905.2307844304,73366.945374169,207709.496041264,2.14350612259296
11.362,0.0233673323690734,0.265499630377412,10.598557136595,0.0805026068469563,0.450496653907868,0.997983027417289,1,0.954930916692037,85991.1789821513,73439.329149638,207933.467901944,2.14565070082595
11.363,0.0233673323690734,0.265522997709781,10.598557136595,0.0805096920966347,0.450536303322928,0.998005359614434,1,0.955127064825861,86077.2131710583,73511.7843388878,208157.681270091,2.14779742470983
11.364,0.0233673323690734,0.26554636504215,10.598557136595,0.0805167773463132,0.450575952737988,0.998027463206184,1,0.955322490762159,86163.3334371859,73584.3110123753,208382.136406122,2.14994629639131
11.365,0.0233673323690734,0.265569732374519,10.598557136595,0.0805238625959917,0.450615602153047,0.998049340302066,1,0.955517196449088,86249.5398666539,73656.9092406265,208606.833570734,2.15209731801926
11.366,0.0233673323690734,0.265593099706889,10.598557136595,0.0805309478456702,0.450655251568107,0.998070992994873,1,0.955711183833282,86335.8325456689,73729.5790942373,208831.773024903,2.15425049174471
11.367,0.0233673323690734,0.265616467039258,10.598557136595,0.0805380330953487,0.450694900983167,0.998092423360766,1,0.955904454859829,86422.2115605239,73802.3206438737,209056.95502989,2.15640581972083
11.368,0.0233673323690734,0.265639834371627,10.598557136595,0.0805451183450272,0.450734550398226,0.998113633459372,1,0.956097011472253,86508.6769975974,73875.1339602703,209282.379847236,2.15856330410295
11.369,0.0233673323690734,0.265663201703996,10.598557136595,0.0805522035947057,0.450774199813286,0.998134625333888,1,0.956288855612496,86595.2289433552,73948.0191142324,209508.047738763,2.16072294704856
11.37,0.0233673323690734,0.265686569036365,10.598557136595,0.0805592888443842,0.450813849228346,0.998155401011181,1,0.956479989220893,86681.8674843493,74020.9761766351,209733.958966578,2.16288475071729
11.371,0.0233673323690734,0.265709936368734,10.598557136595,0.0805663740940626,0.450853498643405,0.998175962501888,1,0.956670414236155,86768.5927072179,74094.0052184229,209960.113793068,2.16504871727096
11.372,0.0233673323690734,0.265733303701103,10.598557136595,0.0805734593437411,0.450893148058465,0.998196311800516,1,0.95686013259535,86855.4046986865,74167.1063106106,210186.512480904,2.16721484887352
11.373,0.0233673323690734,0.265756671033472,10.598557136595,0.0805805445934196,0.450932797473525,0.998216450885545,1,0.957049146233883,86942.3035455671,74240.2795242835,210413.15529304,2.16938314769111
11.374,0.0233673323690734,0.265780038365841,10.598557136595,0.0805876298430981,0.450972446888584,0.998236381719523,1,0.957237457085473,87029.2893347584,74313.5249305961,210640.042492714,2.17155361589203
11.375,0.0233673323690734,0.26580340569821,10.598557136595,0.0805947150927766,0.451012096303644,0.998256106249168,1,0.957425067082138,87116.3621532463,74386.8426007738,210867.174343447,2.17372625564674
11.376,0.0233673323690734,0.265826773030579,10.598557136595,0.0806018003424551,0.451051745718703,0.998275626405467,1,0.957611978154176,87203.5220881036,74460.2326061121,211094.551109045,2.17590106912789
11.377,0.0233673323690734,0.265850140362948,10.598557136595,0.0806088855921336,0.451091395133763,0.998294944103777,1,0.95779819223014,87290.7692264904,74533.6950179771,211322.1730536,2.1780780585103
11.378,0.0233673323690734,0.265873507695317,10.598557136595,0.080615970841812,0.451131044548823,0.998314061243917,1,0.957983711236826,87378.1036556536,74607.2299078045,211550.040441484,2.18025722597094
11.379,0.0233673323690734,0.265896875027686,10.598557136595,0.0806230560914905,0.451170693963882,0.998332979710274,1,0.958168537099251,87465.5254629277,74680.8373471012,211778.153537359,2.18243857368899
11.38,0.0233673323690734,0.265920242360056,10.598557136595,0.080630141341169,0.451210343378942,0.998351701371895,1,0.958352671740632,87553.0347357345,74754.5174074445,212006.512606169,2.1846221038458
11.381,0.0233673323690734,0.265943609692425,10.598557136595,0.0806372265908475,0.451249992794002,0.998370228082587,1,0.958536117082373,87640.6315615836,74828.2701604824,212235.117913147,2.18680781862489
11.382,0.0233673323690734,0.265966977024794,10.598557136595,0.080644311840526,0.451289642209061,0.998388561681015,1,0.95871887504404,87728.3160280713,74902.0956779333,212463.969723808,2.18899572021198
11.383,0.0233673323690734,0.265990344357163,10.598557136595,0.0806513970902045,0.451329291624121,0.998406703990799,1,0.958900947543348,87816.0882228824,74975.9940315864,212693.068303956,2.19118581079498
11.384,0.0233673323690734,0.266013711689532,10.598557136595,0.0806584823398829,0.451368941039181,0.998424656820606,1,0.959082336496139,87903.9482337892,75049.9652933022,212922.413919683,2.19337809256397
11.385,0.0233673323690734,0.266037079021901,10.598557136595,0.0806655675895614,0.45140859045424,0.998442421964255,1,0.959263043816367,87991.8961486513,75124.0095350114,213152.006837363,2.19557256771123
11.386,0.0233673323690734,0.26606044635427,10.598557136595,0.0806726528392399,0.4514482398693,0.998460001200803,1,0.959443071416076,88079.932055417,75198.1268287162,213381.847323662,2.19776923843125
11.387,0.0233673323690734,0.266083813686639,10.598557136595,0.0806797380889184,0.45148788928436,0.998477396294649,1,0.959622421205387,88168.0560421222,75272.3172464897,213611.935645531,2.19996810692069
11.388,0.0233673323690734,0.266107181019008,10.598557136595,0.0806868233385969,0.451527538699419,0.998494608995626,1,0.959801095092475,88256.2681968907,75346.5808604759,213842.27207021,2.20216917537841
11.389,0.0233673323690734,0.266130548351377,10.598557136595,0.0806939085882754,0.451567188114479,0.998511641039094,1,0.959979094983556,88344.5686079346,75420.9177428901,214072.856865225,2.2043724460055
11.39,0.0233673323690734,0.266153915683746,10.598557136595,0.0807009938379539,0.451606837529539,0.998528494146037,1,0.960156422782867,88432.9573635548,75495.327966019,214303.690298395,2.20657792100522
11.391,0.0233673323690734,0.266177283016115,10.598557136595,0.0807080790876323,0.451646486944598,0.99854517002316,1,0.960333080392648,88521.4345521395,75569.8116022204,214534.772637823,2.20878560258304
11.392,0.0233673323690734,0.266200650348484,10.598557136595,0.0807151643373108,0.451686136359658,0.998561670362977,1,0.960509069713126,88610.0002621661,75644.3687239236,214766.104151904,2.21099549294664
11.393,0.0233673323690734,0.266224017680854,10.598557136595,0.0807222495869893,0.451725785774718,0.998577996843908,1,0.960684392642499,88698.6545822005,75718.9994036295,214997.685109322,2.21320759430593
11.394,0.0233673323690734,0.266247385013223,10.598557136595,0.0807293348366678,0.451765435189777,0.998594151130373,1,0.960859051076915,88787.3976008968,75793.7037139101,215229.515779048,2.21542190887299
11.395,0.0233673323690734,0.266270752345592,10.598557136595,0.0807364200863463,0.451805084604837,0.998610134872884,1,0.961033046910459,88876.229406998,75868.4817274095,215461.596430347,2.21763843886215
11.396,0.0233673323690734,0.266294119677961,10.598557136595,0.0807435053360248,0.451844734019897,0.998625949708137,1,0.961206382035136,88965.1500893362,75943.3335168432,215693.927332772,2.21985718648993
11.397,0.0233673323690734,0.26631748701033,10.598557136595,0.0807505905857033,0.451884383434956,0.998641597259105,1,0.961379058340849,89054.1597368318,76018.2591549984,215926.508756168,2.22207815397508
11.398,0.0233673323690734,0.266340854342699,10.598557136595,0.0807576758353818,0.451924032850016,0.998657079135131,1,0.96155107771539,89143.2584384945,76093.2587147343,216159.340970668,2.22430134353857
11.399,0.0233673323690734,0.266364221675068,10.598557136595,0.0807647610850602,0.451963682265076,0.998672396932017,1,0.961722442044419,89232.4462834233,76168.3322689819,216392.424246702,2.22652675740359
11.4,0.0233673323690734,0.266387589007437,10.598557136595,0.0807718463347387,0.452003331680135,0.998687552232118,1,0.961893153211448,89321.7233608056,76243.4798907439,216625.758854985,2.22875439779556
11.401,0.0233673323690734,0.266410956339806,10.598557136595,0.0807789315844172,0.452042981095195,0.99870254660443,1,0.962063213097826,89411.0897599187,76318.7016530954,216859.345066529,2.2309842669421
11.402,0.0233673323690734,0.266434323672175,10.598557136595,0.0807860168340957,0.452082630510255,0.998717381604683,1,0.962232623582722,89500.5455701292,76393.9976291836,217093.183152635,2.2332163670731
11.403,0.0233673323690734,0.266457691004544,10.598557136595,0.0807931020837742,0.452122279925314,0.99873205877543,1,0.962401386543109,89590.0908808925,76469.3678922274,217327.273384899,2.23545070042065
11.404,0.0233673323690734,0.266481058336913,10.598557136595,0.0808001873334527,0.452161929340374,0.998746579646139,1,0.962569503853749,89679.7257817542,76544.8125155185,217561.616035206,2.23768726921909
11.405,0.0233673323690734,0.266504425669282,10.598557136595,0.0808072725831312,0.452201578755434,0.998760945733276,1,0.962736977387176,89769.4503623494,76620.3315724207,217796.211375741,2.23992607570499
11.406,0.0233673323690734,0.266527793001652,10.598557136595,0.0808143578328096,0.452241228170493,0.998775158540403,1,0.962903809013683,89859.2647124021,76695.92513637,218031.059678974,2.24216712211715
11.407,0.0233673323690734,0.266551160334021,10.598557136595,0.0808214430824881,0.452280877585553,0.99878921955826,1,0.963070000601302,89949.1689217271,76771.593280875,218266.161217676,2.24441041069661
11.408,0.0233673323690734,0.26657452766639,10.598557136595,0.0808285283321666,0.452320527000613,0.998803130264855,1,0.963235554015792,90039.1630802286,76847.3360795169,218501.516264908,2.24665594368667
11.409,0.0233673323690734,0.266597894998759,10.598557136595,0.0808356135818451,0.452360176415672,0.998816892125555,1,0.963400471120624,90129.2472779007,76923.1536059496,218737.125094027,2.24890372333287
11.41,0.0233673323690734,0.266621262331128,10.598557136595,0.0808426988315236,0.452399825830732,0.998830506593169,1,0.963564753776963,90219.4216048275,76999.045933899,218972.987978685,2.25115375188298
11.411,0.0233673323690734,0.266644629663497,10.598557136595,0.0808497840812021,0.452439475245792,0.998843975108039,1,0.963728403843657,90309.6861511834,77075.0131371646,219209.105192827,2.25340603158702
11.412,0.0233673323690734,0.266667996995866,10.598557136595,0.0808568693308805,0.452479124660851,0.998857299098123,1,0.963891423177217,90400.041007233,77151.0552896181,219445.477010696,2.25566056469728
11.413,0.0233673323690734,0.266691364328235,10.598557136595,0.080863954580559,0.452518774075911,0.998870479979086,1,0.964053813631807,90490.4862633313,77227.1724652047,219682.10370683,2.2579173534683
11.414,0.0233673323690734,0.266714731660604,10.598557136595,0.0808710398302375,0.452558423490971,0.998883519154383,1,0.964215577059226,90581.0220099232,77303.3647379417,219918.985556062,2.26017640015686
11.415,0.0233673323690734,0.266738098992973,10.598557136595,0.080878125079916,0.45259807290603,0.998896418015345,1,0.964376715308895,90671.6483375447,77379.6321819202,220156.122833522,2.26243770702201
11.416,0.0233673323690734,0.266761466325342,10.598557136595,0.0808852103295945,0.45263772232109,0.998909177941266,1,0.964537230227844,90762.3653368223,77455.974871304,220393.515814637,2.26470127632505
11.417,0.0233673323690734,0.266784833657711,10.598557136595,0.080892295579273,0.45267737173615,0.998921800299486,1,0.964697123660692,90853.1730984725,77532.3928803301,220631.16477513,2.26696711032956
11.418,0.0233673323690734,0.26680820099008,10.598557136595,0.0808993808289515,0.452717021151209,0.998934286445477,1,0.964856397449641,90944.0717133035,77608.8862833089,220869.069991022,2.26923521130136
11.419,0.0233673323690734,0.266831568322449,10.598557136595,0.08090646607863,0.452756670566269,0.998946637722926,1,0.965015053434455,91035.0612722139,77685.4551546243,221107.231738633,2.27150558150857
11.42,0.0233673323690734,0.266854935654818,10.598557136595,0.0809135513283084,0.452796319981329,0.998958855463822,1,0.965173093452449,91126.141866193,77762.0995687326,221345.650294578,2.27377822322155
11.421,0.0233673323690734,0.266878302987188,10.598557136595,0.0809206365779869,0.452835969396388,0.998970940988533,1,0.965330519338474,91217.3135863216,77838.8196001648,221584.325935772,2.27605313871294
11.422,0.0233673323690734,0.266901670319557,10.598557136595,0.0809277218276654,0.452875618811448,0.998982895605897,1,0.965487332924905,91308.5765237715,77915.6153235248,221823.25893943,2.27833033025766
11.423,0.0233673323690734,0.266925037651926,10.598557136595,0.0809348070773439,0.452915268226508,0.998994720613299,1,0.965643536041626,91399.9307698054,77992.48681349,222062.449583063,2.2806098001329
11.424,0.0233673323690734,0.266948404984295,10.598557136595,0.0809418923270224,0.452954917641567,0.999006417296754,1,0.965799130516016,91491.3764157776,78069.4341448119,222301.898144482,2.28289155061813
11.425,0.0233673323690734,0.266971772316664,10.598557136595,0.0809489775767009,0.452994567056627,0.999017986930993,1,0.965954118172937,91582.9135531341,78146.4573923156,222541.6049018,2.2851755839951
11.426,0.0233673323690734,0.266995139649033,10.598557136595,0.0809560628263793,0.453034216471687,0.99902943077954,1,0.966108500834718,91674.5422734116,78223.5566308997,222781.570133426,2.28746190254785
11.427,0.0233673323690734,0.267018506981402,10.598557136595,0.0809631480760578,0.453073865886746,0.999040750094794,1,0.966262280321147,91766.262668239,78300.731935537,223021.794118072,2.28975050856268
11.428,0.0233673323690734,0.267041874313771,10.598557136595,0.0809702333257363,0.453113515301806,0.999051946118111,1,0.966415458449452,91858.0748293369,78377.9833812745,223262.277134751,2.29204140432822
11.429,0.0233673323690734,0.26706524164614,10.598557136595,0.0809773185754148,0.453153164716866,0.999063020079885,1,0.966568037034292,91949.9788485171,78455.3110432325,223503.019462774,2.29433459213535
11.43,0.0233673323690734,0.267088608978509,10.598557136595,0.0809844038250933,0.453192814131925,0.999073973199626,1,0.966720017887741,92041.9748176838,78532.7149966063,223744.021381755,2.29663007427727
11.431,0.0233673323690734,0.267111976310878,10.598557136595,0.0809914890747718,0.453232463546985,0.99908480668604,1,0.966871402819279,92134.0628288332,78610.1953166647,223985.283171611,2.29892785304945
11.432,0.0233673323690734,0.267135343643247,10.598557136595,0.0809985743244503,0.453272112962045,0.99909552173711,1,0.967022193635775,92226.2429740529,78687.752078751,224226.805112557,2.30122793074968
11.433,0.0233673323690734,0.267158710975616,10.598557136595,0.0810056595741288,0.453311762377104,0.999106119540173,1,0.96717239214148,92318.5153455233,78765.3853582829,224468.587485113,2.30353030967803
11.434,0.0233673323690734,0.267182078307986,10.598557136595,0.0810127448238072,0.453351411792164,0.999116601271997,1,0.967322000138009,92410.8800355168,78843.0952307526,224710.630570102,2.30583499213688
11.435,0.0233673323690734,0.267205445640355,10.598557136595,0.0810198300734857,0.453391061207224,0.999126968098866,1,0.96747101942433,92503.337136398,78920.8817717263,224952.934648647,2.30814198043091
11.436,0.0233673323690734,0.267228812972724,10.598557136595,0.0810269153231642,0.453430710622283,0.999137221176647,1,0.967619451796756,92595.886740624,78998.7450568454,225195.500002176,2.31045127686712
11.437,0.0233673323690734,0.267252180305093,10.598557136595,0.0810340005728427,0.453470360037343,0.999147361650876,1,0.967767299048928,92688.5289407445,79076.6851618255,225438.32691242,2.3127628837548
11.438,0.0233673323690734,0.267275547637462,10.598557136595,0.0810410858225212,0.453510009452403,0.999157390656833,1,0.967914562971805,92781.2638294017,79154.7021624572,225681.415661416,2.31507680340555
11.439,0.0233673323690734,0.267298914969831,10.598557136595,0.0810481710721997,0.453549658867462,0.999167309319614,1,0.96806124535365,92874.0914993304,79232.7961346054,225924.766531501,2.3173930381333
11.44,0.0233673323690734,0.2673222823022,10.598557136595,0.0810552563218782,0.453589308282522,0.999177118754212,1,0.968207347980023,92967.0120433583,79310.9671542104,226168.379805318,2.31971159025428
11.441,0.0233673323690734,0.267345649634569,10.598557136595,0.0810623415715566,0.453628957697581,0.999186820065593,1,0.968352872633765,93060.025554406,79389.2152972869,226412.255765818,2.32203246208704
11.442,0.0233673323690734,0.267369016966938,10.598557136595,0.0810694268212351,0.453668607112641,0.999196414348767,1,0.968497821094988,93153.1321254872,79467.5406399251,226656.394696253,2.32435565595247
11.443,0.0233673323690734,0.267392384299307,10.598557136595,0.0810765120709136,0.453708256527701,0.999205902688866,1,0.968642195141064,93246.3318497081,79545.9432582899,226900.79688018,2.32668117417374
11.444,0.0233673323690734,0.267415751631676,10.598557136595,0.0810835973205921,0.45374790594276,0.999215286161218,1,0.968785996546611,93339.6248202686,79624.4232286215,227145.462601467,2.32900901907637
11.445,0.0233673323690734,0.267439118964045,10.598557136595,0.0810906825702706,0.45378755535782,0.999224565831421,1,0.968929227083486,93433.0111304619,79702.9806272354,227390.392144283,2.33133919298823
11.446,0.0233673323690734,0.267462486296414,10.598557136595,0.0810977678199491,0.45382720477288,0.999233742755417,1,0.969071888520772,93526.4908736739,79781.615530522,227635.585793104,2.33367169823946
11.447,0.0233673323690734,0.267485853628783,10.598557136595,0.0811048530696275,0.453866854187939,0.999242817979565,1,0.969213982624764,93620.0641433846,79860.3280149477,227881.043832716,2.33600653716259
11.448,0.0233673323690734,0.267509220961153,10.598557136595,0.081111938319306,0.453906503602999,0.999251792540715,1,0.969355511158963,93713.7310331675,79939.1181570539,228126.766548208,2.33834371209246
11.449,0.0233673323690734,0.267532588293522,10.598557136595,0.0811190235689845,0.453946153018059,0.999260667466278,1,0.969496475884063,93807.491636689,80017.9860334574,228372.75422498,2.34068322536623
11.45,0.0233673323690734,0.267555955625891,10.598557136595,0.081126108818663,0.453985802433118,0.9992694437743,1,0.969636878557939,93901.3460477099,80096.9317208511,228619.007148738,2.34302507932342
11.451,0.0233673323690734,0.26757932295826,10.598557136595,0.0811331940683415,0.454025451848178,0.999278122473536,1,0.969776720935639,93995.2943600849,80175.9552960032,228865.525605495,2.34536927630589
11.452,0.0233673323690734,0.267602690290629,10.598557136595,0.08114027931802,0.454065101263238,0.999286704563516,1,0.969916004769371,94089.3366677619,80255.0568357575,229112.309881574,2.34771581865782
11.453,0.0233673323690734,0.267626057622998,10.598557136595,0.0811473645676985,0.454104750678297,0.999295191034622,1,0.970054731808495,94183.4730647834,80334.2364170339,229359.360263606,2.35006470872577
11.454,0.0233673323690734,0.267649424955367,10.598557136595,0.081154449817377,0.454144400093357,0.999303582868154,1,0.97019290379951,94277.703645286,80413.4941168283,229606.677038533,2.35241594885863
11.455,0.0233673323690734,0.267672792287736,10.598557136595,0.0811615350670554,0.454184049508417,0.999311881036401,1,0.970330522486046,94372.0285035,80492.8300122121,229854.260493603,2.35476954140763
11.456,0.0233673323690734,0.267696159620105,10.598557136595,0.0811686203167339,0.454223698923476,0.999320086502714,1,0.970467589608853,94466.4477337503,80572.2441803332,230102.110916377,2.35712548872636
11.457,0.0233673323690734,0.267719526952474,10.598557136595,0.0811757055664124,0.454263348338536,0.999328200221573,1,0.970604106905794,94560.9614304563,80651.7366984155,230350.228594724,2.35948379317079
11.458,0.0233673323690734,0.267742894284843,10.598557136595,0.0811827908160909,0.454302997753596,0.999336223138654,1,0.970740076111827,94655.5696881316,80731.3076437587,230598.613816823,2.3618444570992
11.459,0.0233673323690734,0.267766261617212,10.598557136595,0.0811898760657694,0.454342647168655,0.999344156190902,1,0.970875498959006,94750.2726013844,80810.9570937393,230847.266871166,2.36420748287227
11.46,0.0233673323690734,0.267789628949581,10.598557136595,0.0811969613154479,0.454382296583715,0.999352000306598,1,0.971010377176463,94845.0702649178,80890.68512581,231096.188046555,2.36657287285302
11.461,0.0233673323690734,0.267812996281951,10.598557136595,0.0812040465651264,0.454421945998775,0.999359756405423,1,0.971144712490402,94939.9627735293,80970.4918174998,231345.377632103,2.36894062940683
11.462,0.0233673323690734,0.26783636361432,10.598557136595,0.0812111318148048,0.454461595413834,0.999367425398532,1,0.971278506624089,95034.9502221114,81050.3772464139,231594.835917234,2.37131075490148
11.463,0.0233673323690734,0.267859730946689,10.598557136595,0.0812182170644833,0.454501244828894,0.999375008188616,1,0.971411761297843,95130.0327056519,81130.3414902349,231844.563191686,2.37368325170707
11.464,0.0233673323690734,0.267883098279058,10.598557136595,0.0812253023141618,0.454540894243954,0.999382505669972,1,0.971544478229026,95225.2103192328,81210.384626721,232094.559745509,2.37605812219612
11.465,0.0233673323690734,0.267906465611427,10.598557136595,0.0812323875638403,0.454580543659013,0.999389918728566,1,0.971676659132033,95320.483158032,81290.506733708,232344.825869063,2.37843536874348
11.466,0.0233673323690734,0.267929832943796,10.598557136595,0.0812394728135188,0.454620193074073,0.999397248242101,1,0.971808305718288,95415.8513173224,81370.7078891081,232595.361853027,2.38081499372642
11.467,0.0233673323690734,0.267953200276165,10.598557136595,0.0812465580631973,0.454659842489133,0.999404495080085,1,0.971939419696226,95511.314892472,81450.9881709103,232846.167988387,2.38319699952454
11.468,0.0233673323690734,0.267976567608534,10.598557136595,0.0812536433128758,0.454699491904192,0.99941166010389,1,0.972070002771294,95606.8739789444,81531.3476571807,233097.244566446,2.38558138851986
11.469,0.0233673323690734,0.267999934940903,10.598557136595,0.0812607285625542,0.454739141319252,0.999418744166824,1,0.972200056645934,95702.5286722987,81611.7864260624,233348.591878822,2.38796816309677
11.47,0.0233673323690734,0.268023302273272,10.598557136595,0.0812678138122327,0.454778790734312,0.99942574811419,1,0.97232958301958,95798.2790681899,81692.3045557757,233600.210217445,2.39035732564205
11.471,0.0233673323690734,0.268046669605641,10.598557136595,0.0812748990619112,0.454818440149371,0.999432672783352,1,0.972458583588646,95894.1252623679,81772.9021246176,233852.099874561,2.39274887854485
11.472,0.0233673323690734,0.26807003693801,10.598557136595,0.0812819843115897,0.454858089564431,0.999439519003799,1,0.972587060046521,95990.0673506792,81853.579210963,234104.261142732,2.39514282419672
11.473,0.0233673323690734,0.268093404270379,10.598557136595,0.0812890695612682,0.454897738979491,0.999446287597207,1,0.972715014083557,96086.1054290659,81934.3358932636,234356.694314832,2.39753916499162
11.474,0.0233673323690734,0.268116771602748,10.598557136595,0.0812961548109467,0.45493738839455,0.999452979377504,1,0.972842447387063,96182.2395935661,82015.1722500489,234609.399684057,2.39993790332588
11.475,0.0233673323690734,0.268140138935118,10.598557136595,0.0813032400606252,0.45497703780961,0.999459595150932,1,0.972969361641294,96278.4699403138,82096.0883599254,234862.377543912,2.40233904159825
11.476,0.0233673323690734,0.268163506267487,10.598557136595,0.0813103253103036,0.45501668722467,0.999466135716106,1,0.973095758527448,96374.7965655395,82177.0843015777,235115.628188224,2.40474258220986
11.477,0.0233673323690734,0.268186873599856,10.598557136595,0.0813174105599821,0.455056336639729,0.99947260186408,1,0.973221639723654,96471.2195655699,82258.1601537679,235369.151911135,2.40714852756425
11.478,0.0233673323690734,0.268210240932225,10.598557136595,0.0813244958096606,0.455095986054789,0.999478994378408,1,0.973347006904964,96567.7390368278,82339.3159953352,235622.949007102,2.40955688006737
11.479,0.0233673323690734,0.268233608264594,10.598557136595,0.0813315810593391,0.455135635469849,0.9994853140352,1,0.973471861743348,96664.3550758327,82420.5519051974,235877.019770903,2.41196764212757
11.48,0.0233673323690734,0.268256975596963,10.598557136595,0.0813386663090176,0.455175284884908,0.99949156160319,1,0.973596205907685,96761.0677792009,82501.86796235,236131.364497633,2.41438081615562
11.481,0.0233673323690734,0.268280342929332,10.598557136595,0.0813457515586961,0.455214934299968,0.999497737843791,1,0.973720041063754,96857.8772436448,82583.2642458658,236385.983482703,2.41679640456468
11.482,0.0233673323690734,0.268303710261701,10.598557136595,0.0813528368083746,0.455254583715028,0.999503843511155,1,0.973843368874227,96954.7835659741,82664.7408348964,236640.877021844,2.41921440977034
11.483,0.0233673323690734,0.26832707759407,10.598557136595,0.081359922058053,0.455294233130087,0.999509879352238,1,0.973966190998665,97051.7868430951,82746.2978086711,236896.045411107,2.42163483419062
11.484,0.0233673323690734,0.268350444926439,10.598557136595,0.0813670073077315,0.455333882545147,0.999515846106851,1,0.974088509093506,97148.8871720109,82827.9352464973,237151.488946861,2.42405768024594
11.485,0.0233673323690734,0.268373812258808,10.598557136595,0.08137409255741,0.455373531960207,0.999521744507726,1,0.974210324812059,97246.084649822,82909.6532277608,237407.207925794,2.42648295035913
11.486,0.0233673323690734,0.268397179591177,10.598557136595,0.0813811778070885,0.455413181375266,0.999527575280569,1,0.974331639804501,97343.379373726,82991.451831926,237663.202644916,2.42891064695548
11.487,0.0233673323690734,0.268420546923546,10.598557136595,0.081388263056767,0.455452830790326,0.999533339144123,1,0.974452455717862,97440.7714410173,83073.3311385349,237919.473401554,2.43134077246268
11.488,0.0233673323690734,0.268443914255916,10.598557136595,0.0813953483064455,0.455492480205386,0.999539036810221,1,0.974572774196027,97538.2609490882,83155.2912272088,238176.020493359,2.43377332931085
11.489,0.0233673323690734,0.268467281588285,10.598557136595,0.081402433556124,0.455532129620445,0.999544668983847,1,0.974692596879722,97635.8479954283,83237.3321776473,238432.844218302,2.43620831993256
11.49,0.0233673323690734,0.268490648920654,10.598557136595,0.0814095188058025,0.455571779035505,0.99955023636319,1,0.974811925406512,97733.5326776244,83319.4540696282,238689.944874672,2.43864574676279
11.491,0.0233673323690734,0.268514016253023,10.598557136595,0.0814166040554809,0.455611428450565,0.999555739639701,1,0.974930761410791,97831.3150933613,83401.6569830087,238947.322761086,2.44108561223897
11.492,0.0233673323690734,0.268537383585392,10.598557136595,0.0814236893051594,0.455651077865624,0.999561179498154,1,0.975049106523779,97929.1953404216,83483.9409977244,239204.978176478,2.44352791880096
11.493,0.0233673323690734,0.268560750917761,10.598557136595,0.0814307745548379,0.455690727280684,0.999566556616694,1,0.97516696237351,98027.1735166853,83566.3061937898,239462.911420105,2.44597266889108
11.494,0.0233673323690734,0.26858411825013,10.598557136595,0.0814378598045164,0.455730376695744,0.9995718716669,1,0.975284330584833,98125.2497201306,83648.7526512981,239721.122791548,2.44841986495407
11.495,0.0233673323690734,0.268607485582499,10.598557136595,0.0814449450541949,0.455770026110803,0.999577125313832,1,0.9754012127794,98223.424048834,83731.2804504222,239979.61259071,2.45086950943713
11.496,0.0233673323690734,0.268630852914868,10.598557136595,0.0814520303038734,0.455809675525863,0.999582318216095,1,0.97551761057566,98321.6966009695,83813.8896714134,240238.381117819,2.4533216047899
11.497,0.0233673323690734,0.268654220247237,10.598557136595,0.0814591155535518,0.455849324940923,0.999587451025887,1,0.975633525588858,98420.0674748098,83896.5803946025,240497.428673425,2.45577615346448
11.498,0.0233673323690734,0.268677587579606,10.598557136595,0.0814662008032303,0.455888974355982,0.999592524389054,1,0.975748959431022,98518.5367687259,83979.3527003996,240756.755558403,2.45823315791542
11.499,0.0233673323690734,0.268700954911975,10.598557136595,0.0814732860529088,0.455928623771042,0.999597538945146,1,0.975863913710964,98617.1045811868,84062.206669294,241016.362073952,2.46069262059972
11.5,0.0233673323690734,0.268724322244344,10.598557136595,0.0814803713025873,0.455968273186102,0.999602495327467,1,0.975978390034268,98715.7710107605,84145.1423818543,241276.248521595,2.46315454397685
11.501,0.0233673323690734,0.268747689576713,10.598557136595,0.0814874565522658,0.456007922601161,0.999607394163132,1,0.976092390003288,98814.5361561134,84228.159918729,241536.415203182,2.46561893050873
11.502,0.0233673323690734,0.268771056909083,10.598557136595,0.0814945418019443,0.456047572016221,0.999612236073117,1,0.976205915217141,98913.400116011,84311.2593606459,241796.862420888,2.46808578265974
11.503,0.0233673323690734,0.268794424241452,10.598557136595,0.0815016270516228,0.45608722143128,0.999617021672311,1,0.976318967271703,99012.3629893167,84394.4407884123,242057.590477212,2.47055510289674
11.504,0.0233673323690734,0.268817791573821,10.598557136595,0.0815087123013012,0.45612687084634,0.999621751569568,1,0.9764315477596,99111.4248749936,84477.7042829153,242318.599674982,2.47302689368905
11.505,0.0233673323690734,0.26884115890619,10.598557136595,0.0815157975509797,0.4561665202614,0.999626426367763,1,0.976543658270207,99210.5858721037,84561.049925122,242579.890317349,2.47550115750846
11.506,0.0233673323690734,0.268864526238559,10.598557136595,0.0815228828006582,0.456206169676459,0.999631046663834,1,0.976655300389641,99309.8460798081,84644.4777960795,242841.462707796,2.47797789682924
11.507,0.0233673323690734,0.268887893570928,10.598557136595,0.0815299680503367,0.456245819091519,0.999635613048843,1,0.976766475700752,99409.2055973667,84727.9879769142,243103.317150128,2.48045711412811
11.508,0.0233673323690734,0.268911260903297,10.598557136595,0.0815370533000152,0.456285468506579,0.999640126108021,1,0.976877185783124,99508.6645241391,84811.5805488332,243365.453948479,2.48293881188431
11.509,0.0233673323690734,0.268934628235666,10.598557136595,0.0815441385496937,0.456325117921638,0.999644586420817,1,0.976987432213067,99608.2229595846,84895.2555931236,243627.873407314,2.48542299257953
11.51,0.0233673323690734,0.268957995568035,10.598557136595,0.0815512237993722,0.456364767336698,0.999648994560953,1,0.977097216563611,99707.8810032611,84979.0131911522,243890.575831423,2.48790965869795
11.511,0.0233673323690734,0.268981362900404,10.598557136595,0.0815583090490506,0.456404416751758,0.999653351096468,1,0.977206540404504,99807.6387548269,85062.8534243668,244153.561525926,2.49039881272623
11.512,0.0233673323690734,0.269004730232773,10.598557136595,0.0815653942987291,0.456444066166817,0.999657656589772,1,0.977315405302203,99907.49631404,85146.7763742952,244416.830796271,2.49289045715353
11.513,0.0233673323690734,0.269028097565142,10.598557136595,0.0815724795484076,0.456483715581877,0.99966191159769,1,0.977423812819875,100007.453780758,85230.7821225454,244680.383948237,2.4953845944715
11.514,0.0233673323690734,0.269051464897511,10.598557136595,0.0815795647980861,0.456523364996937,0.999666116671516,1,0.977531764517386,100107.511254937,85314.8707508066,244944.221287931,2.49788122717427
11.515,0.0233673323690734,0.26907483222988,10.598557136595,0.0815866500477646,0.456563014411996,0.999670272357056,1,0.977639261951302,100207.668836637,85399.0423408477,245208.343121791,2.50038035775848
11.516,0.0233673323690734,0.26909819956225,10.598557136595,0.0815937352974431,0.456602663827056,0.999674379194678,1,0.977746306674881,100307.926626013,85483.2969745189,245472.749756586,2.50288198872325
11.517,0.0233673323690734,0.269121566894619,10.598557136595,0.0816008205471216,0.456642313242116,0.999678437719361,1,0.97785290023807,100408.284723325,85567.634733751,245737.441499414,2.50538612257021
11.518,0.0233673323690734,0.269144934226988,10.598557136595,0.0816079057968001,0.456681962657175,0.99968244846074,1,0.977959044187501,100508.743228929,85652.0557005557,246002.418657707,2.50789276180352
11.519,0.0233673323690734,0.269168301559357,10.598557136595,0.0816149910464785,0.456721612072235,0.999686411943153,1,0.978064740066485,100609.302243285,85736.5599570253,246267.681539225,2.51040190892979
11.52,0.0233673323690734,0.269191668891726,10.598557136595,0.081622076296157,0.456761261487295,0.999690328685689,1,0.97816998941501,100709.961866952,85821.1475853335,246533.230452061,2.51291356645818
11.521,0.0233673323690734,0.269215036224095,10.598557136595,0.0816291615458355,0.456800910902354,0.999694199202233,1,0.978274793769737,100810.722200589,85905.8186677351,246799.065704643,2.51542773690034
11.522,0.0233673323690734,0.269238403556464,10.598557136595,0.081636246795514,0.456840560317414,0.99969802400151,1,0.978379154663994,100911.583344957,85990.5732865654,247065.187605728,2.51794442277045
11.523,0.0233673323690734,0.269261770888833,10.598557136595,0.0816433320451925,0.456880209732474,0.999701803587136,1,0.978483073627773,101012.545400916,86075.4115242416,247331.596464407,2.5204636265852
11.524,0.0233673323690734,0.269285138221202,10.598557136595,0.081650417294871,0.456919859147533,0.999705538457656,1,0.978586552187727,101113.60846943,86160.3334632622,247598.292590106,2.52298535086378
11.525,0.0233673323690734,0.269308505553571,10.598557136595,0.0816575025445495,0.456959508562593,0.999709229106596,1,0.978689591867165,101214.77265156,86245.3391862065,247865.276292582,2.52550959812792
11.526,0.0233673323690734,0.26933187288594,10.598557136595,0.0816645877942279,0.456999157977653,0.999712876022502,1,0.978792194186051,101316.038048471,86330.4287757358,248132.547881928,2.52803637090187
11.527,0.0233673323690734,0.269355240218309,10.598557136595,0.0816716730439064,0.457038807392712,0.999716479688987,1,0.978894360660996,101417.404761429,86415.602314593,248400.10766857,2.5305656717124
11.528,0.0233673323690734,0.269378607550678,10.598557136595,0.0816787582935849,0.457078456807772,0.999720040584774,1,0.978996092805258,101518.8728918,86500.8598856022,248667.95596327,2.53309750308882
11.529,0.0233673323690734,0.269401974883048,10.598557136595,0.0816858435432634,0.457118106222832,0.99972355918374,1,0.979097392128739,101620.442541052,86586.2015716695,248936.093077124,2.53563186756295
11.53,0.0233673323690734,0.269425342215417,10.598557136595,0.0816929287929419,0.457157755637891,0.99972703595496,1,0.979198260137978,101722.113810755,86671.627455783,249204.519321563,2.53816876766916
11.531,0.0233673323690734,0.269448709547786,10.598557136595,0.0817000140426204,0.457197405052951,0.999730471362748,1,0.979298698336151,101823.886802581,86757.137621012,249473.235008357,2.54070820594434
11.532,0.0233673323690734,0.269472076880155,10.598557136595,0.0817070992922989,0.457237054468011,0.9997338658667,1,0.979398708223067,101925.761618302,86842.7321505085,249742.240449608,2.54325018492795
11.533,0.0233673323690734,0.269495444212524,10.598557136595,0.0817141845419773,0.45727670388307,0.999737219921739,1,0.979498291295164,102027.738359793,86928.4111275062,250011.535957757,2.54579470716194
11.534,0.0233673323690734,0.269518811544893,10.598557136595,0.0817212697916558,0.45731635329813,0.999740533978154,1,0.979597449045508,102129.817129031,87014.174635321,250281.121845582,2.54834177519087
11.535,0.0233673323690734,0.269542178877262,10.598557136595,0.0817283550413343,0.45735600271319,0.999743808481642,1,0.979696182963787,102231.998028094,87100.0227573509,250550.998426196,2.55089139156178
11.536,0.0233673323690734,0.269565546209631,10.598557136595,0.0817354402910128,0.457395652128249,0.999747043873353,1,0.979794494536312,102334.281159164,87185.9555770759,250821.166013053,2.55344355882429
11.537,0.0233673323690734,0.269588913542,10.598557136595,0.0817425255406913,0.457435301543309,0.999750240589924,1,0.97989238524601,102436.666624524,87271.9731780591,251091.624919942,2.55599827953057
11.538,0.0233673323690734,0.269612280874369,10.598557136595,0.0817496107903698,0.457474950958369,0.999753399063528,1,0.979989856572425,102539.154526559,87358.0756439455,251362.375460992,2.55855555623535
11.539,0.0233673323690734,0.269635648206738,10.598557136595,0.0817566960400482,0.457514600373428,0.999756519721909,1,0.980086909991712,102641.744967757,87444.2630584627,251633.41795067,2.56111539149589
11.54,0.0233673323690734,0.269659015539107,10.598557136595,0.0817637812897267,0.457554249788488,0.999759602988423,1,0.980183546976638,102744.438050708,87530.5355054209,251904.752703783,2.56367778787204
11.541,0.0233673323690734,0.269682382871476,10.598557136595,0.0817708665394052,0.457593899203548,0.99976264928208,1,0.980279768996576,102847.233878106,87616.8930687134,252176.380035478,2.5662427479262
11.542,0.0233673323690734,0.269705750203845,10.598557136595,0.0817779517890837,0.457633548618607,0.999765659017582,1,0.980375577517506,102950.132552747,87703.3358323154,252448.300261237,2.56881027422331
11.543,0.0233673323690734,0.269729117536215,10.598557136595,0.0817850370387622,0.457673198033667,0.999768632605361,1,0.980470974002009,103053.134177528,87789.8638802857,252720.513696889,2.57138036933091
11.544,0.0233673323690734,0.269752484868584,10.598557136595,0.0817921222884407,0.457712847448727,0.999771570451622,1,0.980565959909269,103156.238855453,87876.477296766,252993.020658601,2.5739530358191
11.545,0.0233673323690734,0.269775852200953,10.598557136595,0.0817992075381192,0.457752496863786,0.999774472958377,1,0.980660536695065,103259.446689625,87963.1761659807,253265.821462877,2.57652827626054
11.546,0.0233673323690734,0.269799219533322,10.598557136595,0.0818062927877976,0.457792146278846,0.999777340523487,1,0.980754705811775,103362.757783252,88049.9605722371,253538.916426567,2.57910609323046
11.547,0.0233673323690734,0.269822586865691,10.598557136595,0.0818133780374761,0.457831795693906,0.999780173540698,1,0.980848468708371,103466.172239646,88136.8305999264,253812.305866863,2.5816864893067
11.548,0.0233673323690734,0.26984595419806,10.598557136595,0.0818204632871546,0.457871445108965,0.999782972399681,1,0.980941826830416,103569.69016222,88223.7863335222,254085.990101296,2.58426946706964
11.549,0.0233673323690734,0.269869321530429,10.598557136595,0.0818275485368331,0.457911094524025,0.999785737486066,1,0.981034781620064,103673.311654493,88310.8278575822,254359.96944774,2.58685502910226
11.55,0.0233673323690734,0.269892688862798,10.598557136595,0.0818346337865116,0.457950743939085,0.999788469181482,1,0.981127334516058,103777.036820087,88397.9552567474,254634.244224413,2.58944317799013
11.551,0.0233673323690734,0.269916056195167,10.598557136595,0.0818417190361901,0.457990393354144,0.999791167863595,1,0.981219486953726,103880.865762726,88485.1686157416,254908.814749877,2.59203391632139
11.552,0.0233673323690734,0.269939423527536,10.598557136595,0.0818488042858686,0.458030042769204,0.999793833906141,1,0.981311240364983,103984.798586239,88572.468019373,255183.681343033,2.59462724668678
11.553,0.0233673323690734,0.269962790859905,10.598557136595,0.0818558895355471,0.458069692184264,0.999796467678965,1,0.981402596178327,104088.83539456,88659.8535525333,255458.844323132,2.59722317167964
11.554,0.0233673323690734,0.269986158192274,10.598557136595,0.0818629747852255,0.458109341599323,0.999799069548056,1,0.981493555818836,104192.976291725,88747.3253001976,255734.304009765,2.59982169389589
11.555,0.0233673323690734,0.270009525524643,10.598557136595,0.081870060034904,0.458148991014383,0.999801639875585,1,0.98158412070817,104297.221381874,88834.8833474253,256010.060722868,2.60242281593404
11.556,0.0233673323690734,0.270032892857013,10.598557136595,0.0818771452845825,0.458188640429443,0.999804179019938,1,0.981674292264569,104401.570769254,88922.5277793593,256286.114782725,2.60502654039523
11.557,0.0233673323690734,0.270056260189382,10.598557136595,0.081884230534261,0.458228289844502,0.999806687335752,1,0.981764071902847,104506.024558213,89010.2586812265,256562.46650996,2.60763286988317
11.558,0.0233673323690734,0.270079627521751,10.598557136595,0.0818913157839395,0.458267939259562,0.999809165173949,1,0.981853461034397,104610.582853206,89098.0761383384,256839.116225548,2.6102418070042
11.559,0.0233673323690734,0.27010299485412,10.598557136595,0.081898401033618,0.458307588674622,0.999811612881774,1,0.981942461067188,104715.24575879,89185.9802360903,257116.064250809,2.61285335436726
11.56,0.0233673323690734,0.270126362186489,10.598557136595,0.0819054862832965,0.458347238089681,0.999814030802827,1,0.982031073405758,104820.013379629,89273.9710599617,257393.310907406,2.61546751458389
11.561,0.0233673323690734,0.270149729518858,10.598557136595,0.0819125715329749,0.458386887504741,0.999816419277097,1,0.982119299451224,104924.885820489,89362.0486955165,257670.856517352,2.61808429026825
11.562,0.0233673323690734,0.270173096851227,10.598557136595,0.0819196567826534,0.4584265369198,0.999818778640997,1,0.98220714060127,105029.863186244,89450.2132284031,257948.701403007,2.62070368403712
11.563,0.0233673323690734,0.270196464183596,10.598557136595,0.0819267420323319,0.45846618633486,0.999821109227395,1,0.982294598250153,105134.945581872,89538.4647443545,258226.845887079,2.6233256985099
11.564,0.0233673323690734,0.270219831515965,10.598557136595,0.0819338272820104,0.45850583574992,0.999823411365654,1,0.9823816737887,105240.133112453,89626.8033291879,258505.290292622,2.62595033630858
11.565,0.0233673323690734,0.270243198848334,10.598557136595,0.0819409125316889,0.458545485164979,0.999825685381656,1,0.982468368604306,105345.425883176,89715.2290688054,258784.034943039,2.62857760005783
11.566,0.0233673323690734,0.270266566180703,10.598557136595,0.0819479977813674,0.458585134580039,0.999827931597842,1,0.982554684080935,105450.823999335,89803.7420491941,259063.080162084,2.63120749238489
11.567,0.0233673323690734,0.270289933513072,10.598557136595,0.0819550830310459,0.458624783995099,0.999830150333242,1,0.982640621599119,105556.327566326,89892.3423564255,259342.426273856,2.63384001591967
11.568,0.0233673323690734,0.270313300845441,10.598557136595,0.0819621682807243,0.458664433410158,0.999832341903506,1,0.982726182535957,105661.936689653,89981.0300766561,259622.073602807,2.63647517329468
11.569,0.0233673323690734,0.27033666817781,10.598557136595,0.0819692535304028,0.458704082825218,0.99983450662094,1,0.982811368265114,105767.651474925,90069.8052961276,259902.022473738,2.63911296714508
11.57,0.0233673323690734,0.27036003551018,10.598557136595,0.0819763387800813,0.458743732240278,0.999836644794533,1,0.982896180156821,105873.472027858,90158.6681011668,260182.2732118,2.64175340010867
11.571,0.0233673323690734,0.270383402842549,10.598557136595,0.0819834240297598,0.458783381655337,0.999838756729992,1,0.982980619577874,105979.398454272,90247.6185781853,260462.826142493,2.64439647482588
11.572,0.0233673323690734,0.270406770174918,10.598557136595,0.0819905092794383,0.458823031070397,0.999840842729771,1,0.983064687891637,106085.430860093,90336.6568136804,260743.681591669,2.64704219393979
11.573,0.0233673323690734,0.270430137507287,10.598557136595,0.0819975945291168,0.458862680485457,0.999842903093106,1,0.983148386458035,106191.569351354,90425.7828942347,261024.839885535,2.64969056009611
11.574,0.0233673323690734,0.270453504839656,10.598557136595,0.0820046797787953,0.458902329900516,0.99984493811604,1,0.98323171663356,106297.814034193,90514.9969065156,261306.301350644,2.65234157594321
11.575,0.0233673323690734,0.270476872172025,10.598557136595,0.0820117650284737,0.458941979315576,0.999846948091458,1,0.983314679771268,106404.165014855,90604.2989372769,261588.066313904,2.65499524413211
11.576,0.0233673323690734,0.270500239504394,10.598557136595,0.0820188502781522,0.458981628730636,0.999848933309116,1,0.983397277220779,106510.622399691,90693.6890733577,261870.135102576,2.65765156731648
11.577,0.0233673323690734,0.270523606836763,10.598557136595,0.0820259355278307,0.459021278145695,0.99985089405567,1,0.983479510328278,106617.186295158,90783.1674016821,262152.508044272,2.66031054815263
11.578,0.0233673323690734,0.270546974169132,10.598557136595,0.0820330207775092,0.459060927560755,0.999852830614708,1,0.983561380436514,106723.85680782,90872.7340092607,262435.185466959,2.66297218929955
11.579,0.0233673323690734,0.270570341501501,10.598557136595,0.0820401060271877,0.459100576975815,0.999854743266778,1,0.9836428888848,106830.634044349,90962.3889831901,262718.167698956,2.66563649341888
11.58,0.0233673323690734,0.27059370883387,10.598557136595,0.0820471912768662,0.459140226390874,0.999856632289418,1,0.983724037009013,106937.518111519,91052.132410652,263001.455068939,2.66830346317493
11.581,0.0233673323690734,0.270617076166239,10.598557136595,0.0820542765265447,0.459179875805934,0.999858497957183,1,0.983804826141596,107044.509116217,91141.9643789148,263285.047905935,2.67097310123467
11.582,0.0233673323690734,0.270640443498608,10.598557136595,0.0820613617762232,0.459219525220994,0.999860340541677,1,0.983885257611556,107151.607165433,91231.884975333,263568.946539327,2.67364541026773
11.583,0.0233673323690734,0.270663810830978,10.598557136595,0.0820684470259016,0.459259174636053,0.999862160311581,1,0.983965332744465,107258.812366265,91321.8942873466,263853.151298853,2.67632039294642
11.584,0.0233673323690734,0.270687178163347,10.598557136595,0.0820755322755801,0.459298824051113,0.999863957532679,1,0.984045052862462,107366.124825919,91411.9924024827,264137.662514608,2.67899805194573
11.585,0.0233673323690734,0.270710545495716,10.598557136595,0.0820826175252586,0.459338473466173,0.999865732467887,1,0.98412441928425,107473.544651706,91502.1794083545,264422.480517043,2.68167838994331
11.586,0.0233673323690734,0.270733912828085,10.598557136595,0.0820897027749371,0.459378122881232,0.999867485377285,1,0.9842034333251,107581.071951047,91592.4553926611,264707.605636961,2.68436140961951
11.587,0.0233673323690734,0.270757280160454,10.598557136595,0.0820967880246156,0.459417772296292,0.999869216518138,1,0.984282096296849,107688.706831468,91682.820443189,264993.038205527,2.68704711365733
11.588,0.0233673323690734,0.270780647492823,10.598557136595,0.0821038732742941,0.459457421711352,0.999870926144928,1,0.984360409507902,107796.449400606,91773.2746478107,265278.778554261,2.68973550474251
11.589,0.0233673323690734,0.270804014825192,10.598557136595,0.0821109585239725,0.459497071126411,0.999872614509379,1,0.984438374263234,107904.299766202,91863.8180944853,265564.827015039,2.6924265855634
11.59,0.0233673323690734,0.270827382157561,10.598557136595,0.082118043773651,0.459536720541471,0.999874281860487,1,0.984515991864385,108012.258036106,91954.4508712592,265851.183920097,2.69512035881111
11.591,0.0233673323690734,0.27085074948993,10.598557136595,0.0821251290233295,0.459576369956531,0.999875928444541,1,0.984593263609468,108120.324318278,92045.1730662656,266137.84960203,2.6978168271794
11.592,0.0233673323690734,0.270874116822299,10.598557136595,0.082132214273008,0.45961601937159,0.999877554505157,1,0.984670190793165,108228.498720783,92135.9847677241,266424.824393788,2.70051599336474
11.593,0.0233673323690734,0.270897484154668,10.598557136595,0.0821392995226865,0.45965566878665,0.999879160283299,1,0.984746774706731,108336.781351796,92226.8860639418,266712.108628684,2.7032178600663
11.594,0.0233673323690734,0.270920851487037,10.598557136595,0.082146384772365,0.45969531820171,0.999880746017305,1,0.984823016637992,108445.172319599,92317.8770433129,266999.702640387,2.70592242998594
11.595,0.0233673323690734,0.270944218819406,10.598557136595,0.0821534700220435,0.459734967616769,0.999882311942916,1,0.984898917871347,108553.671732584,92408.9577943189,267287.606762929,2.70862970582824
11.596,0.0233673323690734,0.270967586151775,10.598557136595,0.0821605552717219,0.459774617031829,0.999883858293301,1,0.984974479687771,108662.279699249,92500.1284055281,267575.821330699,2.71133969030048
11.597,0.0233673323690734,0.270990953484144,10.598557136595,0.0821676405214004,0.459814266446889,0.999885385299078,1,0.985049703364814,108770.996328203,92591.3889655966,267864.346678449,2.71405238611262
11.598,0.0233673323690734,0.271014320816514,10.598557136595,0.0821747257710789,0.459853915861948,0.999886893188346,1,0.985124590176601,108879.821728162,92682.7395632682,268153.183141292,2.71676779597738
11.599,0.0233673323690734,0.271037688148883,10.598557136595,0.0821818110207574,0.459893565277008,0.999888382186705,1,0.985199141393837,108988.756007952,92774.1802873736,268442.3310547,2.71948592261017
11.6,0.0233673323690734,0.271061055481252,10.598557136595,0.0821888962704359,0.459933214692068,0.999889852517282,1,0.985273358283805,109097.799276508,92865.7112268314,268731.790754509,2.7222067687291
11.601,0.0233673323690734,0.271084422813621,10.598557136595,0.0821959815201144,0.459972864107127,0.999891304400759,1,0.985347242110369,109206.951642871,92957.3324706482,269021.562576915,2.72493033705503
11.602,0.0233673323690734,0.27110779014599,10.598557136595,0.0822030667697929,0.460012513522187,0.99989273805539,1,0.985420794133975,109316.213216196,93049.0441079182,269311.64685848,2.72765663031152
11.603,0.0233673323690734,0.271131157478359,10.598557136595,0.0822101520194713,0.460052162937247,0.999894153697032,1,0.985494015611651,109425.584105742,93140.8462278235,269602.043936126,2.73038565122487
11.604,0.0233673323690734,0.271154524810728,10.598557136595,0.0822172372691498,0.460091812352306,0.999895551539166,1,0.985566907797011,109535.064420882,93232.738919634,269892.754147138,2.7331174025241
11.605,0.0233673323690734,0.271177892143097,10.598557136595,0.0822243225188283,0.460131461767366,0.999896931792921,1,0.985639471940255,109644.654271096,93324.7222727084,270183.777829168,2.73585188694096
11.606,0.0233673323690734,0.271201259475466,10.598557136595,0.0822314077685068,0.460171111182426,0.999898294667097,1,0.98571170928817,109754.353765973,93416.7963764924,270475.115320227,2.73858910720993
11.607,0.0233673323690734,0.271224626807835,10.598557136595,0.0822384930181853,0.460210760597485,0.999899640368191,1,0.985783621084133,109864.163015212,93508.9613205209,270766.766958695,2.74132906606824
11.608,0.0233673323690734,0.271247994140204,10.598557136595,0.0822455782678638,0.460250410012545,0.999900969100415,1,0.985855208568112,109974.082128625,93601.2171944172,271058.733083316,2.74407176625585
11.609,0.0233673323690734,0.271271361472573,10.598557136595,0.0822526635175423,0.460290059427605,0.999902281065725,1,0.985926472976669,110084.111216128,93693.5640878919,271351.014033196,2.74681721051544
11.61,0.0233673323690734,0.271294728804942,10.598557136595,0.0822597487672207,0.460329708842664,0.999903576463838,1,0.985997415542958,110194.250387751,93786.0020907452,271643.610147811,2.74956540159248
11.611,0.0233673323690734,0.271318096137312,10.598557136595,0.0822668340168992,0.460369358257724,0.99990485549226,1,0.986068037496733,110304.499753635,93878.5312928656,271936.521767001,2.75231634223515
11.612,0.0233673323690734,0.271341463469681,10.598557136595,0.0822739192665777,0.460409007672784,0.999906118346302,1,0.986138340064343,110414.859424027,93971.1517842301,272229.749230973,2.75507003519439
11.613,0.0233673323690734,0.27136483080205,10.598557136595,0.0822810045162562,0.460448657087843,0.999907365219109,1,0.986208324468738,110525.329509288,94063.8636549047,272523.292880299,2.75782648322389
11.614,0.0233673323690734,0.271388198134419,10.598557136595,0.0822880897659347,0.460488306502903,0.999908596301676,1,0.986277991929473,110635.910119887,94156.6669950443,272817.153055921,2.76058568908012
11.615,0.0233673323690734,0.271411565466788,10.598557136595,0.0822951750156132,0.460527955917963,0.999909811782874,1,0.986347343662703,110746.601366406,94249.5618948922,273111.330099146,2.76334765552225
11.616,0.0233673323690734,0.271434932799157,10.598557136595,0.0823022602652917,0.460567605333022,0.99991101184947,1,0.986416380881193,110857.403359536,94342.5484447815,273405.824351652,2.76611238531227
11.617,0.0233673323690734,0.271458300131526,10.598557136595,0.0823093455149702,0.460607254748082,0.999912196686146,1,0.986485104794314,110968.316210078,94435.6267351341,273700.636155483,2.76887988121491
11.618,0.0233673323690734,0.271481667463895,10.598557136595,0.0823164307646486,0.460646904163141,0.999913366475525,1,0.98655351660805,111079.340028945,94528.7968564607,273995.765853053,2.77165014599766
11.619,0.0233673323690734,0.271505034796264,10.598557136595,0.0823235160143271,0.460686553578201,0.999914521398187,1,0.986621617524994,111190.474927162,94622.0588993621,274291.213787143,2.77442318243079
11.62,0.0233673323690734,0.271528402128633,10.598557136595,0.0823306012640056,0.460726202993261,0.999915661632693,1,0.986689408744359,111301.721015863,94715.4129545279,274586.980300909,2.77719899328734
11.621,0.0233673323690734,0.271551769461002,10.598557136595,0.0823376865136841,0.46076585240832,0.999916787355606,1,0.986756891461972,111413.078406294,94808.8591127371,274883.06573787,2.7799775813431
11.622,0.0233673323690734,0.271575136793371,10.598557136595,0.0823447717633626,0.46080550182338,0.999917898741508,1,0.986824066870281,111524.547209813,94902.3974648586,275179.470441921,2.78275894937668
11.623,0.0233673323690734,0.27159850412574,10.598557136595,0.0823518570130411,0.46084515123844,0.999918995963024,1,0.986890936158355,111636.127537889,94996.0281018512,275476.194757325,2.78554310016944
11.624,0.0233673323690734,0.27162187145811,10.598557136595,0.0823589422627196,0.460884800653499,0.999920079190838,1,0.98695750051189,111747.819502101,95089.7511147627,275773.239028717,2.78833003650553
11.625,0.0233673323690734,0.271645238790479,10.598557136595,0.082366027512398,0.460924450068559,0.999921148593719,1,0.987023761113207,111859.623214142,95183.5665947312,276070.603601104,2.79111976117189
11.626,0.0233673323690734,0.271668606122848,10.598557136595,0.0823731127620765,0.460964099483619,0.999922204338533,1,0.987089719141257,111971.538785816,95277.4746329846,276368.288819863,2.79391227695825
11.627,0.0233673323690734,0.271691973455217,10.598557136595,0.082380198011755,0.461003748898678,0.999923246590269,1,0.987155375771624,112083.566329038,95371.4753208412,276666.295030747,2.79670758665712
11.628,0.0233673323690734,0.271715340787586,10.598557136595,0.0823872832614335,0.461043398313738,0.999924275512056,1,0.987220732176528,112195.705955835,95465.5687497085,276964.622579879,2.7995056930638
11.629,0.0233673323690734,0.271738708119955,10.598557136595,0.082394368511112,0.461083047728798,0.99992529126518,1,0.987285789524823,112307.957778348,95559.7550110851,277263.271813756,2.80230659897641
11.63,0.0233673323690734,0.271762075452324,10.598557136595,0.0824014537607905,0.461122697143857,0.999926294009106,1,0.987350548982006,112420.321908828,95654.0341965592,277562.243079249,2.80511030719585
11.631,0.0233673323690734,0.271785442784693,10.598557136595,0.0824085390104689,0.461162346558917,0.999927283901497,1,0.987415011710217,112532.798459639,95748.40639781,277861.536723602,2.80791682052584
11.632,0.0233673323690734,0.271808810117062,10.598557136595,0.0824156242601474,0.461201995973977,0.999928261098229,1,0.987479178868241,112645.387543258,95842.8717066064,278161.153094434,2.81072614177288
11.633,0.0233673323690734,0.271832177449431,10.598557136595,0.0824227095098259,0.461241645389036,0.999929225753413,1,0.987543051611512,112758.089272274,95937.4302148084,278461.09253974,2.81353827374629
11.634,0.0233673323690734,0.2718555447818,10.598557136595,0.0824297947595044,0.461281294804096,0.999930178019414,1,0.987606631092115,112870.903759389,96032.0820143667,278761.355407889,2.81635321925822
11.635,0.0233673323690734,0.271878912114169,10.598557136595,0.0824368800091829,0.461320944219156,0.999931118046864,1,0.987669918458791,112983.831117416,96126.8271973221,279061.942047625,2.81917098112359
11.636,0.0233673323690734,0.271902279446538,10.598557136595,0.0824439652588614,0.461360593634215,0.999932045984686,1,0.987732914856937,113096.871459285,96221.6658558068,279362.852808069,2.82199156216019
11.637,0.0233673323690734,0.271925646778907,10.598557136595,0.0824510505085399,0.461400243049275,0.999932961980109,1,0.987795621428611,113210.024898034,96316.5980820438,279664.08803872,2.82481496518858
11.638,0.0233673323690734,0.271949014111277,10.598557136595,0.0824581357582184,0.461439892464335,0.999933866178684,1,0.987858039312534,113323.291546818,96411.6239683466,279965.64808945,2.82764119303217
11.639,0.0233673323690734,0.271972381443646,10.598557136595,0.0824652210078968,0.461479541879394,0.999934758724304,1,0.987920169644096,113436.671518902,96506.7436071206,280267.533310511,2.83047024851719
11.64,0.0233673323690734,0.271995748776015,10.598557136595,0.0824723062575753,0.461519191294454,0.999935639759222,1,0.987982013555353,113550.164927668,96601.9570908618,280569.744052534,2.8333021344727
11.641,0.0233673323690734,0.272019116108384,10.598557136595,0.0824793915072538,0.461558840709514,0.999936509424065,1,0.988043572175037,113663.771886608,96697.2645121572,280872.280666523,2.83613685373057
11.642,0.0233673323690734,0.272042483440753,10.598557136595,0.0824864767569323,0.461598490124573,0.999937367857853,1,0.988104846628555,113777.492509329,96792.6659636859,281175.143503867,2.83897440912553
11.643,0.0233673323690734,0.272065850773122,10.598557136595,0.0824935620066108,0.461638139539633,0.999938215198017,1,0.988165838037994,113891.326909552,96888.1615382181,281478.332916329,2.84181480349515
11.644,0.0233673323690734,0.272089218105491,10.598557136595,0.0825006472562893,0.461677788954693,0.999939051580414,1,0.988226547522123,114005.275201112,96983.7513286152,281781.849256053,2.8446580396798
11.645,0.0233673323690734,0.27211258543786,10.598557136595,0.0825077325059678,0.461717438369752,0.999939877139342,1,0.988286976196397,114119.337497956,97079.4354278307,282085.692875562,2.84750412052272
11.646,0.0233673323690734,0.272135952770229,10.598557136595,0.0825148177556462,0.461757087784812,0.999940692007559,1,0.988347125172961,114233.513914147,97175.2139289097,282389.864127761,2.85035304887001
11.647,0.0233673323690734,0.272159320102598,10.598557136595,0.0825219030053247,0.461796737199872,0.9999414963163,1,0.988406995560653,114347.804563862,97271.0869249887,282694.363365934,2.85320482757058
11.648,0.0233673323690734,0.272182687434967,10.598557136595,0.0825289882550032,0.461836386614931,0.999942290195291,1,0.988466588465008,114462.209561391,97367.0545092966,282999.190943746,2.85605945947622
11.649,0.0233673323690734,0.272206054767336,10.598557136595,0.0825360735046817,0.461876036029991,0.999943073772764,1,0.988525904988258,114576.729021139,97463.1167751543,283304.347215243,2.85891694744156
11.65,0.0233673323690734,0.272229422099705,10.598557136595,0.0825431587543602,0.461915685445051,0.999943847175475,1,0.988584946229342,114691.363057626,97559.2738159742,283609.832534854,2.86177729432408
11.651,0.0233673323690734,0.272252789432074,10.598557136595,0.0825502440040387,0.46195533486011,0.99994461052872,1,0.988643713283903,114806.111785485,97655.5257252613,283915.64725739,2.86464050298413
11.652,0.0233673323690734,0.272276156764444,10.598557136595,0.0825573292537172,0.46199498427517,0.999945363956348,1,0.988702207244296,114920.975319465,97751.8725966128,284221.791738044,2.86750657628493
11.653,0.0233673323690734,0.272299524096813,10.598557136595,0.0825644145033956,0.46203463369023,0.999946107580777,1,0.988760429199589,115035.953774431,97848.3145237181,284528.266332391,2.87037551709253
11.654,0.0233673323690734,0.272322891429182,10.598557136595,0.0825714997530741,0.462074283105289,0.999946841523012,1,0.98881838023557,115151.047265359,97944.8516003592,284835.071396391,2.8732473282759
11.655,0.0233673323690734,0.272346258761551,10.598557136595,0.0825785850027526,0.462113932520349,0.999947565902658,1,0.988876061434746,115266.255907345,98041.4839204108,285142.207286389,2.87612201270684
11.656,0.0233673323690734,0.27236962609392,10.598557136595,0.0825856702524311,0.462153581935409,0.999948280837931,1,0.988933473876351,115381.579815596,98138.2115778396,285449.67435911,2.87899957326002
11.657,0.0233673323690734,0.272392993426289,10.598557136595,0.0825927555021096,0.462193231350468,0.999948986445682,1,0.988990618636347,115497.019105437,98235.0346667055,285757.472971668,2.88188001281302
11.658,0.0233673323690734,0.272416360758658,10.598557136595,0.0825998407517881,0.462232880765528,0.999949682841402,1,0.989047496787429,115612.573892306,98331.9532811612,286065.60348156,2.88476333424627
11.659,0.0233673323690734,0.272439728091027,10.598557136595,0.0826069260014666,0.462272530180588,0.999950370139243,1,0.989104109399031,115728.244291759,98428.9675154523,286374.066246669,2.8876495404431
11.66,0.0233673323690734,0.272463095423396,10.598557136595,0.082614011251145,0.462312179595647,0.999951048452029,1,0.989160457537323,115844.030419466,98526.077463917,286682.861625263,2.89053863428971
11.661,0.0233673323690734,0.272486462755765,10.598557136595,0.0826210965008235,0.462351829010707,0.999951717891272,1,0.989216542265224,115959.932391212,98623.2832209868,286991.989975998,2.89343061867519
11.662,0.0233673323690734,0.272509830088134,10.598557136595,0.082628181750502,0.462391478425767,0.999952378567184,1,0.9892723646424,116075.950322901,98720.5848811865,287301.451657915,2.89632549649153
11.663,0.0233673323690734,0.272533197420503,10.598557136595,0.0826352670001805,0.462431127840826,0.999953030588694,1,0.989327925725268,116192.08433055,98817.9825391343,287611.247030444,2.89922327063362
11.664,0.0233673323690734,0.272556564752872,10.598557136595,0.082642352249859,0.462470777255886,0.999953674063459,1,0.989383226567003,116308.334530293,98915.4762895411,287921.3764534,2.90212394399921
11.665,0.0233673323690734,0.272579932085242,10.598557136595,0.0826494374995375,0.462510426670945,0.999954309097879,1,0.98943826821754,116424.70103838,99013.0662272118,288231.840286989,2.90502751948899
11.666,0.0233673323690734,0.272603299417611,10.598557136595,0.082656522749216,0.462550076086005,0.999954935797111,1,0.98949305172358,116541.183971178,99110.752447045,288542.638891803,2.90793400000653
11.667,0.0233673323690734,0.27262666674998,10.598557136595,0.0826636079988944,0.462589725501065,0.99995555426508,1,0.989547578128592,116657.78344517,99208.5350440321,288853.772628824,2.91084338845832
11.668,0.0233673323690734,0.272650034082349,10.598557136595,0.0826706932485729,0.462629374916124,0.999956164604496,1,0.989601848472816,116774.499576954,99306.4141132589,289165.241859422,2.91375568775373
11.669,0.0233673323690734,0.272673401414718,10.598557136595,0.0826777784982514,0.462669024331184,0.999956766916864,1,0.989655863793272,116891.332483249,99404.3897499052,289477.04694536,2.91667090080508
11.67,0.0233673323690734,0.272696768747087,10.598557136595,0.0826848637479299,0.462708673746244,0.999957361302498,1,0.98970962512376,117008.282280885,99502.4620492438,289789.188248787,2.91958903052756
11.671,0.0233673323690734,0.272720136079456,10.598557136595,0.0826919489976084,0.462748323161303,0.999957947860534,1,0.989763133494866,117125.349086813,99600.6311066425,290101.666132244,2.92251007983933
11.672,0.0233673323690734,0.272743503411825,10.598557136595,0.0826990342472869,0.462787972576363,0.999958526688945,1,0.989816389933965,117242.5330181,99698.8970175625,290414.480958665,2.92543405166142
11.673,0.0233673323690734,0.272766870744194,10.598557136595,0.0827061194969654,0.462827621991423,0.999959097884549,1,0.989869395465227,117359.83419193,99797.2598775593,290727.633091371,2.9283609489178
11.674,0.0233673323690734,0.272790238076563,10.598557136595,0.0827132047466438,0.462867271406482,0.999959661543024,1,0.989922151109621,117477.252725604,99895.7197822829,291041.122894078,2.93129077453537
11.675,0.0233673323690734,0.272813605408932,10.598557136595,0.0827202899963223,0.462906920821542,0.999960217758922,1,0.989974657884918,117594.78873654,99994.2768274778,291354.950730896,2.93422353144396
11.676,0.0233673323690734,0.272836972741301,10.598557136595,0.0827273752460008,0.462946570236602,0.999960766625678,1,0.990026916805696,117712.442342275,100092.931108982,291669.116966321,2.93715922257633
11.677,0.0233673323690734,0.27286034007367,10.598557136595,0.0827344604956793,0.462986219651661,0.999961308235627,1,0.990078928883346,117830.213660462,100191.68272273,291983.621965249,2.94009785086817
11.678,0.0233673323690734,0.27288370740604,10.598557136595,0.0827415457453578,0.463025869066721,0.999961842680008,1,0.990130695126075,117948.102808873,100290.531764749,292298.466092966,2.9430394192581
11.679,0.0233673323690734,0.272907074738409,10.598557136595,0.0827486309950363,0.463065518481781,0.999962370048986,1,0.990182216538909,118066.109905396,100389.478331161,292613.649715151,2.9459839306877
11.68,0.0233673323690734,0.272930442070778,10.598557136595,0.0827557162447148,0.46310516789684,0.999962890431655,1,0.990233494123701,118184.235068039,100488.522518185,292929.173197881,2.94893138810147
11.681,0.0233673323690734,0.272953809403147,10.598557136595,0.0827628014943932,0.4631448173119,0.999963403916055,1,0.990284528879133,118302.478414927,100587.664422132,293245.036907625,2.95188179444688
11.682,0.0233673323690734,0.272977176735516,10.598557136595,0.0827698867440717,0.46318446672696,0.999963910589182,1,0.990335321800722,118420.840064303,100686.90413941,293561.241211246,2.95483515267433
11.683,0.0233673323690734,0.273000544067885,10.598557136595,0.0827769719937502,0.463224116142019,0.999964410536997,1,0.990385873880824,118539.320134529,100786.241766522,293877.786476006,2.95779146573717
11.684,0.0233673323690734,0.273023911400254,10.598557136595,0.0827840572434287,0.463263765557079,0.999964903844444,1,0.990436186108637,118657.918744085,100885.677400065,294194.673069561,2.96075073659173
11.685,0.0233673323690734,0.273047278732623,10.598557136595,0.0827911424931072,0.463303414972139,0.999965390595454,1,0.99048625947021,118776.63601157,100985.211136732,294511.901359963,2.96371296819727
11.686,0.0233673323690734,0.273070646064992,10.598557136595,0.0827982277427857,0.463343064387198,0.999965870872958,1,0.990536094948441,118895.472055701,101084.843073313,294829.471715662,2.96667816351603
11.687,0.0233673323690734,0.273094013397361,10.598557136595,0.0828053129924642,0.463382713802258,0.999966344758903,1,0.990585693523091,119014.426995313,101184.57330669,295147.384505506,2.9696463255132
11.688,0.0233673323690734,0.27311738072973,10.598557136595,0.0828123982421426,0.463422363217318,0.999966812334256,1,0.990635056170778,119133.500949363,101284.401933844,295465.640098737,2.97261745715694
11.689,0.0233673323690734,0.273140748062099,10.598557136595,0.0828194834918211,0.463462012632377,0.999967273679019,1,0.990684183864991,119252.694036923,101384.329051849,295784.238865,2.97559156141838
11.69,0.0233673323690734,0.273164115394468,10.598557136595,0.0828265687414996,0.463501662047437,0.999967728872238,1,0.990733077576089,119372.006377187,101484.354757877,296103.181174336,2.97856864127164
11.691,0.0233673323690734,0.273187482726837,10.598557136595,0.0828336539911781,0.463541311462497,0.999968177992014,1,0.990781738271309,119491.438089468,101584.479149195,296422.467397184,2.98154869969378
11.692,0.0233673323690734,0.273210850059206,10.598557136595,0.0828407392408566,0.463580960877556,0.999968621115514,1,0.990830166914769,119610.989293197,101684.702323165,296742.097904386,2.98453173966488
11.693,0.0233673323690734,0.273234217391576,10.598557136595,0.0828478244905351,0.463620610292616,0.999969058318981,1,0.990878364467472,119730.660107925,101785.024377246,297062.07306718,2.98751776416796
11.694,0.0233673323690734,0.273257584723945,10.598557136595,0.0828549097402135,0.463660259707676,0.999969489677744,1,0.990926331887317,119850.450653323,101885.445408994,297382.393257206,2.99050677618905
11.695,0.0233673323690734,0.273280952056314,10.598557136595,0.0828619949898921,0.463699909122735,0.999969915266228,1,0.990974070129094,119970.361049182,101985.965516059,297703.058846507,2.99349877871717
11.696,0.0233673323690734,0.273304319388683,10.598557136595,0.0828690802395705,0.463739558537795,0.999970335157966,1,0.991021580144497,120090.391415411,102086.584796189,298024.070207521,2.99649377474432
11.697,0.0233673323690734,0.273327686721052,10.598557136595,0.082876165489249,0.463779207952855,0.999970749425605,1,0.991068862882128,120210.541872043,102187.303347229,298345.427713094,2.99949176726549
11.698,0.0233673323690734,0.273351054053421,10.598557136595,0.0828832507389275,0.463818857367914,0.999971158140919,1,0.991115919287496,120330.812539226,102288.121267119,298667.131736472,3.00249275927868
11.699,0.0233673323690734,0.27337442138579,10.598557136595,0.082890335988606,0.463858506782974,0.99997156137482,1,0.991162750303029,120451.203537231,102389.038653895,298989.182651302,3.00549675378488
11.7,0.0233673323690734,0.273397788718159,10.598557136595,0.0828974212382845,0.463898156198034,0.999971959197364,1,0.991209356868076,120571.714986451,102490.055605693,299311.580831634,3.00850375378808
11.701,0.0233673323690734,0.273421156050528,10.598557136595,0.082904506487963,0.463937805613093,0.999972351677762,1,0.991255739918913,120692.347007395,102591.172220743,299634.326651925,3.01151376229529
11.702,0.0233673323690734,0.273444523382897,10.598557136595,0.0829115917376414,0.463977455028153,0.999972738884389,1,0.991301900388747,120813.099720696,102692.388597373,299957.42048703,3.01452678231651
11.703,0.0233673323690734,0.273467890715266,10.598557136595,0.0829186769873199,0.464017104443213,0.999973120884797,1,0.99134783920772,120933.973247107,102793.704834006,300280.862712212,3.01754281686476
11.704,0.0233673323690734,0.273491258047635,10.598557136595,0.0829257622369984,0.464056753858272,0.999973497745719,1,0.991393557302919,121054.967707502,102895.121029166,300604.65370314,3.02056186895609
11.705,0.0233673323690734,0.273514625380004,10.598557136595,0.0829328474866769,0.464096403273332,0.99997386953308,1,0.991439055598375,121176.083222874,102996.637281471,300928.793835884,3.02358394160953
11.706,0.0233673323690734,0.273537992712374,10.598557136595,0.0829399327363554,0.464136052688392,0.999974236312009,1,0.991484335015072,121297.319914339,103098.253689637,301253.28348692,3.02660903784717
11.707,0.0233673323690734,0.273561360044743,10.598557136595,0.0829470179860339,0.464175702103451,0.999974598146845,1,0.991529396470953,121418.677903135,103199.970352479,301578.123033135,3.0296371606941
11.708,0.0233673323690734,0.273584727377112,10.598557136595,0.0829541032357124,0.464215351518511,0.999974955101144,1,0.991574240880921,121540.157310619,103301.787368906,301903.312851816,3.03266831317844
11.709,0.0233673323690734,0.273608094709481,10.598557136595,0.0829611884853908,0.464255000933571,0.999975307237693,1,0.991618869156849,121661.75825827,103403.704837929,302228.853320661,3.03570249833134
11.71,0.0233673323690734,0.27363146204185,10.598557136595,0.0829682737350693,0.46429465034863,0.999975654618516,1,0.991663282207581,121783.480867689,103505.722858653,302554.744817774,3.038739719187
11.711,0.0233673323690734,0.273654829374219,10.598557136595,0.0829753589847478,0.46433429976369,0.999975997304881,1,0.991707480938941,121905.3252606,103607.841530283,302880.987721665,3.04177997878263
11.712,0.0233673323690734,0.273678196706588,10.598557136595,0.0829824442344263,0.46437394917875,0.999976335357312,1,0.991751466253736,122027.291558845,103710.060952121,303207.582411255,3.04482328015849
11.713,0.0233673323690734,0.273701564038957,10.598557136595,0.0829895294841048,0.464413598593809,0.999976668835594,1,0.991795239051763,122149.379884393,103812.381223568,303534.529265873,3.04786962635789
11.714,0.0233673323690734,0.273724931371326,10.598557136595,0.0829966147337833,0.464453248008869,0.999976997798785,1,0.99183880022981,122271.590359331,103914.80244412,303861.828665255,3.05091902042716
11.715,0.0233673323690734,0.273748298703695,10.598557136595,0.0830036999834618,0.464492897423929,0.99997732230522,1,0.991882150681669,122393.923105869,104017.324713374,304189.480989548,3.05397146541571
11.716,0.0233673323690734,0.273771666036064,10.598557136595,0.0830107852331403,0.464532546838988,0.999977642412524,1,0.991925291298136,122516.378246341,104119.948131026,304517.48661931,3.05702696437599
11.717,0.0233673323690734,0.273795033368433,10.598557136595,0.0830178704828187,0.464572196254048,0.999977958177616,1,0.991968222967015,122638.9559032,104222.672796867,304845.845935507,3.06008552036348
11.718,0.0233673323690734,0.273818400700802,10.598557136595,0.0830249557324972,0.464611845669108,0.999978269656719,1,0.992010946573128,122761.656199026,104325.49881079,305174.559319516,3.06314713643674
11.719,0.0233673323690734,0.273841768033171,10.598557136595,0.0830320409821757,0.464651495084167,0.999978576905367,1,0.99205346299832,122884.479256519,104428.426272784,305503.627153128,3.0662118156574
11.72,0.0233673323690734,0.273865135365541,10.598557136595,0.0830391262318542,0.464691144499227,0.999978879978415,1,0.99209577312146,123007.425198501,104531.455282938,305833.049818543,3.06927956109013
11.721,0.0233673323690734,0.27388850269791,10.598557136595,0.0830462114815327,0.464730793914287,0.999979178930045,1,0.99213787781845,123130.494147918,104634.585941439,306162.827698374,3.07235037580267
11.722,0.0233673323690734,0.273911870030279,10.598557136595,0.0830532967312112,0.464770443329346,0.999979473813773,1,0.992179777962232,123253.68622784,104737.818348574,306492.961175646,3.07542426286585
11.723,0.0233673323690734,0.273935237362648,10.598557136595,0.0830603819808896,0.464810092744406,0.999979764682457,1,0.992221474422788,123377.001561459,104841.152604727,306823.450633798,3.07850122535354
11.724,0.0233673323690734,0.273958604695017,10.598557136595,0.0830674672305681,0.464849742159466,0.999980051588306,1,0.992262968067153,123500.440272089,104944.588810383,307154.296456683,3.08158126634272
11.725,0.0233673323690734,0.273981972027386,10.598557136595,0.0830745524802466,0.464889391574525,0.999980334582888,1,0.992304259759412,123624.00248317,105048.127066125,307485.499028564,3.08466438891342
11.726,0.0233673323690734,0.274005339359755,10.598557136595,0.0830816377299251,0.464929040989585,0.999980613717134,1,0.992345350360714,123747.688318263,105151.767472635,307817.058734124,3.08775059614877
11.727,0.0233673323690734,0.274028706692124,10.598557136595,0.0830887229796036,0.464968690404645,0.999980889041348,1,0.992386240729272,123871.497901055,105255.510130696,308148.975958458,3.09083989113497
11.728,0.0233673323690734,0.274052074024493,10.598557136595,0.0830958082292821,0.465008339819704,0.999981160605212,1,0.99242693172037,123995.431355356,105359.355141188,308481.251087074,3.09393227696132
11.729,0.0233673323690734,0.274075441356862,10.598557136595,0.0831028934789606,0.465047989234764,0.999981428457797,1,0.99246742418637,124119.488805098,105463.302605093,308813.8845059,3.0970277567202
11.73,0.0233673323690734,0.274098808689231,10.598557136595,0.0831099787286391,0.465087638649824,0.999981692647567,1,0.992507718976716,124243.670374339,105567.352623492,309146.876601277,3.1001263335071
11.731,0.0233673323690734,0.2741221760216,10.598557136595,0.0831170639783175,0.465127288064883,0.999981953222385,1,0.992547816937939,124367.976187261,105671.505297563,309480.227759965,3.10322801042059
11.732,0.0233673323690734,0.274145543353969,10.598557136595,0.083124149227996,0.465166937479943,0.999982210229523,1,0.992587718913667,124492.40636817,105775.760728587,309813.938369138,3.10633279056235
11.733,0.0233673323690734,0.274168910686339,10.598557136595,0.0831312344776745,0.465206586895002,0.999982463715668,1,0.992627425744625,124616.961041495,105880.119017945,310148.008816391,3.10944067703717
11.734,0.0233673323690734,0.274192278018708,10.598557136595,0.083138319727353,0.465246236310062,0.999982713726928,1,0.992666938268644,124741.640331792,105984.580267116,310482.439489733,3.11255167295291
11.735,0.0233673323690734,0.274215645351077,10.598557136595,0.0831454049770315,0.465285885725122,0.999982960308837,1,0.992706257320667,124866.444363739,106089.14457768,310817.230777595,3.11566578142058
11.736,0.0233673323690734,0.274239012683446,10.598557136595,0.08315249022671,0.465325535140181,0.999983203506367,1,0.992745383732752,124991.373262141,106193.812051318,311152.383068826,3.11878300555431
11.737,0.0233673323690734,0.274262380015815,10.598557136595,0.0831595754763885,0.465365184555241,0.999983443363928,1,0.992784318334081,125116.427151927,106298.58278981,311487.896752693,3.12190334847129
11.738,0.0233673323690734,0.274285747348184,10.598557136595,0.0831666607260669,0.465404833970301,0.99998367992538,1,0.992823061950965,125241.606158151,106403.456895036,311823.772218882,3.12502681329188
11.739,0.0233673323690734,0.274309114680553,10.598557136595,0.0831737459757454,0.46544448338536,0.999983913234035,1,0.992861615406847,125366.910405991,106508.43446898,312160.009857504,3.12815340313955
11.74,0.0233673323690734,0.274332482012922,10.598557136595,0.0831808312254239,0.46548413280042,0.999984143332667,1,0.992899979522312,125492.340020752,106613.515613722,312496.610059084,3.13128312114088
11.741,0.0233673323690734,0.274355849345291,10.598557136595,0.0831879164751024,0.46552378221548,0.999984370263516,1,0.992938155115089,125617.895127863,106718.700431446,312833.573214573,3.13441597042559
11.742,0.0233673323690734,0.27437921667766,10.598557136595,0.0831950017247809,0.465563431630539,0.999984594068296,1,0.992976143000059,125743.57585288,106823.989024436,313170.899715342,3.13755195412654
11.743,0.0233673323690734,0.274402584010029,10.598557136595,0.0832020869744594,0.465603081045599,0.999984814788199,1,0.993013943989262,125869.382321483,106929.381495075,313508.589953182,3.1406910753797
11.744,0.0233673323690734,0.274425951342398,10.598557136595,0.0832091722241378,0.465642730460659,0.999985032463903,1,0.9930515588919,125995.314659479,107034.877945851,313846.644320311,3.14383333732419
11.745,0.0233673323690734,0.274449318674767,10.598557136595,0.0832162574738163,0.465682379875718,0.999985247135575,1,0.993088988514343,126121.372992801,107140.478479348,314185.063209366,3.14697874310229
11.746,0.0233673323690734,0.274472686007136,10.598557136595,0.0832233427234948,0.465722029290778,0.999985458842884,1,0.993126233660138,126247.557447506,107246.183198256,314523.84701341,3.15012729585939
11.747,0.0233673323690734,0.274496053339506,10.598557136595,0.0832304279731733,0.465761678705838,0.999985667624997,1,0.993163295130012,126373.868149778,107351.992205363,314862.996125927,3.15327899874405
11.748,0.0233673323690734,0.274519420671875,10.598557136595,0.0832375132228518,0.465801328120897,0.999985873520592,1,0.99320017372188,126500.30522593,107457.905603561,315202.510940828,3.15643385490797
11.749,0.0233673323690734,0.274542788004244,10.598557136595,0.0832445984725303,0.465840977535957,0.999986076567862,1,0.993236870230847,126626.868802397,107563.923495841,315542.391852446,3.15959186750601
11.75,0.0233673323690734,0.274566155336613,10.598557136595,0.0832516837222088,0.465880626951017,0.999986276804521,1,0.99327338544922,126753.559005743,107670.045985297,315882.639255542,3.16275303969618
11.751,0.0233673323690734,0.274589522668982,10.598557136595,0.0832587689718872,0.465920276366076,0.999986474267808,1,0.993309720166508,126880.375962659,107776.273175125,316223.253545302,3.16591737463965
11.752,0.0233673323690734,0.274612890001351,10.598557136595,0.0832658542215657,0.465959925781136,0.999986668994493,1,0.993345875169432,127007.319799962,107882.605168622,316564.235117338,3.16908487550077
11.753,0.0233673323690734,0.27463625733372,10.598557136595,0.0832729394712442,0.465999575196196,0.999986861020885,1,0.99338185124193,127134.390644595,107989.042069187,316905.584367686,3.17225554544702
11.754,0.0233673323690734,0.274659624666089,10.598557136595,0.0832800247209227,0.466039224611255,0.999987050382834,1,0.993417649165161,127261.588623629,108095.583980321,317247.301692813,3.17542938764908
11.755,0.0233673323690734,0.274682991998458,10.598557136595,0.0832871099706012,0.466078874026315,0.999987237115738,1,0.993453269717514,127388.913864263,108202.231005628,317589.38748961,3.17860640528079
11.756,0.0233673323690734,0.274706359330827,10.598557136595,0.0832941952202797,0.466118523441375,0.999987421254551,1,0.993488713674611,127516.366493821,108308.983248814,317931.842155401,3.18178660151918
11.757,0.0233673323690734,0.274729726663196,10.598557136595,0.0833012804699582,0.466158172856434,0.999987602833782,1,0.993523981809316,127643.946639756,108415.840813686,318274.666087931,3.18496997954442
11.758,0.0233673323690734,0.274753093995565,10.598557136595,0.0833083657196367,0.466197822271494,0.999987781887507,1,0.993559074891739,127771.654429648,108522.803804154,318617.859685381,3.18815654253992
11.759,0.0233673323690734,0.274776461327934,10.598557136595,0.0833154509693151,0.466237471686554,0.999987958449369,1,0.993593993689243,127899.489991206,108629.872324232,318961.423346358,3.19134629369223
11.76,0.0233673323690734,0.274799828660304,10.598557136595,0.0833225362189936,0.466277121101613,0.999988132552585,1,0.993628738966449,128027.453452264,108737.046478034,319305.357469898,3.19453923619109
11.761,0.0233673323690734,0.274823195992673,10.598557136595,0.0833296214686721,0.466316770516673,0.999988304229954,1,0.993663311485243,128155.544940786,108844.32636978,319649.66245547,3.19773537322945
11.762,0.0233673323690734,0.274846563325042,10.598557136595,0.0833367067183506,0.466356419931733,0.999988473513856,1,0.993697712004782,128283.764584864,108951.712103789,319994.338702971,3.20093470800346
11.763,0.0233673323690734,0.274869930657411,10.598557136595,0.0833437919680291,0.466396069346792,0.999988640436262,1,0.993731941281499,128412.112512717,109059.203784487,320339.386612731,3.20413724371244
11.764,0.0233673323690734,0.27489329798978,10.598557136595,0.0833508772177076,0.466435718761852,0.999988805028737,1,0.993766000069112,128540.588852694,109166.801516399,320684.80658551,3.20734298355893
11.765,0.0233673323690734,0.274916665322149,10.598557136595,0.0833579624673861,0.466475368176912,0.999988967322445,1,0.993799889118626,128669.19373327,109274.505404156,321030.599022503,3.21055193074867
11.766,0.0233673323690734,0.274940032654518,10.598557136595,0.0833650477170645,0.466515017591971,0.999989127348152,1,0.993833609178342,128797.92728305,109382.315552491,321376.764325336,3.21376408849061
11.767,0.0233673323690734,0.274963399986887,10.598557136595,0.083372132966743,0.466554667007031,0.999989285136235,1,0.993867160993861,128926.789630768,109490.23206624,321723.302896065,3.2169794599969
11.768,0.0233673323690734,0.274986767319256,10.598557136595,0.0833792182164215,0.466594316422091,0.999989440716683,1,0.993900545308095,129055.780905287,109598.255050345,322070.215137186,3.22019804848293
11.769,0.0233673323690734,0.275010134651625,10.598557136595,0.0833863034661,0.46663396583715,0.999989594119102,1,0.993933762861265,129184.901235597,109706.384609848,322417.501451624,3.22341985716727
11.77,0.0233673323690734,0.275033501983994,10.598557136595,0.0833933887157785,0.46667361525221,0.999989745372722,1,0.993966814390915,129314.15075082,109814.620849896,322765.162242738,3.22664488927174
11.771,0.0233673323690734,0.275056869316363,10.598557136595,0.083400473965457,0.46671326466727,0.999989894506399,1,0.993999700631912,129443.529580204,109922.963875741,323113.197914328,3.22987314802137
11.772,0.0233673323690734,0.275080236648732,10.598557136595,0.0834075592151355,0.466752914082329,0.99999004154862,1,0.994032422316458,129573.037853128,110031.413792737,323461.608870621,3.23310463664441
11.773,0.0233673323690734,0.275103603981101,10.598557136595,0.0834146444648139,0.466792563497389,0.999990186527508,1,0.994064980174091,129702.675699101,110139.970706343,323810.395516287,3.23633935837235
11.774,0.0233673323690734,0.275126971313471,10.598557136595,0.0834217297144924,0.466832212912449,0.999990329470827,1,0.994097374931695,129832.443247761,110248.634722121,324159.55825643,3.23957731643993
11.775,0.0233673323690734,0.27515033864584,10.598557136595,0.0834288149641709,0.466871862327508,0.999990470405986,1,0.994129607313501,129962.340628874,110357.40594574,324509.097496587,3.24281851408509
11.776,0.0233673323690734,0.275173705978209,10.598557136595,0.0834359002138494,0.466911511742568,0.99999060936004,1,0.994161678041102,130092.367972339,110466.284482969,324859.013642739,3.24606295454904
11.777,0.0233673323690734,0.275197073310578,10.598557136595,0.0834429854635279,0.466951161157628,0.999990746359699,1,0.994193587833449,130222.525408183,110575.270439685,325209.3071013,3.24931064107622
11.778,0.0233673323690734,0.275220440642947,10.598557136595,0.0834500707132064,0.466990810572687,0.999990881431331,1,0.994225337406864,130352.813066563,110684.363921868,325559.978279123,3.2525615769143
11.779,0.0233673323690734,0.275243807975316,10.598557136595,0.0834571559628849,0.467030459987747,0.999991014600963,1,0.994256927475046,130483.231077767,110793.565035601,325911.027583501,3.25581576531423
11.78,0.0233673323690734,0.275267175307685,10.598557136595,0.0834642412125634,0.467070109402807,0.99999114589429,1,0.994288358749073,130613.779572213,110902.873887074,326262.455422166,3.2590732095302
11.781,0.0233673323690734,0.275290542640054,10.598557136595,0.0834713264622418,0.467109758817866,0.999991275336676,1,0.99431963193741,130744.458680449,111012.290582582,326614.262203288,3.26233391281965
11.782,0.0233673323690734,0.275313909972423,10.598557136595,0.0834784117119203,0.467149408232926,0.999991402953156,1,0.99435074774592,130875.268533155,111121.815228522,326966.448335479,3.26559787844328
11.783,0.0233673323690734,0.275337277304792,10.598557136595,0.0834854969615988,0.467189057647986,0.999991528768446,1,0.994381706877862,131006.209261141,111231.447931399,327319.014227792,3.26886510966506
11.784,0.0233673323690734,0.275360644637161,10.598557136595,0.0834925822112773,0.467228707063045,0.999991652806941,1,0.994412510033903,131137.280995346,111341.188797822,327671.960289719,3.27213560975223
11.785,0.0233673323690734,0.27538401196953,10.598557136595,0.0834996674609558,0.467268356478105,0.999991775092722,1,0.994443157912124,131268.483866844,111451.037934505,328025.286931193,3.27540938197528
11.786,0.0233673323690734,0.275407379301899,10.598557136595,0.0835067527106342,0.467308005893165,0.999991895649559,1,0.994473651208022,131399.818006836,111560.995448267,328378.994562593,3.27868642960798
11.787,0.0233673323690734,0.275430746634268,10.598557136595,0.0835138379603127,0.467347655308224,0.999992014500915,1,0.994503990614522,131531.283546657,111671.061446033,328733.083594736,3.28196675592739
11.788,0.0233673323690734,0.275454113966638,10.598557136595,0.0835209232099912,0.467387304723284,0.999992131669951,1,0.994534176821979,131662.880617773,111781.236034833,329087.554438887,3.28525036421383
11.789,0.0233673323690734,0.275477481299007,10.598557136595,0.0835280084596697,0.467426954138344,0.999992247179525,1,0.994564210518186,131794.609351781,111891.519321803,329442.407506748,3.2885372577509
11.79,0.0233673323690734,0.275500848631376,10.598557136595,0.0835350937093482,0.467466603553403,0.999992361052202,1,0.994594092388379,131926.469880408,112001.911414184,329797.643210471,3.29182743982551
11.791,0.0233673323690734,0.275524215963745,10.598557136595,0.0835421789590267,0.467506252968463,0.999992473310253,1,0.994623823115246,132058.462335517,112112.412419324,330153.261962649,3.29512091372783
11.792,0.0233673323690734,0.275547583296114,10.598557136595,0.0835492642087052,0.467545902383523,0.999992583975661,1,0.99465340337893,132190.586849099,112223.022444677,330509.26417632,3.29841768275134
11.793,0.0233673323690734,0.275570950628483,10.598557136595,0.0835563494583837,0.467585551798582,0.999992693070124,1,0.994682833857039,132322.843553279,112333.7415978,330865.650264969,3.3017177501928
11.794,0.0233673323690734,0.275594317960852,10.598557136595,0.0835634347080621,0.467625201213642,0.999992800615056,1,0.994712115224647,132455.232580313,112444.569986361,331222.420642527,3.3050211193523
11.795,0.0233673323690734,0.275617685293221,10.598557136595,0.0835705199577406,0.467664850628702,0.999992906631595,1,0.994741248154306,132587.754062591,112555.507718129,331579.575723368,3.30832779353318
11.796,0.0233673323690734,0.27564105262559,10.598557136595,0.0835776052074191,0.467704500043761,0.999993011140603,1,0.994770233316047,132720.408132634,112666.554900984,331937.115922317,3.31163777604214
11.797,0.0233673323690734,0.275664419957959,10.598557136595,0.0835846904570976,0.467744149458821,0.999993114162671,1,0.994799071377393,132853.194923097,112777.71164291,332295.041654644,3.31495107018915
11.798,0.0233673323690734,0.275687787290328,10.598557136595,0.0835917757067761,0.46778379887388,0.999993215718122,1,0.994827763003358,132986.114566765,112888.978051998,332653.353336067,3.3182676792875
11.799,0.0233673323690734,0.275711154622697,10.598557136595,0.0835988609564546,0.46782344828894,0.999993315827013,1,0.994856308856457,133119.167196559,113000.354236444,333012.051382753,3.32158760665381
11.8,0.0233673323690734,0.275734521955066,10.598557136595,0.0836059462061331,0.467863097704,0.999993414509139,1,0.994884709596714,133252.352945531,113111.840304553,333371.136211316,3.32491085560801
11.801,0.0233673323690734,0.275757889287435,10.598557136595,0.0836130314558115,0.467902747119059,0.999993511784039,1,0.994912965881663,133385.671946867,113223.436364738,333730.608238822,3.32823742947333
11.802,0.0233673323690734,0.275781256619805,10.598557136595,0.08362011670549,0.467942396534119,0.999993607670994,1,0.994941078366361,133519.124333887,113335.142525514,334090.467882784,3.33156733157636
11.803,0.0233673323690734,0.275804623952174,10.598557136595,0.0836272019551685,0.467982045949179,0.999993702189034,1,0.994969047703389,133652.710240041,113446.958895509,334450.715561168,3.33490056524701
11.804,0.0233673323690734,0.275827991284543,10.598557136595,0.083634287204847,0.468021695364238,0.999993795356941,1,0.99499687454286,133786.429798918,113558.885583453,334811.351692388,3.33823713381849
11.805,0.0233673323690734,0.275851358616912,10.598557136595,0.0836413724545255,0.468061344779298,0.99999388719325,1,0.995024559532427,133920.283144235,113670.922698188,335172.37669531,3.34157704062739
11.806,0.0233673323690734,0.275874725949281,10.598557136595,0.083648457704204,0.468100994194358,0.999993977716252,1,0.995052103317286,134054.270409846,113783.070348659,335533.790989253,3.34492028901361
11.807,0.0233673323690734,0.27589809328165,10.598557136595,0.0836555429538825,0.468140643609417,0.999994066944002,1,0.995079506540185,134188.391729739,113895.328643921,335895.594993985,3.34826688232039
11.808,0.0233673323690734,0.275921460614019,10.598557136595,0.0836626282035609,0.468180293024477,0.999994154894313,1,0.995106769841431,134322.647238035,114007.697693137,336257.789129732,3.35161682389434
11.809,0.0233673323690734,0.275944827946388,10.598557136595,0.0836697134532394,0.468219942439537,0.999994241584767,1,0.995133893858892,134457.03706899,114120.177605575,336620.373817168,3.35497011708539
11.81,0.0233673323690734,0.275968195278757,10.598557136595,0.0836767987029179,0.468259591854596,0.999994327032716,1,0.995160879228009,134591.561356992,114232.768490614,336983.349477421,3.35832676524683
11.811,0.0233673323690734,0.275991562611126,10.598557136595,0.0836838839525964,0.468299241269656,0.999994411255282,1,0.995187726581798,134726.220236567,114345.47045774,337346.716532077,3.36168677173532
11.812,0.0233673323690734,0.276014929943495,10.598557136595,0.0836909692022749,0.468338890684716,0.999994494269361,1,0.995214436550859,134861.013842374,114458.283616545,337710.475403173,3.36505013991087
11.813,0.0233673323690734,0.276038297275864,10.598557136595,0.0836980544519534,0.468378540099775,0.999994576091628,1,0.99524100976338,134995.942309206,114571.208076731,338074.626513202,3.36841687313683
11.814,0.0233673323690734,0.276061664608233,10.598557136595,0.0837051397016319,0.468418189514835,0.999994656738539,1,0.995267446845144,135131.005771991,114684.243948108,338439.170285114,3.37178697477994
11.815,0.0233673323690734,0.276085031940603,10.598557136595,0.0837122249513104,0.468457838929895,0.99999473622633,1,0.99529374841954,135266.204365793,114797.391340594,338804.107142313,3.37516044821031
11.816,0.0233673323690734,0.276108399272972,10.598557136595,0.0837193102009888,0.468497488344954,0.999994814571025,1,0.99531991510756,135401.538225811,114910.650364216,339169.43750866,3.37853729680141
11.817,0.0233673323690734,0.276131766605341,10.598557136595,0.0837263954506673,0.468537137760014,0.999994891788436,1,0.995345947527814,135537.007487379,115024.02112911,339535.161808475,3.3819175239301
11.818,0.0233673323690734,0.27615513393771,10.598557136595,0.0837334807003458,0.468576787175074,0.999994967894166,1,0.995371846296531,135672.612285965,115137.503745519,339901.280466533,3.38530113297658
11.819,0.0233673323690734,0.276178501270079,10.598557136595,0.0837405659500243,0.468616436590133,0.999995042903612,1,0.995397612027571,135808.352757175,115251.098323795,340267.793908067,3.38868812732448
11.82,0.0233673323690734,0.276201868602448,10.598557136595,0.0837476511997028,0.468656086005193,0.999995116831965,1,0.995423245332422,135944.229036749,115364.8049744,340634.702558772,3.3920785103608
11.821,0.0233673323690734,0.276225235934817,10.598557136595,0.0837547364493813,0.468695735420253,0.999995189694218,1,0.995448746820218,136080.241260563,115478.623807905,341002.006844798,3.3954722854759
11.822,0.0233673323690734,0.276248603267186,10.598557136595,0.0837618216990597,0.468735384835312,0.999995261505163,1,0.995474117097734,136216.38956463,115592.554934989,341369.707192755,3.39886945606357
11.823,0.0233673323690734,0.276271970599555,10.598557136595,0.0837689069487382,0.468775034250372,0.999995332279397,1,0.995499356769403,136352.674085098,115706.598466441,341737.804029717,3.40227002552098
11.824,0.0233673323690734,0.276295337931924,10.598557136595,0.0837759921984167,0.468814683665432,0.999995402031322,1,0.995524466437312,136489.094958251,115820.754513159,342106.297783213,3.4056739972487
11.825,0.0233673323690734,0.276318705264293,10.598557136595,0.0837830774480952,0.468854333080491,0.999995470775151,1,0.995549446701217,136625.652320511,115935.02318615,342475.188881238,3.4090813746507
11.826,0.0233673323690734,0.276342072596662,10.598557136595,0.0837901626977737,0.468893982495551,0.999995538524905,1,0.995574298158545,136762.346308434,116049.404596532,342844.477752245,3.41249216113437
11.827,0.0233673323690734,0.276365439929031,10.598557136595,0.0837972479474522,0.468933631910611,0.999995605294421,1,0.9955990214044,136899.177058715,116163.898855531,343214.164825149,3.41590636011047
11.828,0.0233673323690734,0.2763888072614,10.598557136595,0.0838043331971307,0.46897328132567,0.99999567109735,1,0.995623617031572,137036.144708184,116278.506074484,343584.25052933,3.41932397499322
11.829,0.0233673323690734,0.27641217459377,10.598557136595,0.0838114184468092,0.46901293074073,0.999995735947163,1,0.995648085630542,137173.24939381,116393.226364836,343954.73529463,3.42274500920023
11.83,0.0233673323690734,0.276435541926139,10.598557136595,0.0838185036964876,0.46905258015579,0.99999579985715,1,0.995672427789485,137310.491252697,116508.059838144,344325.619551353,3.42616946615254
11.831,0.0233673323690734,0.276458909258508,10.598557136595,0.0838255889461661,0.469092229570849,0.999995862840425,1,0.995696644094284,137447.870422086,116623.006606074,344696.903730268,3.42959734927459
11.832,0.0233673323690734,0.276482276590877,10.598557136595,0.0838326741958446,0.469131878985909,0.999995924909925,1,0.99572073512853,137585.387039357,116738.066780403,345068.58826261,3.43302866199429
11.833,0.0233673323690734,0.276505643923246,10.598557136595,0.0838397594455231,0.469171528400969,0.999995986078416,1,0.995744701473529,137723.041242026,116853.240473017,345440.673580077,3.43646340774293
11.834,0.0233673323690734,0.276529011255615,10.598557136595,0.0838468446952016,0.469211177816028,0.999996046358493,1,0.995768543708311,137860.833167748,116968.527795912,345813.160114831,3.43990158995526
11.835,0.0233673323690734,0.276552378587984,10.598557136595,0.0838539299448801,0.469250827231088,0.999996105762581,1,0.995792262409634,137998.762954315,117083.928861198,346186.048299507,3.44334321206947
11.836,0.0233673323690734,0.276575745920353,10.598557136595,0.0838610151945586,0.469290476646148,0.999996164302941,1,0.995815858151994,138136.830739657,117199.443781092,346559.338567197,3.44678827752718
11.837,0.0233673323690734,0.276599113252722,10.598557136595,0.083868100444237,0.469330126061207,0.999996221991669,1,0.995839331507625,138275.03666184,117315.072667922,346933.031351466,3.45023678977345
11.838,0.0233673323690734,0.276622480585091,10.598557136595,0.0838751856939155,0.469369775476267,0.999996278840697,1,0.99586268304651,138413.380859072,117430.815634129,347307.127086346,3.45368875225681
11.839,0.0233673323690734,0.27664584791746,10.598557136595,0.083882270943594,0.469409424891327,0.9999963348618,1,0.995885913336388,138551.863469696,117546.672792263,347681.626206335,3.4571441684292
11.84,0.0233673323690734,0.276669215249829,10.598557136595,0.0838893561932725,0.469449074306386,0.999996390066593,1,0.995909022942756,138690.484632195,117662.644254985,348056.529146401,3.46060304174604
11.841,0.0233673323690734,0.276692582582198,10.598557136595,0.083896441442951,0.469488723721446,0.999996444466536,1,0.995932012428881,138829.244485191,117778.73013507,348431.836341982,3.46406537566623
11.842,0.0233673323690734,0.276715949914567,10.598557136595,0.0839035266926295,0.469528373136506,0.999996498072933,1,0.995954882355801,138968.143167442,117894.9305454,348807.548228982,3.46753117365207
11.843,0.0233673323690734,0.276739317246937,10.598557136595,0.0839106119423079,0.469568022551565,0.999996550896938,1,0.995977633282333,139107.180817848,118011.245598971,349183.665243779,3.47100043916937
11.844,0.0233673323690734,0.276762684579306,10.598557136595,0.0839176971919864,0.469607671966625,0.999996602949554,1,0.996000265765083,139246.357575447,118127.67540889,349560.187823219,3.4744731756874
11.845,0.0233673323690734,0.276786051911675,10.598557136595,0.0839247824416649,0.469647321381685,0.999996654241637,1,0.996022780358446,139385.673579415,118244.220088376,349937.11640462,3.47794938667891
11.846,0.0233673323690734,0.276809419244044,10.598557136595,0.0839318676913434,0.469686970796744,0.999996704783895,1,0.996045177614618,139525.128969068,118360.879750758,350314.451425772,3.48142907562008
11.847,0.0233673323690734,0.276832786576413,10.598557136595,0.0839389529410219,0.469726620211804,0.999996754586892,1,0.996067458083598,139664.723883861,118477.65450948,350692.193324934,3.48491224599062
11.848,0.0233673323690734,0.276856153908782,10.598557136595,0.0839460381907004,0.469766269626863,0.99999680366105,1,0.996089622313197,139804.45846339,118594.544478094,351070.342540843,3.48839890127369
11.849,0.0233673323690734,0.276879521241151,10.598557136595,0.0839531234403789,0.469805919041923,0.99999685201665,1,0.996111670849044,139944.33284739,118711.549770268,351448.899512705,3.49188904495597
11.85,0.0233673323690734,0.27690288857352,10.598557136595,0.0839602086900574,0.469845568456983,0.999996899663834,1,0.996133604234592,140084.347175733,118828.670499778,351827.864680201,3.49538268052757
11.851,0.0233673323690734,0.276926255905889,10.598557136595,0.0839672939397358,0.469885217872042,0.999996946612606,1,0.996155423011122,140224.501588436,118945.906780515,352207.238483485,3.49887981148215
11.852,0.0233673323690734,0.276949623238258,10.598557136595,0.0839743791894143,0.469924867287102,0.999996992872836,1,0.996177127717754,140364.796225652,119063.258726483,352587.021363188,3.50238044131683
11.853,0.0233673323690734,0.276972990570627,10.598557136595,0.0839814644390928,0.469964516702162,0.999997038454261,1,0.996198718891449,140505.231227675,119180.726451796,352967.213760412,3.50588457353224
11.854,0.0233673323690734,0.276996357902996,10.598557136595,0.0839885496887713,0.470004166117221,0.999997083366483,1,0.996220197067018,140645.806734942,119298.310070683,353347.816116739,3.50939221163252
11.855,0.0233673323690734,0.277019725235365,10.598557136595,0.0839956349384498,0.470043815532281,0.999997127618976,1,0.996241562777127,140786.522888027,119416.009697483,353728.828874226,3.51290335912531
11.856,0.0233673323690734,0.277043092567735,10.598557136595,0.0840027201881283,0.470083464947341,0.999997171221085,1,0.996262816552304,140927.379827647,119533.82544665,354110.252475405,3.51641801952174
11.857,0.0233673323690734,0.277066459900104,10.598557136595,0.0840098054378068,0.4701231143624,0.999997214182029,1,0.996283958920943,141068.377694658,119651.75743275,354492.087363285,3.51993619633649
11.858,0.0233673323690734,0.277089827232473,10.598557136595,0.0840168906874852,0.47016276377746,0.9999972565109,1,0.996304990409315,141209.516630059,119769.805770463,354874.333981357,3.52345789308773
11.859,0.0233673323690734,0.277113194564842,10.598557136595,0.0840239759371637,0.47020241319252,0.999997298216667,1,0.996325911541568,141350.796774988,119887.970574581,355256.992773584,3.52698311329715
11.86,0.0233673323690734,0.277136561897211,10.598557136595,0.0840310611868422,0.470242062607579,0.999997339308178,1,0.996346722839741,141492.218270726,120006.25196001,355640.064184412,3.53051186048998
11.861,0.0233673323690734,0.27715992922958,10.598557136595,0.0840381464365207,0.470281712022639,0.99999737979416,1,0.996367424823762,141633.781258694,120124.650041768,356023.548658767,3.53404413819497
11.862,0.0233673323690734,0.277183296561949,10.598557136595,0.0840452316861992,0.470321361437699,0.999997419683219,1,0.99638801801146,141775.485880455,120243.164934988,356407.446642049,3.53757994994439
11.863,0.0233673323690734,0.277206663894318,10.598557136595,0.0840523169358777,0.470361010852758,0.999997458983847,1,0.996408502918569,141917.332277713,120361.796754917,356791.758580145,3.54111929927405
11.864,0.0233673323690734,0.277230031226687,10.598557136595,0.0840594021855562,0.470400660267818,0.999997497704417,1,0.996428880058736,142059.320592316,120480.545616914,357176.484919419,3.54466218972331
11.865,0.0233673323690734,0.277253398559056,10.598557136595,0.0840664874352346,0.470440309682878,0.999997535853192,1,0.996449149943524,142201.450966251,120599.411636452,357561.626106717,3.54820862483505
11.866,0.0233673323690734,0.277276765891425,10.598557136595,0.0840735726849131,0.470479959097937,0.999997573438317,1,0.996469313082421,142343.723541649,120718.39492912,357947.182589367,3.55175860815571
11.867,0.0233673323690734,0.277300133223794,10.598557136595,0.0840806579345916,0.470519608512997,0.999997610467828,1,0.996489369982847,142486.138460782,120837.495610619,358333.154815181,3.55531214323529
11.868,0.0233673323690734,0.277323500556163,10.598557136595,0.0840877431842701,0.470559257928057,0.999997646949653,1,0.996509321150155,142628.695866066,120956.713796764,358719.543232451,3.55886923362729
11.869,0.0233673323690734,0.277346867888532,10.598557136595,0.0840948284339486,0.470598907343116,0.999997682891608,1,0.996529167087644,142771.395900057,121076.049603486,359106.348289952,3.56242988288883
11.87,0.0233673323690734,0.277370235220902,10.598557136595,0.0841019136836271,0.470638556758176,0.999997718301404,1,0.996548908296562,142914.238705456,121195.503146829,359493.570436948,3.56599409458055
11.871,0.0233673323690734,0.277393602553271,10.598557136595,0.0841089989333056,0.470678206173236,0.999997753186646,1,0.996568545276111,143057.224425106,121315.074542952,359881.210123181,3.56956187226665
11.872,0.0233673323690734,0.27741696988564,10.598557136595,0.084116084182984,0.470717855588295,0.999997787554835,1,0.996588078523455,143200.353201992,121434.763908128,360269.267798883,3.57313321951493
11.873,0.0233673323690734,0.277440337218009,10.598557136595,0.0841231694326625,0.470757505003355,0.999997821413367,1,0.996607508533725,143343.625179244,121554.571358745,360657.74391477,3.57670813989673
11.874,0.0233673323690734,0.277463704550378,10.598557136595,0.084130254682341,0.470797154418415,0.999997854769539,1,0.996626835800029,143487.040500132,121674.497011307,361046.63892204,3.58028663698696
11.875,0.0233673323690734,0.277487071882747,10.598557136595,0.0841373399320195,0.470836803833474,0.999997887630547,1,0.99664606081345,143630.599308073,121794.540982431,361435.953272384,3.58386871436413
11.876,0.0233673323690734,0.277510439215116,10.598557136595,0.084144425181698,0.470876453248534,0.999997920003487,1,0.996665184063063,143774.301746625,121914.703388851,361825.687417975,3.58745437561031
11.877,0.0233673323690734,0.277533806547485,10.598557136595,0.0841515104313765,0.470916102663594,0.999997951895358,1,0.996684206035931,143918.147959491,122034.984347415,362215.841811479,3.59104362431117
11.878,0.0233673323690734,0.277557173879854,10.598557136595,0.084158595681055,0.470955752078653,0.999997983313064,1,0.996703127217118,144062.138090517,122155.383975085,362606.416906043,3.59463646405595
11.879,0.0233673323690734,0.277580541212223,10.598557136595,0.0841656809307334,0.470995401493713,0.999998014263411,1,0.996721948089691,144206.272283693,122275.902388942,362997.413155307,3.59823289843749
11.88,0.0233673323690734,0.277603908544592,10.598557136595,0.0841727661804119,0.471035050908773,0.999998044753114,1,0.996740669134732,144350.550683153,122396.539706179,363388.831013402,3.60183293105223
11.881,0.0233673323690734,0.277627275876961,10.598557136595,0.0841798514300904,0.471074700323832,0.999998074788793,1,0.996759290831335,144494.973433176,122517.296044106,363780.670934944,3.60543656550021
11.882,0.0233673323690734,0.27765064320933,10.598557136595,0.0841869366797689,0.471114349738892,0.999998104376979,1,0.99677781365662,144639.540678184,122638.171520149,364172.933375042,3.60904380538505
11.883,0.0233673323690734,0.277674010541699,10.598557136595,0.0841940219294474,0.471153999153952,0.99999813352411,1,0.996796238085738,144784.252562745,122759.16625185,364565.618789295,3.61265465431399
11.884,0.0233673323690734,0.277697377874069,10.598557136595,0.0842011071791259,0.471193648569011,0.999998162236537,1,0.996814564591872,144929.109231571,122880.280356866,364958.727633793,3.61626911589789
11.885,0.0233673323690734,0.277720745206438,10.598557136595,0.0842081924288044,0.471233297984071,0.999998190520523,1,0.996832793646249,145074.110829518,123001.513952971,365352.260365119,3.61988719375121
11.886,0.0233673323690734,0.277744112538807,10.598557136595,0.0842152776784828,0.471272947399131,0.999998218382244,1,0.996850925718144,145219.257501588,123122.867158054,365746.217440347,3.62350889149202
11.887,0.0233673323690734,0.277767479871176,10.598557136595,0.0842223629281613,0.47131259681419,0.99999824582779,1,0.996868961274885,145364.549392928,123244.340090122,366140.599317045,3.62713421274203
11.888,0.0233673323690734,0.277790847203545,10.598557136595,0.0842294481778398,0.47135224622925,0.999998272863167,1,0.99688690078186,145509.986648829,123365.932867298,366535.406453273,3.63076316112655
11.889,0.0233673323690734,0.277814214535914,10.598557136595,0.0842365334275183,0.47139189564431,0.999998299494297,1,0.996904744702524,145655.569414729,123487.645607819,366930.639307586,3.63439574027454
11.89,0.0233673323690734,0.277837581868283,10.598557136595,0.0842436186771968,0.471431545059369,0.999998325727022,1,0.996922493498405,145801.29783621,123609.478430043,367326.298339034,3.63803195381857
11.891,0.0233673323690734,0.277860949200652,10.598557136595,0.0842507039268753,0.471471194474429,0.999998351567099,1,0.996940147629106,145947.172059002,123731.431452442,367722.38400716,3.64167180539485
11.892,0.0233673323690734,0.277884316533021,10.598557136595,0.0842577891765538,0.471510843889489,0.99999837702021,1,0.996957707552319,146093.192228977,123853.504793605,368118.896772004,3.64531529864325
11.893,0.0233673323690734,0.27790768386539,10.598557136595,0.0842648744262322,0.471550493304548,0.999998402091954,1,0.996975173723823,146239.358492157,123975.698572238,368515.837094102,3.64896243720725
11.894,0.0233673323690734,0.277931051197759,10.598557136595,0.0842719596759107,0.471590142719608,0.999998426787854,1,0.996992546597496,146385.670994708,124098.012907165,368913.205434486,3.65261322473398
11.895,0.0233673323690734,0.277954418530128,10.598557136595,0.0842790449255892,0.471629792134668,0.999998451113355,1,0.997009826625316,146532.129882942,124220.447917327,369311.002254686,3.65626766487425
11.896,0.0233673323690734,0.277977785862497,10.598557136595,0.0842861301752677,0.471669441549727,0.999998475073827,1,0.997027014257373,146678.735303318,124343.003721782,369709.228016728,3.65992576128249
11.897,0.0233673323690734,0.278001153194867,10.598557136595,0.0842932154249462,0.471709090964787,0.999998498674564,1,0.997044109941869,146825.487402442,124465.680439705,370107.883183139,3.66358751761679
11.898,0.0233673323690734,0.278024520527236,10.598557136595,0.0843003006746247,0.471748740379847,0.999998521920788,1,0.997061114125128,146972.386327065,124588.47819039,370506.968216942,3.66725293753892
11.899,0.0233673323690734,0.278047887859605,10.598557136595,0.0843073859243032,0.471788389794906,0.999998544817647,1,0.997078027251601,147119.432224087,124711.397093247,370906.48358166,3.67092202471429
11.9,0.0233673323690734,0.278071255191974,10.598557136595,0.0843144711739817,0.471828039209966,0.999998567370217,1,0.997094849763871,147266.625240553,124834.437267805,371306.429741317,3.67459478281199
11.901,0.0233673323690734,0.278094622524343,10.598557136595,0.0843215564236601,0.471867688625026,0.999998589583503,1,0.997111582102661,147413.965523656,124957.598833711,371706.807160436,3.67827121550478
11.902,0.0233673323690734,0.278117989856712,10.598557136595,0.0843286416733386,0.471907338040085,0.999998611462441,1,0.997128224706838,147561.453220738,125080.881910729,372107.616304042,3.68195132646909
11.903,0.0233673323690734,0.278141357189081,10.598557136595,0.0843357269230171,0.471946987455145,0.999998633011896,1,0.99714477801342,147709.088479285,125204.286618742,372508.85763766,3.68563511938503
11.904,0.0233673323690734,0.27816472452145,10.598557136595,0.0843428121726956,0.471986636870205,0.999998654236667,1,0.997161242457583,147856.871446933,125327.813077751,372910.531627318,3.6893225979364
11.905,0.0233673323690734,0.278188091853819,10.598557136595,0.0843498974223741,0.472026286285264,0.999998675141485,1,0.997177618472663,148004.802271465,125451.461407876,373312.638739547,3.69301376581068
11.906,0.0233673323690734,0.278211459186188,10.598557136595,0.0843569826720526,0.472065935700324,0.999998695731014,1,0.997193906490169,148152.881100811,125575.231729353,373715.179441379,3.69670862669903
11.907,0.0233673323690734,0.278234826518557,10.598557136595,0.0843640679217311,0.472105585115384,0.999998716009853,1,0.99721010693978,148301.10808305,125699.124162541,374118.154200353,3.70040718429631
11.908,0.0233673323690734,0.278258193850926,10.598557136595,0.0843711531714095,0.472145234530443,0.999998735982536,1,0.99722622024936,148449.48336641,125823.138827915,374521.563484509,3.70410944230109
11.909,0.0233673323690734,0.278281561183295,10.598557136595,0.084378238421088,0.472184883945503,0.999998755653536,1,0.997242246844958,148598.007099267,125947.275846068,374925.407762392,3.70781540441562
11.91,0.0233673323690734,0.278304928515665,10.598557136595,0.0843853236707665,0.472224533360563,0.999998775027258,1,0.997258187150815,148746.679430142,126071.535337713,375329.687503055,3.71152507434586
11.911,0.0233673323690734,0.278328295848034,10.598557136595,0.084392408920445,0.472264182775622,0.999998794108051,1,0.997274041589371,148895.500507709,126195.917423684,375734.403176052,3.71523845580148
11.912,0.0233673323690734,0.278351663180403,10.598557136595,0.0843994941701235,0.472303832190682,0.999998812900197,1,0.99728981058127,149044.470480789,126320.422224931,376139.555251449,3.71895555249587
11.913,0.0233673323690734,0.278375030512772,10.598557136595,0.084406579419802,0.472343481605741,0.999998831407923,1,0.997305494545369,149193.589498352,126445.049862525,376545.144199815,3.72267636814613
11.914,0.0233673323690734,0.278398397845141,10.598557136595,0.0844136646694804,0.472383131020801,0.999998849635392,1,0.997321093898738,149342.857709517,126569.800457657,376951.170492227,3.72640090647306
11.915,0.0233673323690734,0.27842176517751,10.598557136595,0.0844207499191589,0.472422780435861,0.999998867586711,1,0.997336609056671,149492.275263552,126694.674131636,377357.63460027,3.73012917120121
11.916,0.0233673323690734,0.278445132509879,10.598557136595,0.0844278351688374,0.47246242985092,0.999998885265928,1,0.99735204043269,149641.842309875,126819.671005892,377764.536996039,3.73386116605884
11.917,0.0233673323690734,0.278468499842248,10.598557136595,0.0844349204185159,0.47250207926598,0.999998902677035,1,0.99736738843855,149791.558998052,126944.791201974,378171.878152137,3.73759689477795
11.918,0.0233673323690734,0.278491867174617,10.598557136595,0.0844420056681944,0.47254172868104,0.999998919823967,1,0.997382653484246,149941.425477801,127070.034841551,378579.658541674,3.74133636109426
11.919,0.0233673323690734,0.278515234506986,10.598557136595,0.0844490909178729,0.472581378096099,0.999998936710601,1,0.997397835978021,150091.441898989,127195.402046414,378987.878638277,3.74507956874725
11.92,0.0233673323690734,0.278538601839355,10.598557136595,0.0844561761675514,0.472621027511159,0.999998953340764,1,0.997412936326368,150241.60841163,127320.89293847,379396.538916076,3.74882652148011
11.921,0.0233673323690734,0.278561969171724,10.598557136595,0.0844632614172298,0.472660676926219,0.999998969718225,1,0.997427954934035,150391.925165892,127446.507639749,379805.639849716,3.75257722303981
11.922,0.0233673323690734,0.278585336504093,10.598557136595,0.0844703466669083,0.472700326341278,0.9999989858467,1,0.997442892204037,150542.392312092,127572.246272403,380215.181914355,3.75633167717706
11.923,0.0233673323690734,0.278608703836462,10.598557136595,0.0844774319165868,0.472739975756338,0.999999001729854,1,0.997457748537657,150693.010000697,127698.108958701,380625.16558566,3.76008988764628
11.924,0.0233673323690734,0.278632071168832,10.598557136595,0.0844845171662653,0.472779625171398,0.999999017371299,1,0.997472524334452,150843.778382325,127824.095821035,381035.591339815,3.76385185820571
11.925,0.0233673323690734,0.278655438501201,10.598557136595,0.0844916024159438,0.472819274586457,0.999999032774597,1,0.99748721999226,150994.697607743,127950.206981916,381446.459653514,3.76761759261731
11.926,0.0233673323690734,0.27867880583357,10.598557136595,0.0844986876656223,0.472858924001517,0.999999047943257,1,0.997501835907207,151145.767827872,128076.442563978,381857.771003965,3.77138709464682
11.927,0.0233673323690734,0.278702173165939,10.598557136595,0.0845057729153008,0.472898573416577,0.999999062880739,1,0.997516372473708,151296.989193781,128202.802689974,382269.525868893,3.77516036806373
11.928,0.0233673323690734,0.278725540498308,10.598557136595,0.0845128581649793,0.472938222831636,0.999999077590457,1,0.997530830084479,151448.361856692,128329.287482779,382681.724726537,3.77893741664133
11.929,0.0233673323690734,0.278748907830677,10.598557136595,0.0845199434146577,0.472977872246696,0.999999092075771,1,0.99754520913054,151599.885967977,128455.89706539,383094.368055652,3.78271824415666
11.93,0.0233673323690734,0.278772275163046,10.598557136595,0.0845270286643362,0.473017521661756,0.999999106339998,1,0.997559510001218,151751.561679161,128582.631560924,383507.456335507,3.78650285439055
11.931,0.0233673323690734,0.278795642495415,10.598557136595,0.0845341139140147,0.473057171076815,0.999999120386405,1,0.997573733084158,151903.389141919,128709.49109262,383920.990045892,3.79029125112761
11.932,0.0233673323690734,0.278819009827784,10.598557136595,0.0845411991636932,0.473096820491875,0.999999134218213,1,0.997587878765325,152055.368508079,128836.475783839,384334.96966711,3.79408343815624
11.933,0.0233673323690734,0.278842377160153,10.598557136595,0.0845482844133717,0.473136469906935,0.999999147838597,1,0.99760194742901,152207.49992962,128963.585758063,384749.395679985,3.79787941926862
11.934,0.0233673323690734,0.278865744492522,10.598557136595,0.0845553696630502,0.473176119321994,0.999999161250688,1,0.997615939457837,152359.783558674,129090.821138895,385164.268565858,3.80167919826074
11.935,0.0233673323690734,0.278889111824891,10.598557136595,0.0845624549127287,0.473215768737054,0.999999174457571,1,0.99762985523277,152512.219547524,129218.182050063,385579.58880659,3.80548277893237
11.936,0.0233673323690734,0.27891247915726,10.598557136595,0.0845695401624071,0.473255418152114,0.999999187462287,1,0.997643695133115,152664.808048607,129345.668615414,385995.356884559,3.80929016508709
11.937,0.0233673323690734,0.278935846489629,10.598557136595,0.0845766254120856,0.473295067567173,0.999999200267835,1,0.997657459536528,152817.54921451,129473.280958918,386411.573282668,3.81310136053231
11.938,0.0233673323690734,0.278959213821999,10.598557136595,0.0845837106617641,0.473334716982233,0.999999212877168,1,0.997671148819021,152970.443197975,129601.019204669,386828.238484335,3.81691636907919
11.939,0.0233673323690734,0.278982581154368,10.598557136595,0.0845907959114426,0.473374366397293,0.9999992252932,1,0.997684763354966,153123.490151896,129728.88347688,387245.352973504,3.82073519454277
11.94,0.0233673323690734,0.279005948486737,10.598557136595,0.0845978811611211,0.473414015812352,0.999999237518801,1,0.997698303517102,153276.69022932,129856.873899891,387662.917234639,3.82455784074185
11.941,0.0233673323690734,0.279029315819106,10.598557136595,0.0846049664107996,0.473453665227412,0.999999249556802,1,0.997711769676542,153430.043583447,129984.990598161,388080.931752725,3.82838431149911
11.942,0.0233673323690734,0.279052683151475,10.598557136595,0.0846120516604781,0.473493314642472,0.999999261409992,1,0.997725162202774,153583.55036763,130113.233696273,388499.397013272,3.83221461064098
11.943,0.0233673323690734,0.279076050483844,10.598557136595,0.0846191369101565,0.473532964057531,0.99999927308112,1,0.997738481463671,153737.210735377,130241.603318934,388918.313502312,3.83604874199779
11.944,0.0233673323690734,0.279099417816213,10.598557136595,0.084626222159835,0.473572613472591,0.999999284572896,1,0.997751727825496,153891.024840347,130370.099590972,389337.681706404,3.83988670940366
11.945,0.0233673323690734,0.279122785148582,10.598557136595,0.0846333074095135,0.473612262887651,0.999999295887991,1,0.997764901652906,154044.992836354,130498.722637339,389757.502112628,3.84372851669656
11.946,0.0233673323690734,0.279146152480951,10.598557136595,0.084640392659192,0.47365191230271,0.999999307029037,1,0.997778003308958,154199.114877368,130627.472583111,390177.77520859,3.8475741677183
11.947,0.0233673323690734,0.27916951981332,10.598557136595,0.0846474779088705,0.47369156171777,0.99999931799863,1,0.997791033155116,154353.391117509,130756.349553487,390598.501482424,3.85142366631452
11.948,0.0233673323690734,0.279192887145689,10.598557136595,0.084654563158549,0.47373121113283,0.999999328799326,1,0.997803991551255,154507.821711054,130885.353673789,391019.681422788,3.85527701633473
11.949,0.0233673323690734,0.279216254478058,10.598557136595,0.0846616484082275,0.473770860547889,0.999999339433645,1,0.997816878855666,154662.406812433,131014.485069463,391441.315518869,3.85913422163228
11.95,0.0233673323690734,0.279239621810427,10.598557136595,0.0846687336579059,0.473810509962949,0.999999349904074,1,0.997829695425065,154817.146576233,131143.743866079,391863.404260379,3.86299528606437
11.951,0.0233673323690734,0.279262989142797,10.598557136595,0.0846758189075844,0.473850159378009,0.999999360213059,1,0.997842441614595,154972.041157192,131273.130189331,392285.948137559,3.86686021349208
11.952,0.0233673323690734,0.279286356475166,10.598557136595,0.0846829041572629,0.473889808793068,0.999999370363014,1,0.997855117777833,155127.090710205,131402.644165036,392708.947641181,3.87072900778031
11.953,0.0233673323690734,0.279309723807535,10.598557136595,0.0846899894069414,0.473929458208128,0.999999380356318,1,0.997867724266795,155282.295390321,131532.285919136,393132.403262541,3.87460167279788
11.954,0.0233673323690734,0.279333091139904,10.598557136595,0.0846970746566199,0.473969107623188,0.999999390195313,1,0.997880261431942,155437.655352746,131662.055577698,393556.315493472,3.87847821241745
11.955,0.0233673323690734,0.279356458472273,10.598557136595,0.0847041599062984,0.474008757038247,0.999999399882312,1,0.997892729622185,155593.170752839,131791.953266911,393980.684826331,3.88235863051554
11.956,0.0233673323690734,0.279379825804642,10.598557136595,0.0847112451559768,0.474048406453307,0.99999940941959,1,0.997905129184892,155748.841746116,131921.979113091,394405.511754006,3.88624293097259
11.957,0.0233673323690734,0.279403193137011,10.598557136595,0.0847183304056554,0.474088055868367,0.999999418809391,1,0.997917460465891,155904.668488248,132052.133242677,394830.796769924,3.8901311176729
11.958,0.0233673323690734,0.27942656046938,10.598557136595,0.0847254156553338,0.474127705283426,0.999999428053926,1,0.997929723809477,156060.651135061,132182.415782234,395256.540368033,3.89402319450465
11.959,0.0233673323690734,0.279449927801749,10.598557136595,0.0847325009050123,0.474167354698486,0.999999437155376,1,0.997941919558417,156216.789842538,132312.82685845,395682.743042823,3.89791916535992
11.96,0.0233673323690734,0.279473295134118,10.598557136595,0.0847395861546908,0.474207004113546,0.999999446115887,1,0.997954048053958,156373.084766818,132443.36659814,396109.405289314,3.90181903413468
11.961,0.0233673323690734,0.279496662466487,10.598557136595,0.0847466714043693,0.474246653528605,0.999999454937576,1,0.997966109635827,156529.536064196,132574.035128243,396536.527603055,3.90572280472879
11.962,0.0233673323690734,0.279520029798856,10.598557136595,0.0847537566540478,0.474286302943665,0.99999946362253,1,0.99797810464224,156686.143891123,132704.832575824,396964.110480138,3.90963048104604
11.963,0.0233673323690734,0.279543397131225,10.598557136595,0.0847608419037263,0.474325952358725,0.999999472172804,1,0.997990033409909,156842.908404207,132835.759068073,397392.154417184,3.9135420669941
11.964,0.0233673323690734,0.279566764463594,10.598557136595,0.0847679271534047,0.474365601773784,0.999999480590424,1,0.998001896274044,156999.829760212,132966.814732304,397820.659911351,3.91745756648455
11.965,0.0233673323690734,0.279590131795964,10.598557136595,0.0847750124030832,0.474405251188844,0.999999488877386,1,0.998013693568359,157156.908116061,133097.99969596,398249.627460334,3.92137698343288
11.966,0.0233673323690734,0.279613499128333,10.598557136595,0.0847820976527617,0.474444900603904,0.999999497035657,1,0.998025425625081,157314.14362883,133229.314086606,398679.057562363,3.92530032175854
11.967,0.0233673323690734,0.279636866460702,10.598557136595,0.0847891829024402,0.474484550018963,0.999999505067177,1,0.998037092774948,157471.536455756,133360.758031936,399108.950716206,3.92922758538484
11.968,0.0233673323690734,0.279660233793071,10.598557136595,0.0847962681521187,0.474524199434023,0.999999512973856,1,0.998048695347223,157629.086754232,133492.331659767,399539.307421168,3.93315877823905
11.969,0.0233673323690734,0.27968360112544,10.598557136595,0.0848033534017972,0.474563848849082,0.999999520757577,1,0.998060233669693,157786.794681808,133624.035098044,399970.128177096,3.93709390425236
11.97,0.0233673323690734,0.279706968457809,10.598557136595,0.0848104386514757,0.474603498264142,0.999999528420195,1,0.998071708068677,157944.660396192,133755.86847484,400401.413484371,3.94103296735992
11.971,0.0233673323690734,0.279730335790178,10.598557136595,0.0848175239011541,0.474643147679202,0.999999535963538,1,0.998083118869032,158102.684055249,133887.831918349,400833.163843917,3.94497597150076
11.972,0.0233673323690734,0.279753703122547,10.598557136595,0.0848246091508326,0.474682797094261,0.999999543389407,1,0.998094466394156,158260.865817003,134019.925556897,401265.379757196,3.94892292061791
11.973,0.0233673323690734,0.279777070454916,10.598557136595,0.0848316944005111,0.474722446509321,0.999999550699579,1,0.998105750965994,158419.205839636,134152.149518933,401698.061726213,3.9528738186583
11.974,0.0233673323690734,0.279800437787285,10.598557136595,0.0848387796501896,0.474762095924381,0.999999557895802,1,0.998116972905045,158577.704281489,134284.503933036,402131.210253512,3.95682866957285
11.975,0.0233673323690734,0.279823805119654,10.598557136595,0.0848458648998681,0.47480174533944,0.999999564979801,1,0.998128132530366,158736.361301058,134416.988927908,402564.82584218,3.96078747731639
11.976,0.0233673323690734,0.279847172452023,10.598557136595,0.0848529501495466,0.4748413947545,0.999999571953273,1,0.998139230159576,158895.177057003,134549.604632381,402998.908995846,3.96475024584774
11.977,0.0233673323690734,0.279870539784392,10.598557136595,0.0848600353992251,0.47488104416956,0.999999578817893,1,0.998150266108864,159054.151708137,134682.351175412,403433.460218685,3.96871697912968
11.978,0.0233673323690734,0.279893907116761,10.598557136595,0.0848671206489035,0.474920693584619,0.999999585575309,1,0.998161240692994,159213.285413437,134815.228686086,403868.480015409,3.97268768112891
11.979,0.0233673323690734,0.279917274449131,10.598557136595,0.084874205898582,0.474960342999679,0.999999592227148,1,0.998172154225305,159372.578332035,134948.237293617,404303.968891281,3.97666235581616
11.98,0.0233673323690734,0.2799406417815,10.598557136595,0.0848812911482605,0.474999992414739,0.999999598775009,1,0.998183007017724,159532.030623225,135081.377127345,404739.927352106,3.9806410071661
11.981,0.0233673323690734,0.279964009113869,10.598557136595,0.084888376397939,0.475039641829798,0.999999605220471,1,0.998193799380767,159691.642446459,135214.648316737,405176.355904233,3.98462363915737
11.982,0.0233673323690734,0.279987376446238,10.598557136595,0.0848954616476175,0.475079291244858,0.999999611565089,1,0.998204531623543,159851.413961349,135348.050991388,405613.255054561,3.98861025577262
11.983,0.0233673323690734,0.280010743778607,10.598557136595,0.084902546897296,0.475118940659918,0.999999617810394,1,0.998215204053762,160011.345327666,135481.585281021,406050.625310531,3.99260086099846
11.984,0.0233673323690734,0.280034111110976,10.598557136595,0.0849096321469745,0.475158590074977,0.999999623957896,1,0.998225816977739,160171.436705341,135615.251315489,406488.467180134,3.99659545882549
11.985,0.0233673323690734,0.280057478443345,10.598557136595,0.0849167173966529,0.475198239490037,0.999999630009081,1,0.9982363707004,160331.688254467,135749.04922477,406926.781171907,4.0005940532483
11.986,0.0233673323690734,0.280080845775714,10.598557136595,0.0849238026463314,0.475237888905097,0.999999635965416,1,0.998246865525285,160492.100135294,135882.979138973,407365.567794939,4.00459664826552
11.987,0.0233673323690734,0.280104213108083,10.598557136595,0.0849308878960099,0.475277538320156,0.999999641828343,1,0.998257301754556,160652.672508235,136017.041188332,407804.827558864,4.0086032478797
11.988,0.0233673323690734,0.280127580440452,10.598557136595,0.0849379731456884,0.475317187735216,0.999999647599285,1,0.998267679688999,160813.405533861,136151.235503212,408244.560973865,4.01261385609747
11.989,0.0233673323690734,0.280150947772821,10.598557136595,0.0849450583953669,0.475356837150276,0.999999653279644,1,0.998277999628032,160974.299372907,136285.562214107,408684.76855068,4.01662847692944
11.99,0.0233673323690734,0.28017431510519,10.598557136595,0.0849521436450454,0.475396486565335,0.9999996588708,1,0.998288261869708,161135.354186265,136420.021451638,409125.450800593,4.02064711439021
11.991,0.0233673323690734,0.280197682437559,10.598557136595,0.0849592288947239,0.475436135980395,0.999999664374114,1,0.998298466710723,161296.570134991,136554.613346555,409566.608235441,4.02466977249843
11.992,0.0233673323690734,0.280221049769929,10.598557136595,0.0849663141444024,0.475475785395455,0.999999669790927,1,0.998308614446416,161457.947380301,136689.33802974,410008.241367615,4.02869645527677
11.993,0.0233673323690734,0.280244417102298,10.598557136595,0.0849733993940808,0.475515434810514,0.999999675122558,1,0.998318705370779,161619.486083571,136824.1956322,410450.350710054,4.03272716675189
11.994,0.0233673323690734,0.280267784434667,10.598557136595,0.0849804846437593,0.475555084225574,0.99999968037031,1,0.998328739776461,161781.186406341,136959.186285073,410892.936776253,4.03676191095451
11.995,0.0233673323690734,0.280291151767036,10.598557136595,0.0849875698934378,0.475594733640634,0.999999685535464,1,0.998338717954771,161943.048510311,137094.310119627,411336.000080262,4.04080069191938
11.996,0.0233673323690734,0.280314519099405,10.598557136595,0.0849946551431163,0.475634383055693,0.999999690619282,1,0.998348640195683,162105.072557343,137229.56726726,411779.541136682,4.04484351368528
11.997,0.0233673323690734,0.280337886431774,10.598557136595,0.0850017403927948,0.475674032470753,0.99999969562301,1,0.998358506787845,162267.258709461,137364.957859496,412223.56046067,4.04889038029503
11.998,0.0233673323690734,0.280361253764143,10.598557136595,0.0850088256424733,0.475713681885813,0.999999700547872,1,0.998368318018581,162429.607128851,137500.482027994,412668.058567941,4.05294129579551
11.999,0.0233673323690734,0.280384621096512,10.598557136595,0.0850159108921518,0.475753331300872,0.999999705395077,1,0.998378074173893,162592.117977862,137636.139904538,413113.035974762,4.05699626423761
12,0.0233673323690734,0.280407988428881,10.598557136595,0.0850229961418302,0.475792980715932,0.999999710165815,1,0.998387775538473,162754.791419004,137771.931621046,413558.493197959,4.06105528967631
12.001,0.0233673323690734,0.28043135576125,10.598557136595,0.0850300813915087,0.475832630130992,0.999999714861257,1,0.998397422395703,162917.627614951,137907.857309563,414004.430754916,4.06511837617064
12.002,0.0233673323690734,0.280454723093619,10.598557136595,0.0850371666411872,0.475872279546051,0.999999719482558,1,0.99840701502766,163080.62672854,138043.917102267,414450.849163575,4.06918552778369
12.003,0.0233673323690734,0.280478090425988,10.598557136595,0.0850442518908657,0.475911928961111,0.999999724030856,1,0.998416553715125,163243.788922769,138180.111131464,414897.748942432,4.0732567485826
12.004,0.0233673323690734,0.280501457758357,10.598557136595,0.0850513371405442,0.475951578376171,0.999999728507271,1,0.998426038737583,163407.1143608,138316.439529592,415345.130610548,4.07733204263861
12.005,0.0233673323690734,0.280524825090726,10.598557136595,0.0850584223902227,0.47599122779123,0.999999732912908,1,0.99843547037323,163570.603205959,138452.90242922,415792.99468754,4.08141141402699
12.006,0.0233673323690734,0.280548192423096,10.598557136595,0.0850655076399011,0.47603087720629,0.999999737248853,1,0.998444848898979,163734.255621735,138589.499963047,416241.341693589,4.08549486682713
12.007,0.0233673323690734,0.280571559755465,10.598557136595,0.0850725928895796,0.47607052662135,0.99999974151618,1,0.998454174590462,163898.071771781,138726.232263902,416690.172149431,4.08958240512248
12.008,0.0233673323690734,0.280594927087834,10.598557136595,0.0850796781392581,0.476110176036409,0.999999745715942,1,0.99846344772204,164062.051819911,138863.099464746,417139.486576368,4.09367403300057
12.009,0.0233673323690734,0.280618294420203,10.598557136595,0.0850867633889366,0.476149825451469,0.99999974984918,1,0.998472668566802,164226.195930108,139000.101698672,417589.285496265,4.09776975455304
12.01,0.0233673323690734,0.280641661752572,10.598557136595,0.0850938486386151,0.476189474866529,0.999999753916918,1,0.998481837396573,164390.504266514,139137.239098904,418039.569431544,4.1018695738756
12.011,0.0233673323690734,0.280665029084941,10.598557136595,0.0851009338882936,0.476229124281588,0.999999757920165,1,0.998490954481918,164554.976993438,139274.511798795,418490.338905198,4.10597349506808
12.012,0.0233673323690734,0.28068839641731,10.598557136595,0.0851080191379721,0.476268773696648,0.999999761859915,1,0.998500020092148,164719.614275352,139411.919931834,418941.594440778,4.1100815222344
12.013,0.0233673323690734,0.280711763749679,10.598557136595,0.0851151043876505,0.476308423111708,0.999999765737148,1,0.998509034495325,164884.416276895,139549.463631638,419393.336562401,4.11419365948257
12.014,0.0233673323690734,0.280735131082048,10.598557136595,0.085122189637329,0.476348072526767,0.999999769552826,1,0.998517997958263,165049.383162868,139687.143031957,419845.565794752,4.11830991092476
12.015,0.0233673323690734,0.280758498414417,10.598557136595,0.0851292748870075,0.476387721941827,0.999999773307902,1,0.998526910746537,165214.515098237,139824.958266673,420298.282663077,4.1224302806772
12.016,0.0233673323690734,0.280781865746786,10.598557136595,0.085136360136686,0.476427371356887,0.999999777003309,1,0.998535773124489,165379.812248136,139962.9094698,420751.487693192,4.12655477286026
12.017,0.0233673323690734,0.280805233079155,10.598557136595,0.0851434453863645,0.476467020771946,0.999999780639972,1,0.998544585355225,165545.27477786,140100.996775485,421205.181411478,4.13068339159843
12.018,0.0233673323690734,0.280828600411524,10.598557136595,0.085150530636043,0.476506670187006,0.999999784218796,1,0.998553347700629,165710.902852873,140239.220318007,421659.364344887,4.13481614102035
12.019,0.0233673323690734,0.280851967743893,10.598557136595,0.0851576158857215,0.476546319602066,0.999999787740678,1,0.998562060421363,165876.696638803,140377.580231776,422114.037020933,4.13895302525875
12.02,0.0233673323690734,0.280875335076263,10.598557136595,0.0851647011354,0.476585969017125,0.999999791206497,1,0.998570723776872,166042.656301443,140516.076651336,422569.199967705,4.14309404845051
12.021,0.0233673323690734,0.280898702408632,10.598557136595,0.0851717863850784,0.476625618432185,0.999999794617122,1,0.998579338025388,166208.782006753,140654.709711364,423024.853713858,4.14723921473668
12.022,0.0233673323690734,0.280922069741001,10.598557136595,0.0851788716347569,0.476665267847245,0.999999797973408,1,0.998587903423939,166375.073920859,140793.479546669,423480.998788618,4.1513885282624
12.023,0.0233673323690734,0.28094543707337,10.598557136595,0.0851859568844354,0.476704917262304,0.999999801276196,1,0.998596420228347,166541.532210053,140932.386292194,423937.635721781,4.155541993177
12.024,0.0233673323690734,0.280968804405739,10.598557136595,0.0851930421341139,0.476744566677364,0.999999804526316,1,0.998604888693239,166708.157040793,141071.430083014,424394.765043717,4.15969961363394
12.025,0.0233673323690734,0.280992171738108,10.598557136595,0.0852001273837924,0.476784216092423,0.999999807724585,1,0.998613309072048,166874.948579704,141210.611054338,424852.387285362,4.16386139379084
12.026,0.0233673323690734,0.281015539070477,10.598557136595,0.0852072126334709,0.476823865507483,0.999999810871808,1,0.998621681617018,167041.906993578,141349.929341508,425310.502978232,4.16802733780947
12.027,0.0233673323690734,0.281038906402846,10.598557136595,0.0852142978831494,0.476863514922543,0.999999813968777,1,0.998630006579211,167209.032449372,141489.385079999,425769.112654411,4.1721974498558
12.028,0.0233673323690734,0.281062273735215,10.598557136595,0.0852213831328278,0.476903164337602,0.999999817016272,1,0.998638284208509,167376.325114213,141628.978405422,426228.216846557,4.17637173409992
12.029,0.0233673323690734,0.281085641067584,10.598557136595,0.0852284683825063,0.476942813752662,0.999999820015063,1,0.99864651475362,167543.785155393,141768.709453519,426687.816087905,4.18055019471612
12.03,0.0233673323690734,0.281109008399953,10.598557136595,0.0852355536321848,0.476982463167722,0.999999822965906,1,0.99865469846208,167711.412740372,141908.578360168,427147.910912263,4.18473283588287
12.031,0.0233673323690734,0.281132375732322,10.598557136595,0.0852426388818633,0.477022112582781,0.999999825869548,1,0.998662835580264,167879.208036777,142048.585261379,427608.501854016,4.1889196617828
12.032,0.0233673323690734,0.281155743064691,10.598557136595,0.0852497241315418,0.477061761997841,0.999999828726723,1,0.998670926353383,168047.171212405,142188.730293298,428069.589448121,4.19311067660274
12.033,0.0233673323690734,0.281179110397061,10.598557136595,0.0852568093812203,0.477101411412901,0.999999831538155,1,0.998678971025493,168215.302435218,142329.013592204,428531.17423012,4.1973058845337
12.034,0.0233673323690734,0.28120247772943,10.598557136595,0.0852638946308988,0.47714106082796,0.999999834304556,1,0.9986869698395,168383.601873347,142469.435294513,428993.256736125,4.20150528977091
12.035,0.0233673323690734,0.281225845061799,10.598557136595,0.0852709798805772,0.47718071024302,0.999999837026628,1,0.99869492303716,168552.069695092,142609.995536771,429455.837502827,4.20570889651375
12.036,0.0233673323690734,0.281249212394168,10.598557136595,0.0852780651302557,0.47722035965808,0.999999839705062,1,0.998702830859089,168720.706068921,142750.694455664,429918.9170675,4.20991670896584
12.037,0.0233673323690734,0.281272579726537,10.598557136595,0.0852851503799342,0.477260009073139,0.999999842340539,1,0.998710693544766,168889.51116347,142891.532188008,430382.495967994,4.21412873133498
12.038,0.0233673323690734,0.281295947058906,10.598557136595,0.0852922356296127,0.477299658488199,0.99999984493373,1,0.998718511332535,169058.485147545,143032.508870758,430846.574742741,4.21834496783322
12.039,0.0233673323690734,0.281319314391275,10.598557136595,0.0852993208792912,0.477339307903259,0.999999847485294,1,0.99872628445961,169227.628190118,143173.624641002,431311.15393075,4.22256542267677
12.04,0.0233673323690734,0.281342681723644,10.598557136595,0.0853064061289697,0.477378957318318,0.999999849995883,1,0.998734013162085,169396.940460334,143314.879635962,431776.234071614,4.22679010008609
12.041,0.0233673323690734,0.281366049056013,10.598557136595,0.0853134913786482,0.477418606733378,0.999999852466136,1,0.99874169767493,169566.422127505,143456.273992999,432241.81570551,4.23101900428587
12.042,0.0233673323690734,0.281389416388382,10.598557136595,0.0853205766283266,0.477458256148438,0.999999854896685,1,0.998749338232002,169736.073361111,143597.807849607,432707.89937319,4.235252139505
12.043,0.0233673323690734,0.281412783720751,10.598557136595,0.0853276618780051,0.477497905563497,0.99999985728815,1,0.998756935066046,169905.894330805,143739.481343416,433174.485615998,4.23948950997663
12.044,0.0233673323690734,0.28143615105312,10.598557136595,0.0853347471276836,0.477537554978557,0.999999859641143,1,0.998764488408702,170075.885206408,143881.294612192,433641.574975858,4.24373111993812
12.045,0.0233673323690734,0.281459518385489,10.598557136595,0.0853418323773621,0.477577204393617,0.999999861956268,1,0.998771998490506,170246.04615791,144023.247793836,434109.167995274,4.24797697363108
12.046,0.0233673323690734,0.281482885717858,10.598557136595,0.0853489176270406,0.477616853808676,0.999999864234116,1,0.998779465540898,170416.377355473,144165.341026388,434577.265217342,4.25222707530137
12.047,0.0233673323690734,0.281506253050228,10.598557136595,0.0853560028767191,0.477656503223736,0.999999866475272,1,0.998786889788225,170586.878969427,144307.57444802,435045.86718574,4.2564814291991
12.048,0.0233673323690734,0.281529620382597,10.598557136595,0.0853630881263975,0.477696152638796,0.999999868680312,1,0.998794271459744,170757.551170274,144449.948197044,435514.974444732,4.2607400395786
12.049,0.0233673323690734,0.281552987714966,10.598557136595,0.085370173376076,0.477735802053855,0.999999870849803,1,0.998801610781629,170928.394128686,144592.462411906,435984.587539171,4.2650029106985
12.05,0.0233673323690734,0.281576355047335,10.598557136595,0.0853772586257545,0.477775451468915,0.999999872984302,1,0.998808907978972,171099.408015507,144735.11723119,436454.707014496,4.26927004682167
12.051,0.0233673323690734,0.281599722379704,10.598557136595,0.085384343875433,0.477815100883975,0.999999875084359,1,0.998816163275793,171270.593001751,144877.912793615,436925.333416734,4.27354145221523
12.052,0.0233673323690734,0.281623089712073,10.598557136595,0.0853914291251115,0.477854750299034,0.999999877150515,1,0.998823376895036,171441.949258601,145020.84923804,437396.4672925,4.27781713115061
12.053,0.0233673323690734,0.281646457044442,10.598557136595,0.08539851437479,0.477894399714094,0.999999879183303,1,0.998830549058581,171613.476957415,145163.926703458,437868.109189002,4.28209708790348
12.054,0.0233673323690734,0.281669824376811,10.598557136595,0.0854055996244685,0.477934049129154,0.999999881183248,1,0.998837679987246,171785.17626972,145307.145329,438340.259654034,4.28638132675378
12.055,0.0233673323690734,0.28169319170918,10.598557136595,0.085412684874147,0.477973698544213,0.999999883150866,1,0.998844769900789,171957.047367216,145450.505253935,438812.919235981,4.29066985198577
12.056,0.0233673323690734,0.281716559041549,10.598557136595,0.0854197701238254,0.478013347959273,0.999999885086667,1,0.998851819017913,172129.090421774,145594.006617669,439286.088483825,4.29496266788798
12.057,0.0233673323690734,0.281739926373918,10.598557136595,0.0854268553735039,0.478052997374333,0.999999886991151,1,0.998858827556275,172301.305605436,145737.649559745,439759.767947131,4.29925977875321
12.058,0.0233673323690734,0.281763293706287,10.598557136595,0.0854339406231824,0.478092646789392,0.999999888864812,1,0.998865795732483,172473.693090418,145881.434219843,440233.958176063,4.30356118887857
12.059,0.0233673323690734,0.281786661038656,10.598557136595,0.0854410258728609,0.478132296204452,0.999999890708136,1,0.998872723762105,172646.253049108,146025.360737785,440708.659721377,4.30786690256549
12.06,0.0233673323690734,0.281810028371026,10.598557136595,0.0854481111225394,0.478171945619512,0.999999892521601,1,0.998879611859672,172818.985654066,146169.429253525,441183.873134421,4.31217692411966
12.061,0.0233673323690734,0.281833395703395,10.598557136595,0.0854551963722179,0.478211595034571,0.999999894305678,1,0.998886460238683,172991.891078023,146313.639907159,441659.59896714,4.31649125785111
12.062,0.0233673323690734,0.281856763035764,10.598557136595,0.0854622816218964,0.478251244449631,0.999999896060832,1,0.998893269111607,173164.969493886,146457.99283892,442135.837772072,4.3208099080742
12.063,0.0233673323690734,0.281880130368133,10.598557136595,0.0854693668715748,0.478290893864691,0.999999897787518,1,0.998900038689891,173338.221074732,146602.488189179,442612.590102353,4.32513287910754
12.064,0.0233673323690734,0.281903497700502,10.598557136595,0.0854764521212533,0.47833054327975,0.999999899486188,1,0.998906769183958,173511.645993814,146747.126098447,443089.856511712,4.32946017527412
12.065,0.0233673323690734,0.281926865032871,10.598557136595,0.0854835373709318,0.47837019269481,0.999999901157283,1,0.99891346080322,173685.244424557,146891.906707372,443567.637554479,4.33379180090123
12.066,0.0233673323690734,0.28195023236524,10.598557136595,0.0854906226206103,0.47840984210987,0.999999902801239,1,0.998920113756074,173859.016540559,147036.830156742,444045.933785581,4.33812776032052
12.067,0.0233673323690734,0.281973599697609,10.598557136595,0.0854977078702888,0.478449491524929,0.999999904418487,1,0.998926728249909,174032.962515591,147181.896587482,444524.745760539,4.34246805786792
12.068,0.0233673323690734,0.281996967029978,10.598557136595,0.0855047931199673,0.478489140939989,0.999999906009449,1,0.998933304491113,174207.082523601,147327.106140659,445004.074035479,4.34681269788374
12.069,0.0233673323690734,0.282020334362347,10.598557136595,0.0855118783696457,0.478528790355049,0.999999907574541,1,0.998939842685074,174381.376738707,147472.458957476,445483.919167124,4.35116168471262
12.07,0.0233673323690734,0.282043701694716,10.598557136595,0.0855189636193242,0.478568439770108,0.999999909114174,1,0.998946343036183,174555.845335205,147617.955179277,445964.281712797,4.35551502270355
12.071,0.0233673323690734,0.282067069027085,10.598557136595,0.0855260488690027,0.478608089185168,0.99999991062875,1,0.998952805747841,174730.488487563,147763.594947546,446445.162230422,4.35987271620987
12.072,0.0233673323690734,0.282090436359454,10.598557136595,0.0855331341186812,0.478647738600228,0.999999912118667,1,0.998959231022464,174905.306370424,147909.378403906,446926.561278525,4.36423476958926
12.073,0.0233673323690734,0.282113803691823,10.598557136595,0.0855402193683597,0.478687388015287,0.999999913584316,1,0.998965619061482,175080.299158606,148055.305690119,447408.479416235,4.36860118720379
12.074,0.0233673323690734,0.282137171024193,10.598557136595,0.0855473046180382,0.478727037430347,0.999999915026083,1,0.998971970065348,175255.467027101,148201.376948087,447890.917203281,4.37297197341987
12.075,0.0233673323690734,0.282160538356562,10.598557136595,0.0855543898677167,0.478766686845407,0.999999916444347,1,0.998978284233539,175430.810151078,148347.592319853,448373.8752,4.37734713260829
12.076,0.0233673323690734,0.282183905688931,10.598557136595,0.0855614751173952,0.478806336260466,0.999999917839481,1,0.998984561764564,175606.32870588,148493.951947599,448857.353967331,4.38172666914421
12.077,0.0233673323690734,0.2822072730213,10.598557136595,0.0855685603670736,0.478845985675526,0.999999919211853,1,0.998990802855961,175782.022867026,148640.455973649,449341.354066815,4.38611058740715
12.078,0.0233673323690734,0.282230640353669,10.598557136595,0.0855756456167521,0.478885635090586,0.999999920561824,1,0.99899700770431,175957.892810208,148787.104540465,449825.876060603,4.39049889178105
12.079,0.0233673323690734,0.282254007686038,10.598557136595,0.0855827308664306,0.478925284505645,0.999999921889752,1,0.999003176505229,176133.938711299,148933.897790652,450310.920511452,4.39489158665422
12.08,0.0233673323690734,0.282277375018407,10.598557136595,0.0855898161161091,0.478964933920705,0.999999923195987,1,0.999009309453384,176310.160746342,149080.835866954,450796.48798272,4.39928867641933
12.081,0.0233673323690734,0.282300742350776,10.598557136595,0.0855969013657876,0.479004583335765,0.999999924480875,1,0.999015406742487,176486.559091561,149227.918912256,451282.579038381,4.40369016547348
12.082,0.0233673323690734,0.282324109683145,10.598557136595,0.0856039866154661,0.479044232750824,0.999999925744755,1,0.999021468565306,176663.133923354,149375.147069585,451769.19424301,4.40809605821818
12.083,0.0233673323690734,0.282347477015514,10.598557136595,0.0856110718651446,0.479083882165884,0.999999926987963,1,0.999027495113666,176839.885418296,149522.520482108,452256.334161796,4.41250635905929
12.084,0.0233673323690734,0.282370844347883,10.598557136595,0.085618157114823,0.479123531580944,0.999999928210827,1,0.999033486578453,177016.813753137,149670.039293133,452743.999360531,4.41692107240712
12.085,0.0233673323690734,0.282394211680252,10.598557136595,0.0856252423645015,0.479163180996003,0.999999929413674,1,0.999039443149617,177193.919104808,149817.703646111,453232.190405626,4.42134020267641
12.086,0.0233673323690734,0.282417579012621,10.598557136595,0.08563232761418,0.479202830411063,0.999999930596821,1,0.999045365016179,177371.201650412,149965.513684633,453720.907864095,4.42576375428626
12.087,0.0233673323690734,0.282440946344991,10.598557136595,0.0856394128638585,0.479242479826123,0.999999931760585,1,0.999051252366232,177548.661567232,150113.469552433,454210.152303566,4.43019173166023
12.088,0.0233673323690734,0.28246431367736,10.598557136595,0.085646498113537,0.479282129241182,0.999999932905273,1,0.999057105386946,177726.299032729,150261.571393385,454699.924292282,4.43462413922631
12.089,0.0233673323690734,0.282487681009729,10.598557136595,0.0856535833632155,0.479321778656242,0.999999934031192,1,0.999062924264572,177904.11422454,150409.819351507,455190.224399092,4.4390609814169
12.09,0.0233673323690734,0.282511048342098,10.598557136595,0.085660668612894,0.479361428071301,0.999999935138641,1,0.999068709184446,178082.107320479,150558.213570958,455681.053193466,4.44350226266883
12.091,0.0233673323690734,0.282534415674467,10.598557136595,0.0856677538625725,0.479401077486361,0.999999936227916,1,0.999074460330992,178260.278498542,150706.754196039,456172.411245484,4.44794798742341
12.092,0.0233673323690734,0.282557783006836,10.598557136595,0.0856748391122509,0.479440726901421,0.999999937299308,1,0.999080177887726,178438.627936897,150855.441371194,456664.299125839,4.45239816012633
12.093,0.0233673323690734,0.282581150339205,10.598557136595,0.0856819243619294,0.47948037631648,0.999999938353103,1,0.999085862037262,178617.155813895,151004.275241008,457156.717405843,4.45685278522779
12.094,0.0233673323690734,0.282604517671574,10.598557136595,0.0856890096116079,0.47952002573154,0.999999939389583,1,0.999091512961312,178795.862308063,151153.255950211,457649.666657423,4.4613118671824
12.095,0.0233673323690734,0.282627885003943,10.598557136595,0.0856960948612864,0.4795596751466,0.999999940409024,1,0.999097130840693,178974.74759811,151302.383643675,458143.147453123,4.46577541044926
12.096,0.0233673323690734,0.282651252336312,10.598557136595,0.0857031801109649,0.479599324561659,0.999999941411702,1,0.999102715855329,179153.811862918,151451.658466414,458637.160366102,4.47024341949189
12.097,0.0233673323690734,0.282674619668681,10.598557136595,0.0857102653606434,0.479638973976719,0.999999942397884,1,0.999108268184258,179333.055281553,151601.080563585,459131.705970139,4.47471589877832
12.098,0.0233673323690734,0.28269798700105,10.598557136595,0.0857173506103218,0.479678623391779,0.999999943367835,1,0.99911378800563,179512.478033259,151750.650080489,459626.784839633,4.47919285278101
12.099,0.0233673323690734,0.282721354333419,10.598557136595,0.0857244358600003,0.479718272806838,0.999999944321815,1,0.999119275496715,179692.080297457,151900.367162572,460122.397549599,4.48367428597695
12.1,0.0233673323690734,0.282744721665788,10.598557136595,0.0857315211096788,0.479757922221898,0.999999945260082,1,0.999124730833907,179871.862253751,152050.23195542,460618.544675676,4.48816020284753
12.101,0.0233673323690734,0.282768088998158,10.598557136595,0.0857386063593573,0.479797571636958,0.999999946182888,1,0.999130154192725,180051.824081922,152200.244604764,461115.226794118,4.49265060787869
12.102,0.0233673323690734,0.282791456330527,10.598557136595,0.0857456916090358,0.479837221052017,0.999999947090481,1,0.999135545747821,180231.965961932,152350.405256481,461612.444481809,4.49714550556084
12.103,0.0233673323690734,0.282814823662896,10.598557136595,0.0857527768587143,0.479876870467077,0.999999947983105,1,0.999140905672976,180412.288073923,152500.714056588,462110.198316246,4.50164490038886
12.104,0.0233673323690734,0.282838190995265,10.598557136595,0.0857598621083928,0.479916519882137,0.999999948861003,1,0.999146234141114,180592.790598217,152651.171151248,462608.488875554,4.50614879686216
12.105,0.0233673323690734,0.282861558327634,10.598557136595,0.0857669473580712,0.479956169297196,0.99999994972441,1,0.999151531324298,180773.473715317,152801.776686771,463107.316738481,4.51065719948464
12.106,0.0233673323690734,0.282884925660003,10.598557136595,0.0857740326077497,0.479995818712256,0.999999950573561,1,0.999156797393735,180954.337605906,152952.530809606,463606.682484396,4.51517011276469
12.107,0.0233673323690734,0.282908292992372,10.598557136595,0.0857811178574282,0.480035468127316,0.999999951408684,1,0.999162032519782,181135.382450847,153103.43366635,464106.586693296,4.51968754121522
12.108,0.0233673323690734,0.282931660324741,10.598557136595,0.0857882031071067,0.480075117542375,0.999999952230006,1,0.99916723687195,181316.608431186,153254.485403744,464607.029945803,4.52420948935368
12.109,0.0233673323690734,0.28295502765711,10.598557136595,0.0857952883567852,0.480114766957435,0.99999995303775,1,0.999172410618903,181498.015728149,153405.686168673,465108.012823163,4.528735961702
12.11,0.0233673323690734,0.282978394989479,10.598557136595,0.0858023736064637,0.480154416372495,0.999999953832135,1,0.999177553928467,181679.604523142,153557.036108168,465609.535907252,4.53326696278666
12.111,0.0233673323690734,0.283001762321848,10.598557136595,0.0858094588561422,0.480194065787554,0.999999954613375,1,0.99918266696763,181861.374997755,153708.535369405,466111.599780571,4.53780249713867
12.112,0.0233673323690734,0.283025129654217,10.598557136595,0.0858165441058207,0.480233715202614,0.999999955381684,1,0.999187749902547,182043.327333758,153860.184099703,466614.205026247,4.54234256929354
12.113,0.0233673323690734,0.283048496986586,10.598557136595,0.0858236293554991,0.480273364617674,0.999999956137271,1,0.999192802898545,182225.461713103,154011.98244653,467117.352228042,4.54688718379136
12.114,0.0233673323690734,0.283071864318955,10.598557136595,0.0858307146051776,0.480313014032733,0.99999995688034,1,0.999197826120123,182407.778317926,154163.930557496,467621.041970342,4.55143634517676
12.115,0.0233673323690734,0.283095231651325,10.598557136595,0.0858377998548561,0.480352663447793,0.999999957611095,1,0.99920281973096,182590.277330542,154316.028580359,468125.274838166,4.55599005799887
12.116,0.0233673323690734,0.283118598983694,10.598557136595,0.0858448851045346,0.480392312862853,0.999999958329734,1,0.999207783893914,182772.95893345,154468.276663022,468630.051417161,4.56054832681141
12.117,0.0233673323690734,0.283141966316063,10.598557136595,0.0858519703542131,0.480431962277912,0.999999959036454,1,0.999212718771029,182955.823309333,154620.674953533,469135.372293611,4.56511115617267
12.118,0.0233673323690734,0.283165333648432,10.598557136595,0.0858590556038916,0.480471611692972,0.999999959731447,1,0.999217624523537,183138.870641054,154773.223600088,469641.238054426,4.56967855064546
12.119,0.0233673323690734,0.283188700980801,10.598557136595,0.08586614085357,0.480511261108032,0.999999960414904,1,0.999222501311863,183322.101111661,154925.922751028,470147.64928715,4.57425051479719
12.12,0.0233673323690734,0.28321206831317,10.598557136595,0.0858732261032485,0.480550910523091,0.999999961087012,1,0.999227349295626,183505.514904385,155078.772554841,470654.606579966,4.57882705319981
12.121,0.0233673323690734,0.283235435645539,10.598557136595,0.085880311352927,0.480590559938151,0.999999961747953,1,0.999232168633645,183689.112202639,155231.773160159,471162.110521684,4.58340817042987
12.122,0.0233673323690734,0.283258802977908,10.598557136595,0.0858873966026055,0.480630209353211,0.999999962397911,1,0.999236959483939,183872.89319002,155384.924715765,471670.161701753,4.58799387106847
12.123,0.0233673323690734,0.283282170310277,10.598557136595,0.085894481852284,0.48066985876827,0.999999963037062,1,0.999241722003736,184056.85805031,155538.227370586,472178.760710258,4.59258415970134
12.124,0.0233673323690734,0.283305537642646,10.598557136595,0.0859015671019625,0.48070950818333,0.999999963665582,1,0.999246456349472,184241.006967473,155691.681273695,472687.908137916,4.59717904091874
12.125,0.0233673323690734,0.283328904975015,10.598557136595,0.085908652351641,0.48074915759839,0.999999964283644,1,0.999251162676795,184425.340125658,155845.286574314,473197.604576087,4.60177851931556
12.126,0.0233673323690734,0.283352272307384,10.598557136595,0.0859157376013194,0.480788807013449,0.999999964891418,1,0.999255841140572,184609.857709199,155999.043421812,473707.850616764,4.60638259949129
12.127,0.0233673323690734,0.283375639639753,10.598557136595,0.0859228228509979,0.480828456428509,0.99999996548907,1,0.999260491894885,184794.559902613,156152.951965706,474218.646852581,4.61099128605001
12.128,0.0233673323690734,0.283399006972123,10.598557136595,0.0859299081006764,0.480868105843569,0.999999966076766,1,0.999265115093044,184979.446890603,156307.012355657,474729.993876809,4.61560458360039
12.129,0.0233673323690734,0.283422374304492,10.598557136595,0.0859369933503549,0.480907755258628,0.999999966654668,1,0.999269710887583,185164.518858054,156461.224741479,475241.89228336,4.62022249675574
12.13,0.0233673323690734,0.283445741636861,10.598557136595,0.0859440786000334,0.480947404673688,0.999999967222934,1,0.999274279430266,185349.77599004,156615.589273129,475754.342666786,4.62484503013397
12.131,0.0233673323690734,0.28346910896923,10.598557136595,0.0859511638497119,0.480987054088748,0.999999967781722,1,0.999278820872091,185535.218471818,156770.106100716,476267.345622282,4.62947218835763
12.132,0.0233673323690734,0.283492476301599,10.598557136595,0.0859582490993904,0.481026703503807,0.999999968331186,1,0.999283335363292,185720.846488829,156924.775374493,476780.90174568,4.63410397605385
12.133,0.0233673323690734,0.283515843633968,10.598557136595,0.0859653343490688,0.481066352918867,0.999999968871478,1,0.999287823053343,185906.660226702,157079.597244864,477295.01163346,4.63874039785443
12.134,0.0233673323690734,0.283539210966337,10.598557136595,0.0859724195987473,0.481106002333927,0.999999969402748,1,0.999292284090963,186092.659871251,157234.571862381,477809.675882742,4.6433814583958
12.135,0.0233673323690734,0.283562578298706,10.598557136595,0.0859795048484258,0.481145651748986,0.999999969925142,1,0.999296718624115,186278.845608476,157389.699377744,478324.89509129,4.64802716231902
12.136,0.0233673323690734,0.283585945631075,10.598557136595,0.0859865900981043,0.481185301164046,0.999999970438806,1,0.999301126800015,186465.217624561,157544.979941802,478840.669857512,4.65267751426978
12.137,0.0233673323690734,0.283609312963444,10.598557136595,0.0859936753477828,0.481224950579106,0.999999970943882,1,0.99930550876513,186651.77610588,157700.413705553,479357.000780467,4.65733251889845
12.138,0.0233673323690734,0.283632680295813,10.598557136595,0.0860007605974613,0.481264599994165,0.999999971440511,1,0.999309864665185,186838.52123899,157856.000820143,479873.88845985,4.66199218086002
12.139,0.0233673323690734,0.283656047628182,10.598557136595,0.0860078458471398,0.481304249409225,0.999999971928829,1,0.999314194645165,187025.453210637,158011.741436868,480391.33349601,4.66665650481417
12.14,0.0233673323690734,0.283679414960551,10.598557136595,0.0860149310968183,0.481343898824285,0.999999972408974,1,0.999318498849319,187212.572207753,158167.635707173,480909.336489943,4.67132549542521
12.141,0.0233673323690734,0.28370278229292,10.598557136595,0.0860220163464967,0.481383548239344,0.999999972881079,1,0.999322777421159,187399.878417457,158323.683782654,481427.898043289,4.67599915736213
12.142,0.0233673323690734,0.28372614962529,10.598557136595,0.0860291015961752,0.481423197654404,0.999999973345275,1,0.999327030503471,187587.372027055,158479.885815053,481947.01875834,4.68067749529859
12.143,0.0233673323690734,0.283749516957659,10.598557136595,0.0860361868458537,0.481462847069464,0.999999973801691,1,0.999331258238312,187775.05322404,158636.241956265,482466.699238038,4.68536051391295
12.144,0.0233673323690734,0.283772884290028,10.598557136595,0.0860432720955322,0.481502496484523,0.999999974250456,1,0.999335460767017,187962.922196095,158792.752358333,482986.940085971,4.69004821788821
12.145,0.0233673323690734,0.283796251622397,10.598557136595,0.0860503573452107,0.481542145899583,0.999999974691694,1,0.999339638230197,188150.979131087,158949.417173451,483507.741906383,4.69474061191207
12.146,0.0233673323690734,0.283819618954766,10.598557136595,0.0860574425948892,0.481581795314643,0.999999975125529,1,0.99934379076775,188339.224217074,159106.236553963,484029.105304166,4.69943770067695
12.147,0.0233673323690734,0.283842986287135,10.598557136595,0.0860645278445677,0.481621444729702,0.999999975552082,1,0.999347918518857,188527.657642301,159263.210652363,484551.030884866,4.70413948887991
12.148,0.0233673323690734,0.283866353619504,10.598557136595,0.0860716130942461,0.481661094144762,0.999999975971473,1,0.999352021621989,188716.279595201,159420.339621295,485073.51925468,4.70884598122275
12.149,0.0233673323690734,0.283889720951873,10.598557136595,0.0860786983439246,0.481700743559822,0.999999976383819,1,0.99935610021491,188905.090264397,159577.623613555,485596.571020462,4.71355718241198
12.15,0.0233673323690734,0.283913088284242,10.598557136595,0.0860857835936031,0.481740392974881,0.999999976789235,1,0.999360154434679,189094.089838698,159735.062782088,486120.186789717,4.71827309715876
12.151,0.0233673323690734,0.283936455616611,10.598557136595,0.0860928688432816,0.481780042389941,0.999999977187836,1,0.999364184417653,189283.278507105,159892.657279992,486644.367170605,4.72299373017904
12.152,0.0233673323690734,0.28395982294898,10.598557136595,0.0860999540929601,0.481819691805001,0.999999977579734,1,0.999368190299492,189472.656458807,160050.407260513,487169.112771948,4.72771908619346
12.153,0.0233673323690734,0.283983190281349,10.598557136595,0.0861070393426386,0.48185934122006,0.999999977965038,1,0.99937217221516,189662.223883181,160208.312877053,487694.424203215,4.73244916992734
12.154,0.0233673323690734,0.284006557613718,10.598557136595,0.0861141245923171,0.48189899063512,0.999999978343857,1,0.999376130298929,189851.980969794,160366.374283159,488220.302074538,4.73718398611079
12.155,0.0233673323690734,0.284029924946088,10.598557136595,0.0861212098419955,0.48193864005018,0.999999978716298,1,0.999380064684384,190041.927908404,160524.591632535,488746.746996709,4.74192353947863
12.156,0.0233673323690734,0.284053292278457,10.598557136595,0.086128295091674,0.481978289465239,0.999999979082465,1,0.999383975504422,190232.064888958,160682.965079034,489273.75958117,4.74666783477039
12.157,0.0233673323690734,0.284076659610826,10.598557136595,0.0861353803413525,0.482017938880299,0.999999979442463,1,0.999387862891258,190422.392101593,160841.494776661,489801.340440032,4.75141687673039
12.158,0.0233673323690734,0.284100026943195,10.598557136595,0.086142465591031,0.482057588295358,0.999999979796392,1,0.999391726976428,190612.909736635,161000.180879573,490329.490186059,4.75617067010765
12.159,0.0233673323690734,0.284123394275564,10.598557136595,0.0861495508407095,0.482097237710418,0.999999980144353,1,0.999395567890791,190803.617984604,161159.023542081,490858.209432682,4.76092921965599
12.16,0.0233673323690734,0.284146761607933,10.598557136595,0.086156636090388,0.482136887125478,0.999999980486443,1,0.999399385764534,190994.517036206,161318.022918645,491387.498793987,4.76569253013394
12.161,0.0233673323690734,0.284170128940302,10.598557136595,0.0861637213400664,0.482176536540537,0.99999998082276,1,0.999403180727171,191185.607082341,161477.179163879,491917.358884724,4.77046060630482
12.162,0.0233673323690734,0.284193496272671,10.598557136595,0.0861708065897449,0.482216185955597,0.9999999811534,1,0.999406952907551,191376.888314099,161636.49243255,492447.790320311,4.7752334529367
12.163,0.0233673323690734,0.28421686360504,10.598557136595,0.0861778918394234,0.482255835370657,0.999999981478455,1,0.999410702433858,191568.360922761,161795.962879577,492978.793716824,4.78001107480244
12.164,0.0233673323690734,0.284240230937409,10.598557136595,0.0861849770891019,0.482295484785716,0.999999981798018,1,0.999414429433614,191760.0250998,161955.590660033,493510.369691002,4.78479347667965
12.165,0.0233673323690734,0.284263598269778,10.598557136595,0.0861920623387804,0.482335134200776,0.999999982112179,1,0.999418134033684,191951.881036881,162115.375929142,494042.518860256,4.78958066335073
12.166,0.0233673323690734,0.284286965602147,10.598557136595,0.0861991475884589,0.482374783615836,0.999999982421028,1,0.999421816360277,192143.928925858,162275.318842282,494575.241842657,4.79437263960288
12.167,0.0233673323690734,0.284310332934516,10.598557136595,0.0862062328381374,0.482414433030895,0.999999982724653,1,0.999425476538949,192336.168958781,162435.419554985,495108.539256944,4.79916941022806
12.168,0.0233673323690734,0.284333700266885,10.598557136595,0.0862133180878158,0.482454082445955,0.999999983023141,1,0.999429114694607,192528.601327888,162595.678222936,495642.411722523,4.80397098002305
12.169,0.0233673323690734,0.284357067599255,10.598557136595,0.0862204033374943,0.482493731861015,0.999999983316575,1,0.999432730951514,192721.226225613,162756.095001974,496176.85985947,4.80877735378943
12.17,0.0233673323690734,0.284380434931624,10.598557136595,0.0862274885871728,0.482533381276074,0.99999998360504,1,0.999436325433285,192914.04384458,162916.67004809,496711.884288526,4.81358853633356
12.171,0.0233673323690734,0.284403802263993,10.598557136595,0.0862345738368513,0.482573030691134,0.999999983888618,1,0.9994398982629,193107.054377606,163077.403517431,497247.485631103,4.81840453246663
12.172,0.0233673323690734,0.284427169596362,10.598557136595,0.0862416590865298,0.482612680106194,0.99999998416739,1,0.999443449562696,193300.258017704,163238.295566297,497783.664509286,4.82322534700463
12.173,0.0233673323690734,0.284450536928731,10.598557136595,0.0862487443362083,0.482652329521253,0.999999984441435,1,0.999446979454379,193493.654958075,163399.346351142,498320.421545824,4.82805098476838
12.174,0.0233673323690734,0.2844739042611,10.598557136595,0.0862558295858868,0.482691978936313,0.999999984710833,1,0.999450488059023,193687.245392118,163560.556028576,498857.757364145,4.83288145058351
12.175,0.0233673323690734,0.284497271593469,10.598557136595,0.0862629148355653,0.482731628351373,0.99999998497566,1,0.999453975497071,193881.029513422,163721.924755362,499395.672588345,4.83771674928051
12.176,0.0233673323690734,0.284520638925838,10.598557136595,0.0862700000852437,0.482771277766432,0.999999985235991,1,0.999457441888341,194075.007515772,163883.452688417,499934.167843192,4.84255688569465
12.177,0.0233673323690734,0.284544006258207,10.598557136595,0.0862770853349222,0.482810927181492,0.999999985491902,1,0.99946088735203,194269.179593145,164045.139984815,500473.243754132,4.84740186466608
12.178,0.0233673323690734,0.284567373590576,10.598557136595,0.0862841705846007,0.482850576596552,0.999999985743466,1,0.999464312006713,194463.545939715,164206.986801783,501012.900947282,4.85225169103979
12.179,0.0233673323690734,0.284590740922945,10.598557136595,0.0862912558342792,0.482890226011611,0.999999985990756,1,0.999467715970346,194658.106749846,164368.993296703,501553.140049433,4.85710636966558
12.18,0.0233673323690734,0.284614108255314,10.598557136595,0.0862983410839577,0.482929875426671,0.999999986233841,1,0.999471099360273,194852.8622181,164531.159627115,502093.961688057,4.86196590539815
12.181,0.0233673323690734,0.284637475587683,10.598557136595,0.0863054263336362,0.482969524841731,0.999999986472793,1,0.999474462293227,195047.812539233,164693.485950712,502635.366491297,4.86683030309703
12.182,0.0233673323690734,0.284660842920053,10.598557136595,0.0863125115833147,0.48300917425679,0.999999986707679,1,0.999477804885328,195242.957908195,164855.972425343,503177.355087977,4.87169956762662
12.183,0.0233673323690734,0.284684210252422,10.598557136595,0.0863195968329931,0.48304882367185,0.999999986938568,1,0.999481127252095,195438.29852013,165018.619209013,503719.928107597,4.87657370385618
12.184,0.0233673323690734,0.284707577584791,10.598557136595,0.0863266820826716,0.48308847308691,0.999999987165527,1,0.99948442950844,195633.834570381,165181.426459882,504263.086180339,4.88145271665986
12.185,0.0233673323690734,0.28473094491716,10.598557136595,0.0863337673323501,0.483128122501969,0.999999987388619,1,0.999487711768677,195829.566254482,165344.394336268,504806.829937059,4.88633661091666
12.186,0.0233673323690734,0.284754312249529,10.598557136595,0.0863408525820286,0.483167771917029,0.999999987607911,1,0.99949097414652,196025.493768166,165507.522996643,505351.160009297,4.89122539151047
12.187,0.0233673323690734,0.284777679581898,10.598557136595,0.0863479378317071,0.483207421332089,0.999999987823465,1,0.99949421675509,196221.617307361,165670.812599637,505896.077029276,4.89611906333009
12.188,0.0233673323690734,0.284801046914267,10.598557136595,0.0863550230813856,0.483247070747148,0.999999988035343,1,0.999497439706915,196417.937068188,165834.263304036,506441.581629895,4.90101763126917
12.189,0.0233673323690734,0.284824414246636,10.598557136595,0.0863621083310641,0.483286720162208,0.999999988243608,1,0.999500643113933,196614.45324697,165997.875268782,506987.67444474,4.9059211002263
12.19,0.0233673323690734,0.284847781579005,10.598557136595,0.0863691935807425,0.483326369577268,0.999999988448319,1,0.999503827087497,196811.16604022,166161.648652975,507534.356108079,4.91082947510493
12.191,0.0233673323690734,0.284871148911374,10.598557136595,0.086376278830421,0.483366018992327,0.999999988649535,1,0.999506991738376,197008.075644654,166325.58361587,508081.627254863,4.91574276081345
12.192,0.0233673323690734,0.284894516243743,10.598557136595,0.0863833640800995,0.483405668407387,0.999999988847315,1,0.999510137176755,197205.182257179,166489.680316882,508629.488520729,4.92066096226514
12.193,0.0233673323690734,0.284917883576112,10.598557136595,0.086390449329778,0.483445317822447,0.999999989041717,1,0.999513263512242,197402.486074903,166653.938915581,509177.940541997,4.9255840843782
12.194,0.0233673323690734,0.284941250908481,10.598557136595,0.0863975345794565,0.483484967237506,0.999999989232797,1,0.999516370853872,197599.987295129,166818.359571695,509726.983955677,4.93051213207575
12.195,0.0233673323690734,0.28496461824085,10.598557136595,0.086404619829135,0.483524616652566,0.99999998942061,1,0.999519459310103,197797.68611536,166982.94244511,510276.619399465,4.93544511028586
12.196,0.0233673323690734,0.284987985573219,10.598557136595,0.0864117050788135,0.483564266067626,0.999999989605211,1,0.999522528988823,197995.582733293,167147.68769587,510826.847511738,4.94038302394147
12.197,0.0233673323690734,0.285011352905589,10.598557136595,0.0864187903284919,0.483603915482685,0.999999989786653,1,0.999525579997354,198193.677346825,167312.595484175,511377.668931572,4.94532587798053
12.198,0.0233673323690734,0.285034720237958,10.598557136595,0.0864258755781704,0.483643564897745,0.999999989964991,1,0.999528612442453,198391.970154051,167477.665970385,511929.084298725,4.95027367734588
12.199,0.0233673323690734,0.285058087570327,10.598557136595,0.0864329608278489,0.483683214312805,0.999999990140275,1,0.999531626430312,198590.461353264,167642.899315018,512481.094253646,4.95522642698531
12.2,0.0233673323690734,0.285081454902696,10.598557136595,0.0864400460775274,0.483722863727864,0.999999990312557,1,0.999534622066565,198789.151142954,167808.29567875,513033.699437477,4.96018413185159
12.201,0.0233673323690734,0.285104822235065,10.598557136595,0.0864471313272059,0.483762513142924,0.999999990481887,1,0.999537599456288,198988.039721813,167973.855222415,513586.900492048,4.96514679690242
12.202,0.0233673323690734,0.285128189567434,10.598557136595,0.0864542165768844,0.483802162557984,0.999999990648315,1,0.999540558704004,199187.127288727,168139.578107007,514140.698059883,4.97011442710044
12.203,0.0233673323690734,0.285151556899803,10.598557136595,0.0864613018265629,0.483841811973043,0.999999990811889,1,0.999543499913681,199386.414042786,168305.464493678,514695.092784199,4.97508702741332
12.204,0.0233673323690734,0.285174924232172,10.598557136595,0.0864683870762414,0.483881461388103,0.999999990972657,1,0.999546423188741,199585.900183275,168471.514543738,515250.085308907,4.98006460281364
12.205,0.0233673323690734,0.285198291564541,10.598557136595,0.0864754723259198,0.483921110803162,0.999999991130667,1,0.999549328632056,199785.585909681,168637.728418657,515805.67627861,4.98504715827897
12.206,0.0233673323690734,0.28522165889691,10.598557136595,0.0864825575755983,0.483960760218222,0.999999991285965,1,0.999552216345956,199985.47142169,168804.106280067,516361.866338607,4.99003469879187
12.207,0.0233673323690734,0.285245026229279,10.598557136595,0.0864896428252768,0.484000409633282,0.999999991438595,1,0.999555086432228,200185.556919187,168970.648289754,516918.656134896,4.9950272293399
12.208,0.0233673323690734,0.285268393561648,10.598557136595,0.0864967280749553,0.484040059048341,0.999999991588604,1,0.999557938992121,200385.842602257,169137.354609669,517476.046314166,5.00002475491556
12.209,0.0233673323690734,0.285291760894017,10.598557136595,0.0865038133246338,0.484079708463401,0.999999991736035,1,0.999560774126346,200586.328671186,169304.225401918,518034.037523808,5.0050272805164
12.21,0.0233673323690734,0.285315128226387,10.598557136595,0.0865108985743123,0.484119357878461,0.999999991880932,1,0.999563591935081,200787.015326461,169471.260828771,518592.63041191,5.01003481114494
12.211,0.0233673323690734,0.285338495558756,10.598557136595,0.0865179838239907,0.48415900729352,0.999999992023336,1,0.999566392517972,200987.902768768,169638.461052655,519151.825627255,5.01504735180871
12.212,0.0233673323690734,0.285361862891125,10.598557136595,0.0865250690736692,0.48419865670858,0.999999992163291,1,0.999569175974136,201188.991198995,169805.82623616,519711.623819332,5.02006490752024
12.213,0.0233673323690734,0.285385230223494,10.598557136595,0.0865321543233477,0.48423830612364,0.999999992300837,1,0.999571942402164,201390.280818229,169973.356542035,520272.025638325,5.0250874832971
12.214,0.0233673323690734,0.285408597555863,10.598557136595,0.0865392395730262,0.484277955538699,0.999999992436016,1,0.999574691900121,201591.771827761,170141.052133189,520833.031735122,5.03011508416186
12.215,0.0233673323690734,0.285431964888232,10.598557136595,0.0865463248227047,0.484317604953759,0.999999992568866,1,0.999577424565555,201793.464429082,170308.913172692,521394.642761312,5.03514771514213
12.216,0.0233673323690734,0.285455332220601,10.598557136595,0.0865534100723832,0.484357254368819,0.999999992699427,1,0.999580140495488,201995.358823884,170476.939823776,521956.859369188,5.04018538127053
12.217,0.0233673323690734,0.28547869955297,10.598557136595,0.0865604953220617,0.484396903783878,0.999999992827738,1,0.999582839786433,202197.455214062,170645.132249833,522519.682211742,5.04522808758473
12.218,0.0233673323690734,0.285502066885339,10.598557136595,0.0865675805717401,0.484436553198938,0.999999992953837,1,0.999585522534382,202399.753801711,170813.490614416,523083.111942675,5.05027583912744
12.219,0.0233673323690734,0.285525434217708,10.598557136595,0.0865746658214186,0.484476202613998,0.999999993077761,1,0.999588188834821,202602.254789131,170982.015081241,523647.14921639,5.05532864094641
12.22,0.0233673323690734,0.285548801550077,10.598557136595,0.0865817510710971,0.484515852029057,0.999999993199547,1,0.999590838782723,202804.958378824,171150.705814183,524211.794687999,5.06038649809445
12.221,0.0233673323690734,0.285572168882446,10.598557136595,0.0865888363207756,0.484555501444117,0.999999993319231,1,0.999593472472555,203007.864773491,171319.562977281,524777.049013315,5.0654494156294
12.222,0.0233673323690734,0.285595536214815,10.598557136595,0.0865959215704541,0.484595150859177,0.999999993436848,1,0.99959608999828,203210.97417604,171488.586734734,525342.912848862,5.07051739861418
12.223,0.0233673323690734,0.285618903547184,10.598557136595,0.0866030068201326,0.484634800274236,0.999999993552434,1,0.999598691453359,203414.28678958,171657.777250905,525909.386851871,5.07559045211679
12.224,0.0233673323690734,0.285642270879554,10.598557136595,0.0866100920698111,0.484674449689296,0.999999993666023,1,0.999601276930754,203617.802817424,171827.134690317,526476.471680285,5.08066858121028
12.225,0.0233673323690734,0.285665638211923,10.598557136595,0.0866171773194895,0.484714099104356,0.999999993777648,1,0.999603846522929,203821.522463087,171996.659217657,527044.167992749,5.08575179097277
12.226,0.0233673323690734,0.285689005544292,10.598557136595,0.086624262569168,0.484753748519415,0.999999993887343,1,0.999606400321852,204025.44593029,172166.350997773,527612.476448623,5.09084008648747
12.227,0.0233673323690734,0.285712372876661,10.598557136595,0.0866313478188465,0.484793397934475,0.99999999399514,1,0.999608938419001,204229.573422956,172336.210195678,528181.39770798,5.0959334728427
12.228,0.0233673323690734,0.28573574020903,10.598557136595,0.086638433068525,0.484833047349535,0.999999994101073,1,0.999611460905362,204433.905145213,172506.236976545,528750.932431599,5.10103195513181
12.229,0.0233673323690734,0.285759107541399,10.598557136595,0.0866455183182035,0.484872696764594,0.999999994205171,1,0.999613967871434,204638.441301391,172676.431505711,529321.081280978,5.1061355384533
12.23,0.0233673323690734,0.285782474873768,10.598557136595,0.086652603567882,0.484912346179654,0.999999994307467,1,0.99961645940723,204843.182096029,172846.793948677,529891.844918322,5.11124422791076
12.231,0.0233673323690734,0.285805842206137,10.598557136595,0.0866596888175605,0.484951995594714,0.999999994407991,1,0.999618935602281,205048.127733865,173017.324471107,530463.224006555,5.11635802861287
12.232,0.0233673323690734,0.285829209538506,10.598557136595,0.0866667740672389,0.484991645009773,0.999999994506773,1,0.999621396545637,205253.278419845,173188.023238827,531035.219209314,5.12147694567344
12.233,0.0233673323690734,0.285852576870875,10.598557136595,0.0866738593169174,0.485031294424833,0.999999994603842,1,0.999623842325868,205458.634359122,173358.890417829,531607.83119095,5.12660098421138
12.234,0.0233673323690734,0.285875944203244,10.598557136595,0.0866809445665959,0.485070943839893,0.999999994699229,1,0.99962627303107,205664.19575705,173529.926174267,532181.060616533,5.13173014935073
12.235,0.0233673323690734,0.285899311535613,10.598557136595,0.0866880298162744,0.485110593254952,0.99999999479296,1,0.999628688748863,205869.962819191,173701.130674458,532754.908151847,5.13686444622065
12.236,0.0233673323690734,0.285922678867982,10.598557136595,0.0866951150659529,0.485150242670012,0.999999994885065,1,0.999631089566397,206075.935751312,173872.504084886,533329.374463399,5.14200387995546
12.237,0.0233673323690734,0.285946046200352,10.598557136595,0.0867022003156314,0.485189892085072,0.999999994975571,1,0.999633475570353,206282.114759385,174044.046572198,533904.46021841,5.14714845569457
12.238,0.0233673323690734,0.285969413532721,10.598557136595,0.0867092855653099,0.485229541500131,0.999999995064505,1,0.999635846846944,206488.500049591,174215.758303204,534480.166084821,5.15229817858256
12.239,0.0233673323690734,0.28599278086509,10.598557136595,0.0867163708149884,0.485269190915191,0.999999995151894,1,0.999638203481917,206695.091828314,174387.63944488,535056.492731297,5.15745305376917
12.24,0.0233673323690734,0.286016148197459,10.598557136595,0.0867234560646668,0.485308840330251,0.999999995237764,1,0.99964054556056,206901.890302146,174559.690164367,535633.440827217,5.16261308640926
12.241,0.0233673323690734,0.286039515529828,10.598557136595,0.0867305413143453,0.48534848974531,0.999999995322142,1,0.999642873167697,207108.895677886,174731.910628969,536211.011042691,5.16777828166286
12.242,0.0233673323690734,0.286062882862197,10.598557136595,0.0867376265640238,0.48538813916037,0.999999995405052,1,0.999645186387697,207316.108162538,174904.301006159,536789.204048544,5.17294864469518
12.243,0.0233673323690734,0.286086250194566,10.598557136595,0.0867447118137023,0.48542778857543,0.99999999548652,1,0.999647485304471,207523.527963316,175076.861463569,537368.020516326,5.17812418067657
12.244,0.0233673323690734,0.286109617526935,10.598557136595,0.0867517970633808,0.485467437990489,0.99999999556657,1,0.999649770001477,207731.155287639,175249.592169003,537947.461118315,5.18330489478257
12.245,0.0233673323690734,0.286132984859304,10.598557136595,0.0867588823130593,0.485507087405549,0.999999995645226,1,0.999652040561723,207938.990343135,175422.493290427,538527.526527509,5.1884907921939
12.246,0.0233673323690734,0.286156352191673,10.598557136595,0.0867659675627378,0.485546736820609,0.999999995722513,1,0.999654297067765,208147.033337639,175595.564995972,539108.217417634,5.19368187809645
12.247,0.0233673323690734,0.286179719524042,10.598557136595,0.0867730528124162,0.485586386235668,0.999999995798452,1,0.999656539601714,208355.284479193,175768.807453938,539689.534463143,5.19887815768132
12.248,0.0233673323690734,0.286203086856411,10.598557136595,0.0867801380620947,0.485626035650728,0.999999995873069,1,0.999658768245236,208563.743976049,175942.220832788,540271.478339214,5.20407963614478
12.249,0.0233673323690734,0.28622645418878,10.598557136595,0.0867872233117732,0.485665685065788,0.999999995946384,1,0.999660983079554,208772.412036666,176115.805301152,540854.049721756,5.2092863186883
12.25,0.0233673323690734,0.286249821521149,10.598557136595,0.0867943085614517,0.485705334480847,0.999999996018421,1,0.99966318418545,208981.288869713,176289.561027828,541437.249287404,5.21449821051858
12.251,0.0233673323690734,0.286273188853519,10.598557136595,0.0868013938111302,0.485744983895907,0.999999996089201,1,0.999665371643268,209190.374684066,176463.488181778,542021.077713526,5.2197153168475
12.252,0.0233673323690734,0.286296556185888,10.598557136595,0.0868084790608087,0.485784633310967,0.999999996158746,1,0.999667545532916,209399.669688811,176637.586932134,542605.535678217,5.22493764289218
12.253,0.0233673323690734,0.286319923518257,10.598557136595,0.0868155643104871,0.485824282726026,0.999999996227077,1,0.999669705933868,209609.174093244,176811.857448191,543190.623860303,5.23016519387493
12.254,0.0233673323690734,0.286343290850626,10.598557136595,0.0868226495601656,0.485863932141086,0.999999996294214,1,0.999671852925166,209818.888106867,176986.299899414,543776.342939346,5.23539797502332
12.255,0.0233673323690734,0.286366658182995,10.598557136595,0.0868297348098441,0.485903581556145,0.999999996360178,1,0.999673986585421,210028.811939397,177160.914455434,544362.693595637,5.24063599157011
12.256,0.0233673323690734,0.286390025515364,10.598557136595,0.0868368200595226,0.485943230971205,0.999999996424989,1,0.999676106992817,210238.945800756,177335.701286049,544949.676510204,5.24587924875334
12.257,0.0233673323690734,0.286413392847733,10.598557136595,0.0868439053092011,0.485982880386265,0.999999996488667,1,0.999678214225113,210449.289901078,177510.660561225,545537.292364804,5.25112775181624
12.258,0.0233673323690734,0.286436760180102,10.598557136595,0.0868509905588796,0.486022529801324,0.999999996551232,1,0.999680308359644,210659.844450708,177685.792451096,546125.541841933,5.25638150600734
12.259,0.0233673323690734,0.286460127512471,10.598557136595,0.0868580758085581,0.486062179216384,0.999999996612702,1,0.999682389473323,210870.6096602,177861.097125963,546714.425624824,5.26164051658039
12.26,0.0233673323690734,0.28648349484484,10.598557136595,0.0868651610582366,0.486101828631444,0.999999996673095,1,0.999684457642644,211081.585740318,178036.574756296,547303.944397443,5.26690478879438
12.261,0.0233673323690734,0.286506862177209,10.598557136595,0.086872246307915,0.486141478046503,0.999999996732432,1,0.999686512943684,211292.77290204,178212.225512733,547894.098844497,5.27217432791361
12.262,0.0233673323690734,0.286530229509578,10.598557136595,0.0868793315575935,0.486181127461563,0.999999996790729,1,0.999688555452103,211504.171356553,178388.04956608,548484.88965143,5.27744913920761
12.263,0.0233673323690734,0.286553596841947,10.598557136595,0.086886416807272,0.486220776876623,0.999999996848005,1,0.99969058524315,211715.781315255,178564.047087312,549076.317504423,5.28272922795118
12.264,0.0233673323690734,0.286576964174316,10.598557136595,0.0868935020569505,0.486260426291682,0.999999996904277,1,0.999692602391662,211927.602989756,178740.21824757,549668.3830904,5.28801459942441
12.265,0.0233673323690734,0.286600331506686,10.598557136595,0.086900587306629,0.486300075706742,0.999999996959563,1,0.999694606972065,212139.636591877,178916.563218169,550261.087097024,5.2933052589127
12.266,0.0233673323690734,0.286623698839055,10.598557136595,0.0869076725563075,0.486339725121802,0.999999997013879,1,0.999696599058381,212351.882333653,179093.082170589,550854.430212701,5.29860121170668
12.267,0.0233673323690734,0.286647066171424,10.598557136595,0.086914757805986,0.486379374536861,0.999999997067241,1,0.999698578724224,212564.340427328,179269.77527648,551448.413126578,5.30390246310231
12.268,0.0233673323690734,0.286670433503793,10.598557136595,0.0869218430556644,0.486419023951921,0.999999997119668,1,0.999700546042807,212777.011085362,179446.642707662,552043.036528545,5.30920901840085
12.269,0.0233673323690734,0.286693800836162,10.598557136595,0.0869289283053429,0.486458673366981,0.999999997171173,1,0.99970250108694,212989.894520425,179623.684636125,552638.301109236,5.31452088290885
12.27,0.0233673323690734,0.286717168168531,10.598557136595,0.0869360135550214,0.48649832278204,0.999999997221775,1,0.999704443929036,213202.9909454,179800.901234026,553234.20756003,5.31983806193817
12.271,0.0233673323690734,0.2867405355009,10.598557136595,0.0869430988046999,0.4865379721971,0.999999997271487,1,0.999706374641107,213416.300573383,179978.292673696,553830.756573054,5.32516056080601
12.272,0.0233673323690734,0.286763902833269,10.598557136595,0.0869501840543784,0.48657762161216,0.999999997320325,1,0.999708293294775,213629.823617685,180155.859127632,554427.948841176,5.33048838483484
12.273,0.0233673323690734,0.286787270165638,10.598557136595,0.0869572693040569,0.486617271027219,0.999999997368305,1,0.999710199961263,213843.560291829,180333.600768503,555025.785058015,5.3358215393525
12.274,0.0233673323690734,0.286810637498007,10.598557136595,0.0869643545537354,0.486656920442279,0.999999997415441,1,0.999712094711408,214057.51080955,180511.51776915,555624.265917937,5.34116002969216
12.275,0.0233673323690734,0.286834004830376,10.598557136595,0.0869714398034138,0.486696569857339,0.999999997461748,1,0.999713977615654,214271.6753848,180689.610302581,556223.392116056,5.34650386119228
12.276,0.0233673323690734,0.286857372162745,10.598557136595,0.0869785250530923,0.486736219272398,0.99999999750724,1,0.999715848744059,214486.054231744,180867.878541977,556823.164348237,5.3518530391967
12.277,0.0233673323690734,0.286880739495114,10.598557136595,0.0869856103027708,0.486775868687458,0.99999999755193,1,0.999717708166295,214700.647564759,181046.32266069,557423.583311095,5.35720756905463
12.278,0.0233673323690734,0.286904106827484,10.598557136595,0.0869926955524493,0.486815518102518,0.999999997595834,1,0.999719555951651,214915.45559844,181224.942832242,558024.649701993,5.36256745612055
12.279,0.0233673323690734,0.286927474159853,10.598557136595,0.0869997808021278,0.486855167517577,0.999999997638964,1,0.999721392169033,215130.478547594,181403.739230327,558626.364219052,5.36793270575438
12.28,0.0233673323690734,0.286950841492222,10.598557136595,0.0870068660518063,0.486894816932637,0.999999997681334,1,0.999723216886969,215345.716627246,181582.712028809,559228.72756114,5.37330332332138
12.281,0.0233673323690734,0.286974208824591,10.598557136595,0.0870139513014848,0.486934466347697,0.999999997722957,1,0.999725030173609,215561.170052631,181761.861401726,559831.740427883,5.37867931419213
12.282,0.0233673323690734,0.28699757615696,10.598557136595,0.0870210365511632,0.486974115762756,0.999999997763846,1,0.999726832096724,215776.839039204,181941.187523284,560435.403519658,5.38406068374265
12.283,0.0233673323690734,0.287020943489329,10.598557136595,0.0870281218008417,0.487013765177816,0.999999997804014,1,0.999728622723715,215992.723802635,182120.690567865,561039.717537597,5.3894474373543
12.284,0.0233673323690734,0.287044310821698,10.598557136595,0.0870352070505202,0.487053414592876,0.999999997843473,1,0.999730402121608,216208.824558807,182300.37071002,561644.683183595,5.39483958041384
12.285,0.0233673323690734,0.287067678154067,10.598557136595,0.0870422923001987,0.487093064007935,0.999999997882235,1,0.999732170357059,216425.141523822,182480.228124475,562250.301160292,5.40023711831341
12.286,0.0233673323690734,0.287091045486436,10.598557136595,0.0870493775498772,0.487132713422995,0.999999997920313,1,0.999733927496357,216641.674913996,182660.262986124,562856.572171097,5.40564005645054
12.287,0.0233673323690734,0.287114412818805,10.598557136595,0.0870564627995557,0.487172362838055,0.999999997957718,1,0.999735673605423,216858.424945864,182840.475470039,563463.496920169,5.41104840022818
12.288,0.0233673323690734,0.287137780151174,10.598557136595,0.0870635480492342,0.487212012253114,0.999999997994461,1,0.999737408749812,217075.391836174,183020.865751461,564071.076112434,5.41646215505469
12.289,0.0233673323690734,0.287161147483543,10.598557136595,0.0870706332989126,0.487251661668174,0.999999998030556,1,0.999739132994719,217292.575801895,183201.434005804,564679.310453571,5.42188132634378
12.29,0.0233673323690734,0.287184514815912,10.598557136595,0.0870777185485911,0.487291311083234,0.999999998066012,1,0.999740846404975,217509.977060209,183382.180408657,565288.200650023,5.42730591951466
12.291,0.0233673323690734,0.287207882148281,10.598557136595,0.0870848037982696,0.487330960498293,0.999999998100841,1,0.999742549045054,217727.595828519,183563.105135781,565897.747408998,5.43273593999192
12.292,0.0233673323690734,0.287231249480651,10.598557136595,0.0870918890479481,0.487370609913353,0.999999998135053,1,0.99974424097907,217945.432324442,183744.208363111,566507.951438458,5.43817139320556
12.293,0.0233673323690734,0.28725461681302,10.598557136595,0.0870989742976266,0.487410259328413,0.99999999816866,1,0.999745922270782,218163.486765816,183925.490266753,567118.813447137,5.44361228459105
12.294,0.0233673323690734,0.287277984145389,10.598557136595,0.0871060595473051,0.487449908743472,0.999999998201671,1,0.999747592983597,218381.759370695,184106.951022992,567730.334144531,5.44905861958928
12.295,0.0233673323690734,0.287301351477758,10.598557136595,0.0871131447969836,0.487489558158532,0.999999998234098,1,0.999749253180567,218600.250357351,184288.590808282,568342.514240896,5.45451040364658
12.296,0.0233673323690734,0.287324718810127,10.598557136595,0.087120230046662,0.487529207573592,0.99999999826595,1,0.999750902924394,218818.959944276,184470.409799253,568955.354447262,5.45996764221474
12.297,0.0233673323690734,0.287348086142496,10.598557136595,0.0871273152963405,0.487568856988651,0.999999998297238,1,0.999752542277434,219037.88835018,184652.408172711,569568.855475419,5.46543034075101
12.298,0.0233673323690734,0.287371453474865,10.598557136595,0.087134400546019,0.487608506403711,0.999999998327971,1,0.999754171301694,219257.035793989,184834.586105632,570183.018037927,5.47089850471806
12.299,0.0233673323690734,0.287394820807234,10.598557136595,0.0871414857956975,0.487648155818771,0.999999998358159,1,0.999755790058834,219476.402494853,185016.94377517,570797.842848116,5.47637213958407
12.3,0.0233673323690734,0.287418188139603,10.598557136595,0.087148571045376,0.48768780523383,0.999999998387811,1,0.999757398610175,219695.988672138,185199.481358655,571413.330620083,5.48185125082269
12.301,0.0233673323690734,0.287441555471972,10.598557136595,0.0871556562950545,0.48772745464889,0.999999998416936,1,0.999758997016693,219915.794545429,185382.199033587,572029.482068694,5.487335843913
12.302,0.0233673323690734,0.287464922804341,10.598557136595,0.087162741544733,0.48776710406395,0.999999998445545,1,0.999760585339025,220135.820334534,185565.096977646,572646.297909589,5.49282592433962
12.303,0.0233673323690734,0.28748829013671,10.598557136595,0.0871698267944114,0.487806753479009,0.999999998473645,1,0.99976216363747,220356.066259477,185748.175368685,573263.778859179,5.49832149759263
12.304,0.0233673323690734,0.287511657469079,10.598557136595,0.0871769120440899,0.487846402894069,0.999999998501246,1,0.99976373197199,220576.532540505,185931.434384732,573881.925634644,5.50382256916758
12.305,0.0233673323690734,0.287535024801448,10.598557136595,0.0871839972937684,0.487886052309129,0.999999998528357,1,0.999765290402213,220797.219398084,186114.874203993,574500.738953941,5.50932914456556
12.306,0.0233673323690734,0.287558392133818,10.598557136595,0.0871910825434469,0.487925701724188,0.999999998554985,1,0.999766838987434,221018.1270529,186298.495004847,575120.219535801,5.51484122929316
12.307,0.0233673323690734,0.287581759466187,10.598557136595,0.0871981677931254,0.487965351139248,0.99999999858114,1,0.999768377786615,221239.255725862,186482.296965851,575740.368099727,5.52035882886243
12.308,0.0233673323690734,0.287605126798556,10.598557136595,0.0872052530428039,0.488005000554308,0.999999998606829,1,0.99976990685839,221460.605638098,186666.280265738,576361.185366003,5.525881948791
12.309,0.0233673323690734,0.287628494130925,10.598557136595,0.0872123382924824,0.488044649969367,0.999999998632062,1,0.999771426261065,221682.177010959,186850.445083416,576982.672055685,5.53141059460198
12.31,0.0233673323690734,0.287651861463294,10.598557136595,0.0872194235421608,0.488084299384427,0.999999998656845,1,0.999772936052618,221903.970066014,187034.79159797,577604.828890606,5.53694477182401
12.311,0.0233673323690734,0.287675228795663,10.598557136595,0.0872265087918393,0.488123948799487,0.999999998681186,1,0.999774436290703,222125.985025059,187219.319988663,578227.656593383,5.54248448599127
12.312,0.0233673323690734,0.287698596128032,10.598557136595,0.0872335940415178,0.488163598214546,0.999999998705094,1,0.999775927032653,222348.222110107,187404.030434933,578851.155887407,5.54802974264349
12.313,0.0233673323690734,0.287721963460401,10.598557136595,0.0872406792911963,0.488203247629606,0.999999998728576,1,0.999777408335476,222570.681543395,187588.923116396,579475.32749685,5.5535805473259
12.314,0.0233673323690734,0.28774533079277,10.598557136595,0.0872477645408748,0.488242897044666,0.999999998751639,1,0.999778880255863,222793.363547383,187773.998212846,580100.172146667,5.55913690558933
12.315,0.0233673323690734,0.287768698125139,10.598557136595,0.0872548497905533,0.488282546459725,0.999999998774291,1,0.999780342850187,223016.268344754,187959.255904253,580725.690562591,5.56469882299012
12.316,0.0233673323690734,0.287792065457508,10.598557136595,0.0872619350402318,0.488322195874785,0.999999998796539,1,0.999781796174502,223239.396158412,188144.696370764,581351.883471144,5.57026630509021
12.317,0.0233673323690734,0.287815432789877,10.598557136595,0.0872690202899103,0.488361845289845,0.99999999881839,1,0.999783240284549,223462.747211484,188330.319792706,581978.751599622,5.57583935745706
12.318,0.0233673323690734,0.287838800122246,10.598557136595,0.0872761055395887,0.488401494704904,0.999999998839851,1,0.999784675235756,223686.321727322,188516.126350583,582606.295676114,5.58141798566373
12.319,0.0233673323690734,0.287862167454616,10.598557136595,0.0872831907892672,0.488441144119964,0.999999998860928,1,0.999786101083238,223910.119929501,188702.116225076,583234.516429489,5.58700219528886
12.32,0.0233673323690734,0.287885534786985,10.598557136595,0.0872902760389457,0.488480793535023,0.999999998881629,1,0.999787517881801,224134.142041818,188888.289597045,583863.414589406,5.59259199191665
12.321,0.0233673323690734,0.287908902119354,10.598557136595,0.0872973612886242,0.488520442950083,0.99999999890196,1,0.999788925685943,224358.388288296,189074.646647529,584492.990886305,5.59818738113689
12.322,0.0233673323690734,0.287932269451723,10.598557136595,0.0873044465383027,0.488560092365143,0.999999998921928,1,0.999790324549853,224582.85889318,189261.187557745,585123.246051417,5.60378836854498
12.323,0.0233673323690734,0.287955636784092,10.598557136595,0.0873115317879812,0.488599741780202,0.999999998941538,1,0.999791714527418,224807.554080943,189447.912509088,585754.180816766,5.60939495974191
12.324,0.0233673323690734,0.287979004116461,10.598557136595,0.0873186170376596,0.488639391195262,0.999999998960798,1,0.999793095672217,225032.474076278,189634.821683134,586385.795915155,5.61500716033427
12.325,0.0233673323690734,0.28800237144883,10.598557136595,0.0873257022873381,0.488679040610322,0.999999998979713,1,0.99979446803753,225257.619104106,189821.915261636,587018.092080184,5.62062497593425
12.326,0.0233673323690734,0.288025738781199,10.598557136595,0.0873327875370166,0.488718690025381,0.99999999899829,1,0.999795831676337,225482.989389573,190009.193426528,587651.070046247,5.62624841215968
12.327,0.0233673323690734,0.288049106113568,10.598557136595,0.0873398727866951,0.488758339440441,0.999999999016534,1,0.999797186641315,225708.585158047,190196.656359923,588284.730548521,5.63187747463398
12.328,0.0233673323690734,0.288072473445937,10.598557136595,0.0873469580363736,0.488797988855501,0.999999999034451,1,0.999798532984848,225934.406635125,190384.304244112,588919.074322983,5.63751216898623
12.329,0.0233673323690734,0.288095840778306,10.598557136595,0.0873540432860521,0.48883763827056,0.999999999052048,1,0.999799870759021,226160.454046628,190572.13726157,589554.102106401,5.64315250085113
12.33,0.0233673323690734,0.288119208110675,10.598557136595,0.0873611285357306,0.48887728768562,0.999999999069329,1,0.999801200015626,226386.727618605,190760.155594947,590189.814636338,5.64879847586899
12.331,0.0233673323690734,0.288142575443044,10.598557136595,0.087368213785409,0.48891693710068,0.9999999990863,1,0.99980252080616,226613.227577328,190948.359427076,590826.21265115,5.6544500996858
12.332,0.0233673323690734,0.288165942775414,10.598557136595,0.0873752990350875,0.488956586515739,0.999999999102966,1,0.999803833181833,226839.954149297,191136.748940971,591463.296889993,5.66010737795318
12.333,0.0233673323690734,0.288189310107783,10.598557136595,0.087382384284766,0.488996235930799,0.999999999119334,1,0.999805137193559,227066.90756124,191325.324319824,592101.068092817,5.66577031632841
12.334,0.0233673323690734,0.288212677440152,10.598557136595,0.0873894695344445,0.489035885345859,0.999999999135408,1,0.999806432891969,227294.088040109,191514.08574701,592739.527000371,5.67143892047442
12.335,0.0233673323690734,0.288236044772521,10.598557136595,0.087396554784123,0.489075534760918,0.999999999151194,1,0.999807720327404,227521.495813085,191703.033406085,593378.674354205,5.67711319605984
12.336,0.0233673323690734,0.28825941210489,10.598557136595,0.0874036400338015,0.489115184175978,0.999999999166696,1,0.999808999549921,227749.131107575,191892.167480783,594018.510896663,5.68279314875892
12.337,0.0233673323690734,0.288282779437259,10.598557136595,0.08741072528348,0.489154833591038,0.999999999181919,1,0.999810270609292,227976.994151216,192081.488155024,594659.037370894,5.68847878425162
12.338,0.0233673323690734,0.288306146769628,10.598557136595,0.0874178105331585,0.489194483006097,0.999999999196869,1,0.999811533555007,228205.08517187,192270.995612905,595300.25452085,5.69417010822359
12.339,0.0233673323690734,0.288329514101997,10.598557136595,0.0874248957828369,0.489234132421157,0.99999999921155,1,0.999812788436275,228433.404397628,192460.690038708,595942.163091278,5.69986712636612
12.34,0.0233673323690734,0.288352881434366,10.598557136595,0.0874319810325154,0.489273781836217,0.999999999225967,1,0.999814035302025,228661.95205681,192650.571616895,596584.763827733,5.70556984437627
12.341,0.0233673323690734,0.288376248766735,10.598557136595,0.0874390662821939,0.489313431251276,0.999999999240125,1,0.999815274200909,228890.728377963,192840.64053211,597228.057476577,5.71127826795674
12.342,0.0233673323690734,0.288399616099104,10.598557136595,0.0874461515318724,0.489353080666336,0.999999999254029,1,0.999816505181301,229119.733589863,193030.89696918,597872.044784969,5.71699240281594
12.343,0.0233673323690734,0.288422983431473,10.598557136595,0.0874532367815509,0.489392730081396,0.999999999267682,1,0.999817728291301,229348.967921515,193221.341113114,598516.72650088,5.72271225466803
12.344,0.0233673323690734,0.288446350763842,10.598557136595,0.0874603220312294,0.489432379496455,0.999999999281089,1,0.999818943578734,229578.431602155,193411.973149103,599162.103373084,5.72843782923284
12.345,0.0233673323690734,0.288469718096211,10.598557136595,0.0874674072809078,0.489472028911515,0.999999999294254,1,0.999820151091154,229808.124861246,193602.793262521,599808.176151167,5.73416913223598
12.346,0.0233673323690734,0.288493085428581,10.598557136595,0.0874744925305863,0.489511678326575,0.999999999307183,1,0.999821350875843,230038.047928481,193793.801638926,600454.945585516,5.73990616940871
12.347,0.0233673323690734,0.28851645276095,10.598557136595,0.0874815777802648,0.489551327741634,0.999999999319878,1,0.999822542979813,230268.201033782,193984.998464057,601102.412427331,5.74564894648809
12.348,0.0233673323690734,0.288539820093319,10.598557136595,0.0874886630299433,0.489590977156694,0.999999999332345,1,0.99982372744981,230498.584407304,194176.383923839,601750.577428626,5.7513974692169
12.349,0.0233673323690734,0.288563187425688,10.598557136595,0.0874957482796218,0.489630626571754,0.999999999344587,1,0.999824904332311,230729.19827943,194367.958204377,602399.441342219,5.75715174334366
12.35,0.0233673323690734,0.288586554758057,10.598557136595,0.0875028335293003,0.489670275986813,0.999999999356608,1,0.999826073673529,230960.042880773,194559.721491962,603049.004921744,5.76291177462264
12.351,0.0233673323690734,0.288609922090426,10.598557136595,0.0875099187789788,0.489709925401873,0.999999999368412,1,0.999827235519413,231191.118442178,194751.673973069,603699.268921646,5.76867756881387
12.352,0.0233673323690734,0.288633289422795,10.598557136595,0.0875170040286573,0.489749574816933,0.999999999380003,1,0.999828389915649,231422.425194721,194943.815834356,604350.234097184,5.77444913168316
12.353,0.0233673323690734,0.288656656755164,10.598557136595,0.0875240892783357,0.489789224231992,0.999999999391385,1,0.999829536907662,231653.963369708,195136.147262665,605001.901204432,5.78022646900206
12.354,0.0233673323690734,0.288680024087533,10.598557136595,0.0875311745280142,0.489828873647052,0.999999999402561,1,0.999830676540618,231885.733198678,195328.668445022,605654.271000276,5.7860095865479
12.355,0.0233673323690734,0.288703391419902,10.598557136595,0.0875382597776927,0.489868523062112,0.999999999413535,1,0.999831808859422,232117.734913401,195521.379568639,606307.344242425,5.79179849010383
12.356,0.0233673323690734,0.288726758752271,10.598557136595,0.0875453450273712,0.489908172477171,0.999999999424311,1,0.999832933908724,232349.968745878,195714.280820912,606961.121689398,5.79759318545871
12.357,0.0233673323690734,0.28875012608464,10.598557136595,0.0875524302770497,0.489947821892231,0.999999999434892,1,0.999834051732919,232582.434928342,195907.372389421,607615.604100533,5.80339367840727
12.358,0.0233673323690734,0.288773493417009,10.598557136595,0.0875595155267282,0.489987471307291,0.999999999445281,1,0.999835162376146,232815.133693262,196100.654461933,608270.792235994,5.80919997475
12.359,0.0233673323690734,0.288796860749378,10.598557136595,0.0875666007764067,0.49002712072235,0.999999999455483,1,0.999836265882292,233048.065273334,196294.127226398,608926.686856753,5.81501208029317
12.36,0.0233673323690734,0.288820228081748,10.598557136595,0.0875736860260851,0.49006677013741,0.9999999994655,1,0.999837362294991,233281.229901491,196487.790870953,609583.288724613,5.82083000084891
12.361,0.0233673323690734,0.288843595414117,10.598557136595,0.0875807712757636,0.49010641955247,0.999999999475336,1,0.999838451657628,233514.627810898,196681.645583921,610240.598602193,5.82665374223515
12.362,0.0233673323690734,0.288866962746486,10.598557136595,0.0875878565254421,0.490146068967529,0.999999999484994,1,0.999839534013338,233748.259234951,196875.691553809,610898.617252934,5.83248331027561
12.363,0.0233673323690734,0.288890330078855,10.598557136595,0.0875949417751206,0.490185718382589,0.999999999494476,1,0.999840609405008,233982.124407283,197069.928969311,611557.345441103,5.83831871079986
12.364,0.0233673323690734,0.288913697411224,10.598557136595,0.0876020270247991,0.490225367797649,0.999999999503787,1,0.99984167787528,234216.22356176,197264.358019308,612216.783931791,5.84415994964332
12.365,0.0233673323690734,0.288937064743593,10.598557136595,0.0876091122744776,0.490265017212708,0.999999999512929,1,0.999842739466549,234450.556932479,197458.978892864,612876.93349091,5.8500070326472
12.366,0.0233673323690734,0.288960432075962,10.598557136595,0.087616197524156,0.490304666627768,0.999999999521906,1,0.999843794220968,234685.124753775,197653.791779235,613537.794885203,5.85585996565861
12.367,0.0233673323690734,0.288983799408331,10.598557136595,0.0876232827738345,0.490344316042828,0.999999999530719,1,0.999844842180446,234919.927260215,197848.796867859,614199.368882237,5.86171875453048
12.368,0.0233673323690734,0.2890071667407,10.598557136595,0.087630368023513,0.490383965457887,0.999999999539373,1,0.999845883386652,235154.964686602,198043.994348363,614861.656250406,5.86758340512158
12.369,0.0233673323690734,0.289030534073069,10.598557136595,0.0876374532731915,0.490423614872947,0.999999999547869,1,0.999846917881013,235390.237267973,198239.384410561,615524.657758933,5.87345392329657
12.37,0.0233673323690734,0.289053901405438,10.598557136595,0.08764453852287,0.490463264288007,0.999999999556212,1,0.999847945704719,235625.745239602,198434.967244453,616188.374177876,5.87933031492599
12.371,0.0233673323690734,0.289077268737807,10.598557136595,0.0876516237725485,0.490502913703066,0.999999999564402,1,0.999848966898722,235861.488836994,198630.743040229,616852.806278113,5.88521258588621
12.372,0.0233673323690734,0.289100636070176,10.598557136595,0.087658709022227,0.490542563118126,0.999999999572444,1,0.999849981503737,236097.468295896,198826.711988263,617517.954831359,5.8911007420595
12.373,0.0233673323690734,0.289124003402546,10.598557136595,0.0876657942719055,0.490582212533186,0.99999999958034,1,0.999850989560247,236333.683852286,199022.874279121,618183.820610166,5.89699478933403
12.374,0.0233673323690734,0.289147370734915,10.598557136595,0.0876728795215839,0.490621861948245,0.999999999588093,1,0.999851991108497,236570.135742378,199219.230103554,618850.404387907,5.90289473360383
12.375,0.0233673323690734,0.289170738067284,10.598557136595,0.0876799647712624,0.490661511363305,0.999999999595704,1,0.999852986188502,236806.824202627,199415.779652501,619517.706938801,5.90880058076886
12.376,0.0233673323690734,0.289194105399653,10.598557136595,0.0876870500209409,0.490701160778365,0.999999999603177,1,0.999853974840045,237043.749469719,199612.523117092,620185.729037894,5.91471233673496
12.377,0.0233673323690734,0.289217472732022,10.598557136595,0.0876941352706194,0.490740810193424,0.999999999610514,1,0.999854957102681,237280.911780581,199809.460688643,620854.471461073,5.92063000741391
12.378,0.0233673323690734,0.289240840064391,10.598557136595,0.0877012205202979,0.490780459608484,0.999999999617718,1,0.999855933015734,237518.311372374,200006.592558661,621523.934985056,5.92655359872334
12.379,0.0233673323690734,0.28926420739676,10.598557136595,0.0877083057699764,0.490820109023544,0.99999999962479,1,0.9998569026183,237755.948482498,200203.918918839,622194.120387401,5.93248311658687
12.38,0.0233673323690734,0.289287574729129,10.598557136595,0.0877153910196549,0.490859758438603,0.999999999631733,1,0.99985786594925,237993.823348591,200401.439961062,622865.028446509,5.938418566934
12.381,0.0233673323690734,0.289310942061498,10.598557136595,0.0877224762693333,0.490899407853663,0.99999999963855,1,0.99985882304723,238231.936208527,200599.155877404,623536.659941614,5.94435995570021
12.382,0.0233673323690734,0.289334309393867,10.598557136595,0.0877295615190118,0.490939057268723,0.999999999645243,1,0.999859773950662,238470.287300419,200797.066860126,624209.015652791,5.95030728882686
12.383,0.0233673323690734,0.289357676726236,10.598557136595,0.0877366467686903,0.490978706683782,0.999999999651814,1,0.999860718697744,238708.876862618,200995.173101681,624882.09636096,5.95626057226129
12.384,0.0233673323690734,0.289381044058605,10.598557136595,0.0877437320183688,0.491018356098842,0.999999999658265,1,0.999861657326453,238947.705133714,201193.474794712,625555.90284788,5.96221981195681
12.385,0.0233673323690734,0.289404411390974,10.598557136595,0.0877508172680473,0.491058005513901,0.999999999664598,1,0.999862589874547,239186.772352534,201391.97213205,626230.435896153,5.96818501387262
12.386,0.0233673323690734,0.289427778723343,10.598557136595,0.0877579025177258,0.491097654928961,0.999999999670816,1,0.999863516379563,239426.078758147,201590.665306718,626905.696289226,5.97415618397394
12.387,0.0233673323690734,0.289451146055713,10.598557136595,0.0877649877674043,0.491137304344021,0.99999999967692,1,0.999864436878821,239665.62458986,201789.554511929,627581.684811392,5.98013332823195
12.388,0.0233673323690734,0.289474513388082,10.598557136595,0.0877720730170827,0.49117695375908,0.999999999682913,1,0.999865351409423,239905.410087216,201988.639941087,628258.402247787,5.98611645262379
12.389,0.0233673323690734,0.289497880720451,10.598557136595,0.0877791582667612,0.49121660317414,0.999999999688797,1,0.999866260008258,240145.435490002,202187.921787785,628935.849384392,5.99210556313257
12.39,0.0233673323690734,0.28952124805282,10.598557136595,0.0877862435164397,0.4912562525892,0.999999999694572,1,0.999867162711996,240385.701038244,202387.40024581,629614.027008044,5.99810066574742
12.391,0.0233673323690734,0.289544615385189,10.598557136595,0.0877933287661182,0.491295902004259,0.999999999700243,1,0.999868059557098,240626.206972207,202587.075509138,630292.935906416,6.00410176646343
12.392,0.0233673323690734,0.289567982717558,10.598557136595,0.0878004140157967,0.491335551419319,0.99999999970581,1,0.999868950579811,240866.953532397,202786.947771937,630972.576868042,6.01010887128171
12.393,0.0233673323690734,0.289591350049927,10.598557136595,0.0878074992654752,0.491375200834379,0.999999999711274,1,0.99986983581617,241107.940959561,202987.017228567,631652.9506823,6.01612198620937
12.394,0.0233673323690734,0.289614717382296,10.598557136595,0.0878145845151537,0.491414850249438,0.999999999716639,1,0.999870715302001,241349.169494686,203187.284073579,632334.058139419,6.02214111725951
12.395,0.0233673323690734,0.289638084714665,10.598557136595,0.0878216697648321,0.491454499664498,0.999999999721906,1,0.999871589072921,241590.639379,203387.748501716,633015.900030482,6.02816627045126
12.396,0.0233673323690734,0.289661452047034,10.598557136595,0.0878287550145106,0.491494149079558,0.999999999727077,1,0.99987245716434,241832.350853974,203588.410707913,633698.477147428,6.0341974518098
12.397,0.0233673323690734,0.289684819379403,10.598557136595,0.0878358402641891,0.491533798494617,0.999999999732152,1,0.999873319611461,242074.304161319,203789.270887298,634381.79028304,6.04023466736629
12.398,0.0233673323690734,0.289708186711772,10.598557136595,0.0878429255138676,0.491573447909677,0.999999999737135,1,0.99987417644928,242316.499542988,203990.329235191,635065.840230968,6.04627792315794
12.399,0.0233673323690734,0.289731554044141,10.598557136595,0.0878500107635461,0.491613097324737,0.999999999742027,1,0.99987502771259,242558.937241177,204191.585947106,635750.627785709,6.05232722522803
12.4,0.0233673323690734,0.28975492137651,10.598557136595,0.0878570960132246,0.491652746739796,0.999999999746829,1,0.999875873435982,242801.617498324,204393.041218748,636436.153742622,6.05838257962584
12.401,0.0233673323690734,0.28977828870888,10.598557136595,0.0878641812629031,0.491692396154856,0.999999999751542,1,0.999876713653842,243044.540557108,204594.695246015,637122.418897919,6.06444399240674
12.402,0.0233673323690734,0.289801656041249,10.598557136595,0.0878712665125816,0.491732045569916,0.99999999975617,1,0.999877548400356,243287.706660453,204796.548225001,637809.424048676,6.07051146963214
12.403,0.0233673323690734,0.289825023373618,10.598557136595,0.08787835176226,0.491771694984975,0.999999999760712,1,0.999878377709512,243531.116051525,204998.60035199,638497.169992824,6.07658501736951
12.404,0.0233673323690734,0.289848390705987,10.598557136595,0.0878854370119385,0.491811344400035,0.999999999765171,1,0.999879201615096,243774.768973733,205200.851823462,639185.657529154,6.0826646416924
12.405,0.0233673323690734,0.289871758038356,10.598557136595,0.087892522261617,0.491850993815095,0.999999999769549,1,0.999880020150699,244018.66567073,205403.302836092,639874.887457325,6.08875034868045
12.406,0.0233673323690734,0.289895125370725,10.598557136595,0.0878996075112955,0.491890643230154,0.999999999773846,1,0.999880833349712,244262.806386414,205605.953586743,640564.860577848,6.09484214441935
12.407,0.0233673323690734,0.289918492703094,10.598557136595,0.087906692760974,0.491930292645214,0.999999999778064,1,0.999881641245333,244507.191364924,205808.804272479,641255.577692107,6.1009400350009
12.408,0.0233673323690734,0.289941860035463,10.598557136595,0.0879137780106524,0.491969942060274,0.999999999782204,1,0.999882443870564,244751.820850646,206011.855090556,641947.039602343,6.10704402652299
12.409,0.0233673323690734,0.289965227367832,10.598557136595,0.087920863260331,0.492009591475333,0.999999999786269,1,0.999883241258215,244996.695088209,206215.106238424,642639.247111667,6.11315412508963
12.41,0.0233673323690734,0.289988594700201,10.598557136595,0.0879279485100094,0.492049240890393,0.999999999790259,1,0.999884033440901,245241.814322488,206418.557913728,643332.201024053,6.11927033681089
12.411,0.0233673323690734,0.29001196203257,10.598557136595,0.0879350337596879,0.492088890305453,0.999999999794175,1,0.999884820451048,245487.178798601,206622.210314308,644025.902144341,6.125392667803
12.412,0.0233673323690734,0.290035329364939,10.598557136595,0.0879421190093664,0.492128539720512,0.99999999979802,1,0.999885602320889,245732.788761914,206826.0636382,644720.351278244,6.13152112418829
12.413,0.0233673323690734,0.290058696697308,10.598557136595,0.0879492042590449,0.492168189135572,0.999999999801793,1,0.999886379082469,245978.644458036,207030.118083634,645415.54923234,6.13765571209523
12.414,0.0233673323690734,0.290082064029678,10.598557136595,0.0879562895087234,0.492207838550632,0.999999999805497,1,0.999887150767646,246224.746132823,207234.373849038,646111.496814074,6.14379643765837
12.415,0.0233673323690734,0.290105431362047,10.598557136595,0.0879633747584019,0.492247487965691,0.999999999809134,1,0.999887917408088,246471.094032377,207438.831133032,646808.194831767,6.14994330701847
12.416,0.0233673323690734,0.290128798694416,10.598557136595,0.0879704600080803,0.492287137380751,0.999999999812703,1,0.999888679035278,246717.688403045,207643.490134436,647505.64409461,6.15609632632239
12.417,0.0233673323690734,0.290152166026785,10.598557136595,0.0879775452577588,0.492326786795811,0.999999999816206,1,0.999889435680514,246964.529491422,207848.351052263,648203.845412665,6.16225550172315
12.418,0.0233673323690734,0.290175533359154,10.598557136595,0.0879846305074373,0.49236643621087,0.999999999819645,1,0.999890187374908,247211.617544349,208053.414085724,648902.799596868,6.16842083937992
12.419,0.0233673323690734,0.290198900691523,10.598557136595,0.0879917157571158,0.49240608562593,0.99999999982302,1,0.999890934149391,247458.952808915,208258.679434226,649602.507459032,6.17459234545805
12.42,0.0233673323690734,0.290222268023892,10.598557136595,0.0879988010067943,0.49244573504099,0.999999999826333,1,0.999891676034709,247706.535532453,208464.147297373,650302.969811841,6.18077002612904
12.421,0.0233673323690734,0.290245635356261,10.598557136595,0.0880058862564728,0.492485384456049,0.999999999829585,1,0.99989241306143,247954.365962548,208669.817874966,651004.187468858,6.18695388757056
12.422,0.0233673323690734,0.29026900268863,10.598557136595,0.0880129715061513,0.492525033871109,0.999999999832778,1,0.99989314525994,248202.44434703,208875.691367002,651706.161244525,6.1931439359665
12.423,0.0233673323690734,0.290292370020999,10.598557136595,0.0880200567558297,0.492564683286169,0.999999999835911,1,0.999893872660443,248450.770933977,209081.767973678,652408.891954157,6.19934017750688
12.424,0.0233673323690734,0.290315737353368,10.598557136595,0.0880271420055082,0.492604332701228,0.999999999838986,1,0.99989459529297,248699.345971715,209288.047895385,653112.380413952,6.20554261838795
12.425,0.0233673323690734,0.290339104685737,10.598557136595,0.0880342272551867,0.492643982116288,0.999999999842005,1,0.99989531318737,248948.16970882,209494.531332715,653816.627440989,6.21175126481217
12.426,0.0233673323690734,0.290362472018106,10.598557136595,0.0880413125048652,0.492683631531348,0.999999999844967,1,0.999896026373318,249197.242394115,209701.218486455,654521.633853224,6.21796612298817
12.427,0.0233673323690734,0.290385839350475,10.598557136595,0.0880483977545437,0.492723280946407,0.999999999847875,1,0.999896734880313,249446.564276674,209908.109557592,655227.400469499,6.2241871991308
12.428,0.0233673323690734,0.290409206682845,10.598557136595,0.0880554830042222,0.492762930361467,0.99999999985073,1,0.999897438737679,249696.135605818,210115.204747311,655933.928109537,6.23041449946116
12.429,0.0233673323690734,0.290432574015214,10.598557136595,0.0880625682539007,0.492802579776527,0.999999999853531,1,0.999898137974567,249945.956631118,210322.504256995,656641.217593946,6.23664803020653
12.43,0.0233673323690734,0.290455941347583,10.598557136595,0.0880696535035791,0.492842229191586,0.999999999856281,1,0.999898832619955,250196.027602395,210530.008288226,657349.269744216,6.24288779760045
12.431,0.0233673323690734,0.290479308679952,10.598557136595,0.0880767387532576,0.492881878606646,0.99999999985898,1,0.99989952270265,250446.348769721,210737.717042785,658058.085382726,6.2491338078827
12.432,0.0233673323690734,0.290502676012321,10.598557136595,0.0880838240029361,0.492921528021706,0.999999999861629,1,0.999900208251289,250696.920383417,210945.630722651,658767.665332741,6.25538606729926
12.433,0.0233673323690734,0.29052604334469,10.598557136595,0.0880909092526146,0.492961177436765,0.999999999864229,1,0.999900889294336,250947.742694053,211153.749530004,659478.010418412,6.26164458210242
12.434,0.0233673323690734,0.290549410677059,10.598557136595,0.0880979945022931,0.493000826851825,0.999999999866781,1,0.99990156586009,251198.815952454,211362.073667223,660189.121464783,6.26790935855069
12.435,0.0233673323690734,0.290572778009428,10.598557136595,0.0881050797519716,0.493040476266885,0.999999999869285,1,0.99990223797668,251450.140409691,211570.603336885,660900.999297781,6.27418040290883
12.436,0.0233673323690734,0.290596145341797,10.598557136595,0.0881121650016501,0.493080125681944,0.999999999871743,1,0.999902905672068,251701.71631709,211779.338741769,661613.644744228,6.28045772144789
12.437,0.0233673323690734,0.290619512674166,10.598557136595,0.0881192502513286,0.493119775097004,0.999999999874156,1,0.999903568974052,251953.543926226,211988.280084854,662327.05863184,6.28674132044521
12.438,0.0233673323690734,0.290642880006535,10.598557136595,0.088126335501007,0.493159424512064,0.999999999876524,1,0.999904227910262,252205.623488927,212197.427569317,663041.241789219,6.29303120618437
12.439,0.0233673323690734,0.290666247338904,10.598557136595,0.0881334207506855,0.493199073927123,0.999999999878848,1,0.999904882508165,252457.955257272,212406.781398538,663756.195045864,6.29932738495525
12.44,0.0233673323690734,0.290689614671273,10.598557136595,0.088140506000364,0.493238723342183,0.999999999881128,1,0.999905532795066,252710.539483594,212616.341776095,664471.91923217,6.30562986305405
12.441,0.0233673323690734,0.290712982003642,10.598557136595,0.0881475912500425,0.493278372757243,0.999999999883367,1,0.999906178798105,252963.376420477,212826.108905771,665188.415179425,6.31193864678324
12.442,0.0233673323690734,0.290736349336012,10.598557136595,0.088154676499721,0.493318022172302,0.999999999885564,1,0.999906820544263,253216.466320756,213036.082991545,665905.683719814,6.3182537424516
12.443,0.0233673323690734,0.290759716668381,10.598557136595,0.0881617617493995,0.493357671587362,0.99999999988772,1,0.999907458060359,253469.809437523,213246.264237601,666623.725686417,6.32457515637422
12.444,0.0233673323690734,0.29078308400075,10.598557136595,0.0881688469990779,0.493397321002421,0.999999999889836,1,0.999908091373052,253723.406024121,213456.652848323,667342.541913219,6.33090289487253
12.445,0.0233673323690734,0.290806451333119,10.598557136595,0.0881759322487564,0.493436970417481,0.999999999891913,1,0.999908720508843,253977.256334146,213667.249028297,668062.133235099,6.33723696427427
12.446,0.0233673323690734,0.290829818665488,10.598557136595,0.0881830174984349,0.493476619832541,0.999999999893951,1,0.999909345494075,254231.360621449,213878.052982311,668782.500487834,6.3435773709135
12.447,0.0233673323690734,0.290853185997857,10.598557136595,0.0881901027481134,0.4935162692476,0.999999999895952,1,0.999909966354934,254485.719140133,214089.064915354,669503.644508108,6.34992412113062
12.448,0.0233673323690734,0.290876553330226,10.598557136595,0.0881971879977919,0.49355591866266,0.999999999897915,1,0.999910583117447,254740.332144558,214300.285032618,670225.566133505,6.3562772212724
12.449,0.0233673323690734,0.290899920662595,10.598557136595,0.0882042732474704,0.49359556807772,0.999999999899842,1,0.999911195807491,254995.199889335,214511.713539497,670948.26620251,6.36263667769193
12.45,0.0233673323690734,0.290923287994964,10.598557136595,0.0882113584971489,0.493635217492779,0.999999999901732,1,0.999911804450784,255250.322629334,214723.350641589,671671.745554515,6.36900249674866
12.451,0.0233673323690734,0.290946655327333,10.598557136595,0.0882184437468274,0.493674866907839,0.999999999903588,1,0.999912409072892,255505.700619678,214935.196544694,672396.005029816,6.37537468480843
12.452,0.0233673323690734,0.290970022659702,10.598557136595,0.0882255289965058,0.493714516322899,0.999999999905409,1,0.999913009699228,255761.334115743,215147.251454814,673121.045469615,6.3817532482434
12.453,0.0233673323690734,0.290993389992071,10.598557136595,0.0882326142461843,0.493754165737958,0.999999999907196,1,0.999913606355053,256017.223373163,215359.515578155,673846.867716021,6.38813819343216
12.454,0.0233673323690734,0.29101675732444,10.598557136595,0.0882396994958628,0.493793815153018,0.99999999990895,1,0.999914199065478,256273.368647828,215571.989121128,674573.472612052,6.39452952675965
12.455,0.0233673323690734,0.29104012465681,10.598557136595,0.0882467847455413,0.493833464568078,0.999999999910672,1,0.999914787855462,256529.770195883,215784.672290345,675300.861001633,6.40092725461719
12.456,0.0233673323690734,0.291063491989179,10.598557136595,0.0882538699952198,0.493873113983137,0.999999999912361,1,0.999915372749815,256786.42827373,215997.565292624,676029.0337296,6.40733138340252
12.457,0.0233673323690734,0.291086859321548,10.598557136595,0.0882609552448983,0.493912763398197,0.999999999914019,1,0.9999159537732,257043.343138026,216210.668334986,676757.991641703,6.41374191951978
12.458,0.0233673323690734,0.291110226653917,10.598557136595,0.0882680404945767,0.493952412813257,0.999999999915645,1,0.99991653095013,257300.515045687,216423.981624656,677487.735584597,6.42015886937948
12.459,0.0233673323690734,0.291133593986286,10.598557136595,0.0882751257442552,0.493992062228316,0.999999999917242,1,0.999917104304972,257557.944253884,216637.505369064,678218.266405858,6.42658223939858
12.46,0.0233673323690734,0.291156961318655,10.598557136595,0.0882822109939337,0.494031711643376,0.999999999918808,1,0.999917673861948,257815.631020047,216851.239775844,678949.584953971,6.43301203600048
12.461,0.0233673323690734,0.291180328651024,10.598557136595,0.0882892962436122,0.494071361058436,0.999999999920346,1,0.999918239645133,258073.575601863,217065.185052836,679681.692078334,6.43944826561493
12.462,0.0233673323690734,0.291203695983393,10.598557136595,0.0882963814932907,0.494111010473495,0.999999999921855,1,0.999918801678459,258331.778257275,217279.341408084,680414.588629268,6.44589093467818
12.463,0.0233673323690734,0.291227063315762,10.598557136595,0.0883034667429692,0.494150659888555,0.999999999923335,1,0.999919359985712,258590.239244488,217493.709049838,681148.275458004,6.45234004963292
12.464,0.0233673323690734,0.291250430648131,10.598557136595,0.0883105519926477,0.494190309303615,0.999999999924788,1,0.999919914590538,258848.958821961,217708.288186553,681882.753416696,6.45879561692823
12.465,0.0233673323690734,0.2912737979805,10.598557136595,0.0883176372423261,0.494229958718674,0.999999999926214,1,0.999920465516439,259107.937248415,217923.07902689,682618.023358412,6.4652576430197
12.466,0.0233673323690734,0.291297165312869,10.598557136595,0.0883247224920046,0.494269608133734,0.999999999927613,1,0.999921012786776,259367.174782828,218138.081779715,683354.086137144,6.47172613436936
12.467,0.0233673323690734,0.291320532645238,10.598557136595,0.0883318077416831,0.494309257548794,0.999999999928986,1,0.999921556424771,259626.671684436,218353.296654101,684090.942607803,6.47820109744568
12.468,0.0233673323690734,0.291343899977607,10.598557136595,0.0883388929913616,0.494348906963853,0.999999999930333,1,0.999922096453503,259886.428212738,218568.723859328,684828.59362622,6.48468253872365
12.469,0.0233673323690734,0.291367267309977,10.598557136595,0.0883459782410401,0.494388556378913,0.999999999931655,1,0.999922632895917,260146.44462749,218784.363604879,685567.040049155,6.49117046468469
12.47,0.0233673323690734,0.291390634642346,10.598557136595,0.0883530634907186,0.494428205793973,0.999999999932953,1,0.999923165774814,260406.721188709,219000.216100449,686306.282734286,6.49766488181674
12.471,0.0233673323690734,0.291414001974715,10.598557136595,0.0883601487403971,0.494467855209032,0.999999999934226,1,0.999923695112863,260667.25815667,219216.281555935,687046.322540215,6.50416579661421
12.472,0.0233673323690734,0.291437369307084,10.598557136595,0.0883672339900756,0.494507504624092,0.999999999935475,1,0.999924220932593,260928.055791911,219432.560181444,687787.160326476,6.51067321557802
12.473,0.0233673323690734,0.291460736639453,10.598557136595,0.088374319239754,0.494547154039152,0.999999999936701,1,0.999924743256399,261189.11435523,219649.052187289,688528.796953523,6.51718714521559
12.474,0.0233673323690734,0.291484103971822,10.598557136595,0.0883814044894325,0.494586803454211,0.999999999937903,1,0.999925262106539,261450.434107685,219865.757783991,689271.233282746,6.52370759204085
12.475,0.0233673323690734,0.291507471304191,10.598557136595,0.088388489739111,0.494626452869271,0.999999999939084,1,0.999925777505138,261712.015310595,220082.677182279,690014.470176453,6.53023456257424
12.476,0.0233673323690734,0.29153083863656,10.598557136595,0.0883955749887895,0.494666102284331,0.999999999940242,1,0.999926289474189,261973.858225543,220299.810593089,690758.508497892,6.53676806334274
12.477,0.0233673323690734,0.291554205968929,10.598557136595,0.088402660238468,0.49470575169939,0.999999999941378,1,0.999926798035549,262235.963114371,220517.158227566,691503.349111237,6.54330810087985
12.478,0.0233673323690734,0.291577573301298,10.598557136595,0.0884097454881465,0.49474540111445,0.999999999942494,1,0.999927303210945,262498.330239184,220734.720297062,692248.99288159,6.5498546817256
12.479,0.0233673323690734,0.291600940633667,10.598557136595,0.088416830737825,0.49478505052951,0.999999999943588,1,0.999927805021971,262760.959862349,220952.49701314,692995.440674996,6.55640781242658
12.48,0.0233673323690734,0.291624307966036,10.598557136595,0.0884239159875034,0.494824699944569,0.999999999944662,1,0.999928303490094,263023.852246496,221170.488587569,693742.693358427,6.56296749953593
12.481,0.0233673323690734,0.291647675298405,10.598557136595,0.0884310012371819,0.494864349359629,0.999999999945715,1,0.999928798636646,263287.007654517,221388.695232328,694490.751799787,6.56953374961331
12.482,0.0233673323690734,0.291671042630774,10.598557136595,0.0884380864868604,0.494903998774689,0.999999999946749,1,0.999929290482835,263550.426349567,221607.117159605,695239.616867923,6.576106569225
12.483,0.0233673323690734,0.291694409963144,10.598557136595,0.0884451717365389,0.494943648189748,0.999999999947763,1,0.999929779049737,263814.108595066,221825.754581799,695989.289432616,6.5826859649438
12.484,0.0233673323690734,0.291717777295513,10.598557136595,0.0884522569862174,0.494983297604808,0.999999999948759,1,0.999930264358302,264078.054654695,222044.607711516,696739.770364582,6.58927194334912
12.485,0.0233673323690734,0.291741144627882,10.598557136595,0.0884593422358959,0.495022947019868,0.999999999949735,1,0.999930746429353,264342.264792401,222263.676761573,697491.06053548,6.59586451102692
12.486,0.0233673323690734,0.291764511960251,10.598557136595,0.0884664274855744,0.495062596434927,0.999999999950694,1,0.999931225283587,264606.739272394,222482.961944997,698243.16081791,6.6024636745698
12.487,0.0233673323690734,0.29178787929262,10.598557136595,0.0884735127352528,0.495102245849987,0.999999999951634,1,0.999931700941573,264871.478359148,222702.463475025,698996.072085405,6.60906944057689
12.488,0.0233673323690734,0.291811246624989,10.598557136595,0.0884805979849313,0.495141895265047,0.999999999952556,1,0.99993217342376,265136.482317403,222922.181565105,699749.795212448,6.61568181565397
12.489,0.0233673323690734,0.291834613957358,10.598557136595,0.0884876832346098,0.495181544680106,0.999999999953462,1,0.999932642750468,265401.751412162,223142.116428895,700504.331074463,6.62230080641342
12.49,0.0233673323690734,0.291857981289727,10.598557136595,0.0884947684842883,0.495221194095166,0.99999999995435,1,0.999933108941897,265667.285908695,223362.268280262,701259.680547814,6.62892641947423
12.491,0.0233673323690734,0.291881348622096,10.598557136595,0.0885018537339668,0.495260843510226,0.999999999955221,1,0.999933572018123,265933.086072535,223582.637333287,702015.844509816,6.63555866146201
12.492,0.0233673323690734,0.291904715954465,10.598557136595,0.0885089389836453,0.495300492925285,0.999999999956076,1,0.9999340319991,266199.152169484,223803.223802262,702772.823838728,6.64219753900901
12.493,0.0233673323690734,0.291928083286834,10.598557136595,0.0885160242333238,0.495340142340345,0.999999999956915,1,0.99993448890466,266465.484465607,224024.027901687,703530.61941375,6.6488430587541
12.494,0.0233673323690734,0.291951450619203,10.598557136595,0.0885231094830022,0.495379791755405,0.999999999957738,1,0.999934942754518,266732.083227237,224245.049846278,704289.232115039,6.65549522734279
12.495,0.0233673323690734,0.291974817951572,10.598557136595,0.0885301947326807,0.495419441170464,0.999999999958546,1,0.999935393568263,266998.948720973,224466.289850961,705048.662823698,6.66215405142728
12.496,0.0233673323690734,0.291998185283942,10.598557136595,0.0885372799823592,0.495459090585524,0.999999999959338,1,0.999935841365371,267266.081213679,224687.748130873,705808.912421775,6.66881953766637
12.497,0.0233673323690734,0.292021552616311,10.598557136595,0.0885443652320377,0.495498740000583,0.999999999960116,1,0.999936286165195,267533.480972488,224909.424901364,706569.981792278,6.67549169272555
12.498,0.0233673323690734,0.29204491994868,10.598557136595,0.0885514504817162,0.495538389415643,0.999999999960879,1,0.999936727986973,267801.148264802,225131.320377998,707331.87181916,6.68217052327699
12.499,0.0233673323690734,0.292068287281049,10.598557136595,0.0885585357313947,0.495578038830703,0.999999999961627,1,0.999937166849824,268069.083358285,225353.434776549,708094.58338733,6.6888560359995
12.5,0.0233673323690734,0.292091654613418,10.598557136595,0.0885656209810732,0.495617688245762,0.999999999962361,1,0.99993760277275,268337.286520874,225575.768313006,708858.11738265,6.6955482375786
12.501,0.0233673323690734,0.292115021945787,10.598557136595,0.0885727062307516,0.495657337660822,0.999999999963082,1,0.999938035774639,268605.758020772,225798.321203569,709622.47469194,6.7022471347065
12.502,0.0233673323690734,0.292138389278156,10.598557136595,0.0885797914804301,0.495696987075882,0.999999999963789,1,0.999938465874264,268874.498126451,226021.093664655,710387.656202976,6.7089527340821
12.503,0.0233673323690734,0.292161756610525,10.598557136595,0.0885868767301086,0.495736636490941,0.999999999964482,1,0.999938893090281,269143.50710665,226244.085912889,711153.662804483,6.71566504241099
12.504,0.0233673323690734,0.292185123942894,10.598557136595,0.0885939619797871,0.495776285906001,0.999999999965162,1,0.999939317441234,269412.785230379,226467.298165115,711920.495386158,6.72238406640547
12.505,0.0233673323690734,0.292208491275263,10.598557136595,0.0886010472294656,0.495815935321061,0.99999999996583,1,0.999939738945553,269682.332766915,226690.730638389,712688.154838645,6.72910981278458
12.506,0.0233673323690734,0.292231858607632,10.598557136595,0.0886081324791441,0.49585558473612,0.999999999966485,1,0.999940157621556,269952.149985807,226914.38354998,713456.642053559,6.73584228827408
12.507,0.0233673323690734,0.292255225940001,10.598557136595,0.0886152177288226,0.49589523415118,0.999999999967127,1,0.999940573487448,270222.237156871,227138.257117372,714225.957923467,6.74258149960642
12.508,0.0233673323690734,0.29227859327237,10.598557136595,0.088622302978501,0.49593488356624,0.999999999967758,1,0.999940986561324,270492.594550195,227362.351558265,714996.103341902,6.74932745352081
12.509,0.0233673323690734,0.29230196060474,10.598557136595,0.0886293882281795,0.495974532981299,0.999999999968376,1,0.999941396861168,270763.222436136,227586.667090571,715767.079203366,6.75608015676324
12.51,0.0233673323690734,0.292325327937109,10.598557136595,0.088636473477858,0.496014182396359,0.999999999968983,1,0.999941804404853,271034.121085321,227811.203932421,716538.886403314,6.76283961608637
12.511,0.0233673323690734,0.292348695269478,10.598557136595,0.0886435587275365,0.496053831811419,0.999999999969578,1,0.999942209210144,271305.290768651,228035.962302157,717311.525838178,6.76960583824968
12.512,0.0233673323690734,0.292372062601847,10.598557136595,0.088650643977215,0.496093481226478,0.999999999970162,1,0.999942611294696,271576.731757294,228260.942418338,718084.998405351,6.77637883001941
12.513,0.0233673323690734,0.292395429934216,10.598557136595,0.0886577292268935,0.496133130641538,0.999999999970735,1,0.999943010676056,271848.444322691,228486.14449974,718859.305003192,6.78315859816852
12.514,0.0233673323690734,0.292418797266585,10.598557136595,0.088664814476572,0.496172780056598,0.999999999971297,1,0.999943407371664,272120.428736555,228711.568765354,719634.446531033,6.78994514947679
12.515,0.0233673323690734,0.292442164598954,10.598557136595,0.0886718997262504,0.496212429471657,0.999999999971849,1,0.999943801398852,272392.685270871,228937.215434385,720410.423889174,6.79673849073079
12.516,0.0233673323690734,0.292465531931323,10.598557136595,0.0886789849759289,0.496252078886717,0.999999999972389,1,0.999944192774848,272665.214197895,229163.084726258,721187.237978884,6.80353862872384
12.517,0.0233673323690734,0.292488899263692,10.598557136595,0.0886860702256074,0.496291728301777,0.99999999997292,1,0.999944581516773,272938.015790155,229389.176860611,721964.889702408,6.81034557025608
12.518,0.0233673323690734,0.292512266596061,10.598557136595,0.0886931554752859,0.496331377716836,0.999999999973441,1,0.999944967641641,273211.090320455,229615.492057302,722743.379962959,6.81715932213447
12.519,0.0233673323690734,0.29253563392843,10.598557136595,0.0887002407249644,0.496371027131896,0.999999999973952,1,0.999945351166364,273484.438061867,229842.030536402,723522.709664728,6.82397989117274
12.52,0.0233673323690734,0.292559001260799,10.598557136595,0.0887073259746429,0.496410676546956,0.999999999974453,1,0.999945732107749,273758.05928774,230068.792518202,724302.879712876,6.83080728419147
12.521,0.0233673323690734,0.292582368593168,10.598557136595,0.0887144112243214,0.496450325962015,0.999999999974944,1,0.999946110482501,274031.954271695,230295.778223212,725083.891013549,6.83764150801806
12.522,0.0233673323690734,0.292605735925537,10.598557136595,0.0887214964739999,0.496489975377075,0.999999999975426,1,0.99994648630722,274306.123287627,230522.987872153,725865.74447386,6.84448256948672
12.523,0.0233673323690734,0.292629103257906,10.598557136595,0.0887285817236783,0.496529624792135,0.9999999999759,1,0.999946859598406,274580.566609705,230750.421685971,726648.441001904,6.85133047543852
12.524,0.0233673323690734,0.292652470590276,10.598557136595,0.0887356669733568,0.496569274207194,0.999999999976364,1,0.999947230372458,274855.284512374,230978.079885826,727431.98150676,6.85818523272138
12.525,0.0233673323690734,0.292675837922645,10.598557136595,0.0887427522230353,0.496608923622254,0.999999999976819,1,0.99994759864567,275130.277270349,231205.962693096,728216.366898478,6.86504684819003
12.526,0.0233673323690734,0.292699205255014,10.598557136595,0.0887498374727138,0.496648573037314,0.999999999977265,1,0.99994796443424,275405.545158624,231434.07032938,729001.598088097,6.8719153287061
12.527,0.0233673323690734,0.292722572587383,10.598557136595,0.0887569227223923,0.496688222452373,0.999999999977704,1,0.999948327754266,275681.088452468,231662.403016495,729787.675987637,6.87879068113809
12.528,0.0233673323690734,0.292745939919752,10.598557136595,0.0887640079720708,0.496727871867433,0.999999999978133,1,0.999948688621743,275956.907427423,231890.960976473,730574.601510096,6.88567291236132
12.529,0.0233673323690734,0.292769307252121,10.598557136595,0.0887710932217493,0.496767521282493,0.999999999978555,1,0.99994904705257,276233.002359308,232119.74443157,731362.375569463,6.89256202925803
12.53,0.0233673323690734,0.29279267458449,10.598557136595,0.0887781784714277,0.496807170697552,0.999999999978969,1,0.99994940306255,276509.373524219,232348.75360426,732150.999080711,6.89945803871736
12.531,0.0233673323690734,0.292816041916859,10.598557136595,0.0887852637211062,0.496846820112612,0.999999999979374,1,0.999949756667385,276786.021198527,232577.988717234,732940.472959797,6.90636094763529
12.532,0.0233673323690734,0.292839409249228,10.598557136595,0.0887923489707847,0.496886469527672,0.999999999979772,1,0.999950107882681,277062.945658878,232807.449993405,733730.798123666,6.91327076291474
12.533,0.0233673323690734,0.292862776581597,10.598557136595,0.0887994342204632,0.496926118942731,0.999999999980163,1,0.999950456723948,277340.147182198,233037.137655907,734521.975490257,6.92018749146553
12.534,0.0233673323690734,0.292886143913966,10.598557136595,0.0888065194701417,0.496965768357791,0.999999999980546,1,0.999950803206602,277617.626045689,233267.051928091,735314.005978494,6.9271111402044
12.535,0.0233673323690734,0.292909511246335,10.598557136595,0.0888136047198202,0.497005417772851,0.999999999980921,1,0.99995114734596,277895.382526829,233497.19303353,736106.890508289,6.93404171605498
12.536,0.0233673323690734,0.292932878578704,10.598557136595,0.0888206899694986,0.49704506718791,0.99999999998129,1,0.999951489157247,278173.416903375,233727.561196018,736900.630000554,6.94097922594785
12.537,0.0233673323690734,0.292956245911073,10.598557136595,0.0888277752191771,0.49708471660297,0.999999999981651,1,0.999951828655594,278451.72945336,233958.156639569,737695.225377187,6.94792367682053
12.538,0.0233673323690734,0.292979613243443,10.598557136595,0.0888348604688556,0.49712436601803,0.999999999982006,1,0.999952165856036,278730.320455099,234188.979588419,738490.677561086,6.95487507561748
12.539,0.0233673323690734,0.293002980575812,10.598557136595,0.0888419457185341,0.497164015433089,0.999999999982354,1,0.999952500773517,279009.190187181,234420.030267023,739286.987476138,6.96183342929006
12.54,0.0233673323690734,0.293026347908181,10.598557136595,0.0888490309682126,0.497203664848149,0.999999999982695,1,0.999952833422889,279288.338928476,234651.308900061,740084.156047228,6.96879874479666
12.541,0.0233673323690734,0.29304971524055,10.598557136595,0.0888561162178911,0.497243314263209,0.99999999998303,1,0.999953163818911,279567.766958134,234882.815712432,740882.184200245,6.97577102910259
12.542,0.0233673323690734,0.293073082572919,10.598557136595,0.0888632014675696,0.497282963678268,0.999999999983358,1,0.999953491976249,279847.474555582,235114.550929258,741681.072862064,6.98275028918013
12.543,0.0233673323690734,0.293096449905288,10.598557136595,0.088870286717248,0.497322613093328,0.99999999998368,1,0.999953817909482,280127.462000527,235346.514775881,742480.822960571,6.98973653200853
12.544,0.0233673323690734,0.293119817237657,10.598557136595,0.0888773719669265,0.497362262508388,0.999999999983996,1,0.999954141633094,280407.729572959,235578.707477868,743281.435424649,6.99672976457406
12.545,0.0233673323690734,0.293143184570026,10.598557136595,0.088884457216605,0.497401911923447,0.999999999984306,1,0.999954463161483,280688.277553143,235811.129261008,744082.911184175,7.00372999386993
12.546,0.0233673323690734,0.293166551902395,10.598557136595,0.0888915424662835,0.497441561338507,0.99999999998461,1,0.999954782508956,280969.106221627,236043.780351311,744885.251170041,7.01073722689637
12.547,0.0233673323690734,0.293189919234764,10.598557136595,0.088898627715962,0.497481210753567,0.999999999984908,1,0.99995509968973,281250.215859242,236276.660975013,745688.456314135,7.01775147066064
12.548,0.0233673323690734,0.293213286567133,10.598557136595,0.0889057129656405,0.497520860168626,0.9999999999852,1,0.999955414717937,281531.606747096,236509.77135857,746492.527549352,7.02477273217694
12.549,0.0233673323690734,0.293236653899502,10.598557136595,0.088912798215319,0.497560509583686,0.999999999985487,1,0.999955727607618,281813.27916658,236743.111728664,747297.465809592,7.03180101846657
12.55,0.0233673323690734,0.293260021231872,10.598557136595,0.0889198834649975,0.497600158998746,0.999999999985768,1,0.999956038372729,282095.233399367,236976.682312199,748103.272029763,7.03883633655782
12.551,0.0233673323690734,0.293283388564241,10.598557136595,0.0889269687146759,0.497639808413805,0.999999999986044,1,0.999956347027137,282377.469727411,237210.483336304,748909.947145781,7.04587869348597
12.552,0.0233673323690734,0.29330675589661,10.598557136595,0.0889340539643544,0.497679457828865,0.999999999986315,1,0.999956653584625,282659.988432948,237444.51502833,749717.49209457,7.05292809629341
12.553,0.0233673323690734,0.293330123228979,10.598557136595,0.0889411392140329,0.497719107243925,0.99999999998658,1,0.999956958058889,282942.789798497,237678.777615856,750525.907814069,7.05998455202954
12.554,0.0233673323690734,0.293353490561348,10.598557136595,0.0889482244637114,0.497758756658984,0.999999999986841,1,0.999957260463539,283225.874106859,237913.271326681,751335.19524322,7.0670480677508
12.555,0.0233673323690734,0.293376857893717,10.598557136595,0.0889553097133899,0.497798406074044,0.999999999987096,1,0.999957560812104,283509.241641119,238147.996388833,752145.355321983,7.07411865052071
12.556,0.0233673323690734,0.293400225226086,10.598557136595,0.0889623949630684,0.497838055489104,0.999999999987347,1,0.999957859118023,283792.892684644,238382.953030562,752956.388991334,7.08119630740989
12.557,0.0233673323690734,0.293423592558455,10.598557136595,0.0889694802127469,0.497877704904163,0.999999999987592,1,0.999958155394657,284076.827521086,238618.141480344,753768.297193255,7.08828104549594
12.558,0.0233673323690734,0.293446959890824,10.598557136595,0.0889765654624253,0.497917354319223,0.999999999987834,1,0.999958449655279,284361.046434379,238853.561966882,754581.080870754,7.09537287186363
12.559,0.0233673323690734,0.293470327223193,10.598557136595,0.0889836507121038,0.497957003734283,0.99999999998807,1,0.999958741913082,284645.549708742,239089.214719102,755394.74096785,7.1024717936048
12.56,0.0233673323690734,0.293493694555562,10.598557136595,0.0889907359617823,0.497996653149342,0.999999999988302,1,0.999959032181176,284930.337628678,239325.099966158,756209.278429577,7.10957781781833
12.561,0.0233673323690734,0.293517061887931,10.598557136595,0.0889978212114608,0.498036302564402,0.999999999988529,1,0.999959320472589,285215.410478976,239561.217937428,757024.694201996,7.11669095161028
12.562,0.0233673323690734,0.2935404292203,10.598557136595,0.0890049064611393,0.498075951979462,0.999999999988752,1,0.999959606800269,285500.768544708,239797.56886252,757840.989232182,7.12381120209379
12.563,0.0233673323690734,0.293563796552669,10.598557136595,0.0890119917108178,0.498115601394521,0.999999999988971,1,0.99995989117708,285786.412111232,240034.152971263,758658.164468234,7.13093857638908
12.564,0.0233673323690734,0.293587163885039,10.598557136595,0.0890190769604963,0.498155250809581,0.999999999989185,1,0.99996017361581,286072.341464192,240270.970493718,759476.220859272,7.13807308162354
12.565,0.0233673323690734,0.293610531217408,10.598557136595,0.0890261622101747,0.49819490022464,0.999999999989396,1,0.999960454129162,286358.556889518,240508.02166017,760295.159355439,7.14521472493168
12.566,0.0233673323690734,0.293633898549777,10.598557136595,0.0890332474598532,0.4982345496397,0.999999999989602,1,0.999960732729765,286645.058673424,240745.306701132,761114.980907908,7.15236351345515
12.567,0.0233673323690734,0.293657265882146,10.598557136595,0.0890403327095317,0.49827419905476,0.999999999989805,1,0.999961009430165,286931.847102413,240982.825847344,761935.686468866,7.15951945434271
12.568,0.0233673323690734,0.293680633214515,10.598557136595,0.0890474179592102,0.498313848469819,0.999999999990003,1,0.999961284242831,287218.922463273,241220.579329775,762757.27699154,7.16668255475033
12.569,0.0233673323690734,0.293704000546884,10.598557136595,0.0890545032088887,0.498353497884879,0.999999999990198,1,0.999961557180153,287506.285043079,241458.567379621,763579.753430175,7.1738528218411
12.57,0.0233673323690734,0.293727367879253,10.598557136595,0.0890615884585672,0.498393147299939,0.999999999990389,1,0.999961828254446,287793.935129195,241696.790228306,764403.116740051,7.1810302627853
12.571,0.0233673323690734,0.293750735211622,10.598557136595,0.0890686737082457,0.498432796714998,0.999999999990576,1,0.999962097477946,288081.873009269,241935.248107481,765227.367877475,7.18821488476035
12.572,0.0233673323690734,0.293774102543991,10.598557136595,0.0890757589579241,0.498472446130058,0.99999999999076,1,0.999962364862811,288370.09897124,242173.941249028,766052.507799784,7.19540669495089
12.573,0.0233673323690734,0.29379746987636,10.598557136595,0.0890828442076026,0.498512095545118,0.99999999999094,1,0.999962630421125,288658.613303335,242412.869885057,766878.537465354,7.20260570054873
12.574,0.0233673323690734,0.293820837208729,10.598557136595,0.0890899294572811,0.498551744960177,0.999999999991117,1,0.999962894164895,288947.416294067,242652.034247906,767705.457833585,7.20981190875286
12.575,0.0233673323690734,0.293844204541098,10.598557136595,0.0890970147069596,0.498591394375237,0.99999999999129,1,0.999963156106055,289236.508232239,242891.434570142,768533.269864916,7.2170253267695
12.576,0.0233673323690734,0.293867571873467,10.598557136595,0.0891040999566381,0.498631043790297,0.99999999999146,1,0.99996341625646,289525.889406943,243131.071084565,769361.974520827,7.22424596181208
12.577,0.0233673323690734,0.293890939205836,10.598557136595,0.0891111852063166,0.498670693205356,0.999999999991627,1,0.999963674627895,289815.560107561,243370.9440242,770191.572763823,7.23147382110121
12.578,0.0233673323690734,0.293914306538206,10.598557136595,0.089118270455995,0.498710342620416,0.99999999999179,1,0.999963931232067,290105.520623763,243611.053622305,771022.065557458,7.23870891186476
12.579,0.0233673323690734,0.293937673870575,10.598557136595,0.0891253557056736,0.498749992035476,0.99999999999195,1,0.999964186080613,290395.771245511,243851.400112366,771853.453866321,7.24595124133784
12.58,0.0233673323690734,0.293961041202944,10.598557136595,0.089132440955352,0.498789641450535,0.999999999992108,1,0.999964439185094,290686.312263053,244091.983728101,772685.738656035,7.25320081676276
12.581,0.0233673323690734,0.293984408535313,10.598557136595,0.0891395262050305,0.498829290865595,0.999999999992262,1,0.999964690557001,290977.143966932,244332.804703458,773518.920893274,7.2604576453891
12.582,0.0233673323690734,0.294007775867682,10.598557136595,0.089146611454709,0.498868940280655,0.999999999992413,1,0.99996494020775,291268.26664798,244573.863272616,774353.00154575,7.2677217344737
12.583,0.0233673323690734,0.294031143200051,10.598557136595,0.0891536967043875,0.498908589695714,0.999999999992561,1,0.999965188148688,291559.680597318,244815.159669985,775187.981582217,7.27499309128062
12.584,0.0233673323690734,0.29405451053242,10.598557136595,0.089160781954066,0.498948239110774,0.999999999992707,1,0.999965434391087,291851.386106361,245056.694130206,776023.861972477,7.28227172308125
12.585,0.0233673323690734,0.294077877864789,10.598557136595,0.0891678672037445,0.498987888525834,0.999999999992849,1,0.999965678946152,292143.383466814,245298.466888151,776860.643687375,7.28955763715421
12.586,0.0233673323690734,0.294101245197158,10.598557136595,0.0891749524534229,0.499027537940893,0.999999999992989,1,0.999965921825015,292435.672970676,245540.478178925,777698.327698803,7.29685084078541
12.587,0.0233673323690734,0.294124612529527,10.598557136595,0.0891820377031014,0.499067187355953,0.999999999993126,1,0.999966163038738,292728.254910234,245782.728237864,778536.914979701,7.30415134126806
12.588,0.0233673323690734,0.294147979861896,10.598557136595,0.0891891229527799,0.499106836771013,0.999999999993261,1,0.999966402598315,293021.129578072,246025.217300537,779376.406504063,7.31145914590267
12.589,0.0233673323690734,0.294171347194265,10.598557136595,0.0891962082024584,0.499146486186072,0.999999999993393,1,0.999966640514668,293314.297267064,246267.945602744,780216.803246924,7.31877426199702
12.59,0.0233673323690734,0.294194714526634,10.598557136595,0.0892032934521369,0.499186135601132,0.999999999993522,1,0.999966876798653,293607.758270378,246510.91338052,781058.10618438,7.32609669686625
12.591,0.0233673323690734,0.294218081859004,10.598557136595,0.0892103787018154,0.499225785016192,0.999999999993649,1,0.999967111461055,293901.512881474,246754.12087013,781900.316293573,7.33342645783279
12.592,0.0233673323690734,0.294241449191373,10.598557136595,0.0892174639514939,0.499265434431251,0.999999999993773,1,0.999967344512592,294195.561394108,246997.568308075,782743.434552699,7.34076355222639
12.593,0.0233673323690734,0.294264816523742,10.598557136595,0.0892245492011723,0.499305083846311,0.999999999993895,1,0.999967575963916,294489.904102327,247241.255931086,783587.461941012,7.34810798738416
12.594,0.0233673323690734,0.294288183856111,10.598557136595,0.0892316344508508,0.499344733261371,0.999999999994015,1,0.999967805825608,294784.541300476,247485.18397613,784432.39943882,7.35545977065052
12.595,0.0233673323690734,0.29431155118848,10.598557136595,0.0892387197005293,0.49938438267643,0.999999999994132,1,0.999968034108185,295079.47328319,247729.352680409,785278.248027491,7.36281890937729
12.596,0.0233673323690734,0.294334918520849,10.598557136595,0.0892458049502078,0.49942403209149,0.999999999994247,1,0.999968260822098,295374.700345402,247973.762281355,786125.008689446,7.37018541092356
12.597,0.0233673323690734,0.294358285853218,10.598557136595,0.0892528901998863,0.49946368150655,0.99999999999436,1,0.999968485977729,295670.222782339,248218.413016637,786972.682408166,7.37755928265585
12.598,0.0233673323690734,0.294381653185587,10.598557136595,0.0892599754495648,0.499503330921609,0.999999999994471,1,0.999968709585397,295966.040889523,248463.305124158,787821.270168199,7.38494053194805
12.599,0.0233673323690734,0.294405020517956,10.598557136595,0.0892670606992433,0.499542980336669,0.999999999994579,1,0.999968931655355,296262.154962773,248708.438842057,788670.772955147,7.3923291661814
12.6,0.0233673323690734,0.294428387850325,10.598557136595,0.0892741459489217,0.499582629751729,0.999999999994686,1,0.99996915219779,296558.565298203,248953.814408705,789521.191755679,7.39972519274452
12.601,0.0233673323690734,0.294451755182694,10.598557136595,0.0892812311986002,0.499622279166788,0.99999999999479,1,0.999969371222826,296855.272192222,249199.43206271,790372.527557527,7.40712861903346
12.602,0.0233673323690734,0.294475122515063,10.598557136595,0.0892883164482787,0.499661928581848,0.999999999994892,1,0.999969588740523,297152.275941539,249445.292042916,791224.781349487,7.41453945245164
12.603,0.0233673323690734,0.294498489847432,10.598557136595,0.0892954016979572,0.499701577996908,0.999999999994993,1,0.999969804760875,297449.576843156,249691.394588401,792077.954121422,7.42195770040988
12.604,0.0233673323690734,0.294521857179801,10.598557136595,0.0893024869476357,0.499741227411967,0.999999999995091,1,0.999970019293815,297747.175194375,249937.739938481,792932.046864262,7.42938337032644
12.605,0.0233673323690734,0.294545224512171,10.598557136595,0.0893095721973142,0.499780876827027,0.999999999995188,1,0.999970232349212,298045.071292794,250184.328332705,793787.060570009,7.436816469627
12.606,0.0233673323690734,0.29456859184454,10.598557136595,0.0893166574469927,0.499820526242087,0.999999999995282,1,0.999970443936873,298343.265436309,250431.160010862,794642.996231728,7.44425700574463
12.607,0.0233673323690734,0.294591959176909,10.598557136595,0.0893237426966711,0.499860175657146,0.999999999995375,1,0.999970654066542,298641.757923114,250678.235212974,795499.854843559,7.4517049861199
12.608,0.0233673323690734,0.294615326509278,10.598557136595,0.0893308279463496,0.499899825072206,0.999999999995466,1,0.999970862747902,298940.549051703,250925.554179303,796357.637400716,7.45916041820078
12.609,0.0233673323690734,0.294638693841647,10.598557136595,0.0893379131960281,0.499939474487266,0.999999999995555,1,0.999971069990573,299239.639120865,251173.117150346,797216.344899479,7.46662330944269
12.61,0.0233673323690734,0.294662061174016,10.598557136595,0.0893449984457066,0.499979123902325,0.999999999995642,1,0.999971275804117,299539.028429691,251420.924366838,798075.978337211,7.47409366730853
12.611,0.0233673323690734,0.294685428506385,10.598557136595,0.0893520836953851,0.500018773317385,0.999999999995728,1,0.999971480198031,299838.717277571,251668.976069751,798936.538712346,7.48157149926868
12.612,0.0233673323690734,0.294708795838754,10.598557136595,0.0893591689450636,0.500058422732444,0.999999999995812,1,0.999971683181756,300138.705964192,251917.272500296,799798.02702439,7.48905681280093
12.613,0.0233673323690734,0.294732163171123,10.598557136595,0.0893662541947421,0.500098072147504,0.999999999995895,1,0.999971884764669,300438.994789545,252165.81389992,800660.444273937,7.49654961539062
12.614,0.0233673323690734,0.294755530503492,10.598557136595,0.0893733394444206,0.500137721562564,0.999999999995976,1,0.999972084956091,300739.584053918,252414.60051031,801523.791462653,7.50404991453057
12.615,0.0233673323690734,0.294778897835861,10.598557136595,0.089380424694099,0.500177370977623,0.999999999996055,1,0.99997228376528,301040.4740579,252663.632573391,802388.069593285,7.51155771772104
12.616,0.0233673323690734,0.29480226516823,10.598557136595,0.0893875099437775,0.500217020392683,0.999999999996133,1,0.999972481201438,301341.66510238,252912.910331326,803253.27966966,7.51907303246986
12.617,0.0233673323690734,0.294825632500599,10.598557136595,0.089394595193456,0.500256669807743,0.999999999996209,1,0.999972677273708,301643.157488552,253162.434026517,804119.422696695,7.52659586629234
12.618,0.0233673323690734,0.294848999832968,10.598557136595,0.0894016804431345,0.500296319222802,0.999999999996284,1,0.999972871991173,301944.951517905,253412.203901606,804986.49968038,7.53412622671131
12.619,0.0233673323690734,0.294872367165338,10.598557136595,0.089408765692813,0.500335968637862,0.999999999996357,1,0.99997306536286,302247.047492236,253662.220199474,805854.511627794,7.54166412125713
12.62,0.0233673323690734,0.294895734497707,10.598557136595,0.0894158509424915,0.500375618052922,0.999999999996429,1,0.999973257397737,302549.445713639,253912.483163242,806723.459547108,7.54920955746772
12.621,0.0233673323690734,0.294919101830076,10.598557136595,0.08942293619217,0.500415267467981,0.999999999996499,1,0.999973448104717,302852.146484513,254162.993036269,807593.34444757,7.55676254288848
12.622,0.0233673323690734,0.294942469162445,10.598557136595,0.0894300214418484,0.500454916883041,0.999999999996568,1,0.999973637492653,303155.150107559,254413.750062157,808464.167339521,7.56432308507241
12.623,0.0233673323690734,0.294965836494814,10.598557136595,0.0894371066915269,0.500494566298101,0.999999999996636,1,0.999973825570344,303458.45688578,254664.754484746,809335.929234395,7.57189119158007
12.624,0.0233673323690734,0.294989203827183,10.598557136595,0.0894441919412054,0.50053421571316,0.999999999996702,1,0.999974012346533,303762.067122483,254916.006548117,810208.631144708,7.57946686997954
12.625,0.0233673323690734,0.295012571159552,10.598557136595,0.0894512771908839,0.50057386512822,0.999999999996767,1,0.999974197829905,304065.981121279,255167.506496594,811082.274084077,7.58705012784651
12.626,0.0233673323690734,0.295035938491921,10.598557136595,0.0894583624405624,0.50061351454328,0.999999999996831,1,0.999974382029091,304370.199186081,255419.254574738,811956.859067206,7.59464097276424
12.627,0.0233673323690734,0.29505930582429,10.598557136595,0.0894654476902409,0.500653163958339,0.999999999996894,1,0.999974564952667,304674.721621108,255671.251027355,812832.387109895,7.60223941232359
12.628,0.0233673323690734,0.295082673156659,10.598557136595,0.0894725329399193,0.500692813373399,0.999999999996955,1,0.999974746609155,304979.548730881,255923.49609949,813708.85922904,7.60984545412297
12.629,0.0233673323690734,0.295106040489028,10.598557136595,0.0894796181895978,0.500732462788459,0.999999999997015,1,0.999974927007019,305284.680820229,256175.990036432,814586.276442631,7.61745910576844
12.63,0.0233673323690734,0.295129407821397,10.598557136595,0.0894867034392763,0.500772112203518,0.999999999997074,1,0.999975106154672,305590.118194283,256428.733083711,815464.63976976,7.62508037487365
12.631,0.0233673323690734,0.295152775153766,10.598557136595,0.0894937886889548,0.500811761618578,0.999999999997132,1,0.999975284060473,305895.861158481,256681.725487098,816343.950230616,7.63270926905989
12.632,0.0233673323690734,0.295176142486135,10.598557136595,0.0895008739386333,0.500851411033638,0.999999999997189,1,0.999975460732727,306201.910018565,256934.967492607,817224.208846482,7.64034579595601
12.633,0.0233673323690734,0.295199509818505,10.598557136595,0.0895079591883118,0.500891060448697,0.999999999997245,1,0.999975636179686,306508.265080585,257188.459346497,818105.416639753,7.64798996319857
12.634,0.0233673323690734,0.295222877150874,10.598557136595,0.0895150444379903,0.500930709863757,0.999999999997299,1,0.999975810409547,306814.926650896,257442.201295268,818987.574633919,7.65564177843175
12.635,0.0233673323690734,0.295246244483243,10.598557136595,0.0895221296876687,0.500970359278817,0.999999999997353,1,0.999975983430458,307121.895036159,257696.193585662,819870.683853576,7.66330124930732
12.636,0.0233673323690734,0.295269611815612,10.598557136595,0.0895292149373472,0.501010008693876,0.999999999997405,1,0.999976155250514,307429.170543342,257950.436464668,820754.745324424,7.67096838348479
12.637,0.0233673323690734,0.295292979147981,10.598557136595,0.0895363001870257,0.501049658108936,0.999999999997456,1,0.999976325877755,307736.753479722,258204.930179515,821639.760073272,7.67864318863129
12.638,0.0233673323690734,0.29531634648035,10.598557136595,0.0895433854367042,0.501089307523996,0.999999999997507,1,0.999976495320173,308044.644152881,258459.674977677,822525.729128031,7.6863256724216
12.639,0.0233673323690734,0.295339713812719,10.598557136595,0.0895504706863827,0.501128956939055,0.999999999997556,1,0.999976663585707,308352.842870709,258714.671106873,823412.653517723,7.69401584253823
12.64,0.0233673323690734,0.295363081145088,10.598557136595,0.0895575559360612,0.501168606354115,0.999999999997605,1,0.999976830682245,308661.349941407,258969.918815068,824300.534272483,7.70171370667136
12.641,0.0233673323690734,0.295386448477457,10.598557136595,0.0895646411857397,0.501208255769175,0.999999999997652,1,0.999976996617626,308970.165673479,259225.418350467,825189.37242355,7.70941927251882
12.642,0.0233673323690734,0.295409815809826,10.598557136595,0.0895717264354182,0.501247905184234,0.999999999997699,1,0.999977161399638,309279.290375743,259481.169961523,826079.169003278,7.71713254778619
12.643,0.0233673323690734,0.295433183142195,10.598557136595,0.0895788116850966,0.501287554599294,0.999999999997744,1,0.999977325036016,309588.724357324,259737.173896936,826969.92504514,7.72485354018677
12.644,0.0233673323690734,0.295456550474564,10.598557136595,0.0895858969347751,0.501327204014354,0.999999999997789,1,0.99997748753445,309898.467927654,259993.430405646,827861.641583711,7.73258225744152
12.645,0.0233673323690734,0.295479917806933,10.598557136595,0.0895929821844536,0.501366853429413,0.999999999997833,1,0.999977648902577,310208.521396479,260249.939736843,828754.319654694,7.74031870727917
12.646,0.0233673323690734,0.295503285139303,10.598557136595,0.0896000674341321,0.501406502844473,0.999999999997876,1,0.999977809147987,310518.88507385,260506.702139963,829647.960294901,7.74806289743619
12.647,0.0233673323690734,0.295526652471672,10.598557136595,0.0896071526838106,0.501446152259533,0.999999999997918,1,0.99997796827822,310829.559270133,260763.717864684,830542.564542266,7.75581483565674
12.648,0.0233673323690734,0.295550019804041,10.598557136595,0.0896142379334891,0.501485801674592,0.999999999997959,1,0.999978126300768,311140.544296,261020.987160933,831438.133435839,7.76357452969277
12.649,0.0233673323690734,0.29557338713641,10.598557136595,0.0896213231831676,0.501525451089652,0.999999999998,1,0.999978283223075,311451.840462439,261278.510278886,832334.668015793,7.77134198730399
12.65,0.0233673323690734,0.295596754468779,10.598557136595,0.089628408432846,0.501565100504712,0.99999999999804,1,0.999978439052535,311763.448080743,261536.28746896,833232.169323421,7.77911721625783
12.651,0.0233673323690734,0.295620121801148,10.598557136595,0.0896354936825245,0.501604749919771,0.999999999998079,1,0.999978593796499,312075.367462521,261794.318981825,834130.638401138,7.78690022432953
12.652,0.0233673323690734,0.295643489133517,10.598557136595,0.089642578932203,0.501644399334831,0.999999999998117,1,0.999978747462265,312387.598919693,262052.605068395,835030.07629249,7.79469101930212
12.653,0.0233673323690734,0.295666856465886,10.598557136595,0.0896496641818815,0.501684048749891,0.999999999998154,1,0.999978900057088,312700.14276449,262311.145979832,835930.484042137,7.80248960896637
12.654,0.0233673323690734,0.295690223798255,10.598557136595,0.08965674943156,0.50172369816495,0.999999999998191,1,0.999979051588174,313012.999309455,262569.941967545,836831.862695872,7.81029600112088
12.655,0.0233673323690734,0.295713591130624,10.598557136595,0.0896638346812385,0.50176334758001,0.999999999998227,1,0.999979202062685,313326.168867446,262828.993283194,837734.213300618,7.81811020357205
12.656,0.0233673323690734,0.295736958462993,10.598557136595,0.089670919930917,0.50180299699507,0.999999999998262,1,0.999979351487734,313639.651751632,263088.300178685,838637.53690442,7.82593222413406
12.657,0.0233673323690734,0.295760325795362,10.598557136595,0.0896780051805954,0.501842646410129,0.999999999998297,1,0.999979499870389,313953.448275496,263347.862906171,839541.834556459,7.83376207062896
12.658,0.0233673323690734,0.295783693127731,10.598557136595,0.0896850904302739,0.501882295825189,0.999999999998331,1,0.999979647217673,314267.558752834,263607.681718058,840447.107307046,7.84159975088657
12.659,0.0233673323690734,0.295807060460101,10.598557136595,0.0896921756799524,0.501921945240249,0.999999999998364,1,0.999979793536564,314581.983497758,263867.756866998,841353.356207621,7.8494452727446
12.66,0.0233673323690734,0.29583042779247,10.598557136595,0.0896992609296309,0.501961594655308,0.999999999998396,1,0.999979938833993,314896.72282469,264128.088605891,842260.582310763,7.85729864404855
12.661,0.0233673323690734,0.295853795124839,10.598557136595,0.0897063461793094,0.502001244070368,0.999999999998428,1,0.999980083116849,315211.777048372,264388.677187891,843168.78667018,7.86515987265179
12.662,0.0233673323690734,0.295877162457208,10.598557136595,0.0897134314289879,0.502040893485428,0.99999999999846,1,0.999980226391973,315527.146483857,264649.522866399,844077.970340724,7.87302896641556
12.663,0.0233673323690734,0.295900529789577,10.598557136595,0.0897205166786664,0.502080542900487,0.99999999999849,1,0.999980368666164,315842.831446516,264910.625895065,844988.13437838,7.88090593320897
12.664,0.0233673323690734,0.295923897121946,10.598557136595,0.0897276019283448,0.502120192315547,0.99999999999852,1,0.999980509946178,316158.832252032,265171.986527791,845899.279840267,7.88879078090895
12.665,0.0233673323690734,0.295947264454315,10.598557136595,0.0897346871780233,0.502159841730606,0.99999999999855,1,0.999980650238725,316475.149216406,265433.605018729,846811.407784653,7.89668351740037
12.666,0.0233673323690734,0.295970631786684,10.598557136595,0.0897417724277018,0.502199491145666,0.999999999998579,1,0.999980789550473,316791.782655956,265695.481622282,847724.519270941,7.90458415057599
12.667,0.0233673323690734,0.295993999119053,10.598557136595,0.0897488576773803,0.502239140560726,0.999999999998607,1,0.999980927888045,317108.732887315,265957.616593103,848638.615359679,7.91249268833639
12.668,0.0233673323690734,0.296017366451422,10.598557136595,0.0897559429270588,0.502278789975785,0.999999999998635,1,0.999981065258023,317426.000227434,266220.010186098,849553.697112557,7.92040913859015
12.669,0.0233673323690734,0.296040733783791,10.598557136595,0.0897630281767373,0.502318439390845,0.999999999998662,1,0.999981201666946,317743.584993579,266482.662656423,850469.765592411,7.92833350925372
12.67,0.0233673323690734,0.29606410111616,10.598557136595,0.0897701134264157,0.502358088805905,0.999999999998689,1,0.999981337121311,318061.487503335,266745.574259485,851386.821863222,7.93626580825144
12.671,0.0233673323690734,0.296087468448529,10.598557136595,0.0897771986760942,0.502397738220964,0.999999999998715,1,0.999981471627571,318379.708074606,267008.745250946,852304.866990118,7.94420604351563
12.672,0.0233673323690734,0.296110835780898,10.598557136595,0.0897842839257727,0.502437387636024,0.999999999998741,1,0.999981605192139,318698.247025611,267272.175886718,853223.90203938,7.95215422298654
12.673,0.0233673323690734,0.296134203113268,10.598557136595,0.0897913691754512,0.502477037051084,0.999999999998766,1,0.999981737821385,319017.10467489,267535.866422964,854143.92807843,7.96011035461233
12.674,0.0233673323690734,0.296157570445637,10.598557136595,0.0897984544251297,0.502516686466143,0.99999999999879,1,0.99998186952164,319336.2813413,267799.817116105,855064.946175851,7.96807444634913
12.675,0.0233673323690734,0.296180937778006,10.598557136595,0.0898055396748082,0.502556335881203,0.999999999998815,1,0.99998200029919,319655.777344018,268064.028222809,855986.957401372,7.97604650616106
12.676,0.0233673323690734,0.296204305110375,10.598557136595,0.0898126249244867,0.502595985296263,0.999999999998838,1,0.999982130160285,319975.59300254,268328.5,856909.962825873,7.98402654202014
12.677,0.0233673323690734,0.296227672442744,10.598557136595,0.0898197101741652,0.502635634711322,0.999999999998861,1,0.99998225911113,320295.728636682,268593.232704857,857833.963521398,7.99201456190643
12.678,0.0233673323690734,0.296251039775113,10.598557136595,0.0898267954238436,0.502675284126382,0.999999999998884,1,0.999982387157892,320616.184566579,268858.22659481,858758.96056114,8.00001057380796
12.679,0.0233673323690734,0.296274407107482,10.598557136595,0.0898338806735221,0.502714933541442,0.999999999998907,1,0.999982514306698,320936.961112687,269123.481927543,859684.955019447,8.00801458572072
12.68,0.0233673323690734,0.296297774439851,10.598557136595,0.0898409659232006,0.502754582956501,0.999999999998928,1,0.999982640563634,321258.058595783,269388.998960997,860611.947971835,8.01602660564873
12.681,0.0233673323690734,0.29632114177222,10.598557136595,0.0898480511728791,0.502794232371561,0.99999999999895,1,0.999982765934747,321579.477336965,269654.777953364,861539.94049497,8.02404664160403
12.682,0.0233673323690734,0.296344509104589,10.598557136595,0.0898551364225576,0.502833881786621,0.999999999998971,1,0.999982890426044,321901.21765765,269920.819163094,862468.933666685,8.03207470160663
12.683,0.0233673323690734,0.296367876436958,10.598557136595,0.0898622216722361,0.50287353120168,0.999999999998991,1,0.999983014043495,322223.27987958,270187.12284889,863398.928565972,8.0401107936846
12.684,0.0233673323690734,0.296391243769327,10.598557136595,0.0898693069219146,0.50291318061674,0.999999999999012,1,0.999983136793029,322545.664324817,270453.689269711,864329.926272988,8.04815492587404
12.685,0.0233673323690734,0.296414611101696,10.598557136595,0.089876392171593,0.5029528300318,0.999999999999031,1,0.999983258680537,322868.371315745,270720.518684771,865261.927869054,8.05620710621907
12.686,0.0233673323690734,0.296437978434065,10.598557136595,0.0898834774212715,0.502992479446859,0.999999999999051,1,0.999983379711872,323191.401175071,270987.611353539,866194.934436657,8.06426734277187
12.687,0.0233673323690734,0.296461345766435,10.598557136595,0.08989056267095,0.503032128861919,0.99999999999907,1,0.999983499892847,323514.754225826,271254.967535742,867128.947059455,8.07233564359271
12.688,0.0233673323690734,0.296484713098804,10.598557136595,0.0898976479206285,0.503071778276979,0.999999999999089,1,0.99998361922924,323838.430791361,271522.587491361,868063.966822266,8.08041201674984
12.689,0.0233673323690734,0.296508080431173,10.598557136595,0.089904733170307,0.503111427692038,0.999999999999107,1,0.99998373772679,324162.431195355,271790.471480637,868999.994811085,8.08849647031967
12.69,0.0233673323690734,0.296531447763542,10.598557136595,0.0899118184199855,0.503151077107098,0.999999999999125,1,0.999983855391198,324486.755761806,272058.619764063,869937.032113076,8.09658901238664
12.691,0.0233673323690734,0.296554815095911,10.598557136595,0.089918903669664,0.503190726522158,0.999999999999142,1,0.999983972228128,324811.404815041,272327.032602392,870875.079816576,8.10468965104331
12.692,0.0233673323690734,0.29657818242828,10.598557136595,0.0899259889193424,0.503230375937217,0.999999999999159,1,0.999984088243207,325136.378679707,272595.710256634,871814.139011094,8.11279839439029
12.693,0.0233673323690734,0.296601549760649,10.598557136595,0.0899330741690209,0.503270025352277,0.999999999999176,1,0.999984203442027,325461.677680778,272864.652988057,872754.210787313,8.12091525053635
12.694,0.0233673323690734,0.296624917093018,10.598557136595,0.0899401594186994,0.503309674767337,0.999999999999193,1,0.99998431783014,325787.302143555,273133.861058184,873695.296237096,8.12904022759833
12.695,0.0233673323690734,0.296648284425387,10.598557136595,0.0899472446683779,0.503349324182396,0.999999999999209,1,0.999984431413065,326113.252393662,273403.3347288,874637.396453481,8.13717333370123
12.696,0.0233673323690734,0.296671651757756,10.598557136595,0.0899543299180564,0.503388973597456,0.999999999999225,1,0.999984544196284,326439.528757047,273673.074261945,875580.51253068,8.14531457697813
12.697,0.0233673323690734,0.296695019090125,10.598557136595,0.0899614151677349,0.503428623012516,0.99999999999924,1,0.999984656185241,326766.131559988,273943.079919919,876524.645564095,8.15346396557028
12.698,0.0233673323690734,0.296718386422494,10.598557136595,0.0899685004174134,0.503468272427575,0.999999999999256,1,0.999984767385348,327093.061129089,274213.351965282,877469.796650303,8.1616215076271
12.699,0.0233673323690734,0.296741753754863,10.598557136595,0.0899755856670918,0.503507921842635,0.999999999999271,1,0.999984877801979,327420.317791278,274483.890660849,878415.966887058,8.16978721130608
12.7,0.0233673323690734,0.296765121087232,10.598557136595,0.0899826709167703,0.503547571257695,0.999999999999285,1,0.999984987440473,327747.901873812,274754.696269699,879363.157373311,8.17796108477296
12.701,0.0233673323690734,0.296788488419602,10.598557136595,0.0899897561664488,0.503587220672754,0.9999999999993,1,0.999985096306135,328075.813704275,275025.769055167,880311.369209187,8.18614313620162
12.702,0.0233673323690734,0.296811855751971,10.598557136595,0.0899968414161273,0.503626870087814,0.999999999999314,1,0.999985204404235,328404.053610579,275297.10928085,881260.603496001,8.19433337377409
12.703,0.0233673323690734,0.29683522308434,10.598557136595,0.0900039266658058,0.503666519502874,0.999999999999328,1,0.999985311740009,328732.621920964,275568.717210604,882210.861336256,8.20253180568061
12.704,0.0233673323690734,0.296858590416709,10.598557136595,0.0900110119154843,0.503706168917933,0.999999999999341,1,0.999985418318656,329061.518963999,275840.593108547,883162.143833646,8.21073844011963
12.705,0.0233673323690734,0.296881957749078,10.598557136595,0.0900180971651628,0.503745818332993,0.999999999999354,1,0.999985524145345,329390.745068579,276112.737239054,884114.452093048,8.21895328529776
12.706,0.0233673323690734,0.296905325081447,10.598557136595,0.0900251824148412,0.503785467748053,0.999999999999367,1,0.999985629225208,329720.300563932,276385.149866764,885067.787220536,8.22717634942987
12.707,0.0233673323690734,0.296928692413816,10.598557136595,0.0900322676645197,0.503825117163112,0.99999999999938,1,0.999985733563345,330050.185779614,276657.831256578,886022.150323379,8.23540764073902
12.708,0.0233673323690734,0.296952059746185,10.598557136595,0.0900393529141982,0.503864766578172,0.999999999999392,1,0.999985837164821,330380.401045509,276930.781673653,886977.54251003,8.24364716745649
12.709,0.0233673323690734,0.296975427078554,10.598557136595,0.0900464381638767,0.503904415993232,0.999999999999405,1,0.999985940034669,330710.946691832,277204.001383414,887933.964890149,8.25189493782181
12.71,0.0233673323690734,0.296998794410923,10.598557136595,0.0900535234135552,0.503944065408291,0.999999999999417,1,0.999986042177889,331041.823049129,277477.490651544,888891.418574588,8.26015096008277
12.711,0.0233673323690734,0.297022161743292,10.598557136595,0.0900606086632337,0.503983714823351,0.999999999999428,1,0.999986143599447,331373.030448277,277751.249743988,889849.90467539,8.26841524249536
12.712,0.0233673323690734,0.297045529075661,10.598557136595,0.0900676939129122,0.504023364238411,0.99999999999944,1,0.999986244304278,331704.569220483,278025.278926956,890809.424305808,8.27668779332389
12.713,0.0233673323690734,0.29706889640803,10.598557136595,0.0900747791625907,0.50406301365347,0.999999999999451,1,0.999986344297283,332036.439697287,278299.578466918,891769.97858029,8.28496862084091
12.714,0.0233673323690734,0.2970922637404,10.598557136595,0.0900818644122691,0.50410266306853,0.999999999999462,1,0.999986443583331,332368.642210557,278574.148630609,892731.568614485,8.29325773332723
12.715,0.0233673323690734,0.297115631072769,10.598557136595,0.0900889496619476,0.50414231248359,0.999999999999473,1,0.999986542167261,332701.177092497,278848.989685026,893694.195525246,8.30155513907198
12.716,0.0233673323690734,0.297138998405138,10.598557136595,0.0900960349116261,0.504181961898649,0.999999999999484,1,0.999986640053877,333034.044675643,279124.101897429,894657.860430634,8.30986084637257
12.717,0.0233673323690734,0.297162365737507,10.598557136595,0.0901031201613046,0.504221611313709,0.999999999999494,1,0.999986737247954,333367.24529286,279399.485535343,895622.564449909,8.31817486353468
12.718,0.0233673323690734,0.297185733069876,10.598557136595,0.0901102054109831,0.504261260728769,0.999999999999504,1,0.999986833754234,333700.77927735,279675.140866555,896588.308703539,8.32649719887235
12.719,0.0233673323690734,0.297209100402245,10.598557136595,0.0901172906606616,0.504300910143828,0.999999999999514,1,0.999986929577428,334034.646962648,279951.068159119,897555.094313207,8.33482786070791
12.72,0.0233673323690734,0.297232467734614,10.598557136595,0.09012437591034,0.504340559558888,0.999999999999524,1,0.999987024722217,334368.848682621,280227.267681352,898522.922401801,8.34316685737205
12.721,0.0233673323690734,0.297255835066983,10.598557136595,0.0901314611600185,0.504380208973948,0.999999999999534,1,0.999987119193251,334703.38477147,280503.739701833,899491.794093413,8.35151419720372
12.722,0.0233673323690734,0.297279202399352,10.598557136595,0.090138546409697,0.504419858389007,0.999999999999543,1,0.999987212995147,335038.255563731,280780.484489411,900461.71051336,8.35986988855028
12.723,0.0233673323690734,0.297302569731721,10.598557136595,0.0901456316593755,0.504459507804067,0.999999999999552,1,0.999987306132495,335373.461394276,281057.502313197,901432.672788162,8.36823393976743
12.724,0.0233673323690734,0.29732593706409,10.598557136595,0.090152716909054,0.504499157219127,0.999999999999561,1,0.999987398609852,335709.002598311,281334.793442569,902404.682045564,8.37660635921924
12.725,0.0233673323690734,0.297349304396459,10.598557136595,0.0901598021587325,0.504538806634186,0.99999999999957,1,0.999987490431747,336044.879511376,281612.358147169,903377.739414514,8.38498715527808
12.726,0.0233673323690734,0.297372671728828,10.598557136595,0.090166887408411,0.504578456049246,0.999999999999579,1,0.999987581602677,336381.092469348,281890.196696906,904351.846025186,8.39337633632478
12.727,0.0233673323690734,0.297396039061197,10.598557136595,0.0901739726580894,0.504618105464306,0.999999999999587,1,0.99998767212711,336717.641808442,282168.309361958,905327.003008974,8.40177391074853
12.728,0.0233673323690734,0.297419406393567,10.598557136595,0.0901810579077679,0.504657754879365,0.999999999999596,1,0.999987762009487,337054.527865205,282446.696412763,906303.211498484,8.41017988694687
12.729,0.0233673323690734,0.297442773725936,10.598557136595,0.0901881431574464,0.504697404294425,0.999999999999604,1,0.999987851254217,337391.750976523,282725.358120033,907280.472627552,8.41859427332581
12.73,0.0233673323690734,0.297466141058305,10.598557136595,0.0901952284071249,0.504737053709485,0.999999999999612,1,0.999987939865679,337729.311479622,283004.294754743,908258.787531233,8.42701707829973
12.731,0.0233673323690734,0.297489508390674,10.598557136595,0.0902023136568034,0.504776703124544,0.99999999999962,1,0.999988027848226,338067.209712059,283283.506588135,909238.1573458,8.43544831029142
12.732,0.0233673323690734,0.297512875723043,10.598557136595,0.0902093989064819,0.504816352539604,0.999999999999628,1,0.99998811520618,338405.446011735,283562.993891721,910218.583208763,8.44388797773212
12.733,0.0233673323690734,0.297536243055412,10.598557136595,0.0902164841561604,0.504856001954664,0.999999999999635,1,0.999988201943835,338744.020716885,283842.75693728,911200.06625885,8.45233608906152
12.734,0.0233673323690734,0.297559610387781,10.598557136595,0.0902235694058389,0.504895651369723,0.999999999999643,1,0.999988288065457,339082.934166083,284122.795996858,912182.607636019,8.46079265272769
12.735,0.0233673323690734,0.29758297772015,10.598557136595,0.0902306546555173,0.504935300784783,0.99999999999965,1,0.999988373575284,339422.186698244,284403.11134277,913166.208481457,8.46925767718723
12.736,0.0233673323690734,0.297606345052519,10.598557136595,0.0902377399051958,0.504974950199843,0.999999999999657,1,0.999988458477525,339761.778652621,284683.703247601,914150.869937586,8.47773117090516
12.737,0.0233673323690734,0.297629712384888,10.598557136595,0.0902448251548743,0.505014599614902,0.999999999999664,1,0.999988542776361,340101.710368804,284964.571984203,915136.593148052,8.48621314235495
12.738,0.0233673323690734,0.297653079717257,10.598557136595,0.0902519104045528,0.505054249029962,0.999999999999671,1,0.999988626475947,340441.982186725,285245.717825698,916123.379257737,8.4947036000186
12.739,0.0233673323690734,0.297676447049626,10.598557136595,0.0902589956542313,0.505093898445022,0.999999999999677,1,0.999988709580409,340782.594446658,285527.141045478,917111.229412764,8.50320255238656
12.74,0.0233673323690734,0.297699814381995,10.598557136595,0.0902660809039098,0.505133547860081,0.999999999999684,1,0.999988792093845,341123.547489213,285808.841917204,918100.144760482,8.51171000795778
12.741,0.0233673323690734,0.297723181714365,10.598557136595,0.0902731661535882,0.505173197275141,0.99999999999969,1,0.999988874020328,341464.841655344,286090.820714807,919090.126449481,8.52022597523971
12.742,0.0233673323690734,0.297746549046734,10.598557136595,0.0902802514032667,0.505212846690201,0.999999999999696,1,0.999988955363903,341806.477286346,286373.077712489,920081.175629596,8.52875046274834
12.743,0.0233673323690734,0.297769916379103,10.598557136595,0.0902873366529452,0.50525249610526,0.999999999999703,1,0.999989036128586,342148.454723852,286655.613184721,921073.293451888,8.53728347900813
12.744,0.0233673323690734,0.297793283711472,10.598557136595,0.0902944219026237,0.50529214552032,0.999999999999709,1,0.999989116318371,342490.774309842,286938.427406247,922066.481068673,8.54582503255211
12.745,0.0233673323690734,0.297816651043841,10.598557136595,0.0903015071523022,0.505331794935379,0.999999999999715,1,0.999989195937221,342833.436386636,287221.52065208,923060.739633504,8.55437513192184
12.746,0.0233673323690734,0.29784001837621,10.598557136595,0.0903085924019807,0.505371444350439,0.99999999999972,1,0.999989274989076,343176.441296894,287504.893197506,924056.070301173,8.56293378566741
12.747,0.0233673323690734,0.297863385708579,10.598557136595,0.0903156776516592,0.505411093765499,0.999999999999726,1,0.999989353477847,343519.789383621,287788.54531808,925052.474227726,8.57150100234748
12.748,0.0233673323690734,0.297886753040948,10.598557136595,0.0903227629013377,0.505450743180558,0.999999999999732,1,0.99998943140742,343863.480990168,288072.477289633,926049.95257045,8.58007679052928
12.749,0.0233673323690734,0.297910120373317,10.598557136595,0.0903298481510161,0.505490392595618,0.999999999999737,1,0.999989508781657,344207.516460223,288356.689388265,927048.506487881,8.58866115878857
12.75,0.0233673323690734,0.297933487705686,10.598557136595,0.0903369334006946,0.505530042010678,0.999999999999742,1,0.999989585604392,344551.896137824,288641.181890348,928048.137139803,8.59725411570974
12.751,0.0233673323690734,0.297956855038055,10.598557136595,0.0903440186503731,0.505569691425737,0.999999999999748,1,0.999989661879434,344896.620367349,288925.955072529,929048.845687256,8.60585566988573
12.752,0.0233673323690734,0.297980222370424,10.598557136595,0.0903511039000516,0.505609340840797,0.999999999999753,1,0.999989737610568,345241.689493524,289211.009211726,930050.633292528,8.61446582991813
12.753,0.0233673323690734,0.298003589702793,10.598557136595,0.0903581891497301,0.505648990255857,0.999999999999758,1,0.999989812801553,345587.103861417,289496.344585132,931053.501119154,8.62308460441706
12.754,0.0233673323690734,0.298026957035162,10.598557136595,0.0903652743994086,0.505688639670916,0.999999999999763,1,0.999989887456121,345932.863816442,289781.961470211,932057.450331937,8.63171200200132
12.755,0.0233673323690734,0.298050324367532,10.598557136595,0.090372359649087,0.505728289085976,0.999999999999768,1,0.999989961577982,346278.96970436,290067.860144704,933062.482096924,8.64034803129829
12.756,0.0233673323690734,0.298073691699901,10.598557136595,0.0903794448987655,0.505767938501036,0.999999999999772,1,0.999990035170821,346625.421871278,290354.040886623,934068.597581431,8.64899270094404
12.757,0.0233673323690734,0.29809705903227,10.598557136595,0.090386530148444,0.505807587916095,0.999999999999777,1,0.999990108238297,346972.220663645,290640.503974256,935075.797954019,8.65764601958319
12.758,0.0233673323690734,0.298120426364639,10.598557136595,0.0903936153981225,0.505847237331155,0.999999999999781,1,0.999990180784044,347319.366428262,290927.249686165,936084.084384518,8.66630799586908
12.759,0.0233673323690734,0.298143793697008,10.598557136595,0.090400700647801,0.505886886746215,0.999999999999786,1,0.999990252811676,347666.859512275,291214.278301187,937093.458044021,8.6749786384637
12.76,0.0233673323690734,0.298167161029377,10.598557136595,0.0904077858974795,0.505926536161274,0.99999999999979,1,0.999990324324777,348014.700263176,291501.590098433,938103.920104874,8.68365795603767
12.761,0.0233673323690734,0.298190528361746,10.598557136595,0.090414871147158,0.505966185576334,0.999999999999794,1,0.999990395326912,348362.889028806,291789.185357292,939115.471740699,8.69234595727032
12.762,0.0233673323690734,0.298213895694115,10.598557136595,0.0904219563968365,0.506005834991394,0.999999999999799,1,0.99999046582162,348711.426157354,292077.064357427,940128.114126377,8.70104265084966
12.763,0.0233673323690734,0.298237263026484,10.598557136595,0.0904290416465149,0.506045484406453,0.999999999999803,1,0.999990535812416,349060.311997358,292365.227378775,941141.848438053,8.70974804547237
12.764,0.0233673323690734,0.298260630358853,10.598557136595,0.0904361268961934,0.506085133821513,0.999999999999807,1,0.999990605302793,349409.546897702,292653.674701553,942156.675853149,8.71846214984385
12.765,0.0233673323690734,0.298283997691222,10.598557136595,0.0904432121458719,0.506124783236573,0.999999999999811,1,0.999990674296219,349759.131207623,292942.406606252,943172.597550348,8.72718497267822
12.766,0.0233673323690734,0.298307365023591,10.598557136595,0.0904502973955504,0.506164432651632,0.999999999999815,1,0.99999074279614,350109.065276704,293231.423373639,944189.61470961,8.73591652269827
12.767,0.0233673323690734,0.29833073235596,10.598557136595,0.0904573826452289,0.506204082066692,0.999999999999818,1,0.999990810805979,350459.349454879,293520.725284762,945207.728512164,8.74465680863558
12.768,0.0233673323690734,0.298354099688329,10.598557136595,0.0904644678949074,0.506243731481752,0.999999999999822,1,0.999990878329135,350809.984092434,293810.312620942,946226.940140513,8.75340583923044
12.769,0.0233673323690734,0.298377467020699,10.598557136595,0.0904715531445859,0.506283380896811,0.999999999999826,1,0.999990945368986,351160.969540001,294100.185663778,947247.250778436,8.76216362323185
12.77,0.0233673323690734,0.298400834353068,10.598557136595,0.0904786383942643,0.506323030311871,0.999999999999829,1,0.999991011928887,351512.306148567,294390.344695151,948268.661610988,8.77093016939761
12.771,0.0233673323690734,0.298424201685437,10.598557136595,0.0904857236439428,0.506362679726931,0.999999999999833,1,0.999991078012168,351863.994269469,294680.789997214,949291.173824505,8.77970548649429
12.772,0.0233673323690734,0.298447569017806,10.598557136595,0.0904928088936213,0.50640232914199,0.999999999999836,1,0.99999114362214,352216.034254394,294971.521852404,950314.788606594,8.78848958329717
12.773,0.0233673323690734,0.298470936350175,10.598557136595,0.0904998941432998,0.50644197855705,0.999999999999839,1,0.999991208762091,352568.426455383,295262.540543432,951339.507146152,8.79728246859037
12.774,0.0233673323690734,0.298494303682544,10.598557136595,0.0905069793929783,0.50648162797211,0.999999999999843,1,0.999991273435286,352921.171224828,295553.846353292,952365.330633354,8.80608415116679
12.775,0.0233673323690734,0.298517671014913,10.598557136595,0.0905140646426568,0.506521277387169,0.999999999999846,1,0.999991337644968,353274.268915473,295845.439565254,953392.260259654,8.81489463982807
12.776,0.0233673323690734,0.298541038347282,10.598557136595,0.0905211498923353,0.506560926802229,0.999999999999849,1,0.99999140139436,353627.719880417,296137.320462868,954420.297217799,8.82371394338473
12.777,0.0233673323690734,0.298564405679651,10.598557136595,0.0905282351420137,0.506600576217289,0.999999999999852,1,0.999991464686662,353981.52447311,296429.489329966,955449.442701818,8.83254207065609
12.778,0.0233673323690734,0.29858777301202,10.598557136595,0.0905353203916922,0.506640225632348,0.999999999999855,1,0.999991527525054,354335.683047357,296721.946450658,956479.697907023,8.84137903047023
12.779,0.0233673323690734,0.298611140344389,10.598557136595,0.0905424056413707,0.506679875047408,0.999999999999858,1,0.999991589912691,354690.195957317,297014.692109334,957511.064030025,8.85022483166414
12.78,0.0233673323690734,0.298634507676758,10.598557136595,0.0905494908910492,0.506719524462468,0.999999999999861,1,0.999991651852712,355045.063557502,297307.726590667,958543.542268717,8.85907948308364
12.781,0.0233673323690734,0.298657875009127,10.598557136595,0.0905565761407277,0.506759173877527,0.999999999999864,1,0.999991713348231,355400.28620278,297601.050179607,959577.133822287,8.86794299358334
12.782,0.0233673323690734,0.298681242341497,10.598557136595,0.0905636613904062,0.506798823292587,0.999999999999867,1,0.999991774402342,355755.864248374,297894.66316139,960611.839891216,8.87681537202678
12.783,0.0233673323690734,0.298704609673866,10.598557136595,0.0905707466400846,0.506838472707646,0.999999999999869,1,0.99999183501812,356111.798049862,298188.565821529,961647.661677276,8.88569662728633
12.784,0.0233673323690734,0.298727977006235,10.598557136595,0.0905778318897631,0.506878122122706,0.999999999999872,1,0.999991895198618,356468.087963178,298482.75844582,962684.600383544,8.89458676824326
12.785,0.0233673323690734,0.298751344338604,10.598557136595,0.0905849171394416,0.506917771537766,0.999999999999875,1,0.999991954946867,356824.734344611,298777.241320343,963722.657214381,8.90348580378768
12.786,0.0233673323690734,0.298774711670973,10.598557136595,0.0905920023891201,0.506957420952825,0.999999999999877,1,0.999992014265881,357181.737550808,299072.014731458,964761.833375459,8.91239374281865
12.787,0.0233673323690734,0.298798079003342,10.598557136595,0.0905990876387986,0.506997070367885,0.99999999999988,1,0.99999207315865,357539.097938773,299367.078965807,965802.130073741,8.92131059424411
12.788,0.0233673323690734,0.298821446335711,10.598557136595,0.0906061728884771,0.507036719782945,0.999999999999882,1,0.999992131628147,357896.815865866,299662.434310318,966843.548517502,8.93023636698092
12.789,0.0233673323690734,0.29884481366808,10.598557136595,0.0906132581381556,0.507076369198004,0.999999999999885,1,0.999992189677325,358254.891689804,299958.081052199,967886.089916306,8.93917106995482
12.79,0.0233673323690734,0.298868181000449,10.598557136595,0.090620343387834,0.507116018613064,0.999999999999887,1,0.999992247309113,358613.325768663,300254.019478943,968929.755481029,8.94811471210054
12.791,0.0233673323690734,0.298891548332818,10.598557136595,0.0906274286375125,0.507155668028124,0.999999999999889,1,0.999992304526425,358972.118460879,300550.249878326,969974.546423858,8.95706730236173
12.792,0.0233673323690734,0.298914915665187,10.598557136595,0.090634513887191,0.507195317443183,0.999999999999892,1,0.999992361332154,359331.270125243,300846.772538407,971020.463958274,8.96602884969096
12.793,0.0233673323690734,0.298938282997556,10.598557136595,0.0906415991368695,0.507234966858243,0.999999999999894,1,0.999992417729171,359690.781120906,301143.587747531,972067.509299079,8.97499936304978
12.794,0.0233673323690734,0.298961650329925,10.598557136595,0.090648684386548,0.507274616273303,0.999999999999896,1,0.999992473720333,360050.651807382,301440.695794327,973115.683662379,8.98397885140873
12.795,0.0233673323690734,0.298985017662294,10.598557136595,0.0906557696362265,0.507314265688362,0.999999999999898,1,0.999992529308471,360410.882544538,301738.096967707,974164.988265587,8.99296732374726
12.796,0.0233673323690734,0.299008384994664,10.598557136595,0.090662854885905,0.507353915103422,0.9999999999999,1,0.999992584496403,360771.473692607,302035.791556871,975215.42432744,9.00196478905387
12.797,0.0233673323690734,0.299031752327033,10.598557136595,0.0906699401355835,0.507393564518482,0.999999999999902,1,0.999992639286925,361132.425612181,302333.779851303,976266.993067981,9.01097125632603
12.798,0.0233673323690734,0.299055119659402,10.598557136595,0.0906770253852619,0.507433213933541,0.999999999999904,1,0.999992693682814,361493.738664209,302632.062140771,977319.695708567,9.01998673457019
12.799,0.0233673323690734,0.299078486991771,10.598557136595,0.0906841106349404,0.507472863348601,0.999999999999906,1,0.999992747686829,361855.413210007,302930.638715331,978373.53347188,9.02901123280182
12.8,0.0233673323690734,0.29910185432414,10.598557136595,0.0906911958846189,0.507512512763661,0.999999999999908,1,0.99999280130171,362217.449611248,303229.509865324,979428.507581913,9.03804476004547
12.801,0.0233673323690734,0.299125221656509,10.598557136595,0.0906982811342974,0.50755216217872,0.99999999999991,1,0.99999285453018,362579.848229969,303528.675881379,980484.619263982,9.0470873253346
12.802,0.0233673323690734,0.299148588988878,10.598557136595,0.0907053663839759,0.50759181159378,0.999999999999912,1,0.999992907374941,362942.609428568,303828.137054409,981541.869744724,9.05613893771182
12.803,0.0233673323690734,0.299171956321247,10.598557136595,0.0907124516336544,0.50763146100884,0.999999999999914,1,0.999992959838678,363305.733569807,304127.893675618,982600.260252101,9.06519960622875
12.804,0.0233673323690734,0.299195323653616,10.598557136595,0.0907195368833329,0.507671110423899,0.999999999999916,1,0.999993011924059,363669.221016809,304427.946036494,983659.792015393,9.07426933994602
12.805,0.0233673323690734,0.299218690985985,10.598557136595,0.0907266221330113,0.507710759838959,0.999999999999917,1,0.999993063633733,364033.072133063,304728.294428812,984720.466265209,9.08334814793339
12.806,0.0233673323690734,0.299242058318354,10.598557136595,0.0907337073826898,0.507750409254019,0.999999999999919,1,0.99999311497033,364397.28728242,305028.939144638,985782.284233491,9.09243603926967
12.807,0.0233673323690734,0.299265425650723,10.598557136595,0.0907407926323683,0.507790058669078,0.999999999999921,1,0.999993165936465,364761.866829094,305329.880476323,986845.247153495,9.10153302304274
12.808,0.0233673323690734,0.299288792983092,10.598557136595,0.0907478778820468,0.507829708084138,0.999999999999922,1,0.999993216534731,365126.811137665,305631.11871651,987909.356259821,9.11063910834959
12.809,0.0233673323690734,0.299312160315462,10.598557136595,0.0907549631317253,0.507869357499198,0.999999999999924,1,0.999993266767709,365492.120573079,305932.654158128,988974.612788396,9.11975430429633
12.81,0.0233673323690734,0.299335527647831,10.598557136595,0.0907620483814038,0.507909006914257,0.999999999999925,1,0.999993316637957,365857.795500642,306234.487094395,990041.017976471,9.12887861999811
12.811,0.0233673323690734,0.2993588949802,10.598557136595,0.0907691336310823,0.507948656329317,0.999999999999927,1,0.99999336614802,366223.836286032,306536.61781882,991108.573062646,9.13801206457927
12.812,0.0233673323690734,0.299382262312569,10.598557136595,0.0907762188807607,0.507988305744377,0.999999999999928,1,0.999993415300423,366590.243295289,306839.0466252,992177.279286846,9.14715464717328
12.813,0.0233673323690734,0.299405629644938,10.598557136595,0.0907833041304392,0.508027955159436,0.99999999999993,1,0.999993464097676,366957.01689482,307141.773807623,993247.137890334,9.15630637692268
12.814,0.0233673323690734,0.299428996977307,10.598557136595,0.0907903893801177,0.508067604574496,0.999999999999931,1,0.99999351254227,367324.157451398,307444.799660466,994318.150115716,9.16546726297922
12.815,0.0233673323690734,0.299452364309676,10.598557136595,0.0907974746297962,0.508107253989556,0.999999999999933,1,0.999993560636681,367691.665332163,307748.124478396,995390.317206933,9.17463731450378
12.816,0.0233673323690734,0.299475731642045,10.598557136595,0.0908045598794747,0.508146903404615,0.999999999999934,1,0.999993608383366,368059.540904626,308051.748556375,996463.640409275,9.18381654066644
12.817,0.0233673323690734,0.299499098974414,10.598557136595,0.0908116451291532,0.508186552819675,0.999999999999935,1,0.999993655784767,368427.784536659,308355.672189649,997538.120969363,9.19300495064639
12.818,0.0233673323690734,0.299522466306783,10.598557136595,0.0908187303788317,0.508226202234735,0.999999999999937,1,0.99999370284331,368796.396596508,308659.895673761,998613.760135172,9.20220255363206
12.819,0.0233673323690734,0.299545833639152,10.598557136595,0.0908258156285101,0.508265851649794,0.999999999999938,1,0.999993749561403,369165.377452784,308964.419304543,999690.55915602,9.21140935882105
12.82,0.0233673323690734,0.299569200971521,10.598557136595,0.0908329008781886,0.508305501064854,0.999999999999939,1,0.999993795941438,369534.727474469,309269.243378121,1000768.51928257,9.22062537542018
12.821,0.0233673323690734,0.29959256830389,10.598557136595,0.0908399861278671,0.508345150479914,0.999999999999941,1,0.999993841985791,369904.447030912,309574.36819091,1001847.64176683,9.22985061264544
12.822,0.0233673323690734,0.299615935636259,10.598557136595,0.0908470713775456,0.508384799894973,0.999999999999942,1,0.999993887696823,370274.536491832,309879.794039619,1002927.92786218,9.23908507972208
12.823,0.0233673323690734,0.299639302968629,10.598557136595,0.0908541566272241,0.508424449310033,0.999999999999943,1,0.999993933076876,370644.99622732,310185.521221251,1004009.37882331,9.24832878588458
12.824,0.0233673323690734,0.299662670300998,10.598557136595,0.0908612418769026,0.508464098725093,0.999999999999944,1,0.99999397812828,371015.826607835,310491.5500331,1005091.99590631,9.25758174037663
12.825,0.0233673323690734,0.299686037633367,10.598557136595,0.090868327126581,0.508503748140152,0.999999999999945,1,0.999994022853345,371387.028004208,310797.880772754,1006175.78036859,9.26684395245119
12.826,0.0233673323690734,0.299709404965736,10.598557136595,0.0908754123762596,0.508543397555212,0.999999999999946,1,0.999994067254369,371758.60078764,311104.513738096,1007260.73346893,9.27611543137048
12.827,0.0233673323690734,0.299732772298105,10.598557136595,0.090882497625938,0.508583046970272,0.999999999999948,1,0.999994111333632,372130.545329703,311411.4492273,1008346.85646747,9.28539618640597
12.828,0.0233673323690734,0.299756139630474,10.598557136595,0.0908895828756165,0.508622696385331,0.999999999999949,1,0.9999941550934,372502.862002342,311718.687538837,1009434.15062569,9.29468622683842
12.829,0.0233673323690734,0.299779506962843,10.598557136595,0.090896668125295,0.508662345800391,0.99999999999995,1,0.999994198535922,372875.551177875,312026.228971471,1010522.61720646,9.30398556195788
12.83,0.0233673323690734,0.299802874295212,10.598557136595,0.0909037533749735,0.508701995215451,0.999999999999951,1,0.999994241663434,373248.61322899,312334.073824261,1011612.25747399,9.31329420106367
12.831,0.0233673323690734,0.299826241627581,10.598557136595,0.090910838624652,0.50874164463051,0.999999999999952,1,0.999994284478153,373622.048528749,312642.22239656,1012703.07269386,9.32261215346443
12.832,0.0233673323690734,0.29984960895995,10.598557136595,0.0909179238743305,0.50878129404557,0.999999999999953,1,0.999994326982285,373995.857450588,312950.67498802,1013795.06413301,9.33193942847814
12.833,0.0233673323690734,0.299872976292319,10.598557136595,0.0909250091240089,0.50882094346063,0.999999999999954,1,0.999994369178019,374370.040368316,313259.431898584,1014888.23305975,9.34127603543204
12.834,0.0233673323690734,0.299896343624688,10.598557136595,0.0909320943736874,0.508860592875689,0.999999999999955,1,0.999994411067529,374744.597656115,313568.493428493,1015982.58074377,9.35062198366276
12.835,0.0233673323690734,0.299919710957057,10.598557136595,0.0909391796233659,0.508900242290749,0.999999999999956,1,0.999994452652975,375119.529688543,313877.859878286,1017078.1084561,9.35997728251625
12.836,0.0233673323690734,0.299943078289427,10.598557136595,0.0909462648730444,0.508939891705809,0.999999999999957,1,0.999994493936501,375494.836840532,314187.531548795,1018174.81746916,9.36934194134779
12.837,0.0233673323690734,0.299966445621796,10.598557136595,0.0909533501227229,0.508979541120868,0.999999999999957,1,0.999994534920237,375870.519487389,314497.50874115,1019272.70905675,9.37871596952205
12.838,0.0233673323690734,0.299989812954165,10.598557136595,0.0909604353724014,0.509019190535928,0.999999999999958,1,0.9999945756063,376246.578004797,314807.791756782,1020371.78449403,9.38809937641308
12.839,0.0233673323690734,0.300013180286534,10.598557136595,0.0909675206220799,0.509058839950988,0.999999999999959,1,0.99999461599679,376623.012768814,315118.380897412,1021472.04505752,9.39749217140425
12.84,0.0233673323690734,0.300036547618903,10.598557136595,0.0909746058717583,0.509098489366047,0.99999999999996,1,0.999994656093794,376999.824155875,315429.276465065,1022573.49202516,9.40689436388837
12.841,0.0233673323690734,0.300059914951272,10.598557136595,0.0909816911214368,0.509138138781107,0.999999999999961,1,0.999994695899385,377377.012542793,315740.478762061,1023676.12667623,9.41630596326766
12.842,0.0233673323690734,0.300083282283641,10.598557136595,0.0909887763711153,0.509177788196167,0.999999999999962,1,0.999994735415622,377754.578306753,316051.988091019,1024779.95029139,9.42572697895368
12.843,0.0233673323690734,0.30010664961601,10.598557136595,0.0909958616207938,0.509217437611226,0.999999999999962,1,0.999994774644548,378132.521825324,316363.804754857,1025884.96415272,9.43515742036747
12.844,0.0233673323690734,0.300130016948379,10.598557136595,0.0910029468704723,0.509257087026286,0.999999999999963,1,0.999994813588194,378510.843476448,316675.92905679,1026991.16954363,9.44459729693946
12.845,0.0233673323690734,0.300153384280748,10.598557136595,0.0910100321201508,0.509296736441346,0.999999999999964,1,0.999994852248577,378889.543638447,316988.361300336,1028098.56774895,9.45404661810955
12.846,0.0233673323690734,0.300176751613117,10.598557136595,0.0910171173698293,0.509336385856405,0.999999999999965,1,0.9999948906277,379268.622690021,317301.101789308,1029207.16005489,9.46350539332703
12.847,0.0233673323690734,0.300200118945486,10.598557136595,0.0910242026195077,0.509376035271465,0.999999999999965,1,0.99999492872755,379648.08101025,317614.150827821,1030316.94774903,9.4729736320507
12.848,0.0233673323690734,0.300223486277855,10.598557136595,0.0910312878691862,0.509415684686524,0.999999999999966,1,0.999994966550105,380027.918978591,317927.50872029,1031427.93212035,9.48245134374878
12.849,0.0233673323690734,0.300246853610224,10.598557136595,0.0910383731188647,0.509455334101584,0.999999999999967,1,0.999995004097326,380408.136974883,318241.17577143,1032540.11445923,9.49193853789902
12.85,0.0233673323690734,0.300270220942594,10.598557136595,0.0910454583685432,0.509494983516644,0.999999999999968,1,0.999995041371162,380788.735379344,318555.152286256,1033653.49605742,9.50143522398857
12.851,0.0233673323690734,0.300293588274963,10.598557136595,0.0910525436182217,0.509534632931703,0.999999999999968,1,0.999995078373547,381169.714572571,318869.438570086,1034768.07820808,9.51094141151413
12.852,0.0233673323690734,0.300316955607332,10.598557136595,0.0910596288679002,0.509574282346763,0.999999999999969,1,0.999995115106404,381551.074935546,319184.034928538,1035883.86220575,9.52045710998191
12.853,0.0233673323690734,0.300340322939701,10.598557136595,0.0910667141175787,0.509613931761823,0.99999999999997,1,0.999995151571642,381932.816849626,319498.94166753,1037000.84934639,9.52998232890759
12.854,0.0233673323690734,0.30036369027207,10.598557136595,0.0910737993672571,0.509653581176882,0.99999999999997,1,0.999995187771156,382314.940696555,319814.159093284,1038119.04092733,9.53951707781638
12.855,0.0233673323690734,0.300387057604439,10.598557136595,0.0910808846169356,0.509693230591942,0.999999999999971,1,0.999995223706829,382697.446858458,320129.687512323,1039238.43824732,9.54906136624306
12.856,0.0233673323690734,0.300410424936808,10.598557136595,0.0910879698666141,0.509732880007002,0.999999999999971,1,0.99999525938053,383080.335717838,320445.527231474,1040359.04260648,9.55861520373189
12.857,0.0233673323690734,0.300433792269177,10.598557136595,0.0910950551162926,0.509772529422061,0.999999999999972,1,0.999995294794118,383463.607657587,320761.678557863,1041480.85530637,9.56817859983672
12.858,0.0233673323690734,0.300457159601546,10.598557136595,0.0911021403659711,0.509812178837121,0.999999999999973,1,0.999995329949435,383847.263060975,321078.141798924,1042603.87764994,9.57775156412097
12.859,0.0233673323690734,0.300480526933915,10.598557136595,0.0911092256156496,0.509851828252181,0.999999999999973,1,0.999995364848314,384231.302311658,321394.91726239,1043728.11094153,9.58733410615755
12.86,0.0233673323690734,0.300503894266284,10.598557136595,0.0911163108653281,0.50989147766724,0.999999999999974,1,0.999995399492574,384615.725793675,321712.005256301,1044853.55648691,9.59692623552905
12.861,0.0233673323690734,0.300527261598653,10.598557136595,0.0911233961150066,0.5099311270823,0.999999999999974,1,0.999995433884022,385000.533891451,322029.406088998,1045980.21559323,9.6065279618276
12.862,0.0233673323690734,0.300550628931022,10.598557136595,0.091130481364685,0.50997077649736,0.999999999999975,1,0.99999546802445,385385.726989792,322347.120069127,1047108.08956907,9.61613929465489
12.863,0.0233673323690734,0.300573996263391,10.598557136595,0.0911375666143635,0.510010425912419,0.999999999999975,1,0.999995501915643,385771.305473892,322665.147505641,1048237.17972443,9.62576024362227
12.864,0.0233673323690734,0.300597363595761,10.598557136595,0.091144651864042,0.510050075327479,0.999999999999976,1,0.999995535559368,386157.26972933,322983.488707795,1049367.48737069,9.63539081835073
12.865,0.0233673323690734,0.30062073092813,10.598557136595,0.0911517371137205,0.510089724742539,0.999999999999976,1,0.999995568957384,386543.62014207,323302.143985149,1050499.01382067,9.64503102847078
12.866,0.0233673323690734,0.300644098260499,10.598557136595,0.091158822363399,0.510129374157598,0.999999999999977,1,0.999995602111435,386930.357098462,323621.113647571,1051631.7603886,9.65468088362267
12.867,0.0233673323690734,0.300667465592868,10.598557136595,0.0911659076130775,0.510169023572658,0.999999999999977,1,0.999995635023256,387317.480985244,323940.398005232,1052765.72839013,9.66434039345626
12.868,0.0233673323690734,0.300690832925237,10.598557136595,0.091172992862756,0.510208672987718,0.999999999999978,1,0.999995667694567,387704.992189538,324259.99736861,1053900.91914232,9.67400956763103
12.869,0.0233673323690734,0.300714200257606,10.598557136595,0.0911800781124344,0.510248322402777,0.999999999999978,1,0.999995700127079,388092.891098857,324579.91204849,1055037.33396365,9.68368841581618
12.87,0.0233673323690734,0.300737567589975,10.598557136595,0.0911871633621129,0.510287971817837,0.999999999999979,1,0.999995732322488,388481.178101101,324900.142355963,1056174.97417403,9.69337694769057
12.871,0.0233673323690734,0.300760934922344,10.598557136595,0.0911942486117914,0.510327621232897,0.999999999999979,1,0.999995764282482,388869.853584554,325220.688602426,1057313.84109479,9.70307517294269
12.872,0.0233673323690734,0.300784302254713,10.598557136595,0.0912013338614699,0.510367270647956,0.99999999999998,1,0.999995796008735,389258.917937893,325541.551099585,1058453.93604868,9.7127831012708
12.873,0.0233673323690734,0.300807669587082,10.598557136595,0.0912084191111484,0.510406920063016,0.99999999999998,1,0.99999582750291,389648.371550183,325862.730159454,1059595.26035989,9.72250074238284
12.874,0.0233673323690734,0.300831036919451,10.598557136595,0.0912155043608269,0.510446569478076,0.99999999999998,1,0.999995858766659,390038.214810876,326184.226094351,1060737.81535402,9.73222810599641
12.875,0.0233673323690734,0.30085440425182,10.598557136595,0.0912225896105053,0.510486218893135,0.999999999999981,1,0.999995889801621,390428.448109817,326506.039216905,1061881.60235811,9.74196520183889
12.876,0.0233673323690734,0.300877771584189,10.598557136595,0.0912296748601838,0.510525868308195,0.999999999999981,1,0.999995920609425,390819.071837238,326828.169840055,1063026.62270063,9.7517120396474
12.877,0.0233673323690734,0.300901138916559,10.598557136595,0.0912367601098623,0.510565517723255,0.999999999999982,1,0.99999595119169,391210.086383765,327150.618277046,1064172.87771148,9.76146862916877
12.878,0.0233673323690734,0.300924506248928,10.598557136595,0.0912438453595408,0.510605167138314,0.999999999999982,1,0.999995981550022,391601.492140409,327473.384841433,1065320.368722,9.77123498015956
12.879,0.0233673323690734,0.300947873581297,10.598557136595,0.0912509306092193,0.510644816553374,0.999999999999982,1,0.999996011686016,391993.289498579,327796.469847079,1066469.09706495,9.78101110238615
12.88,0.0233673323690734,0.300971240913666,10.598557136595,0.0912580158588978,0.510684465968434,0.999999999999983,1,0.999996041601257,392385.47885007,328119.873608159,1067619.06407454,9.79079700562466
12.881,0.0233673323690734,0.300994608246035,10.598557136595,0.0912651011085763,0.510724115383493,0.999999999999983,1,0.999996071297318,392778.060587074,328443.596439157,1068770.27108643,9.80059269966101
12.882,0.0233673323690734,0.301017975578404,10.598557136595,0.0912721863582548,0.510763764798553,0.999999999999983,1,0.999996100775761,393171.035102171,328767.638654867,1069922.71943769,9.81039819429085
12.883,0.0233673323690734,0.301041342910773,10.598557136595,0.0912792716079332,0.510803414213613,0.999999999999984,1,0.99999613003814,393564.402788335,329092.000570393,1071076.41046686,9.82021349931971
12.884,0.0233673323690734,0.301064710243142,10.598557136595,0.0912863568576117,0.510843063628672,0.999999999999984,1,0.999996159085994,393958.164038936,329416.682501153,1072231.34551391,9.8300386245629
12.885,0.0233673323690734,0.301088077575511,10.598557136595,0.0912934421072902,0.510882713043732,0.999999999999984,1,0.999996187920855,394352.319247733,329741.68476287,1073387.52592025,9.83987357984552
12.886,0.0233673323690734,0.30111144490788,10.598557136595,0.0913005273569687,0.510922362458792,0.999999999999985,1,0.999996216544242,394746.868808882,330067.007671585,1074544.95302875,9.84971837500254
12.887,0.0233673323690734,0.301134812240249,10.598557136595,0.0913076126066472,0.510962011873851,0.999999999999985,1,0.999996244957664,395141.813116933,330392.651543649,1075703.62818372,9.85957301987877
12.888,0.0233673323690734,0.301158179572618,10.598557136595,0.0913146978563257,0.511001661288911,0.999999999999985,1,0.999996273162622,395537.15256683,330718.616695721,1076863.55273091,9.86943752432883
12.889,0.0233673323690734,0.301181546904987,10.598557136595,0.0913217831060042,0.511041310703971,0.999999999999986,1,0.999996301160602,395932.887553912,331044.903444778,1078024.72801755,9.87931189821723
12.89,0.0233673323690734,0.301204914237356,10.598557136595,0.0913288683556826,0.51108096011903,0.999999999999986,1,0.999996328953085,396329.018473916,331371.512108106,1079187.1553923,9.88919615141838
12.891,0.0233673323690734,0.301228281569726,10.598557136595,0.0913359536053611,0.51112060953409,0.999999999999986,1,0.999996356541537,396725.54572297,331698.443003307,1080350.83620527,9.89909029381648
12.892,0.0233673323690734,0.301251648902095,10.598557136595,0.0913430388550396,0.51116025894915,0.999999999999987,1,0.999996383927416,397122.469697603,332025.696448292,1081515.77180804,9.90899433530569
12.893,0.0233673323690734,0.301275016234464,10.598557136595,0.0913501241047181,0.511199908364209,0.999999999999987,1,0.999996411112172,397519.790794739,332353.272761292,1082681.96355364,9.91890828579009
12.894,0.0233673323690734,0.301298383566833,10.598557136595,0.0913572093543966,0.511239557779269,0.999999999999987,1,0.99999643809724,397917.509411699,332681.172260846,1083849.41279656,9.92883215518358
12.895,0.0233673323690734,0.301321750899202,10.598557136595,0.0913642946040751,0.511279207194329,0.999999999999987,1,0.99999646488405,398315.625946202,333009.395265809,1085018.12089276,9.93876595341006
12.896,0.0233673323690734,0.301345118231571,10.598557136595,0.0913713798537536,0.511318856609388,0.999999999999988,1,0.999996491474019,398714.140796364,333337.942095354,1086188.08919965,9.94870969040333
12.897,0.0233673323690734,0.30136848556394,10.598557136595,0.091378465103432,0.511358506024448,0.999999999999988,1,0.999996517868555,399113.054360699,333666.813068963,1087359.3190761,9.95866337610711
12.898,0.0233673323690734,0.301391852896309,10.598557136595,0.0913855503531105,0.511398155439508,0.999999999999988,1,0.999996544069057,399512.367038122,333996.008506439,1088531.81188246,9.96862702047509
12.899,0.0233673323690734,0.301415220228678,10.598557136595,0.091392635602789,0.511437804854567,0.999999999999988,1,0.999996570076913,399912.079227947,334325.528727896,1089705.56898054,9.97860063347094
12.9,0.0233673323690734,0.301438587561047,10.598557136595,0.0913997208524675,0.511477454269627,0.999999999999989,1,0.999996595893503,400312.191329883,334655.374053766,1090880.59173361,9.98858422506824
12.901,0.0233673323690734,0.301461954893416,10.598557136595,0.091406806102146,0.511517103684687,0.999999999999989,1,0.999996621520195,400712.703744043,334985.544804796,1092056.88150642,9.9985778052506
12.902,0.0233673323690734,0.301485322225785,10.598557136595,0.0914138913518245,0.511556753099746,0.999999999999989,1,0.999996646958351,401113.616870942,335316.041302053,1093234.4396652,10.0085813840116
12.903,0.0233673323690734,0.301508689558154,10.598557136595,0.091420976601503,0.511596402514806,0.999999999999989,1,0.99999667220932,401514.93111149,335646.863866915,1094413.26757764,10.0185949713548
12.904,0.0233673323690734,0.301532056890523,10.598557136595,0.0914280618511814,0.511636051929865,0.99999999999999,1,0.999996697274444,401916.646867003,335978.012821081,1095593.36661289,10.0286185772938
12.905,0.0233673323690734,0.301555424222893,10.598557136595,0.0914351471008599,0.511675701344925,0.99999999999999,1,0.999996722155055,402318.764539197,336309.488486568,1096774.73814162,10.0386522118523
12.906,0.0233673323690734,0.301578791555262,10.598557136595,0.0914422323505384,0.511715350759985,0.99999999999999,1,0.999996746852474,402721.284530188,336641.291185707,1097957.38353593,10.0486958850638
12.907,0.0233673323690734,0.301602158887631,10.598557136595,0.0914493176002169,0.511755000175044,0.99999999999999,1,0.999996771368017,403124.207242497,336973.42124115,1099141.30416943,10.058749606972
12.908,0.0233673323690734,0.30162552622,10.598557136595,0.0914564028498954,0.511794649590104,0.99999999999999,1,0.999996795702986,403527.533079047,337305.878975866,1100326.50141721,10.0688133876306
12.909,0.0233673323690734,0.301648893552369,10.598557136595,0.0914634880995739,0.511834299005164,0.999999999999991,1,0.999996819858677,403931.262443164,337638.664713146,1101512.97665582,10.0788872371035
12.91,0.0233673323690734,0.301672260884738,10.598557136595,0.0914705733492524,0.511873948420223,0.999999999999991,1,0.999996843836377,404335.395738577,337971.778776592,1102700.73126332,10.0889711654645
12.911,0.0233673323690734,0.301695628217107,10.598557136595,0.0914776585989308,0.511913597835283,0.999999999999991,1,0.999996867637363,404739.93336942,338305.221490134,1103889.76661924,10.0990651827974
12.912,0.0233673323690734,0.301718995549476,10.598557136595,0.0914847438486093,0.511953247250343,0.999999999999991,1,0.999996891262902,405144.875740229,338638.993178017,1105080.08410461,10.1091692991964
12.913,0.0233673323690734,0.301742362881845,10.598557136595,0.0914918290982878,0.511992896665402,0.999999999999991,1,0.999996914714255,405550.223255949,338973.094164808,1106271.68510194,10.1192835247655
12.914,0.0233673323690734,0.301765730214214,10.598557136595,0.0914989143479663,0.512032546080462,0.999999999999992,1,0.999996937992673,405955.976321925,339307.52477539,1107464.57099523,10.129407869619
12.915,0.0233673323690734,0.301789097546583,10.598557136595,0.0915059995976448,0.512072195495522,0.999999999999992,1,0.999996961099398,406362.135343911,339642.285334973,1108658.74316997,10.1395423438812
12.916,0.0233673323690734,0.301812464878952,10.598557136595,0.0915130848473233,0.512111844910581,0.999999999999992,1,0.999996984035662,406768.700728067,339977.376169083,1109854.20301316,10.1496869576866
12.917,0.0233673323690734,0.301835832211321,10.598557136595,0.0915201700970018,0.512151494325641,0.999999999999992,1,0.999997006802691,407175.672880957,340312.797603568,1111050.95191328,10.1598417211798
12.918,0.0233673323690734,0.301859199543691,10.598557136595,0.0915272553466802,0.512191143740701,0.999999999999992,1,0.999997029401702,407583.052209553,340648.549964598,1112248.99126032,10.1700066445156
12.919,0.0233673323690734,0.30188256687606,10.598557136595,0.0915343405963587,0.51223079315576,0.999999999999992,1,0.999997051833902,407990.839121237,340984.633578668,1113448.32244575,10.1801817378589
12.92,0.0233673323690734,0.301905934208429,10.598557136595,0.0915414258460372,0.51227044257082,0.999999999999993,1,0.99999707410049,408399.034023793,341321.048772588,1114648.94686255,10.1903670113847
12.921,0.0233673323690734,0.301929301540798,10.598557136595,0.0915485110957157,0.51231009198588,0.999999999999993,1,0.999997096202658,408807.637325417,341657.795873495,1115850.86590521,10.2005624752784
12.922,0.0233673323690734,0.301952668873167,10.598557136595,0.0915555963453942,0.512349741400939,0.999999999999993,1,0.999997118141588,409216.649434713,341994.875208851,1117054.08096972,10.2107681397355
12.923,0.0233673323690734,0.301976036205536,10.598557136595,0.0915626815950727,0.512389390815999,0.999999999999993,1,0.999997139918456,409626.070760692,342332.287106436,1118258.59345356,10.2209840149615
12.924,0.0233673323690734,0.301999403537905,10.598557136595,0.0915697668447512,0.512429040231059,0.999999999999993,1,0.999997161534426,410035.901712776,342670.031894356,1119464.40475574,10.2312101111724
12.925,0.0233673323690734,0.302022770870274,10.598557136595,0.0915768520944296,0.512468689646118,0.999999999999993,1,0.999997182990658,410446.142700797,343008.109901041,1120671.51627677,10.2414464385943
12.926,0.0233673323690734,0.302046138202643,10.598557136595,0.0915839373441081,0.512508339061178,0.999999999999993,1,0.999997204288302,410856.794134994,343346.521455243,1121879.92941866,10.2516930074634
12.927,0.0233673323690734,0.302069505535012,10.598557136595,0.0915910225937866,0.512547988476238,0.999999999999994,1,0.999997225428499,411267.856426019,343685.266886041,1123089.64558494,10.2619498280264
12.928,0.0233673323690734,0.302092872867381,10.598557136595,0.0915981078434651,0.512587637891297,0.999999999999994,1,0.999997246412383,411679.329984935,344024.346522837,1124300.66618066,10.2722169105401
12.929,0.0233673323690734,0.30211624019975,10.598557136595,0.0916051930931436,0.512627287306357,0.999999999999994,1,0.999997267241082,412091.215223215,344363.760695359,1125512.99261237,10.2824942652716
12.93,0.0233673323690734,0.302139607532119,10.598557136595,0.0916122783428221,0.512666936721417,0.999999999999994,1,0.999997287915712,412503.512552745,344703.509733659,1126726.62628814,10.2927819024981
12.931,0.0233673323690734,0.302162974864489,10.598557136595,0.0916193635925006,0.512706586136476,0.999999999999994,1,0.999997308437386,412916.222385822,345043.593968116,1127941.56861759,10.3030798325075
12.932,0.0233673323690734,0.302186342196858,10.598557136595,0.091626448842179,0.512746235551536,0.999999999999994,1,0.999997328807204,413329.345135156,345384.013729432,1129157.8210118,10.3133880655975
12.933,0.0233673323690734,0.302209709529227,10.598557136595,0.0916335340918575,0.512785884966596,0.999999999999994,1,0.999997349026263,413742.881213869,345724.769348641,1130375.38488342,10.3237066120765
12.934,0.0233673323690734,0.302233076861596,10.598557136595,0.091640619341536,0.512825534381655,0.999999999999995,1,0.99999736909565,414156.831035498,346065.861157098,1131594.26164662,10.3340354822629
12.935,0.0233673323690734,0.302256444193965,10.598557136595,0.0916477045912145,0.512865183796715,0.999999999999995,1,0.999997389016444,414571.195013992,346407.289486487,1132814.45271706,10.3443746864857
12.936,0.0233673323690734,0.302279811526334,10.598557136595,0.091654789840893,0.512904833211775,0.999999999999995,1,0.999997408789718,414985.973563716,346749.054668821,1134035.95951196,10.354724235084
12.937,0.0233673323690734,0.302303178858703,10.598557136595,0.0916618750905715,0.512944482626834,0.999999999999995,1,0.999997428416535,415401.167099449,347091.157036437,1135258.78345006,10.3650841384074
12.938,0.0233673323690734,0.302326546191072,10.598557136595,0.09166896034025,0.512984132041894,0.999999999999995,1,0.999997447897955,415816.776036382,347433.596922003,1136482.92595162,10.3754544068158
12.939,0.0233673323690734,0.302349913523441,10.598557136595,0.0916760455899285,0.513023781456954,0.999999999999995,1,0.999997467235026,416232.800790126,347776.374658513,1137708.38843845,10.3858350506795
12.94,0.0233673323690734,0.30237328085581,10.598557136595,0.0916831308396069,0.513063430872013,0.999999999999995,1,0.99999748642879,416649.241776706,348119.490579291,1138935.17233387,10.3962260803791
12.941,0.0233673323690734,0.302396648188179,10.598557136595,0.0916902160892854,0.513103080287073,0.999999999999995,1,0.999997505480284,417066.099412563,348462.94501799,1140163.27906275,10.4066275063057
12.942,0.0233673323690734,0.302420015520548,10.598557136595,0.0916973013389639,0.513142729702133,0.999999999999995,1,0.999997524390534,417483.374114554,348806.73830859,1141392.7100515,10.4170393388606
12.943,0.0233673323690734,0.302443382852917,10.598557136595,0.0917043865886424,0.513182379117192,0.999999999999995,1,0.999997543160562,417901.066299953,349150.870785403,1142623.46672806,10.4274615884558
12.944,0.0233673323690734,0.302466750185286,10.598557136595,0.0917114718383209,0.513222028532252,0.999999999999996,1,0.99999756179138,418319.176386453,349495.34278307,1143855.5505219,10.4378942655134
12.945,0.0233673323690734,0.302490117517655,10.598557136595,0.0917185570879994,0.513261677947312,0.999999999999996,1,0.999997580283997,418737.704792166,349840.154636563,1145088.96286405,10.4483373804661
12.946,0.0233673323690734,0.302513484850025,10.598557136595,0.0917256423376778,0.513301327362371,0.999999999999996,1,0.99999759863941,419156.651935617,350185.306681181,1146323.70518707,10.4587909437571
12.947,0.0233673323690734,0.302536852182394,10.598557136595,0.0917327275873563,0.513340976777431,0.999999999999996,1,0.999997616858612,419576.018235756,350530.799252557,1147559.77892508,10.4692549658399
12.948,0.0233673323690734,0.302560219514763,10.598557136595,0.0917398128370348,0.513380626192491,0.999999999999996,1,0.999997634942589,419995.804111948,350876.632686657,1148797.18551374,10.4797294571785
12.949,0.0233673323690734,0.302583586847132,10.598557136595,0.0917468980867133,0.51342027560755,0.999999999999996,1,0.999997652892319,420416.009983978,351222.807319773,1150035.92639023,10.4902144282475
12.95,0.0233673323690734,0.302606954179501,10.598557136595,0.0917539833363918,0.51345992502261,0.999999999999996,1,0.999997670708774,420836.636272054,351569.323488532,1151276.00299333,10.5007098895317
12.951,0.0233673323690734,0.30263032151187,10.598557136595,0.0917610685860703,0.51349957443767,0.999999999999996,1,0.999997688392918,421257.683396802,351916.181529895,1152517.41676334,10.5112158515268
12.952,0.0233673323690734,0.302653688844239,10.598557136595,0.0917681538357488,0.513539223852729,0.999999999999996,1,0.999997705945709,421679.151779267,352263.381781151,1153760.16914211,10.5217323247385
12.953,0.0233673323690734,0.302677056176608,10.598557136595,0.0917752390854272,0.513578873267789,0.999999999999996,1,0.999997723368099,422101.041840919,352610.924579925,1155004.26157306,10.5322593196835
12.954,0.0233673323690734,0.302700423508977,10.598557136595,0.0917823243351057,0.513618522682849,0.999999999999996,1,0.999997740661033,422523.35400365,352958.810264174,1156249.69550115,10.5427968468887
12.955,0.0233673323690734,0.302723790841346,10.598557136595,0.0917894095847842,0.513658172097908,0.999999999999996,1,0.999997757825447,422946.088689768,353307.039172189,1157496.47237293,10.5533449168915
12.956,0.0233673323690734,0.302747158173715,10.598557136595,0.0917964948344627,0.513697821512968,0.999999999999997,1,0.999997774862274,423369.246322011,353655.611642593,1158744.59363646,10.5639035402402
12.957,0.0233673323690734,0.302770525506084,10.598557136595,0.0918035800841412,0.513737470928028,0.999999999999997,1,0.999997791772438,423792.827323536,354004.528014346,1159994.06074141,10.5744727274933
12.958,0.0233673323690734,0.302793892838453,10.598557136595,0.0918106653338197,0.513777120343087,0.999999999999997,1,0.999997808556858,424216.832117922,354353.788626739,1161244.87513899,10.58505248922
12.959,0.0233673323690734,0.302817260170822,10.598557136595,0.0918177505834982,0.513816769758147,0.999999999999997,1,0.999997825216445,424641.261129176,354703.393819401,1162497.03828197,10.5956428360001
12.96,0.0233673323690734,0.302840627503192,10.598557136595,0.0918248358331767,0.513856419173207,0.999999999999997,1,0.999997841752105,425066.114781728,355053.343932295,1163750.5516247,10.6062437784239
12.961,0.0233673323690734,0.302863994835561,10.598557136595,0.0918319210828551,0.513896068588266,0.999999999999997,1,0.999997858164737,425491.393500429,355403.639305719,1165005.41662308,10.6168553270924
12.962,0.0233673323690734,0.30288736216793,10.598557136595,0.0918390063325336,0.513935718003326,0.999999999999997,1,0.999997874455233,425917.097710559,355754.280280305,1166261.63473461,10.627477492617
12.963,0.0233673323690734,0.302910729500299,10.598557136595,0.0918460915822121,0.513975367418386,0.999999999999997,1,0.99999789062448,426343.227837823,356105.267197024,1167519.20741833,10.6381102856201
12.964,0.0233673323690734,0.302934096832668,10.598557136595,0.0918531768318906,0.514015016833445,0.999999999999997,1,0.999997906673358,426769.784308349,356456.600397182,1168778.13613487,10.6487537167343
12.965,0.0233673323690734,0.302957464165037,10.598557136595,0.0918602620815691,0.514054666248505,0.999999999999997,1,0.99999792260274,427196.767548696,356808.280222423,1170038.42234644,10.6594077966032
12.966,0.0233673323690734,0.302980831497406,10.598557136595,0.0918673473312476,0.514094315663565,0.999999999999997,1,0.999997938413496,427624.177985846,357160.307014726,1171300.0675168,10.6700725358807
12.967,0.0233673323690734,0.303004198829775,10.598557136595,0.091874432580926,0.514133965078624,0.999999999999997,1,0.999997954106485,428052.016047209,357512.681116409,1172563.07311133,10.6807479452316
12.968,0.0233673323690734,0.303027566162144,10.598557136595,0.0918815178306045,0.514173614493684,0.999999999999997,1,0.999997969682565,428480.282160624,357865.402870126,1173827.44059695,10.6914340353314
12.969,0.0233673323690734,0.303050933494513,10.598557136595,0.091888603080283,0.514213263908743,0.999999999999997,1,0.999997985142584,428908.976754356,358218.472618872,1175093.17144218,10.7021308168661
12.97,0.0233673323690734,0.303074300826882,10.598557136595,0.0918956883299615,0.514252913323803,0.999999999999997,1,0.999998000487386,429338.100257102,358571.890705978,1176360.26711713,10.7128383005325
12.971,0.0233673323690734,0.303097668159251,10.598557136595,0.09190277357964,0.514292562738863,0.999999999999998,1,0.999998015717809,429767.653097984,358925.657475114,1177628.72909349,10.7235564970381
12.972,0.0233673323690734,0.30312103549162,10.598557136595,0.0919098588293185,0.514332212153922,0.999999999999998,1,0.999998030834684,430197.635706554,359279.77327029,1178898.55884452,10.7342854171011
12.973,0.0233673323690734,0.30314440282399,10.598557136595,0.091916944078997,0.514371861568982,0.999999999999998,1,0.999998045838837,430628.048512796,359634.238435854,1180169.75784509,10.7450250714504
12.974,0.0233673323690734,0.303167770156359,10.598557136595,0.0919240293286755,0.514411510984042,0.999999999999998,1,0.999998060731088,431058.891947122,359989.053316495,1181442.32757166,10.7557754708257
12.975,0.0233673323690734,0.303191137488728,10.598557136595,0.0919311145783539,0.514451160399101,0.999999999999998,1,0.999998075512251,431490.166440376,360344.218257242,1182716.26950226,10.7665366259773
12.976,0.0233673323690734,0.303214504821097,10.598557136595,0.0919381998280324,0.514490809814161,0.999999999999998,1,0.999998090183135,431921.872423833,360699.733603463,1183991.58511655,10.7773085476665
12.977,0.0233673323690734,0.303237872153466,10.598557136595,0.0919452850777109,0.514530459229221,0.999999999999998,1,0.999998104744542,432354.010329198,361055.59970087,1185268.27589575,10.7880912466651
12.978,0.0233673323690734,0.303261239485835,10.598557136595,0.0919523703273894,0.51457010864428,0.999999999999998,1,0.999998119197269,432786.580588609,361411.816895511,1186546.34332269,10.7988847337558
12.979,0.0233673323690734,0.303284606818204,10.598557136595,0.0919594555770679,0.51460975805934,0.999999999999998,1,0.999998133542109,433219.583634637,361768.38553378,1187825.78888181,10.8096890197322
12.98,0.0233673323690734,0.303307974150573,10.598557136595,0.0919665408267464,0.5146494074744,0.999999999999998,1,0.999998147779845,433653.019900286,362125.305962412,1189106.61405914,10.8205041153985
12.981,0.0233673323690734,0.303331341482942,10.598557136595,0.0919736260764249,0.514689056889459,0.999999999999998,1,0.99999816191126,434086.889818989,362482.57852848,1190388.8203423,10.8313300315698
12.982,0.0233673323690734,0.303354708815311,10.598557136595,0.0919807113261033,0.514728706304519,0.999999999999998,1,0.999998175937127,434521.193824619,362840.203579406,1191672.40922055,10.8421667790721
12.983,0.0233673323690734,0.30337807614768,10.598557136595,0.0919877965757818,0.514768355719579,0.999999999999998,1,0.999998189858216,434955.932351479,363198.181462949,1192957.38218471,10.853014368742
12.984,0.0233673323690734,0.303401443480049,10.598557136595,0.0919948818254603,0.514808005134638,0.999999999999998,1,0.99999820367529,435391.105834307,363556.512527214,1194243.74072726,10.8638728114273
12.985,0.0233673323690734,0.303424810812418,10.598557136595,0.0920019670751388,0.514847654549698,0.999999999999998,1,0.999998217389108,435826.714708278,363915.197120649,1195531.48634223,10.8747421179862
12.986,0.0233673323690734,0.303448178144788,10.598557136595,0.0920090523248173,0.514887303964758,0.999999999999998,1,0.999998231000423,436262.759409,364274.235592046,1196820.62052531,10.8856222992882
12.987,0.0233673323690734,0.303471545477157,10.598557136595,0.0920161375744958,0.514926953379817,0.999999999999998,1,0.999998244509983,436699.240372517,364633.62829054,1198111.14477378,10.8965133662133
12.988,0.0233673323690734,0.303494912809526,10.598557136595,0.0920232228241742,0.514966602794877,0.999999999999998,1,0.999998257918529,437136.158035311,364993.375565611,1199403.06058654,10.9074153296527
12.989,0.0233673323690734,0.303518280141895,10.598557136595,0.0920303080738527,0.515006252209937,0.999999999999998,1,0.999998271226799,437573.5128343,365353.477767085,1200696.36946411,10.9183282005084
12.99,0.0233673323690734,0.303541647474264,10.598557136595,0.0920373933235312,0.515045901624996,0.999999999999998,1,0.999998284435525,438011.305206837,365713.935245131,1201991.07290861,10.9292519896932
12.991,0.0233673323690734,0.303565014806633,10.598557136595,0.0920444785732097,0.515085551040056,0.999999999999998,1,0.999998297545434,438449.535590717,366074.748350266,1203287.1724238,10.9401867081309
12.992,0.0233673323690734,0.303588382139002,10.598557136595,0.0920515638228882,0.515125200455116,0.999999999999998,1,0.999998310557246,438888.204424169,366435.917433351,1204584.66951506,10.9511323667562
12.993,0.0233673323690734,0.303611749471371,10.598557136595,0.0920586490725667,0.515164849870175,0.999999999999998,1,0.999998323471679,439327.312145861,366797.442845593,1205883.56568938,10.9620889765148
12.994,0.0233673323690734,0.30363511680374,10.598557136595,0.0920657343222452,0.515204499285235,0.999999999999998,1,0.999998336289444,439766.859194903,367159.324938546,1207183.86245538,10.9730565483632
12.995,0.0233673323690734,0.303658484136109,10.598557136595,0.0920728195719237,0.515244148700295,0.999999999999999,1,0.999998349011247,440206.84601084,367521.564064111,1208485.56132332,10.9840350932692
12.996,0.0233673323690734,0.303681851468478,10.598557136595,0.0920799048216021,0.515283798115354,0.999999999999999,1,0.999998361637789,440647.27303366,367884.160574537,1209788.66380507,10.9950246222111
12.997,0.0233673323690734,0.303705218800847,10.598557136595,0.0920869900712806,0.515323447530414,0.999999999999999,1,0.999998374169766,441088.14070379,368247.114822418,1211093.17141414,11.0060251461786
12.998,0.0233673323690734,0.303728586133216,10.598557136595,0.0920940753209591,0.515363096945474,0.999999999999999,1,0.99999838660787,441529.449462097,368610.4271607,1212399.08566566,11.0170366761722
12.999,0.0233673323690734,0.303751953465585,10.598557136595,0.0921011605706376,0.515402746360533,0.999999999999999,1,0.999998398952788,441971.199749891,368974.097942673,1213706.40807643,11.0280592232033
13,0.0233673323690734,0.303775320797955,10.598557136595,0.0921082458203161,0.515442395775593,0.999999999999999,1,0.9999984112052,442413.39200892,369338.127521977,1215015.14016483,11.0390927982946
