"logssb","CV","sdlogssb","logLRP","Lsdlogssb","Hsdlogssb","probLRP","LprobLRP","UprobLRP","ssb","Lssb","Hssb","ratio"
9,0.0235215054833637,0.211693549350273,10.6053009131481,0.053300066174921,0.370087032525625,1.68650854335171e-14,1.40063424966426e-199,7.20134097719169e-06,8103.08392757538,7299.28640995263,16736.8906614959,0.200829113696084
9.001,0.0235215054833637,0.211717070855757,10.6053009131481,0.053305988404496,0.370128153307017,1.76043605256535e-14,2.7269866575406e-199,7.30634492284312e-06,8111.19106439577,7306.50453596779,16754.9862661054,0.201030043257817
9.002,0.0235215054833637,0.21174059236124,10.6053009131481,0.053311910634071,0.370169274088409,1.83753062907542e-14,5.30597349998242e-199,7.4127840921439e-06,8119.30631240791,7313.72979985101,16773.101435335,0.20123117384961
9.003,0.0235215054833637,0.211764113866723,10.6053009131481,0.053317832863646,0.370210394869801,1.91792471031121e-14,1.03174196561856e-198,7.52067668109678e-06,8127.42967972703,7320.96220866076,16791.2361903374,0.201432505672594
9.004,0.0235215054833637,0.211787635372207,10.6053009131481,0.053323755093221,0.370251515651192,2.00175613211569e-14,2.00493931917543e-198,7.63004109647323e-06,8135.5611744765,7328.20176946253,16809.3905522885,0.201634038928099
9.005,0.0235215054833637,0.21181115687769,10.6053009131481,0.053329677322796,0.370292636432584,2.08916834290564e-14,3.89363871366471e-198,7.74089595799116e-06,8143.70080478784,7335.44848932879,16827.564542387,0.201835773817661
9.006,0.0235215054833637,0.211834678383173,10.6053009131481,0.053335599552371,0.370333757213976,2.18031062608514e-14,7.55674058414369e-198,7.85326010051239e-06,8151.84857880065,7342.70237533901,16845.7581818544,0.202037710543013
9.007,0.0235215054833637,0.211858199888657,10.6053009131481,0.053341521781946,0.370374877995368,2.27533833102263e-14,1.46567601895969e-197,7.96715257626101e-06,8160.00450466271,7349.96343457965,16863.9714919352,0.202239849306093
9.008,0.0235215054833637,0.21188172139414,10.6053009131481,0.053347444011521,0.370415998776759,2.37441311290776e-14,2.8409671985593e-197,8.08259265705937e-06,8168.16859052997,7357.23167414419,16882.2044938969,0.202442190309039
9.009,0.0235215054833637,0.211905242899624,10.6053009131481,0.053353366241096,0.370457119558151,2.47770318182171e-14,5.50325184663071e-197,8.19959983658497e-06,8176.3408445665,7364.5071011331,16900.45720903,0.202644733754192
9.01,0.0235215054833637,0.211928764405107,10.6053009131481,0.0533592884706709,0.370498240339543,2.58538356136177e-14,1.06536309885368e-196,8.31819383264569e-06,8184.52127494455,7371.78972265389,16918.729658648,0.202847479844095
9.011,0.0235215054833637,0.21195228591059,10.6053009131481,0.0533652107002459,0.370539361120934,2.69763635717874e-14,2.06110998673073e-196,8.43839458947761e-06,8192.70988984456,7379.07954582111,16937.0218640875,0.203050428781496
9.012,0.0235215054833637,0.211975807416074,10.6053009131481,0.0533711329298209,0.370580481902326,2.81465103579125e-14,3.98501630678802e-196,8.56022228006033e-06,8200.90669745515,7386.37657775634,16955.3338467081,0.203253580769342
9.013,0.0235215054833637,0.211999328921557,10.6053009131481,0.0533770551593959,0.370621602683718,2.93662471406034e-14,7.69989171754626e-196,8.68369730845294e-06,8209.11170597311,7393.68082558815,16973.6656278924,0.203456936010786
9.014,0.0235215054833637,0.21202285042704,10.6053009131481,0.0533829773889709,0.37066272346511,3.06376245972067e-14,1.48684218398486e-195,8.80884031215225e-06,8217.32492360346,7400.99229645224,16992.0172290463,0.203660494709182
9.015,0.0235215054833637,0.212046371932524,10.6053009131481,0.0533888996185459,0.370703844246501,3.19627760337445e-14,2.86926746499292e-195,8.93567216446933e-06,8225.54635855943,7408.31099749133,17010.3886715988,0.203864257068091
9.016,0.0235215054833637,0.212069893438007,10.6053009131481,0.0533948218481209,0.370744965027893,3.33439206237289e-14,5.53354260825148e-195,9.06421397692697e-06,8233.77601906243,7415.63693585519,17028.7799770019,0.204068223291273
9.017,0.0235215054833637,0.21209341494349,10.6053009131481,0.0534007440776959,0.370786085809285,3.47833667702663e-14,1.06650208620976e-194,9.19448710167952e-06,8242.01391334214,7422.97011870067,17047.1911667312,0.204272393582696
9.018,0.0235215054833637,0.212116936448974,10.6053009131481,0.0534066663072709,0.370827206590677,3.62835155959551e-14,2.05421808405668e-194,9.32651313395214e-06,8250.26004963646,7430.31055319171,17065.622262285,0.20447676814653
9.019,0.0235215054833637,0.212140457954457,10.6053009131481,0.0534125885368459,0.370868327372068,3.78468645653014e-14,3.95419366707702e-194,9.46031391450049e-06,8258.5144361915,7437.65824649933,17084.0732851852,0.204681347187148
9.02,0.0235215054833637,0.21216397945994,10.6053009131481,0.0534185107664209,0.37090944815346,3.94760112445551e-14,7.60669555554656e-194,9.59591153209412e-06,8266.77708126167,7445.01320580162,17102.5442569769,0.204886130909131
9.021,0.0235215054833637,0.212187500965424,10.6053009131481,0.0534244329959959,0.370950568934852,4.11736572039653e-14,1.46238257927936e-193,9.73332832601911e-06,8275.04799310962,7452.3754382838,17121.0351992284,0.205091119517262
9.022,0.0235215054833637,0.212211022470907,10.6053009131481,0.0534303552255708,0.370991689716244,4.29426120677052e-14,2.80965507660689e-193,9.87258688860153e-06,8283.32718000624,7459.74495113817,17139.5461335313,0.205296313216529
9.023,0.0235215054833637,0.212234543976391,10.6053009131481,0.0534362774551458,0.371032810497635,4.47857977169073e-14,5.39476093446152e-193,1.00137100677556e-05,8291.61465023074,7467.12175156415,17158.0770815008,0.205501712212127
9.024,0.0235215054833637,0.212258065481874,10.6053009131481,0.0534421996847208,0.371073931279027,4.6706252651356e-14,1.03518686949141e-192,1.01567209695505e-05,8299.91041207057,7474.5058467683,17176.6280647751,0.205707316709454
9.025,0.0235215054833637,0.212281586987357,10.6053009131481,0.0534481219142958,0.371115052060419,4.87071365156903e-14,1.98514768011057e-192,1.03016429608006e-05,8308.21447382152,7481.89724396428,17195.1991050162,0.205913126914115
9.026,0.0235215054833637,0.212305108492841,10.6053009131481,0.0534540441438708,0.371156172841811,5.07917347960801e-14,3.8044734896187e-192,1.04484996716767e-05,8316.52684378762,7489.29595037286,17213.7902239091,0.20611914303192
9.027,0.0235215054833637,0.212328629998324,10.6053009131481,0.0534599663734458,0.371197293623202,5.29634636936568e-14,7.28658675644282e-192,1.05973149983411e-05,8324.84753028126,7496.70197322202,17232.4014431627,0.206325365268885
9.028,0.0235215054833637,0.212352151503807,10.6053009131481,0.0534658886030208,0.371238414404594,5.52258751810671e-14,1.39470293479487e-191,1.07481131056038e-05,8333.17654162314,7504.11531974685,17251.0327845088,0.206531793831233
9.029,0.0235215054833637,0.212375673009291,10.6053009131481,0.0534718108325958,0.371279535185986,5.75826622488429e-14,2.66788709602703e-191,1.09009184296002e-05,8341.51388614224,7511.53599718957,17269.6842697033,0.206738428925392
9.03,0.0235215054833637,0.212399194514774,10.6053009131481,0.0534777330621708,0.371320655967377,6.00376643485279e-14,5.10013292652358e-191,1.10557556804941e-05,8349.85957217592,7518.96401279958,17288.3559205252,0.206945270757996
9.031,0.0235215054833637,0.212422716020258,10.6053009131481,0.0534836552917458,0.371361776748769,6.25948730396249e-14,9.74370264318885e-191,1.12126498452011e-05,8358.21360806988,7526.3993738335,17307.0477587772,0.20715231953589
9.032,0.0235215054833637,0.212446237525741,10.6053009131481,0.0534895775213208,0.371402897530161,6.52584378477992e-14,1.86035225706242e-190,1.13716261901353e-05,8366.57600217814,7533.84208755505,17325.7598062856,0.207359575466119
9.033,0.0235215054833637,0.212469759031224,10.6053009131481,0.0534954997508957,0.371444018311553,6.8032672342015e-14,3.54972857494971e-190,1.15327102639803e-05,8374.94676286309,7541.29216123515,17344.4920849002,0.207567038755941
9.034,0.0235215054833637,0.212493280536708,10.6053009131481,0.0535014219804707,0.371485139092944,7.09220604384588e-14,6.76899299775242e-190,1.16959279004821e-05,8383.32589849552,7548.74960215195,17363.2446164946,0.20777470961282
9.035,0.0235215054833637,0.212516802042191,10.6053009131481,0.0535073442100457,0.371526259874336,7.39312629394665e-14,1.2899773948799e-189,1.18613052212649e-05,8391.71341745453,7556.21441759075,17382.0174229658,0.207982588244425
9.036,0.0235215054833637,0.212540323547674,10.6053009131481,0.0535132664396207,0.371567380655728,7.70651243159928e-14,2.45679778295886e-189,1.20288686386729e-05,8400.10932812766,7563.6866148441,17400.8105262347,0.208190674858636
9.037,0.0235215054833637,0.212563845053158,10.6053009131481,0.0535191886691957,0.37160850143712,8.03286797423057e-14,4.67612550717364e-189,1.2198644858633e-05,8408.51363891082,7571.16620121172,17419.6239482458,0.20839896966354
9.038,0.0235215054833637,0.212587366558641,10.6053009131481,0.0535251108987707,0.371649622218511,8.37271623920175e-14,8.89472452169736e-189,1.23706608835414e-05,8416.92635820832,7578.65318400055,17438.4577109673,0.20860747286743
9.039,0.0235215054833637,0.212610888064124,10.6053009131481,0.0535310331283457,0.371690742999903,8.72660110049196e-14,1.69086369674944e-188,1.25449440151768e-05,8425.34749443288,7586.1475705248,17457.3118363911,0.20881618467881
9.04,0.0235215054833637,0.212634409569608,10.6053009131481,0.0535369553579207,0.371731863781295,9.09508777342216e-14,3.21228900711937e-188,1.27215218576349e-05,8433.77705600563,7593.64936810586,17476.1863465331,0.209025105306393
9.041,0.0235215054833637,0.212657931075091,10.6053009131481,0.0535428775874957,0.371772984562687,9.47876362843496e-14,6.09888853611826e-188,1.29004223202883e-05,8442.21505135615,7601.15858407242,17495.0812634329,0.209234234959098
9.042,0.0235215054833637,0.212681452580574,10.6053009131481,0.0535487998170707,0.371814105344078,9.87823903496317e-14,1.15722288349483e-187,1.30816736207697e-05,8450.66148892242,7608.67522576033,17513.9966091537,0.209443573846056
9.043,0.0235215054833637,0.212704974086058,10.6053009131481,0.0535547220466457,0.37185522612547,1.02941482364756e-13,2.19438952149068e-187,1.32653042879818e-05,8459.11637715087,7616.19930051278,17532.9324057829,0.209653122176605
9.044,0.0235215054833637,0.212728495591541,10.6053009131481,0.0535606442762206,0.371896346906862,1.07271502577989e-13,4.15854091097728e-187,1.34513431651302e-05,8467.57972449643,7623.73081568019,17551.8886754317,0.209862880160293
9.045,0.0235215054833637,0.212752017097025,10.6053009131481,0.0535665665057956,0.371937467688253,1.11779298458762e-13,7.87587735204139e-187,1.36398194127798e-05,8476.0515394224,7631.26977862022,17570.8654402349,0.21007284800688
9.046,0.0235215054833637,0.212775538602508,10.6053009131481,0.0535724887353706,0.371978588469645,1.16471984451576e-13,1.49069150859134e-186,1.38307625119404e-05,8484.53183040061,7638.81619669783,17589.8627223516,0.210283025926331
9.047,0.0235215054833637,0.212799060107991,10.6053009131481,0.0535784109649456,0.372019709251037,1.21356952088464e-13,2.81973072377907e-186,1.40242022671733e-05,8493.02060591138,7646.37007728531,17608.8805439648,0.210493414128827
9.048,0.0235215054833637,0.212822581613475,10.6053009131481,0.0535843331945206,0.372060830032429,1.26441880472791e-13,5.33038624131509e-186,1.42201688097236e-05,8501.51787444345,7653.93142776214,17627.9189272813,0.210704012824754
9.049,0.0235215054833637,0.212846103118958,10.6053009131481,0.0535902554240956,0.37210195081382,1.31734747147663e-13,1.00702688321085e-185,1.44186926006815e-05,8510.0236444941,7661.50025551518,17646.977894532,0.210914822224711
9.05,0.0235215054833637,0.212869624624441,10.6053009131481,0.0535961776536706,0.372143071595212,1.37243839362456e-13,1.90131883399227e-185,1.46198044341653e-05,8518.53792456912,7669.07656793856,17666.057467972,0.211125842539508
9.051,0.0235215054833637,0.212893146129925,10.6053009131481,0.0536020998832456,0.372184192376604,1.42977765751617e-13,3.58757091670165e-185,1.48235354405304e-05,8527.06072318276,7676.66037243374,17685.1576698801,0.211337073980165
9.052,0.0235215054833637,0.212916667635408,10.6053009131481,0.0536080221128206,0.372225313157996,1.4894546844043e-13,6.76515662620507e-185,1.5029917089607e-05,8535.59204885783,7684.25167640947,17704.2785225596,0.211548516757914
9.053,0.0235215054833637,0.212940189140892,10.6053009131481,0.0536139443423956,0.372266433939387,1.55156235592659e-13,1.27493249826699e-184,1.52389811939618e-05,8544.13191012568,7691.85048728186,17723.4200483376,0.211760171084197
9.054,0.0235215054833637,0.212963710646375,10.6053009131481,0.0536198665719706,0.372307554720779,1.6161971441574e-13,2.40120179666853e-184,1.54507599121844e-05,8552.68031552613,7699.45681247432,17742.5822695656,0.211972037170669
9.055,0.0235215054833637,0.212987232151858,10.6053009131481,0.0536257888015455,0.372348675502171,1.68345924639773e-13,4.51962516280151e-184,1.56652857522042e-05,8561.23727360761,7707.07065941763,17761.7652086189,0.212184115229196
9.056,0.0235215054833637,0.213010753657342,10.6053009131481,0.0536317110311205,0.372389796283563,1.75345272486768e-13,8.50175575143309e-184,1.58825915746296e-05,8569.80279292708,7714.69203554991,17780.9688878973,0.212396405471855
9.057,0.0235215054833637,0.213034275162825,10.6053009131481,0.0536376332606955,0.372430917064954,1.82628565147577e-13,1.59826001734244e-183,1.61027105961166e-05,8578.37688205007,7722.32094831664,17800.1933298249,0.212608908110938
9.058,0.0235215054833637,0.213057796668308,10.6053009131481,0.0536435554902705,0.372472037846346,1.90207025784188e-13,3.00274884802678e-183,1.63256763927615e-05,8586.95954955065,7729.95740517061,17819.4385568497,0.212821623358947
9.059,0.0235215054833637,0.213081318173792,10.6053009131481,0.0536494777198455,0.372513158627738,1.98092309076037e-13,5.63797963629588e-183,1.65515229035246e-05,8595.55080401149,7737.60141357208,17838.7045914441,0.213034551428597
9.06,0.0235215054833637,0.213104839679275,10.6053009131481,0.0536553999494205,0.37255427940913,2.06296517329125e-13,1.05794008814287e-182,1.67802844336775e-05,8604.15065402386,7745.25298098863,17857.9914561051,0.213247692532816
9.061,0.0235215054833637,0.213128361184758,10.6053009131481,0.0536613221789955,0.372595400190521,2.14832217167773e-13,1.98395528384547e-182,1.70119956582775e-05,8612.75910818759,7752.91211489518,17877.2991733534,0.213461046884745
9.062,0.0235215054833637,0.213151882690242,10.6053009131481,0.0536672444085705,0.372636520971913,2.23712456829481e-13,3.71822850653693e-182,1.72466916256726e-05,8621.37617511115,7760.57882277411,17896.6277657348,0.213674614697739
9.063,0.0235215054833637,0.213175404195725,10.6053009131481,0.0536731666381455,0.372677641753305,2.32950784083731e-13,6.96424147348256e-182,1.7484407761032e-05,8630.00186341161,7768.25311211521,17915.9772558188,0.213888396185365
9.064,0.0235215054833637,0.213198925701208,10.6053009131481,0.0536790888677205,0.372718762534696,2.42561264796552e-13,1.30360275977956e-181,1.77251798699024e-05,8638.63618171464,7775.9349904156,17935.3476661998,0.214102391561406
9.065,0.0235215054833637,0.213222447206692,10.6053009131481,0.0536850110972955,0.372759883316088,2.52558502163538e-13,2.43865622792493e-181,1.7969044141797e-05,8647.27913865457,7783.62446517988,17954.7390194962,0.214316601039855
9.066,0.0235215054833637,0.213245968712175,10.6053009131481,0.0536909333268705,0.37280100409748,2.62957656634248e-13,4.55921332608752e-181,1.82160371538084e-05,8655.93074287438,7791.32154392004,17974.1513383514,0.214531024834925
9.067,0.0235215054833637,0.213269490217659,10.6053009131481,0.0536968555564454,0.372842124878872,2.7377446655213e-13,8.51850570497265e-181,1.846619587425e-05,8664.59100302564,7799.02623415552,17993.5846454326,0.214745663161036
9.068,0.0235215054833637,0.213293011723142,10.6053009131481,0.0537027777860204,0.372883245660263,2.85025269534998e-13,1.59063764015173e-180,1.87195576663296e-05,8673.25992776862,7806.73854341317,18013.0389634321,0.214960516232828
9.069,0.0235215054833637,0.213316533228625,10.6053009131481,0.0537087000155954,0.372924366441655,2.96727024621362e-13,2.96833955585205e-180,1.89761602918466e-05,8681.93752577227,7814.45847922732,18032.5143150664,0.215175584265155
9.07,0.0235215054833637,0.213340054734109,10.6053009131481,0.0537146222451704,0.372965487223047,3.08897335209268e-13,5.53592946132398e-180,1.92360419149196e-05,8690.62380571415,7822.18604913968,18052.0107230768,0.215390867473084
9.071,0.0235215054833637,0.213363576239592,10.6053009131481,0.0537205444747454,0.373006608004439,3.21554472815275e-13,1.03181613769834e-179,1.94992411057455e-05,8699.31877628056,7829.92126069952,18071.5282102288,0.215606366071898
9.072,0.0235215054833637,0.213387097745075,10.6053009131481,0.0537264667043204,0.37304772878583,3.34717401681408e-13,1.92198078000179e-179,1.97657968443833e-05,8708.02244616647,7837.66412146348,18091.066799313,0.215822080277096
9.073,0.0235215054833637,0.213410619250559,10.6053009131481,0.0537323889338954,0.373088849567222,3.48405804259747e-13,3.57792206759047e-179,2.00357485245703e-05,8716.73482407558,7845.41463899575,18110.6265131443,0.216038010304393
9.074,0.0235215054833637,0.213434140756042,10.6053009131481,0.0537383111634704,0.373129970348614,3.62640107604526e-13,6.65653133909439e-179,2.03091359575643e-05,8725.45591872021,7853.17282086791,18130.2073745624,0.216254156369718
9.075,0.0235215054833637,0.213457662261525,10.6053009131481,0.0537442333930454,0.373171091130006,3.77441510703375e-13,1.23765758815763e-178,2.05859993760202e-05,8734.18573882149,7860.93867465913,18149.8094064316,0.216470518689217
9.076,0.0235215054833637,0.213481183767009,10.6053009131481,0.0537501556226204,0.373212211911397,3.92832012779501e-13,2.29979230205561e-178,2.08663794378918e-05,8742.92429310926,7868.71220795602,18169.4326316411,0.216687097479253
9.077,0.0235215054833637,0.213504705272492,10.6053009131481,0.0537560778521954,0.373253332692789,4.08834442598298e-13,4.27083170229378e-178,2.11503172303632e-05,8751.67159032202,7876.49342835267,18189.0770731047,0.216903892956405
9.078,0.0235215054833637,0.213528226777976,10.6053009131481,0.0537620000817703,0.373294453474181,4.25472488813068e-13,7.92633073708471e-178,2.14378542738151e-05,8760.42763920711,7884.28234345071,18208.7427537608,0.217120905337467
9.079,0.0235215054833637,0.213551748283459,10.6053009131481,0.0537679223113453,0.373335574255573,4.42770731384931e-13,1.47017139198004e-177,2.17290325258161e-05,8769.19244852059,7892.07896085932,18228.4296965732,0.217338134839453
9.08,0.0235215054833637,0.213575269788942,10.6053009131481,0.0537738445409203,0.373376695036964,4.60754674113846e-13,2.7252098253136e-177,2.20238943851448e-05,8777.96602702723,7899.88328819514,18248.1379245297,0.217555581679592
9.081,0.0235215054833637,0.213598791294426,10.6053009131481,0.0537797667704953,0.373417815818356,4.79450778318957e-13,5.04856881695388e-177,2.23224826958462e-05,8786.74838350062,7907.69533308237,18267.8674606437,0.217773246075331
9.082,0.0235215054833637,0.213622312799909,10.6053009131481,0.0537856890000703,0.373458936599748,4.9888649770692e-13,9.34701901010811e-177,2.26248407513147e-05,8795.53952672315,7915.51510315276,18287.6183279531,0.217991128244334
9.083,0.0235215054833637,0.213645834305392,10.6053009131481,0.0537916112296453,0.37350005738114,5.19090314468872e-13,1.72947638922317e-176,2.29310122984077e-05,8804.33946548592,7923.34260604559,18307.3905495208,0.218209228404483
9.084,0.0235215054833637,0.213669355810876,10.6053009131481,0.0537975334592203,0.373541178162531,5.40091776648177e-13,3.198106850681e-176,2.32410415415941e-05,8813.14820858889,7931.17784940771,18327.1841484344,0.218427546773879
9.085,0.0235215054833637,0.213692877316359,10.6053009131481,0.0538034556887953,0.373582298943923,5.61921536821481e-13,5.9102830139413e-176,2.35549731471304e-05,8821.96576484082,7939.02084089353,18346.999147807,0.21864608357084
9.086,0.0235215054833637,0.213716398821843,10.6053009131481,0.0538093779183703,0.373623419725315,5.84611392137907e-13,1.09159293385434e-175,2.38728522472665e-05,8830.79214305923,7946.87158816499,18366.8355707761,0.218864839013903
9.087,0.0235215054833637,0.213739920327326,10.6053009131481,0.0538153001479453,0.373664540506706,6.08194325762755e-13,2.01488581166485e-175,2.4194724444489e-05,8839.62735207053,7954.73009889167,18386.6934405047,0.219083813321823
9.088,0.0235215054833637,0.213763441832809,10.6053009131481,0.0538212223775203,0.373705661288098,6.32704549772504e-13,3.71687196263389e-175,2.45206358157895e-05,8848.47140070991,7962.5963807507,18406.5727801804,0.219303006713574
9.089,0.0235215054833637,0.213786963338293,10.6053009131481,0.0538271446070953,0.37374678206949,6.58177549550762e-13,6.85239448497338e-175,2.48506329169691e-05,8857.32429782144,7970.47044142681,18426.4736130163,0.219522419408351
9.09,0.0235215054833637,0.213810484843776,10.6053009131481,0.0538330668366702,0.373787902850882,6.84650129735335e-13,1.26253916961003e-174,2.51847627869702e-05,8866.186052258,7978.35228861229,18446.3959622502,0.219742051625565
9.091,0.0235215054833637,0.213834006349259,10.6053009131481,0.0538389890662452,0.373829023632273,7.12160461769366e-13,2.32479823243625e-174,2.55230729522464e-05,8875.05667288134,7986.24193000711,18466.3398511454,0.21996190358485
9.092,0.0235215054833637,0.213857527854743,10.6053009131481,0.0538449112958202,0.373870144413665,7.4074813310977e-13,4.27822606145116e-174,2.58656114311599e-05,8883.93616856212,7994.13937331882,18486.30530299,0.220181975506056
9.093,0.0235215054833637,0.213881049360226,10.6053009131481,0.0538508335253952,0.373911265195057,7.70454198148922e-13,7.86829078096565e-174,2.62124267384104e-05,8892.82454817979,8002.04462626255,18506.2923410976,0.220402267609256
9.094,0.0235215054833637,0.213904570865709,10.6053009131481,0.0538567557549702,0.373952385976449,8.0132123090777e-13,1.44622357866313e-173,2.6563567889502e-05,8901.72182062274,8009.9576965611,18526.3009888067,0.220622780114742
9.095,0.0235215054833637,0.213928092371193,10.6053009131481,0.0538626779845452,0.37399350675784,8.33393379558703e-13,2.65661727368869e-173,2.69190844052385e-05,8910.62799478828,8017.87859194496,18546.3312694814,0.220843513243026
9.096,0.0235215054833637,0.213951613876676,10.6053009131481,0.0538686002141202,0.374034627539232,8.6671642283998e-13,4.87709503197766e-173,2.72790263162493e-05,8919.54307958253,8025.80732015216,18566.3832065106,0.221064467214842
9.097,0.0235215054833637,0.213975135382159,10.6053009131481,0.0538745224436952,0.374075748320624,9.01337828425559e-13,8.94812967332154e-173,2.76434441675555e-05,8928.46708392061,8033.74388892843,18586.4568233089,0.221285642251144
9.098,0.0235215054833637,0.213998656887643,10.6053009131481,0.0538804446732702,0.374116869102016,9.37306813314453e-13,1.64074956899665e-172,2.80123890231635e-05,8937.40001672654,8041.68830602718,18606.552143316,0.221507038573107
9.099,0.0235215054833637,0.214022178393126,10.6053009131481,0.0538863669028452,0.374157989883407,9.74674406307672e-13,3.00670943663747e-172,2.83859124706906e-05,8946.34188693321,8049.64057920945,18626.669189997,0.221728656402126
9.1,0.0235215054833637,0.21404569989861,10.6053009131481,0.0538922891324202,0.374199110664799,1.01349351264281e-12,5.50655406743452e-172,2.87640666260313e-05,8955.29270348251,8057.60071624399,18646.8079868423,0.22195049595982
9.101,0.0235215054833637,0.214069221404093,10.6053009131481,0.0538982113619952,0.374240231446191,1.05381898085692e-12,1.00787760096705e-171,2.91469041380498e-05,8964.25247532528,8065.56872490721,18666.9685573679,0.222172557468029
9.102,0.0235215054833637,0.214092742909576,10.6053009131481,0.0539041335915701,0.374281352227582,1.09570767195228e-12,1.84363638710551e-171,2.95344781933082e-05,8973.22121142125,8073.54461298319,18687.1509251149,0.222394841148814
9.103,0.0235215054833637,0.21411626441506,10.6053009131481,0.0539100558211451,0.374322473008974,1.13921853094228e-12,3.37040812621655e-171,2.99268425208329e-05,8982.19892073918,8081.52838826376,18707.3551136502,0.222617347224458
9.104,0.0235215054833637,0.214139785920543,10.6053009131481,0.0539159780507201,0.374363593790366,1.18441266085476e-12,6.1578571946928e-171,3.03240513969088e-05,8991.18561225678,8089.52005854842,18727.5811465659,0.222840075917468
9.105,0.0235215054833637,0.214163307426026,10.6053009131481,0.0539219002802951,0.374404714571758,1.23135339927547e-12,1.1243895053314e-170,3.07261596499126e-05,9000.18129496076,8097.5196316444,18747.8290474798,0.223063027450573
9.106,0.0235215054833637,0.21418682893151,10.6053009131481,0.0539278225098701,0.374445835353149,1.28010639751473e-12,2.0518431415153e-170,3.11332226651752e-05,9009.18597784677,8105.52711536661,18768.0988400351,0.223286202046724
9.107,0.0235215054833637,0.214210350436993,10.6053009131481,0.0539337447394451,0.374486956134541,1.33073970248508e-12,3.74206981973353e-170,3.15452963898864e-05,9018.19966991951,8113.54251753774,18788.3905479007,0.223509599929095
9.108,0.0235215054833637,0.214233871942477,10.6053009131481,0.0539396669690201,0.374528076915933,1.38332384137786e-12,6.82056141934215e-170,3.19624373380277e-05,9027.22238019268,8121.56584598822,18808.704194771,0.223733221321086
9.109,0.0235215054833637,0.21425739344796,10.6053009131481,0.0539455891985951,0.374569197697325,1.43793190923169e-12,1.2424216845705e-169,3.23847025953401e-05,9036.25411768898,8129.59710855614,18829.0398043659,0.223957066446315
9.11,0.0235215054833637,0.214280914953443,10.6053009131481,0.0539515114281701,0.374610318478716,1.49463965948871e-12,2.26182361734262e-169,3.28121498243333e-05,9045.29489144014,8137.63631308742,18849.3974004313,0.22418113552863
9.111,0.0235215054833637,0.214304436458927,10.6053009131481,0.0539574336577451,0.374651439260108,1.55352559763508e-12,4.115185453883e-169,3.32448372693235e-05,9054.34471048696,8145.68346743576,18869.7770067384,0.2244054287921
9.112,0.0235215054833637,0.21432795796441,10.6053009131481,0.05396335588732,0.3746925600415,1.61467107802785e-12,7.48274950092392e-169,3.36828237615065e-05,9063.40358387923,8153.73857946252,18890.1786470842,0.224629946461016
9.113,0.0235215054833637,0.214351479469893,10.6053009131481,0.053969278116895,0.374733680822892,1.67816040401353e-12,1.35979760262426e-168,3.41261687240735e-05,9072.47152067584,8161.80165703693,18910.6023452916,0.224854688759898
9.114,0.0235215054833637,0.214375000975377,10.6053009131481,0.05397520034647,0.374774801604283,1.74408093144408e-12,2.46961217382544e-168,3.45749321773551e-05,9081.54852994475,8169.87270803597,18931.0481252091,0.225079655913488
9.115,0.0235215054833637,0.21439852248086,10.6053009131481,0.053981122576045,0.374815922385675,1.81252317570249e-12,4.48254663962247e-168,3.50291747440013e-05,9090.63462076292,8177.9517403444,18951.516010711,0.225304848146752
9.116,0.0235215054833637,0.214422043986343,10.6053009131481,0.05398704480562,0.374857043167067,1.88358092235346e-12,8.13134900734375e-168,3.5488957654205e-05,9099.72980221647,8186.03876185479,18972.0060256975,0.225530265684883
9.117,0.0235215054833637,0.214445565491827,10.6053009131481,0.053992967035195,0.374898163948459,1.95735134153522e-12,1.47415199262565e-167,3.59543427509536e-05,9108.8340834006,8194.13378046752,18992.5181940944,0.225755908753299
9.118,0.0235215054833637,0.21446908699731,10.6053009131481,0.05399888926477,0.37493928472985,2.03393510621542e-12,2.67093890616902e-167,3.6425392495318e-05,9117.94747341956,8202.23680409073,19013.0525398538,0.225981777577642
9.119,0.0235215054833637,0.214492608502794,10.6053009131481,0.054004811494345,0.374980405511242,2.11343651443778e-12,4.83646250019773e-167,3.69021699717839e-05,9127.06998138675,8210.34784064048,19033.6090869532,0.226207872383781
9.12,0.0235215054833637,0.214516130008277,10.6053009131481,0.05401073372392,0.375021526292634,2.19596361568687e-12,8.7525384389177e-167,3.73847388936134e-05,9136.20161642468,8218.46689804057,19054.1878593964,0.226434193397812
9.121,0.0235215054833637,0.21453965151376,10.6053009131481,0.054016655953495,0.375062647074025,2.28162834150636e-12,1.58300654859557e-166,3.78731636082465e-05,9145.342387665,8226.59398422269,19074.788881213,0.226660740846055
9.122,0.0235215054833637,0.214563173019244,10.6053009131481,0.05402257818307,0.375103767855417,2.37054664050713e-12,2.86137007008838e-166,3.83675091027355e-05,9154.49230424846,8234.7291071263,19095.4121764585,0.226887514955057
9.123,0.0235215054833637,0.214586694524727,10.6053009131481,0.0540285004126449,0.375144888636809,2.46283861790925e-12,5.16901906347392e-166,3.88678410092249e-05,9163.65137532499,8242.87227469881,19116.0577692146,0.227114515951594
9.124,0.0235215054833637,0.21461021603021,10.6053009131481,0.0540344226422199,0.375186009418201,2.55862867976197e-12,9.33222441113668e-166,3.93742256104605e-05,9172.81961005367,8251.02349489544,19136.725683589,0.227341744062666
9.125,0.0235215054833637,0.214633737535694,10.6053009131481,0.0540403448717949,0.375227130199592,2.65804568199336e-12,1.68385736389978e-165,3.98867298453358e-05,9181.99701760271,8259.18277567926,19157.4159437152,0.2275691995155
9.126,0.0235215054833637,0.214657259041177,10.6053009131481,0.0540462671013699,0.375268250980984,2.76122308444711e-12,3.0364676963471e-165,4.04054213144843e-05,9191.18360714953,8267.35012502122,19178.1285737532,0.227796882537553
9.127,0.0235215054833637,0.21468078054666,10.6053009131481,0.0540521893309449,0.375309371762376,2.868299110064e-12,5.47236956011212e-165,4.09303682859014e-05,9200.37938788074,8275.52555090019,19198.8635978888,0.228024793356507
9.128,0.0235215054833637,0.214704302052144,10.6053009131481,0.0540581115605199,0.375350492543768,2.9794169093745e-12,9.85656773983167e-165,4.14616397006037e-05,9209.58436899209,8283.70906130289,19219.6210403341,0.228252932200274
9.129,0.0235215054833637,0.214727823557627,10.6053009131481,0.0540640337900949,0.375391613325159,3.094724730475e-12,1.77426993392977e-164,4.19993051783345e-05,9218.79855968858,8291.90066422396,19240.4009253273,0.228481299296992
9.13,0.0235215054833637,0.214751345063111,10.6053009131481,0.0540699560196699,0.375432734106551,3.21437609466009e-12,3.19196055381432e-164,4.25434350233004e-05,9228.02196918441,8300.10036766595,19261.203277133,0.228709894875029
9.131,0.0235215054833637,0.214774866568594,10.6053009131481,0.0540758782492449,0.375473854887943,3.338529977893e-12,5.73904101837089e-164,4.30941002299442e-05,9237.25460670296,8308.30817963926,19282.0281200417,0.228938719162979
9.132,0.0235215054833637,0.214798388074077,10.6053009131481,0.0540818004788199,0.375514975669335,3.46735099830373e-12,1.03125313705433e-163,4.36513724887663e-05,9246.49648147689,8316.52410816231,19302.8754783705,0.229167772389667
9.133,0.0235215054833637,0.214821909579561,10.6053009131481,0.0540877227083949,0.375556096450726,3.60100960990239e-12,1.85197673899015e-163,4.42153241921747e-05,9255.74760274807,8324.7481612614,19323.7453764625,0.229397054784147
9.134,0.0235215054833637,0.214845431085044,10.6053009131481,0.0540936449379699,0.375597217232118,3.73968230270992e-12,3.32391732860336e-163,4.47860284403792e-05,9265.00797976764,8332.98034697077,19344.6378386874,0.229626566575701
9.135,0.0235215054833637,0.214868952590527,10.6053009131481,0.0540995671675448,0.37563833801351,3.88355180950759e-12,5.96224050602192e-163,4.5363559047319e-05,9274.27762179595,8341.22067333257,19365.552889441,0.229856307993841
9.136,0.0235215054833637,0.214892474096011,10.6053009131481,0.0541054893971198,0.375679458794901,4.03280731941945e-12,1.06884199446908e-162,4.59479905466394e-05,9283.55653810265,8349.46914839698,19386.4905531457,0.230086279268308
9.137,0.0235215054833637,0.214915995601494,10.6053009131481,0.0541114116266948,0.375720579576293,4.18764469854063e-12,1.91497195289796e-162,4.65393981976985e-05,9292.84473796668,8357.72578022208,19407.4508542501,0.230316480629073
9.138,0.0235215054833637,0.214939517106977,10.6053009131481,0.0541173338562698,0.375761700357685,4.34826671783648e-12,3.42891221620176e-162,4.71378579916129e-05,9302.1422306762,8365.99057687393,19428.4338172293,0.230546912306338
9.139,0.0235215054833637,0.214963038612461,10.6053009131481,0.0541232560858448,0.375802821139077,4.51488328854551e-12,6.13614348197958e-162,4.77434466573526e-05,9311.44902552873,8374.26354642657,19449.4394665849,0.230777574530535
9.14,0.0235215054833637,0.214986560117944,10.6053009131481,0.0541291783154198,0.375843941920468,4.68771170531913e-12,1.09743797749554e-161,4.83562416678664e-05,9320.76513183108,8382.54469696205,19470.467826845,0.231008467532325
9.141,0.0235215054833637,0.215010081623427,10.6053009131481,0.0541351005449948,0.37588506270186,4.86697689734399e-12,1.96159774271495e-161,4.89763212462463e-05,9330.09055889932,8390.83403657037,19491.5189225642,0.231239591542602
9.142,0.0235215054833637,0.215033603128911,10.6053009131481,0.0541410227745698,0.375926183483252,5.05291168770264e-12,3.50417316408382e-161,4.96037643719424e-05,9339.4253160589,8399.13157334954,19512.5927783236,0.23147094679249
9.143,0.0235215054833637,0.215057124634394,10.6053009131481,0.0541469450041448,0.375967304264644,5.24575706122584e-12,6.25614712179336e-161,5.02386507870072e-05,9348.76941264459,8407.43731540561,19533.689418731,0.231702533513344
9.144,0.0235215054833637,0.215080646139878,10.6053009131481,0.0541528672337198,0.376008425046035,5.44576244110648e-12,1.1162829302845e-160,5.0881061002381e-05,9358.12285800045,8415.75127085261,19554.8088684206,0.231934351936751
9.145,0.0235215054833637,0.215104167645361,10.6053009131481,0.0541587894632948,0.376049545827427,5.65318597455407e-12,1.99061696061127e-160,5.15310763042276e-05,9367.48566147996,8424.0734478126,19575.9511520534,0.232166402294529
9.146,0.0235215054833637,0.215127689150844,10.6053009131481,0.0541647116928698,0.376090666608819,5.86829482776681e-12,3.54770378306464e-160,5.21887787602992e-05,9376.85783244592,8432.40385441571,19597.1162943172,0.232398684818729
9.147,0.0235215054833637,0.215151210656328,10.6053009131481,0.0541706339224447,0.376131787390211,6.09136549051625e-12,6.31907319172875e-160,5.28542512263436e-05,9386.23938027047,8440.74249880003,19618.304319926,0.232631199741633
9.148,0.0235215054833637,0.215174732161811,10.6053009131481,0.0541765561520197,0.376172908171602,6.32268409064954e-12,1.1248793716168e-159,5.35275773525621e-05,9395.63031433519,8449.08938911178,19639.5152536211,0.232863947295756
9.149,0.0235215054833637,0.215198253667294,10.6053009131481,0.0541824783815947,0.376214028952994,6.5625467188113e-12,2.00126776715211e-159,5.42088415900955e-05,9405.03064403101,8457.44453350519,19660.7491201701,0.233096927713845
9.15,0.0235215054833637,0.215221775172778,10.6053009131481,0.0541884006111697,0.376255149734386,6.81125976371044e-12,3.55837142595641e-159,5.48981291975603e-05,9414.44037875827,8465.80794014258,19682.0059443677,0.233330141228883
9.151,0.0235215054833637,0.215245296678261,10.6053009131481,0.0541943228407447,0.376296270515778,7.06914025825641e-12,6.32330796472397e-159,5.55955262476176e-05,9423.85952792668,8474.17961719429,19703.2857510352,0.23356358807408
9.152,0.0235215054833637,0.215268818183744,10.6053009131481,0.0542002450703197,0.376337391297169,7.33651623690888e-12,1.12301230773929e-158,5.63011196335955e-05,9433.2881009554,8482.55957283882,19724.5885650207,0.233797268482885
9.153,0.0235215054833637,0.215292339689228,10.6053009131481,0.0542061672998947,0.376378512078561,7.61372710458271e-12,1.99329681547453e-158,5.70149970761428e-05,9442.72610727303,8490.9478152627,19745.9144111995,0.234031182688978
9.154,0.0235215054833637,0.215315861194711,10.6053009131481,0.0542120895294697,0.376419632859953,7.90112401746947e-12,3.53595600564551e-158,5.77372471299235e-05,9452.17355631753,8499.34435266055,19767.2633144734,0.234265330926274
9.155,0.0235215054833637,0.215339382700195,10.6053009131481,0.0542180117590447,0.376460753641344,8.19907027615028e-12,6.26887057994221e-158,5.84679591903651e-05,9461.63045753638,8507.74919323511,19788.6352997714,0.234499713428919
9.156,0.0235215054833637,0.215362904205678,10.6053009131481,0.0542239339886197,0.376501874422736,8.50794173137168e-12,1.11075806237376e-157,5.9207223500437e-05,9471.09682038648,8516.16234519728,19810.0303920492,0.234734330431298
9.157,0.0235215054833637,0.215386425711161,10.6053009131481,0.0542298562181947,0.376542995204128,8.82812720287983e-12,1.96696898280225e-157,5.99551311574709e-05,9480.57265433419,8524.58381676598,19831.4486162897,0.234969182168027
9.158,0.0235215054833637,0.215409947216645,10.6053009131481,0.0542357784477696,0.37658411598552,9.16002891172227e-12,3.48115662699458e-157,6.07117741200357e-05,9490.05796885533,8533.01361616834,19852.8899975027,0.235204268873957
9.159,0.0235215054833637,0.215433468722128,10.6053009131481,0.0542417006773446,0.376625236766911,9.50406292642234e-12,6.15740583369043e-157,6.14772452148419e-05,9499.55277343526,8541.4517516396,19874.3545607252,0.235439590784176
9.16,0.0235215054833637,0.215456990227611,10.6053009131481,0.0542476229069196,0.376666357548303,9.86065962345744e-12,1.08847962534835e-156,6.22516381436896e-05,9509.05707756873,8549.89823142312,19895.842331021,0.235675148134005
9.161,0.0235215054833637,0.215480511733095,10.6053009131481,0.0542535451364946,0.376707478329695,1.02302641624885e-11,1.92305314901761e-156,6.30350474904704e-05,9518.57089076007,8558.35306377045,19917.3533334812,0.235910941159002
9.162,0.0235215054833637,0.215504033238578,10.6053009131481,0.0542594673660696,0.376748599111087,1.06133369767812e-11,3.39555583322546e-156,6.38275687282004e-05,9528.09422252311,8566.81625694129,19938.887593224,0.236146970094961
9.163,0.0235215054833637,0.215527554744062,10.6053009131481,0.0542653895956446,0.376789719892478,1.10103542792909e-11,5.99210227420677e-156,6.46292982260956e-05,9537.62708238115,8575.28781920345,19960.4451353946,0.236383235177908
9.164,0.0235215054833637,0.215551076249545,10.6053009131481,0.0542713118252196,0.37683084067387,1.14218085848976e-11,1.05680889208502e-155,6.54403332567025e-05,9547.16947986707,8583.76775883302,19982.0259851656,0.236619736644111
9.165,0.0235215054833637,0.215574597755028,10.6053009131481,0.0542772340547946,0.376871961455262,1.18482092492712e-11,1.86278506600357e-155,6.62607720030597e-05,9556.72142452327,8592.2560841142,20003.6301677368,0.236856474730069
9.166,0.0235215054833637,0.215598119260512,10.6053009131481,0.0542831562843696,0.376913082236654,1.22900830248881e-11,3.28154399101202e-155,6.70907135659083e-05,9566.2829259017,8600.75280333942,20025.2577083351,0.237093449672523
9.167,0.0235215054833637,0.215621640765995,10.6053009131481,0.0542890785139446,0.376954203018045,1.27479746347103e-11,5.77754125217655e-155,6.79302579709395e-05,9575.85399356384,8609.25792480925,20046.9086322147,0.237330661708446
9.168,0.0235215054833637,0.215645162271478,10.6053009131481,0.0542950007435196,0.376995323799437,1.32224473640812e-11,1.0166170001852e-154,6.87795061760996e-05,9585.43463708077,8617.77145683255,20068.5829646572,0.23756811107505
9.169,0.0235215054833637,0.215668683776962,10.6053009131481,0.0543009229730946,0.377036444580829,1.37140836713749e-11,1.78780980898511e-154,6.96385600789247e-05,9595.02486603315,8626.29340772635,20090.2807309716,0.237805798009785
9.17,0.0235215054833637,0.215692205282445,10.6053009131481,0.0543068452026695,0.377077565362221,1.42234858179768e-11,3.14220883599404e-154,7.05075225239201e-05,9604.62469001118,8634.8237858159,20112.0019564939,0.238043722750338
9.171,0.0235215054833637,0.215715726787928,10.6053009131481,0.0543127674322445,0.377118686143612,1.475127651819e-11,5.519486861086e-154,7.13864973099962e-05,9614.23411861471,8643.36259943468,20133.746666588,0.238281885534634
9.172,0.0235215054833637,0.215739248293412,10.6053009131481,0.0543186896618195,0.377159806925004,1.52980996096553e-11,9.68974698961752e-154,7.22755891979364e-05,9623.85316145316,8651.90985692448,20155.5148866448,0.238520286600835
9.173,0.0235215054833637,0.215762769798895,10.6053009131481,0.0543246118913945,0.377200927706396,1.58646207449128e-11,1.70010753520253e-153,7.31749039179067e-05,9633.48182814557,8660.46556663522,20177.306642083,0.238758926187342
9.174,0.0235215054833637,0.215786291304378,10.6053009131481,0.0543305341209695,0.377242048487787,1.64515281047548e-11,2.98119727195805e-153,7.40845481770258e-05,9643.1201283206,8669.02973692518,20199.1219583483,0.238997804532796
9.175,0.0235215054833637,0.215809812809862,10.6053009131481,0.0543364563505445,0.377283169269179,1.70595331340078e-11,5.22463014959693e-153,7.50046296669644e-05,9652.76807161659,8677.60237616085,20220.9608609146,0.239236921876074
9.176,0.0235215054833637,0.215833334315345,10.6053009131481,0.0543423785801195,0.377324290050571,1.76893713004289e-11,9.15105256038215e-153,7.59352570715891e-05,9662.42566768143,8686.18349271702,20242.8233752826,0.239476278456294
9.177,0.0235215054833637,0.215856855820829,10.6053009131481,0.0543483008096945,0.377365410831963,1.83418028774234e-11,1.60190720164536e-152,7.6876540074665e-05,9672.09292617275,8694.77309497674,20264.7095269811,0.239715874512812
9.178,0.0235215054833637,0.215880377326312,10.6053009131481,0.0543542230392695,0.377406531613354,1.90176137512782e-11,2.80255800742911e-152,7.78285893675893e-05,9681.76985675782,8703.37119133139,20286.6193415664,0.239955710285225
9.179,0.0235215054833637,0.215903898831795,10.6053009131481,0.0543601452688445,0.377447652394746,1.97176162536576e-11,4.90030334822814e-152,7.87915166571691e-05,9691.45646911353,8711.97779018056,20308.5528446222,0.240195786013367
9.18,0.0235215054833637,0.215927420337279,10.6053009131481,0.0543660674984194,0.377488773176138,2.04426500201285e-11,8.56332771681171e-152,7.97654346734599e-05,9701.15277292652,8720.59289993227,20330.5100617601,0.240436101937316
9.181,0.0235215054833637,0.215950941842762,10.6053009131481,0.0543719897279944,0.37752989395753,2.11935828754731e-11,1.49559344836538e-151,8.07504571776305e-05,9710.85877789309,8729.21652900276,20352.4910186193,0.240676658297387
9.182,0.0235215054833637,0.215974463348245,10.6053009131481,0.0543779119575694,0.377571014738921,2.19713117466079e-11,2.6105744245528e-151,8.17466989698863e-05,9720.57449371926,8737.84868581664,20374.4957408667,0.240917455334137
9.183,0.0235215054833637,0.215997984853729,10.6053009131481,0.0543838341871444,0.377612135520313,2.27767636039166e-11,4.55418097975782e-151,8.27542758974241e-05,9730.29993012073,8746.48937880679,20396.524254197,0.241158493288362
9.184,0.0235215054833637,0.216021506359212,10.6053009131481,0.0543897564167194,0.377653256301705,2.3610896431868e-11,7.9402891545913e-151,8.3773304862453e-05,9740.03509682293,8755.13861641452,20418.5765843327,0.241399772401099
9.185,0.0235215054833637,0.216045027864696,10.6053009131481,0.0543956786462944,0.377694377083097,2.44747002297635e-11,1.38361200958701e-150,8.48039038302421e-05,9749.78000356106,8763.79640708944,20440.6527570241,0.24164129291363
9.186,0.0235215054833637,0.216068549370179,10.6053009131481,0.0544016008758694,0.377735497864488,2.53691980435204e-11,2.40959717457308e-150,8.58461918372167e-05,9759.53466007998,8772.46275928948,20462.7527980491,0.241883055067474
9.187,0.0235215054833637,0.216092070875662,10.6053009131481,0.0544075231054444,0.37777661864588,2.62954470294291e-11,4.19398458734153e-150,8.69002889991137e-05,9769.29907613438,8781.13768148098,20484.8767332139,0.242125059104393
9.188,0.0235215054833637,0.216115592381146,10.6053009131481,0.0544134453350194,0.377817739427272,2.72545395508009e-11,7.2956102129946e-150,8.79663165191685e-05,9779.07326148869,8789.82118213869,20507.0245883524,0.242367305266391
9.189,0.0235215054833637,0.216139113886629,10.6053009131481,0.0544193675645944,0.377858860208663,2.82476043084976e-11,1.26837878039094e-149,8.90443966963457e-05,9788.85722591706,8798.51326974563,20529.1963893263,0.242609793795715
9.19,0.0235215054833637,0.216162635392112,10.6053009131481,0.0544252897941694,0.377899980990055,2.92758075063563e-11,2.20388541373107e-149,9.01346529336362e-05,9798.65097920347,8807.2139527933,20551.3921620254,0.242852524934852
9.191,0.0235215054833637,0.216186156897596,10.6053009131481,0.0544312120237444,0.377941101771447,3.03403540525126e-11,3.82720650173037e-149,9.12372097463792e-05,9808.45453114169,8815.92323978156,20573.6119323675,0.243095498926536
9.192,0.0235215054833637,0.216209678403079,10.6053009131481,0.0544371342533193,0.377982222552839,3.14424887976899e-11,6.64244195685015e-149,9.23521927706331e-05,9818.26789153524,8824.64113921869,20595.8557262983,0.243338716013737
9.193,0.0235215054833637,0.216233199908562,10.6053009131481,0.0544430564828943,0.37802334333423,3.25834978115678e-11,1.15219708551916e-148,9.347972877161e-05,9828.09107019751,8833.36765962138,20618.1235697918,0.243582176439676
9.194,0.0235215054833637,0.216256721414046,10.6053009131481,0.0544489787124693,0.378064464115622,3.37647096983088e-11,1.99746442369556e-148,9.4619945652138e-05,9837.92407695168,8842.10280951475,20640.4154888498,0.243825880447811
9.195,0.0235215054833637,0.216280242919529,10.6053009131481,0.0544549009420443,0.378105584897014,3.49874969524116e-11,3.46086576174928e-148,9.57729724611701e-05,9847.76692163072,8850.8465974323,20662.7315095024,0.244069828281847
9.196,0.0235215054833637,0.216303764425013,10.6053009131481,0.0544608231716193,0.378146705678406,3.6253277356093e-11,5.99299646017247e-148,9.69389394023593e-05,9857.61961407752,8859.59903191604,20685.0716578078,0.244314020185731
9.197,0.0235215054833637,0.216327285930496,10.6053009131481,0.0544667454011943,0.378187826459797,3.75635154193726e-11,1.03718683938843e-147,9.81179778426584e-05,9867.48216414474,8868.36012151639,20707.4359598522,0.244558456403656
9.198,0.0235215054833637,0.216350807435979,10.6053009131481,0.0544726676307693,0.378228947241189,3.89197238641468e-11,1.79400573704454e-147,9.93102203209797e-05,9877.35458169497,8877.12987479225,20729.8244417504,0.244803137180058
9.199,0.0235215054833637,0.216374328941463,10.6053009131481,0.0544785898603443,0.378270068022581,4.0323465153503e-11,3.1013062579116e-147,0.000100515800556889,9887.23687660059,8885.90830031091,20752.237129645,0.245048062759617
9.2,0.0235215054833637,0.216397850446946,10.6053009131481,0.0544845120899193,0.378311188803973,4.17763530676339e-11,5.35820870181264e-147,0.000101734853459367,9897.12905874391,8894.69540664824,20774.6740497072,0.24529323338726
9.201,0.0235215054833637,0.216421371952429,10.6053009131481,0.0544904343194943,0.378352309585364,4.32800543276665e-11,9.25228242379321e-147,0.000102967515135601,9907.03113801713,8903.49120238853,20797.1352281362,0.245538649308156
9.202,0.0235215054833637,0.216444893457913,10.6053009131481,0.0544963565490693,0.378393430366756,4.48362902688115e-11,1.59673397578896e-146,0.000104213922899819,9916.94312432229,8912.29569612454,20819.6206911598,0.245784310767722
9.203,0.0235215054833637,0.216468414963396,10.6053009131481,0.0545022787786442,0.378434551148148,4.64468385642976e-11,2.75404368806035e-146,0.000105474215282197,9926.86502757141,8921.10889645756,20842.130465034,0.24603021801162
9.204,0.0235215054833637,0.216491936468879,10.6053009131481,0.0545082010082192,0.37847567192954,4.81135350015086e-11,4.7474871868251e-146,0.000106748532037789,9936.7968576864,8929.93081199741,20864.6645760432,0.246276371285756
9.205,0.0235215054833637,0.216515457974363,10.6053009131481,0.0545141232377942,0.378516792710931,4.98382753118615e-11,8.17921525802988e-146,0.000108037014155503,9946.73862459905,8938.76145136235,20887.2230505003,0.246522770836283
9.206,0.0235215054833637,0.216538979479846,10.6053009131481,0.0545200454673692,0.378557913492323,5.1623017056005e-11,1.40836258471172e-145,0.000109339803867153,9956.69033825116,8947.60082317923,20909.8059147465,0.246769416909602
9.207,0.0235215054833637,0.21656250098533,10.6053009131481,0.0545259676969442,0.378599034273715,5.34697815658828e-11,2.42366430844512e-145,0.000110657044656529,9966.65200859446,8956.4489360834,20932.4131951517,0.247016309752359
9.208,0.0235215054833637,0.216586022490813,10.6053009131481,0.0545318899265192,0.378640155055107,5.53806559453231e-11,4.16855702345582e-145,0.000111988881268518,9976.62364559058,8965.30579871875,20955.044918114,0.247263449611446
9.209,0.0235215054833637,0.216609543996296,10.6053009131481,0.0545378121560942,0.378681275836498,5.7357795130876e-11,7.16563133449451e-145,0.000113335459718295,9986.60525921117,8974.17141973774,20977.7011100604,0.247510836734003
9.21,0.0235215054833637,0.21663306550178,10.6053009131481,0.0545437343856692,0.37872239661789,5.94034240145652e-11,1.23105867019356e-144,0.00011469692730054,9996.59685943788,8983.04580780137,21000.3817974463,0.247758471367418
9.211,0.0235215054833637,0.216656587007263,10.6053009131481,0.0545496566152442,0.378763517399282,6.1519839630362e-11,2.11377502543264e-144,0.0001160734325987,10006.5984562623,8991.92897157916,21023.0870067555,0.248006353759324
9.212,0.0235215054833637,0.216680108512746,10.6053009131481,0.0545555788448192,0.378804638180673,6.37094134062421e-11,3.62739321898127e-144,0.000117465125494327,10016.6100596859,9000.8209197493,21045.8167645008,0.248254484157605
9.213,0.0235215054833637,0.21670363001823,10.6053009131481,0.0545615010743942,0.378845758962065,6.59745934836303e-11,6.22137697287941e-144,0.00011887215717643,10026.6316797205,9009.72166099849,21068.5710972235,0.248502862810391
9.214,0.0235215054833637,0.216727151523713,10.6053009131481,0.0545674233039692,0.378886879743457,6.83179071062256e-11,1.06643538539542e-143,0.0001202946801509,10036.6633263876,9018.63120402205,21091.3500314935,0.24875148996606
9.215,0.0235215054833637,0.216750673029196,10.6053009131481,0.0545733455335441,0.378928000524849,7.07419630801296e-11,1.82700134958946e-143,0.00012173284824996,10046.7050097188,9027.54955752385,21114.1535939096,0.24900036587324
9.216,0.0235215054833637,0.21677419453468,10.6053009131481,0.0545792677631191,0.37896912130624,7.32494543073814e-11,3.12823682097929e-143,0.000123186816641695,10056.7567397559,9036.47673021645,21136.9818110992,0.249249490780807
9.217,0.0235215054833637,0.216797716040163,10.6053009131481,0.0545851899926941,0.379010242087632,7.5843160394912e-11,5.35324297533533e-143,0.000124656741839602,10066.8185265506,9045.41273082098,21159.8347097187,0.249498864937885
9.218,0.0235215054833637,0.216821237545647,10.6053009131481,0.0545911122222691,0.379051362869024,7.85259503410899e-11,9.15568847275299e-143,0.000126142781712188,10076.8903801646,9054.35756806716,21182.7123164531,0.249748488593849
9.219,0.0235215054833637,0.21684475905113,10.6053009131481,0.0545970344518441,0.379092483650416,8.13007853021102e-11,1.56502730849255e-142,0.000127645095492649,10086.9723106699,9063.31125069338,21205.6146580162,0.249998361998322
9.22,0.0235215054833637,0.216868280556613,10.6053009131481,0.0546029566814191,0.379133604431807,8.41707214404018e-11,2.6736825198989e-142,0.000129163843788559,10097.0643281483,9072.27378744671,21228.5417611512,0.250248485401178
9.221,0.0235215054833637,0.216891802062097,10.6053009131481,0.0546088789109941,0.379174725213199,8.71389128574139e-11,4.56514839527977e-142,0.000130699188591621,10107.1664426919,9081.24518708279,21251.4936526294,0.250498859052541
9.222,0.0235215054833637,0.21691532356758,10.6053009131481,0.0546148011405691,0.379215845994591,9.02086146132166e-11,7.7903550250647e-142,0.000132251293287482,10117.2786644027,9090.22545836597,21274.4703592517,0.250749483202783
9.223,0.0235215054833637,0.216938845073063,10.6053009131481,0.0546207233701441,0.379256966775983,9.33831858352686e-11,1.32866969834602e-141,0.000133820322665575,10127.4010033931,9099.21461006925,21297.4719078478,0.25100035810253
9.224,0.0235215054833637,0.216962366578547,10.6053009131481,0.0546266455997191,0.379298087557374,9.6666092918911e-11,2.26482360677311e-141,0.000135406442929009,10137.5334697853,9108.21265097432,21320.4983252763,0.251251484002655
9.225,0.0235215054833637,0.21698588808403,10.6053009131481,0.0546325678292941,0.379339208338766,1.00060912822221e-10,3.85841954968727e-141,0.000137009821704538,10147.6760737118,9117.21958987153,21343.5496384249,0.251502861154285
9.226,0.0235215054833637,0.217009409589513,10.6053009131481,0.0546384900588691,0.379380329120158,1.03571336457772e-10,6.56965208859317e-141,0.000138630628052541,10157.8288253153,9126.23543555996,21366.6258742104,0.251754489808798
9.227,0.0235215054833637,0.217032931094997,10.6053009131481,0.054644412288444,0.379421449901549,1.07201172184072e-10,1.1179780834895e-140,0.000140269032477062,10167.9917347484,9135.26019684733,21389.7270595786,0.252006370217821
9.228,0.0235215054833637,0.21705645260048,10.6053009131481,0.054650334518019,0.379462570682941,1.10954349399521e-10,1.90143878051201e-140,0.000141925206935924,10178.1648121741,9144.29388255011,21412.8532215046,0.252258502633235
9.229,0.0235215054833637,0.217079974105963,10.6053009131481,0.054656256747594,0.379503691464333,1.14834922241647e-10,3.23213643354043e-140,0.000143599324850853,10188.3480677655,9153.33650149351,21436.0043869926,0.252510887307173
9.23,0.0235215054833637,0.217103495611447,10.6053009131481,0.054662178977169,0.379544812245725,1.1884707339466e-10,5.49105057394889e-140,0.000145291561117677,10198.5415117058,9162.38806251145,21459.1805830758,0.25276352449202
9.231,0.0235215054833637,0.21712701711693,10.6053009131481,0.054668101206744,0.379585933027116,1.22995118008258e-10,9.32351696470586e-140,0.000147002092116559,10208.7451541884,9171.44857444655,21482.381836817,0.253016414440412
9.232,0.0235215054833637,0.217150538622414,10.6053009131481,0.054674023436319,0.379627053808508,1.27283507730901e-10,1.58220513995242e-139,0.000148731095722296,10218.9590054171,9180.5180461502,21505.6081753079,0.25326955740524
9.233,0.0235215054833637,0.217174060127897,10.6053009131481,0.054679945665894,0.3796681745899,1.31716834860603e-10,2.68351892079409e-139,0.000150478751314653,10229.1830756056,9189.59648648259,21528.8596256698,0.253522953639646
9.234,0.0235215054833637,0.21719758163338,10.6053009131481,0.054685867895469,0.379709295371292,1.36299836616561e-10,4.54889087510705e-139,0.000152245239788737,10239.417374978,9198.68390431257,21552.136215053,0.253776603397027
9.235,0.0235215054833637,0.217221103138864,10.6053009131481,0.054691790125044,0.379750416152683,1.41037399535054e-10,7.70664763123656e-139,0.000154030743565453,10249.6619137687,9207.78030851785,21575.4379706374,0.254030506931032
9.236,0.0235215054833637,0.217244624644347,10.6053009131481,0.054697712354619,0.379791536934075,1.45934563992897e-10,1.30492260373655e-138,0.000155835446601978,10259.9167022221,9216.88570798488,21598.7649196323,0.254284664495566
9.237,0.0235215054833637,0.21726814614983,10.6053009131481,0.054703634584194,0.379832657715467,1.50996528862061e-10,2.20832716243099e-138,0.000157659534402286,10270.1817505931,9226.0001116089,21622.1170892763,0.254539076344785
9.238,0.0235215054833637,0.217291667655314,10.6053009131481,0.0547095568137689,0.379873778496859,1.56228656299152e-10,3.73509475577497e-138,0.000159503194027744,10280.4570691467,9235.12352829395,21645.4945068374,0.254793742733101
9.239,0.0235215054833637,0.217315189160797,10.6053009131481,0.0547154790433439,0.37991489927825,1.61636476673304e-10,6.31392652109103e-138,0.000161366614107745,10290.7426681582,9244.2559669529,21668.8971996132,0.255048663915182
9.24,0.0235215054833637,0.217338710666281,10.6053009131481,0.0547214012729189,0.379956020059642,1.67225693636389e-10,1.06673674064799e-137,0.000163249984850366,10301.0385579132,9253.39743650735,21692.3251949308,0.255303840145948
9.241,0.0235215054833637,0.217362232171764,10.6053009131481,0.0547273235024939,0.379997140841034,1.73002189339521e-10,1.80125398275731e-137,0.000165153498053124,10311.3447487077,9262.54794588784,21715.7785201467,0.255559271680575
9.242,0.0235215054833637,0.217385753677247,10.6053009131481,0.0547332457320689,0.380038261622426,1.78972029799727e-10,3.0398542829634e-137,0.000167077347113743,10321.6612508478,9271.70750403368,21739.2572026473,0.255814958774496
9.243,0.0235215054833637,0.217409275182731,10.6053009131481,0.0547391679616439,0.380079382403817,1.85141470420954e-10,5.12732479673307e-137,0.00016902172704097,10331.98807465,9280.87611989298,21762.7612698483,0.256070901683396
9.244,0.0235215054833637,0.217432796688214,10.6053009131481,0.0547450901912189,0.380120503185209,1.91516961673743e-10,8.64349298849065e-137,0.000170986834465473,10342.3252304411,9290.05380242276,21786.2907491952,0.256327100663219
9.245,0.0235215054833637,0.217456318193697,10.6053009131481,0.0547510124207939,0.380161623966601,1.98105154937721e-10,1.45629135177751e-136,0.000172972867650754,10352.6727285583,9299.24056058889,21809.845668163,0.256583555970165
9.246,0.0235215054833637,0.217479839699181,10.6053009131481,0.0547569346503689,0.380202744747992,2.04912908511496e-10,2.4522679856393e-136,0.000174980026504125,10363.0305793491,9308.43640336611,21833.4260542567,0.256840267860688
9.247,0.0235215054833637,0.217503361204664,10.6053009131481,0.0547628568799439,0.380243865529384,2.11947293794408e-10,4.12713236690376e-136,0.000177008512587722,10373.3987931713,9317.64133973798,21857.0319350108,0.2570972365915
9.248,0.0235215054833637,0.217526882710147,10.6053009131481,0.0547687791095189,0.380284986310776,2.19215601644977e-10,6.94208327053444e-136,0.000179058529129599,10383.7773803932,9326.85537869698,21880.6633379895,0.25735446241957
9.249,0.0235215054833637,0.217550404215631,10.6053009131481,0.0547747013390939,0.380326107092168,2.26725348920633e-10,1.16705770594635e-135,0.000181130281034835,10394.1663513934,9336.07852924455,21904.3202907872,0.257611945602124
9.25,0.0235215054833637,0.217573925721114,10.6053009131481,0.0547806235686688,0.380367227873559,2.34484285203755e-10,1.96090282875818e-135,0.000183223974896696,10404.5657165607,9345.31080039091,21928.0028210276,0.257869686396645
9.251,0.0235215054833637,0.217597447226597,10.6053009131481,0.0547865457982438,0.380408348654951,2.42500399719169e-10,3.29292004435277e-135,0.000185339819007875,10414.9754862947,9354.55220115525,21951.7109563648,0.258127685060873
9.252,0.0235215054833637,0.217620968732081,10.6053009131481,0.0547924680278188,0.380449469436343,2.50781928448063e-10,5.52672439746329e-135,0.000187478023371749,10425.395671005,9363.8027405657,21975.4447244823,0.258385941852809
9.253,0.0235215054833637,0.217644490237564,10.6053009131481,0.0547983902573938,0.380490590217735,2.59337361443722e-10,9.27077582170334e-135,0.000189638799713687,10435.8262811118,9373.06242765928,21999.2041530939,0.258644457030708
9.254,0.0235215054833637,0.217668011743048,10.6053009131481,0.0548043124869688,0.380531710999126,2.68175450354672e-10,1.5542688358476e-134,0.000191822361492436,10446.2673270458,9382.33127148196,22022.9892699433,0.258903230853085
9.255,0.0235215054833637,0.217691533248531,10.6053009131481,0.0548102347165438,0.380572831780518,2.77305216160552e-10,2.60434266958386e-134,0.000194028923911526,10456.718819248,9391.60928108868,22046.800102804,0.259162263578715
9.256,0.0235215054833637,0.217715054754014,10.6053009131481,0.0548161569461188,0.38061395256191,2.86735957126555e-10,4.36146287859013e-134,0.00019625870393072,10467.1807681699,9400.89646554326,22070.6366794796,0.25942155546663
9.257,0.0235215054833637,0.217738576259498,10.6053009131481,0.0548220791756938,0.380655073343302,2.96477256982441e-10,7.30009379401555e-134,0.000198511920277555,10477.6531842734,9410.19283391857,22094.499027804,0.259681106776122
9.258,0.0235215054833637,0.217762097764981,10.6053009131481,0.0548280014052688,0.380696194124693,3.0653899333188e-10,1.22120069963413e-133,0.000200788793458879,10488.136078031,9419.49839529641,22118.3871756409,0.259940917766742
9.259,0.0235215054833637,0.217785619270464,10.6053009131481,0.0548339236348438,0.380737314906085,3.16931346298494e-10,2.04177617709948e-133,0.000203089545772478,10498.6294599255,9428.81315876758,22142.3011508844,0.260200988698303
9.26,0.0235215054833637,0.217809140775948,10.6053009131481,0.0548398458644188,0.380778435687477,3.27664807414751e-10,3.41186502870959e-133,0.000205414401318713,10509.1333404504,9438.13713343181,22166.2409814583,0.260461319830873
9.261,0.0235215054833637,0.217832662281431,10.6053009131481,0.0548457680939937,0.380819556468869,3.38750188760462e-10,5.6982082023019e-133,0.000207763586012252,10519.6477301094,9447.47032839792,22190.2066953171,0.260721911424785
9.262,0.0235215054833637,0.217856183786915,10.6053009131481,0.0548516903235687,0.38086067725026,3.5019863235721e-10,9.51147091567296e-133,0.000210137327593816,10530.1726394171,9456.81275278369,22214.1983204453,0.26098276374063
9.263,0.0235215054833637,0.217879705292398,10.6053009131481,0.0548576125531437,0.380901798031652,3.62021619825639e-10,1.58679233184914e-132,0.00021253585564197,10540.7080788983,9466.16441571588,22238.2158848576,0.26124387703926
9.264,0.0235215054833637,0.217903226797881,10.6053009131481,0.0548635347827187,0.380942918813044,3.74230982312809e-10,2.6457918751854e-132,0.000214959401585001,10551.2540590885,9475.52532633033,22262.2594165991,0.261505251581789
9.265,0.0235215054833637,0.217926748303365,10.6053009131481,0.0548694570122937,0.380984039594435,3.8683891069639e-10,4.40914700414281e-132,0.000217408198712804,10561.8105905336,9484.89549377194,22286.3289437451,0.261766887629592
9.266,0.0235215054833637,0.217950269808848,10.6053009131481,0.0548753792418687,0.381025160375827,3.99857966073215e-10,7.34373390652575e-132,0.000219882482188825,10572.3776837902,9494.27492719455,22310.4244944015,0.262028785444304
9.267,0.0235215054833637,0.217973791314331,10.6053009131481,0.0548813014714437,0.381066281157219,4.13301090539911e-10,1.22248313662065e-131,0.000222382489062081,10582.9553494253,9503.66363576114,22334.5460967042,0.262290945287824
9.268,0.0235215054833637,0.217997312819815,10.6053009131481,0.0548872237010187,0.381107401938611,4.27181618272924e-10,2.03391383875846e-131,0.000224908458279192,10593.5435980167,9513.06162864373,22358.6937788199,0.262553367422311
9.269,0.0235215054833637,0.218020834325298,10.6053009131481,0.0548931459305937,0.381148522720002,4.41513286916017e-10,3.38209726304836e-131,0.000227460630696467,10604.1424401525,9522.46891502339,22382.8675689455,0.262816052110186
9.27,0.0235215054833637,0.218044355830781,10.6053009131481,0.0548990681601687,0.381189643501394,4.56310249283559e-10,5.62087128191194e-131,0.000230039249092069,10614.7518864317,9531.8855040903,22407.0674953086,0.263078999614136
9.271,0.0235215054833637,0.218067877336265,10.6053009131481,0.0549049903897437,0.381230764282786,4.71587085387485e-10,9.33652641707886e-131,0.000232644558178195,10625.3719474636,9541.31140504371,22431.2935861671,0.263342210197108
9.272,0.0235215054833637,0.218091398841748,10.6053009131481,0.0549109126193186,0.381271885064178,4.87358814796597e-10,1.54999858474317e-130,0.000235276804613301,10636.0026338684,9550.74662709193,22455.5458698095,0.263605684122311
9.273,0.0235215054833637,0.218114920347232,10.6053009131481,0.0549168348488936,0.381313005845569,5.03640909337193e-10,2.57182664561637e-130,0.000237936237014414,10646.6439562767,9560.19117945246,22479.824374555,0.263869421653221
9.274,0.0235215054833637,0.218138441852715,10.6053009131481,0.0549227570784686,0.381354126626961,5.20449306143453e-10,4.26497645240048e-130,0.000240623105969457,10657.2959253299,9569.64507135186,22504.1291287535,0.264133423053574
9.275,0.0235215054833637,0.218161963358198,10.6053009131481,0.0549286793080436,0.381395247408353,5.37800421066963e-10,7.06897226288378e-130,0.000243337664049613,10667.9585516798,9579.10831202581,22528.4601607851,0.264397688587372
9.276,0.0235215054833637,0.218185484863682,10.6053009131481,0.0549346015376186,0.381436368189745,5.55711162455006e-10,1.17101039047309e-129,0.000246080165821784,10678.6318459892,9588.58091071912,22552.8174990611,0.264662218518881
9.277,0.0235215054833637,0.218209006369165,10.6053009131481,0.0549405237671936,0.381477488971136,5.7419894530666e-10,1.9387873978357e-129,0.000248850867861053,10689.3158189313,9598.0628766858,22577.2011720233,0.264927013112631
9.278,0.0235215054833637,0.218232527874648,10.6053009131481,0.0549464459967686,0.381518609752528,5.93281705817037e-10,3.20822436953751e-129,0.000251650028763216,10700.0104811902,9607.55421918896,22601.6112081442,0.265192072633416
9.279,0.0235215054833637,0.218256049380132,10.6053009131481,0.0549523682263436,0.38155973053392,6.12977916319288e-10,5.30596671797744e-129,0.000254477909157332,10710.7158434604,9617.05494750086,22626.0476359271,0.265457397346295
9.28,0.0235215054833637,0.218279570885615,10.6053009131481,0.0549582904559186,0.381600851315311,6.33306600635307e-10,8.77060777492347e-129,0.000257334771718378,10721.4319164473,9626.56507090293,22650.5104839062,0.265722987516594
9.281,0.0235215054833637,0.218303092391098,10.6053009131481,0.0549642126854936,0.381641972096703,6.54287349845015e-10,1.44897327271511e-128,0.0002602208811799,10732.1587108671,9636.08459868586,22674.9997806466,0.265988843409903
9.282,0.0235215054833637,0.218326613896582,10.6053009131481,0.0549701349150686,0.381683092878095,6.75940338485312e-10,2.39252626227974e-128,0.000263136504346708,10742.8962374464,9645.61354014942,22699.5155547441,0.266254965292077
9.283,0.0235215054833637,0.218350135402065,10.6053009131481,0.0549760571446435,0.381724213659487,6.98286341190217e-10,3.94837909000147e-128,0.000266081910107668,10753.6445069229,9655.15190460261,22724.0578348255,0.266521353429238
9.284,0.0235215054833637,0.218373656907549,10.6053009131481,0.0549819793742185,0.381765334440878,7.21346749782807e-10,6.51248746476495e-128,0.000269057369448502,10764.4035300448,9664.69970136368,22748.6266495486,0.266788008087776
9.285,0.0235215054833637,0.218397178413032,10.6053009131481,0.0549879016037935,0.38180645522227,7.4514359083092e-10,1.07359633826615e-127,0.000272063155464616,10775.1733175712,9674.25693976003,22773.2220276021,0.267054929534343
9.286,0.0235215054833637,0.218420699918515,10.6053009131481,0.0549938238333685,0.381847576003662,7.69699543678926e-10,1.76889210444952e-127,0.00027509954337404,10785.9538802717,9683.82362912834,22797.8439977058,0.267322118035863
9.287,0.0235215054833637,0.218444221423999,10.6053009131481,0.0549997460629435,0.381888696785054,7.95037958967063e-10,2.91291627803381e-127,0.000278166810530359,10796.745228927,9693.39977881449,22822.4925886105,0.267589573859523
9.288,0.0235215054833637,0.218467742929482,10.6053009131481,0.0550056682925185,0.381929817566445,8.21182877651091e-10,4.7942550577084e-127,0.000281265236435688,10807.5473743285,9702.98539817358,22847.1678290981,0.267857297272778
9.289,0.0235215054833637,0.218491264434965,10.6053009131481,0.0550115905220935,0.381970938347837,8.48159050535562e-10,7.88643771239364e-127,0.000284395102753749,10818.3603272782,9712.58049657003,22871.8697479815,0.268125288543354
9.29,0.0235215054833637,0.218514785940449,10.6053009131481,0.0550175127516685,0.382012059129229,8.75991958332913e-10,1.29660402733255e-126,0.000287556693322931,10829.1840985891,9722.18508337746,22896.5983741051,0.26839354793924
9.291,0.0235215054833637,0.218538307445932,10.6053009131481,0.0550234349812435,0.382053179910621,9.04707832262466e-10,2.13059418383601e-126,0.000290750294169438,10840.0186990851,9731.79916797881,22921.3537363442,0.268662075728697
9.292,0.0235215054833637,0.218561828951415,10.6053009131481,0.0550293572108185,0.382094300692012,9.34333675202659e-10,3.49913844931139e-126,0.000293976193520444,10850.8641396007,9741.4227597662,22946.1358636053,0.268930872180251
9.293,0.0235215054833637,0.218585350456899,10.6053009131481,0.0550352794403935,0.382135421473404,9.64897283411121e-10,5.74365929133904e-126,0.000297234681817347,10861.7204309812,9751.05586814117,22970.9447848261,0.269199937562701
9.294,0.0235215054833637,0.218608871962382,10.6053009131481,0.0550412016699685,0.382176542254796,9.96427268826253e-10,9.42287660424998e-126,0.000300526051729029,10872.5875840832,9760.69850251449,22995.780528976,0.26946927214511
9.295,0.0235215054833637,0.218632393467866,10.6053009131481,0.0550471238995434,0.382217663036188,1.02895308196535e-09,1.54506147511994e-125,0.000303850598165144,10883.4656097736,9770.3506723062,23020.6431250553,0.269738876196814
9.296,0.0235215054833637,0.218655914973349,10.6053009131481,0.0550530461291184,0.382258783817579,1.06250503543492e-09,2.5320692880834e-125,0.000307208618289526,10894.3545189306,9780.01238694571,23045.5326020957,0.270008749987417
9.297,0.0235215054833637,0.218679436478832,10.6053009131481,0.0550589683586934,0.382299904598971,1.09711432806761e-09,4.14737308438245e-125,0.000310600411533563,10905.2543224429,9789.68365587177,23070.4489891605,0.270278893786792
9.298,0.0235215054833637,0.218702957984316,10.6053009131481,0.0550648905882684,0.382341025380363,1.13281306970206e-09,6.78951038786382e-125,0.000314026279609641,10916.1650312105,9799.36448853239,23095.3923153443,0.270549307865083
9.299,0.0235215054833637,0.218726479489799,10.6053009131481,0.0550708128178434,0.382382146161754,1.16963430662243e-09,1.11089184309879e-124,0.00031748652652467,10927.0866561441,9809.05489438499,23120.3626097731,0.270819992492705
9.3,0.0235215054833637,0.218750000995282,10.6053009131481,0.0550767350474184,0.382423266943146,1.207612047673e-09,1.81665811263669e-124,0.000320981458593606,10938.0192081652,9818.75488289631,23145.3599016045,0.271090947940342
9.301,0.0235215054833637,0.218773522500766,10.6053009131481,0.0550826572769934,0.382464387724538,1.24678129106539e-09,2.96922334580521e-124,0.000324511384453017,10948.9626982064,9828.46446354246,23170.3842200275,0.27136217447895
9.302,0.0235215054833637,0.218797044006249,10.6053009131481,0.0550885795065684,0.38250550850593,1.28717805189636e-09,4.85043741222826e-124,0.000328076615074751,10959.9171372112,9838.18364580892,23195.4355942627,0.271633672379754
9.303,0.0235215054833637,0.218820565511732,10.6053009131481,0.0550945017361434,0.382546629287321,1.3288393903927e-09,7.91931199560411e-124,0.000331677463779589,10970.8825361341,9847.91243919058,23220.5140535625,0.271905441914254
9.304,0.0235215054833637,0.218844087017216,10.6053009131481,0.0551004239657184,0.382587750068713,1.371803440902e-09,1.29229792182928e-123,0.00033531424625094,10981.8589059405,9857.65085319162,23245.6196272106,0.272177483354218
9.305,0.0235215054833637,0.218867608522699,10.6053009131481,0.0551063461952934,0.382628870850105,1.41610944164853e-09,2.10768943429841e-123,0.000338987280548646,10992.8462576066,9867.39889732575,23270.7523445226,0.272449796971688
9.306,0.0235215054833637,0.218891130028183,10.6053009131481,0.0551122684248683,0.382669991631497,1.46179776527187e-09,3.43573378548919e-123,0.000342696887122755,11003.84460212,9877.156581116,23295.9122348457,0.272722383038978
9.307,0.0235215054833637,0.218914651533666,10.6053009131481,0.0551181906544433,0.382711112412888,1.50890995016901e-09,5.59759460263224e-123,0.000346443388827381,11014.8539504788,9886.92391409488,23321.0993275588,0.272995241828673
9.308,0.0235215054833637,0.218938173039149,10.6053009131481,0.0551241128840183,0.38275223319428,1.55748873265881e-09,9.11491373744884e-123,0.000350227110934575,11025.8743136925,9896.70090580421,23346.3136520725,0.273268373613633
9.309,0.0235215054833637,0.218961694544633,10.6053009131481,0.0551300351135933,0.382793353975672,1.60757807999055e-09,1.48345030596522e-122,0.000354048381148293,11036.9057027815,9906.4875657954,23371.5552378295,0.27354177866699
9.31,0.0235215054833637,0.218985216050116,10.6053009131481,0.0551359573431683,0.382834474757064,1.6592232242158e-09,2.41303096780309e-122,0.000357907529618353,11047.9481287771,9916.28390362923,23396.8241143041,0.273815457262148
9.311,0.0235215054833637,0.219008737555599,10.6053009131481,0.0551418795727433,0.382875595538455,1.71247069694585e-09,3.92303674914405e-122,0.000361804888954435,11059.0016027217,9926.08992887588,23422.1203110024,0.274089409672786
9.312,0.0235215054833637,0.219032259061083,10.6053009131481,0.0551478018023183,0.382916716319847,1.76736836501704e-09,6.37458005629381e-122,0.000365740794240186,11070.0661356689,9935.90565111507,23447.4438574624,0.274363636172857
9.313,0.0235215054833637,0.219055780566566,10.6053009131481,0.0551537240318933,0.382957837101239,1.82396546708506e-09,1.03526287324094e-121,0.000369715583047297,11081.1417386831,9945.73107993602,23472.7947832545,0.274638137036587
9.314,0.0235215054833637,0.219079302072049,10.6053009131481,0.0551596462614683,0.382998957882631,1.88231265117148e-09,1.68042715272608e-121,0.000373729595449633,11092.2284228399,9955.56622493733,23498.1731179803,0.274912912538476
9.315,0.0235215054833637,0.219102823577533,10.6053009131481,0.0551655684910433,0.383040078664022,1.94246201318707e-09,2.72620723621229e-121,0.000377783174037459,11103.3261992262,9965.41109572716,23523.5788912741,0.275187962953301
9.316,0.0235215054833637,0.219126345083016,10.6053009131481,0.0551714907206183,0.383081199445414,2.00446713645397e-09,4.42046851091933e-121,0.000381876663931655,11114.4350789395,9975.26570192316,23549.0121328019,0.275463288556112
9.317,0.0235215054833637,0.2191498665885,10.6053009131481,0.0551774129501933,0.383122320226806,2.0683831322518e-09,7.16387714458203e-121,0.000386010412797953,11125.5550730889,9985.13005315249,23574.4728722617,0.275738889622234
9.318,0.0235215054833637,0.219173388093983,10.6053009131481,0.0551833351797682,0.383163441008197,2.13426668141402e-09,1.16037532375691e-120,0.0003901847708613,11136.6861927942,9995.00415905183,23599.9611393838,0.276014766427269
9.319,0.0235215054833637,0.219196909599466,10.6053009131481,0.0551892574093432,0.383204561789589,2.202176076998e-09,1.87853590717557e-120,0.000394400090920192,11147.8284491867,10004.8880292674,23625.4769639307,0.276290919247094
9.32,0.0235215054833637,0.21922043110495,10.6053009131481,0.0551951796389182,0.383245682570981,2.27217126805585e-09,3.03956413587337e-120,0.000398656728361031,11158.9818534085,10014.7816734549,23651.0203756967,0.276567348357861
9.321,0.0235215054833637,0.219243952610433,10.6053009131481,0.0552011018684932,0.383286803352373,2.34431390453391e-09,4.91557187534715e-120,0.000402955041172615,11170.1464166131,10024.6851012797,23676.5914045088,0.276844054035999
9.322,0.0235215054833637,0.219267474115916,10.6053009131481,0.0552070240980682,0.383327924133764,2.41866738332606e-09,7.94525521054554e-120,0.00040729538996058,11181.3221499651,10034.5983224166,23702.1900802259,0.277121036558214
9.323,0.0235215054833637,0.2192909956214,10.6053009131481,0.0552129463276432,0.383369044915156,2.49529689551061e-09,1.28355016922581e-119,0.000411678137961921,11192.5090646402,10044.52134655,23727.8164327395,0.277398296201489
9.324,0.0235215054833637,0.219314517126883,10.6053009131481,0.0552188685572182,0.383410165696548,2.57426947479785e-09,2.07247439519767e-119,0.000416103651059521,11203.7071718252,10054.454183374,23753.4704919729,0.277675833243083
9.325,0.0235215054833637,0.219338038632366,10.6053009131481,0.0552247907867932,0.38345128647794,2.65565404721978e-09,3.3445443655362e-119,0.000420572297796786,11214.9164827184,10064.3968425921,23779.1522878823,0.277953647960533
9.326,0.0235215054833637,0.21936156013785,10.6053009131481,0.0552307130163682,0.383492407259331,2.73952148208921e-09,5.39456393147978e-119,0.000425084449392257,11226.137008529,10074.3493339175,23804.861850456,0.278231740631655
9.327,0.0235215054833637,0.219385081643333,10.6053009131481,0.0552366352459432,0.383533528040723,2.82594464425988e-09,8.69655916759822e-119,0.000429640479754251,11237.3687604775,10084.3116670729,23830.5992097148,0.278510111534541
9.328,0.0235215054833637,0.219408603148816,10.6053009131481,0.0552425574755182,0.383574648822115,2.91499844772053e-09,1.40123323503366e-118,0.00043424076549562,11248.6117497957,10094.2838517908,23856.3643957119,0.278788760947561
9.329,0.0235215054833637,0.2194321246543,10.6053009131481,0.0552484797050931,0.383615769603507,3.00675991055198e-09,2.25655227000474e-118,0.000438885685948473,11259.8659877266,10104.2658978133,23882.1574385331,0.279067689149366
9.33,0.0235215054833637,0.219455646159783,10.6053009131481,0.0552544019346681,0.383656890384898,3.10130821128108e-09,3.63205564753133e-118,0.000443575623178941,11271.1314855245,10114.2578148919,23907.9783682966,0.279346896418882
9.331,0.0235215054833637,0.219479167665267,10.6053009131481,0.0552603241642431,0.38369801116629,3.19872474666663e-09,5.84294570118334e-118,0.000448310962002039,11282.4082544547,10124.259612788,23933.8272151532,0.279626383035319
9.332,0.0235215054833637,0.21950268917075,10.6053009131481,0.0552662463938181,0.383739131947682,3.29909319094841e-09,9.39471479583264e-118,0.000453092089996514,11293.6963057942,10134.2713012724,23959.7040092865,0.279906149278162
9.333,0.0235215054833637,0.219526210676233,10.6053009131481,0.0552721686233931,0.383780252729074,3.40249955659557e-09,1.50975986610615e-117,0.000457919397519704,11304.9956508309,10144.2928901259,23985.6087809123,0.280186195427177
9.334,0.0235215054833637,0.219549732181717,10.6053009131481,0.0552780908529681,0.383821373510465,3.50903225659157e-09,2.42496129412457e-117,0.000462793277722534,11316.3063008642,10154.3243891387,24011.5415602795,0.280466521762411
9.335,0.0235215054833637,0.2195732536872,10.6053009131481,0.0552840130825431,0.383862494291857,3.61878216828921e-09,3.89291155528588e-117,0.000467714126564455,11327.6282672047,10164.3658081109,24037.5023776696,0.280747128564191
9.336,0.0235215054833637,0.219596775192683,10.6053009131481,0.0552899353121181,0.383903615073249,3.73184269887428e-09,6.24621870369379e-117,0.000472682342828424,11338.9615611745,10174.4171568519,24063.4912633965,0.281028016113122
9.337,0.0235215054833637,0.219620296698167,10.6053009131481,0.0552958575416931,0.38394473585464,3.84830985247782e-09,1.00168897095222e-116,0.000477698328136008,11350.3061941067,10184.4784451812,24089.5082478074,0.281309184690093
9.338,0.0235215054833637,0.21964381820365,10.6053009131481,0.0553017797712681,0.383985856636032,3.96828229897206e-09,1.60554242510015e-116,0.000482762486962414,11361.6621773461,10194.549682928,24115.5533612819,0.281590634576272
9.339,0.0235215054833637,0.219667339709134,10.6053009131481,0.0553077020008431,0.384026977417424,4.09186144449312e-09,2.57207720417264e-116,0.000487875226651631,11373.0295222486,10204.6308799309,24141.6266342328,0.281872366053109
9.34,0.0235215054833637,0.219690861214617,10.6053009131481,0.0553136242304181,0.384068098198816,4.2191515037284e-09,4.1183160028386e-116,0.000493036957431541,11384.4082401816,10214.7220460385,24167.7280971054,0.282154379402336
9.341,0.0235215054833637,0.2197143827201,10.6053009131481,0.055319546459993,0.384109218980207,4.35025957401386e-09,6.59066017436177e-116,0.000498248092429155,11395.7983425238,10224.823191109,24193.8577803781,0.282436674905965
9.342,0.0235215054833637,0.219737904225584,10.6053009131481,0.055325468689568,0.384150339761599,4.48529571127936e-09,1.05417299780037e-115,0.000503509047685803,11407.1998406653,10234.9343250105,24220.0157145624,0.282719252846294
9.343,0.0235215054833637,0.219761425731067,10.6053009131481,0.055331390919143,0.384191460542991,4.62437300788693e-09,1.68526695371106e-115,0.000508820242172362,11418.6127460075,10245.0554576206,24246.2019302025,0.283002113505898
9.344,0.0235215054833637,0.21978494723655,10.6053009131481,0.055337313148718,0.384232581324383,4.76760767240926e-09,2.69277150081536e-115,0.000514182097804595,11430.0370699635,10255.1865988271,24272.4164578758,0.283285257167639
9.345,0.0235215054833637,0.219808468742034,10.6053009131481,0.055343235378293,0.384273702105774,4.91511911138862e-09,4.3003560216054e-115,0.000519595039458445,11441.4728239575,10265.3277585271,24298.6593281928,0.283568684114662
9.346,0.0235215054833637,0.219831990247517,10.6053009131481,0.055349157607868,0.384314822887166,5.06703001312456e-09,6.86409941831856e-115,0.000525059494985352,11452.9200194252,10275.4789466278,24324.930571797,0.283852394630391
9.347,0.0235215054833637,0.219855511753,10.6053009131481,0.055355079837443,0.384355943668558,5.2234664335407e-09,1.09505792804731e-114,0.000530575895227704,11464.378667814,10285.640173046,24351.2302193649,0.28413638899854
9.348,0.0235215054833637,0.219879033258484,10.6053009131481,0.055361002067018,0.38439706444995,5.38455788417311e-09,1.74608398568019e-114,0.00053614467403422,11475.8487805823,10295.8114477085,24377.5583016066,0.284420667503101
9.349,0.0235215054833637,0.219902554763967,10.6053009131481,0.055366924296593,0.384438185231341,5.55043742233267e-09,2.78270906543008e-114,0.000541766268275372,11487.3303692004,10305.9927805517,24403.9148492648,0.284705230428353
9.35,0.0235215054833637,0.219926076269451,10.6053009131481,0.055372846526168,0.384479306012733,5.72124174349394e-09,4.43246429659441e-114,0.000547441117858923,11498.8234451498,10316.1841815221,24430.299893116,0.284990078058859
9.351,0.0235215054833637,0.219949597774934,10.6053009131481,0.055378768755743,0.384520426794125,5.89711127595666e-09,7.05663395419752e-114,0.000553169665745415,11510.3280199237,10326.3856605758,24456.7134639697,0.285275210679467
9.352,0.0235215054833637,0.219973119280417,10.6053009131481,0.0553846909853179,0.384561547575517,6.07819027783562e-09,1.12285833208185e-113,0.000558952357963672,11521.8441050265,10336.5972276788,24483.1555926687,0.28556062857531
9.353,0.0235215054833637,0.219996640785901,10.6053009131481,0.0553906132148929,0.384602668356908,6.26462693643421e-09,1.78577815062957e-113,0.000564789643626444,11533.3717119743,10346.818892807,24509.6263100892,0.285846332031805
9.354,0.0235215054833637,0.220020162291384,10.6053009131481,0.0553965354444679,0.3846437891383,6.4565734700515e-09,2.83860744845916e-113,0.000570681974945968,11544.9108522948,10357.0506659461,24536.1256471407,0.286132321334655
9.355,0.0235215054833637,0.220043683796867,10.6053009131481,0.0554024576740429,0.384684909919692,6.65418623228339e-09,4.50981364235413e-113,0.000576629807249617,11556.4615375272,10367.2925570919,24562.6536347664,0.286418596769852
9.356,0.0235215054833637,0.220067205302351,10.6053009131481,0.0554083799036179,0.384726030701083,6.85762581887081e-09,7.16122649628939e-113,0.000582633598995527,11568.0237792221,10377.5445762497,24589.2103039426,0.286705158623668
9.357,0.0235215054833637,0.220090726807834,10.6053009131481,0.0554143021331929,0.384767151482475,7.0670571771591e-09,1.13655880362927e-112,0.00058869381178835,11579.5975889417,10387.806733435,24615.7956856792,0.286992007182667
9.358,0.0235215054833637,0.220114248313317,10.6053009131481,0.0554202243627679,0.384808272263867,7.28264971822134e-09,1.80290244633492e-112,0.000594810910394943,11591.1829782598,10398.0790386731,24642.4098110198,0.287279142733698
9.359,0.0235215054833637,0.220137769818801,10.6053009131481,0.0554261465923429,0.384849393045259,7.5045774317095e-09,2.8584361366165e-112,0.000600985362760085,11602.7799587619,10408.3615019991,24669.0527110413,0.287566565563894
9.36,0.0235215054833637,0.220161291324284,10.6053009131481,0.0554320688219179,0.38489051382665,7.73301900349887e-09,4.52961027982957e-112,0.000607217640022316,11614.3885420449,10418.6541334583,24695.7244168545,0.287854275960681
9.361,0.0235215054833637,0.220184812829768,10.6053009131481,0.0554379910514929,0.384931634608042,7.96815793618248e-09,7.17413245169674e-112,0.000613508216529714,11626.0087397175,10428.9569431058,24722.4249596035,0.288142274211767
9.362,0.0235215054833637,0.220208334335251,10.6053009131481,0.0554439132810679,0.384972755389434,8.2101826724835e-09,1.13567556756581e-111,0.00061985756985569,11637.6405633997,10439.2699410064,24749.1543704663,0.288430560605152
9.363,0.0235215054833637,0.220231855840734,10.6053009131481,0.0554498355106428,0.385013876170826,8.45928672165522e-09,1.79686580638292e-111,0.000626266180814907,11649.2840247235,10449.5931372353,24775.9126806546,0.288719135429121
9.364,0.0235215054833637,0.220255377346218,10.6053009131481,0.0554557577402178,0.385054996952217,8.7156687889292e-09,2.84153889940249e-111,0.000632734533479143,11660.9391353322,10459.9265418773,24802.6999214138,0.28900799897225
9.365,0.0235215054833637,0.220278898851701,10.6053009131481,0.0554616799697928,0.385096117733609,8.97953290808304e-09,4.49126103211789e-111,0.000639263115193154,11672.6059068811,10470.2701650273,24829.5161240229,0.289297151523402
9.366,0.0235215054833637,0.220302420357184,10.6053009131481,0.0554676021993678,0.385137238515001,9.25108857720342e-09,7.09512168442273e-111,0.000645852416590683,11684.2843510369,10480.6240167902,24856.3613197951,0.289586593371729
9.367,0.0235215054833637,0.220325941862668,10.6053009131481,0.0554735244289428,0.385178359296393,9.53055089770707e-09,1.12028466015686e-110,0.000652502931610387,11695.974479478,10490.988107281,24883.2355400772,0.289876324806674
9.368,0.0235215054833637,0.220349463368151,10.6053009131481,0.0554794466585178,0.385219480077784,9.81814071669694e-09,1.76796657572565e-110,0.000659215157511783,11707.6763038945,10501.3624466245,24910.1388162499,0.290166346117968
9.369,0.0235215054833637,0.220372984873634,10.6053009131481,0.0554853688880928,0.385260600859176,1.01140847727333e-08,2.78866894743772e-110,0.000665989594891329,11719.3898359883,10511.7470449555,24937.0711797279,0.290456657595632
9.37,0.0235215054833637,0.220396506379118,10.6053009131481,0.0554912911176678,0.385301721640568,1.04186158450865e-08,4.3964005202871e-110,0.000672826747698407,11731.1150874729,10522.1419124191,24964.0326619598,0.290747259529978
9.371,0.0235215054833637,0.220420027884601,10.6053009131481,0.0554972133472428,0.385342842421959,1.07319729065564e-08,6.92747631284477e-110,0.000679727123251405,11742.8520700736,10532.5470591701,24991.0232944283,0.291038152211608
9.372,0.0235215054833637,0.220443549390085,10.6053009131481,0.0555031355768178,0.385383963203351,1.10544012799331e-08,1.09101441050662e-109,0.000686691232253743,11754.6007955274,10542.9624953736,25018.04310865,0.291329335931414
9.373,0.0235215054833637,0.220467070895568,10.6053009131481,0.0555090578063928,0.385425083984743,1.1386152798187e-08,1.7173692897142e-109,0.000693719588810046,11766.3612755829,10553.3882312046,25045.0921361758,0.29162081098058
9.374,0.0235215054833637,0.220490592401051,10.6053009131481,0.0555149800359678,0.385466204766135,1.1727485968462e-08,2.70193436866012e-109,0.000700812710442232,11778.1335220007,10563.8242768482,25072.1704085904,0.291912577650582
9.375,0.0235215054833637,0.220514113906535,10.6053009131481,0.0555209022655427,0.385507325547526,1.20786661399602e-08,4.24877688337325e-109,0.000707971118105615,11789.9175465529,10574.2706424995,25099.2779575128,0.292204636233186
9.376,0.0235215054833637,0.220537635412018,10.6053009131481,0.0555268244951177,0.385548446328918,1.24399656758097e-08,6.67776623057285e-109,0.000715195336205146,11801.7133610237,10584.7273383639,25126.4148145963,0.29249698702045
9.377,0.0235215054833637,0.220561156917501,10.6053009131481,0.0555327467246927,0.38558956711031,1.28116641289929e-08,1.04900312738485e-108,0.000722485892611558,11813.5209772089,10595.1943746567,25153.5810115283,0.292789630304726
9.378,0.0235215054833637,0.220584678422985,10.6053009131481,0.0555386689542677,0.385630687891702,1.31940484224303e-08,1.64702718982524e-108,0.00072984331867753,11825.340406916,10605.6717616034,25180.7765800305,0.293082566378656
9.379,0.0235215054833637,0.220608199928468,10.6053009131481,0.0555445911838427,0.385671808673093,1.35874130333158e-08,2.58465926334572e-108,0.000737268149253995,11837.1716619645,10616.1595094394,25208.0015518588,0.293375795535177
9.38,0.0235215054833637,0.220631721433951,10.6053009131481,0.0555505134134177,0.385712929454485,1.39920601817884e-08,4.0540070502916e-108,0.000744760922706332,11849.0147541856,10626.6576284106,25235.2559588036,0.293669318067518
9.381,0.0235215054833637,0.220655242939435,10.6053009131481,0.0555564356429927,0.385754050235877,1.44083000240368e-08,6.35542360325523e-108,0.000752322180930596,11860.8696954225,10637.1661287727,25262.5398326895,0.293963134269202
9.382,0.0235215054833637,0.220678764444918,10.6053009131481,0.0555623578725677,0.385795171017269,1.48364508499439e-08,9.95825941477514e-108,0.000759952469369876,11872.7364975301,10647.6850207916,25289.8532053756,0.294257244434044
9.383,0.0235215054833637,0.220702285950401,10.6053009131481,0.0555682801021427,0.38583629179866,1.52768392853552e-08,1.55955762839039e-107,0.000767652337030532,11884.6151723752,10658.2143147436,25317.1961087555,0.294551648856155
9.384,0.0235215054833637,0.220725807455885,10.6053009131481,0.0555742023317177,0.385877412580052,1.57298004990846e-08,2.44117327341199e-107,0.000775422336498538,11896.5057318364,10668.7540209148,25344.5685747571,0.294846347829941
9.385,0.0235215054833637,0.220749328961368,10.6053009131481,0.0555801245612927,0.385918533361444,1.61956784147493e-08,3.81922374468079e-107,0.000783263023955759,11908.4081878043,10679.3041496017,25371.9706353431,0.295141341650098
9.386,0.0235215054833637,0.220772850466852,10.6053009131481,0.0555860467908676,0.385959654142836,1.66748259275553e-08,5.97215459619347e-107,0.000791174959196377,11920.3225521815,10689.864711111,25399.4023225105,0.295436630611621
9.387,0.0235215054833637,0.220796371972335,10.6053009131481,0.0555919690204426,0.386000774924227,1.71676051261216e-08,9.33397329414206e-107,0.000799158705643206,11932.2488368822,10700.4357157595,25426.8636682911,0.2957322150098
9.388,0.0235215054833637,0.220819893477818,10.6053009131481,0.0555978912500176,0.386041895705619,1.76743875194619e-08,1.45808139263342e-106,0.000807214830364034,11944.1870538326,10711.0171738741,25454.354704751,0.296028095140218
9.389,0.0235215054833637,0.220843414983302,10.6053009131481,0.0556038134795926,0.386083016487011,1.81955542692422e-08,2.27654799632747e-106,0.000815343904088089,11956.1372149712,10721.6090957921,25481.8754639914,0.296324271298756
9.39,0.0235215054833637,0.220866936488785,10.6053009131481,0.0556097357091676,0.386124137268403,1.8731496427413e-08,3.55264499384133e-106,0.000823546501222404,11968.099332248,10732.2114918611,25509.4259781479,0.29662074378159
9.391,0.0235215054833637,0.220890457994268,10.6053009131481,0.0556156579387426,0.386165258049794,1.92826151793388e-08,5.54123920636885e-106,0.00083182319986819,11980.0734176251,10742.8243724386,25537.0062793909,0.296917512885193
9.392,0.0235215054833637,0.220913979499752,10.6053009131481,0.0556215801683176,0.386206378831186,1.9849322092552e-08,8.63857680061934e-106,0.00084017458183735,11992.0594830766,10753.4477478925,25564.6163999258,0.297214578906333
9.393,0.0235215054833637,0.220937501005235,10.6053009131481,0.0556275023978926,0.386247499612578,2.04320393712363e-08,1.34603961174584e-105,0.000848601232668885,12004.0575405886,10764.0816286012,25592.2563719925,0.297511942142077
9.394,0.0235215054833637,0.220961022510719,10.6053009131481,0.0556334246274676,0.386288620393969,2.10312001165668e-08,2.09630249960824e-105,0.000857103741645291,12016.0676021591,10774.726024953,25619.9262278659,0.297809602889788
9.395,0.0235215054833637,0.220984544016202,10.6053009131481,0.0556393468570426,0.386329741175361,2.16472485930466e-08,3.2631020871506e-105,0.000865682701809119,12028.0896797982,10785.3809473466,25647.6259998558,0.298107561447126
9.396,0.0235215054833637,0.221008065521685,10.6053009131481,0.0556452690866176,0.386370861956753,2.22806405009446e-08,5.07677709008906e-105,0.000874338709979404,12040.1237855281,10796.0464061912,25675.3557203071,0.298405818112052
9.397,0.0235215054833637,0.221031587027169,10.6053009131481,0.0556511913161926,0.386411982738145,2.29318432549771e-08,7.89453185483667e-105,0.000883072366768109,12052.1699313827,10806.7224119058,25703.1154215993,0.298704373182819
9.398,0.0235215054833637,0.221055108532652,10.6053009131481,0.0556571135457675,0.386453103519536,2.36013362693739e-08,1.22700306688475e-104,0.000891884276596695,12064.2281294082,10817.4089749202,25730.9051361471,0.299003226957985
9.399,0.0235215054833637,0.221078630038135,10.6053009131481,0.0556630357753425,0.386494224300928,2.42896112494451e-08,1.90610149816608e-104,0.000900775047712601,12076.2983916629,10828.1061056743,25758.7248964005,0.299302379736403
9.4,0.0235215054833637,0.221102151543619,10.6053009131481,0.0556689580049175,0.38653534508232,2.49971724897957e-08,2.95956329337247e-104,0.000909745292205684,12088.380730217,10838.8138146182,25786.574734844,0.299601831817226
9.401,0.0235215054833637,0.221125673049102,10.6053009131481,0.0556748802344925,0.386576465863712,2.57245371793409e-08,4.59293822512862e-104,0.000918795626024848,12100.4751571528,10849.5321122126,25814.4546839978,0.299901583499905
9.402,0.0235215054833637,0.221149194554585,10.6053009131481,0.0556808024640675,0.386617586645103,2.64722357132415e-08,7.12418298523737e-104,0.000927926668994503,12112.5816845648,10860.2610089284,25842.364776417,0.300201635084192
9.403,0.0235215054833637,0.221172716060069,10.6053009131481,0.0556867246936425,0.386658707426495,2.72408120119241e-08,1.10448836249192e-103,0.000937139044831124,12124.7003245595,10871.0005152469,25870.3050446919,0.300501986870141
9.404,0.0235215054833637,0.221196237565552,10.6053009131481,0.0556926469232175,0.386699828207887,2.80308238473208e-08,1.71146872210647e-103,0.000946433381159729,12136.8310892555,10881.7506416597,25898.2755214479,0.3008026391581
9.405,0.0235215054833637,0.221219759071035,10.6053009131481,0.0556985691527925,0.386740948989278,2.88428431765025e-08,2.65068829237634e-103,0.000955810309530517,12148.9739907836,10892.5113986688,25926.276239346,0.301103592248724
9.406,0.0235215054833637,0.221243280576519,10.6053009131481,0.0557044913823675,0.38678206977067,2.96774564828314e-08,4.10327241901024e-103,0.000965270465435369,12161.1290412867,10903.2827967866,25954.3072310824,0.301404846442966
9.407,0.0235215054833637,0.221266802082002,10.6053009131481,0.0557104136119425,0.386823190552062,3.05352651248045e-08,6.34869066439285e-103,0.000974814488324352,12173.2962529199,10914.0648465358,25982.3685293883,0.301706402042078
9.408,0.0235215054833637,0.221290323587486,10.6053009131481,0.0557163358415175,0.386864311333454,3.14168856927629e-08,9.81793684801447e-103,0.000984443021622362,12185.4756378503,10924.8575584498,26010.4601670309,0.302008259347618
9.409,0.0235215054833637,0.221313845092969,10.6053009131481,0.0557222580710924,0.386905432114846,3.23229503736006e-08,1.51753487256981e-102,0.000994156712745651,12197.6672082574,10935.660943072,26038.5821768125,0.302310418661443
9.41,0.0235215054833637,0.221337366598452,10.6053009131481,0.0557281803006674,0.386946552896237,3.32541073236558e-08,2.34444274078789e-102,0.00100395621311832,12209.8709763327,10946.4750109566,26066.7345915706,0.302612880285711
9.411,0.0235215054833637,0.221360888103936,10.6053009131481,0.0557341025302424,0.386987673677629,3.42110210499668e-08,3.62012204467085e-102,0.00101384217818899,12222.08695428,10957.299772668,26094.9174441786,0.302915644522885
9.412,0.0235215054833637,0.221384409609419,10.6053009131481,0.0557400247598174,0.387028794459021,3.51943728000385e-08,5.58713997348404e-102,0.00102381526744733,12234.3151543153,10968.1352387811,26123.1307675454,0.303218711675729
9.413,0.0235215054833637,0.221407931114902,10.6053009131481,0.0557459469893924,0.387069915240412,3.62048609603077e-08,8.61864069700569e-102,0.0010338761444405,12246.5555886667,10978.9814198814,26151.3745946154,0.30352208204731
9.414,0.0235215054833637,0.221431452620386,10.6053009131481,0.0557518692189674,0.387111036021804,3.72432014635044e-08,1.32883485288892e-101,0.00104402547678994,12258.8082695748,10989.8383265646,26179.6489583685,0.303825755940998
9.415,0.0235215054833637,0.221454974125869,10.6053009131481,0.0557577914485424,0.387152156803196,3.83101282050586e-08,2.04779454494167e-101,0.00105426393620774,12271.0732092922,11000.7059694371,26207.9538918204,0.304129733660467
9.416,0.0235215054833637,0.221478495631353,10.6053009131481,0.0557637136781174,0.387193277584588,3.94063934687654e-08,3.15416941500391e-101,0.00106459219851329,12283.3504200838,11011.5843591157,26236.2894280227,0.304434015509695
9.417,0.0235215054833637,0.221502017136836,10.6053009131481,0.0557696359076924,0.387234398365979,4.05327683618788e-08,4.85586986978635e-101,0.00107501094364978,12295.6399142268,11022.4735062277,26264.6556000621,0.304738601792964
9.418,0.0235215054833637,0.221525538642319,10.6053009131481,0.0557755581372674,0.387275519147371,4.16900432598553e-08,7.47192628147072e-101,0.00108552085570084,12307.9417040107,11033.373421411,26293.0524410618,0.30504349281486
9.419,0.0235215054833637,0.221549060147803,10.6053009131481,0.0557814803668424,0.387316639928763,4.28790282609095e-08,1.14916332765865e-100,0.00109612262290704,12320.2558017375,11044.2841153138,26321.4799841804,0.305348688880275
9.42,0.0235215054833637,0.221572581653286,10.6053009131481,0.0557874025964173,0.387357760710155,4.4100553650598e-08,1.76650432459766e-100,0.00110681693768237,12332.582219721,11055.2055985951,26349.9382626124,0.305654190294404
9.421,0.0235215054833637,0.221596103158769,10.6053009131481,0.0557933248259923,0.387398881491546,4.5355470376655e-08,2.71413561836757e-100,0.00111760449663094,12344.9209702877,11066.1378819243,26378.4273095883,0.305959997362749
9.422,0.0235215054833637,0.221619624664253,10.6053009131481,0.0557992470555673,0.387440002272938,4.66446505342516e-08,4.1680450309427e-100,0.00112848600056338,12357.2720657765,11077.0809759813,26406.9471583744,0.306266110391117
9.423,0.0235215054833637,0.221643146169736,10.6053009131481,0.0558051692851423,0.38748112305433,4.79689878619044e-08,6.39760473434391e-100,0.00113946215451341,12369.6355185384,11088.0348914566,26435.497842273,0.30657252968562
9.424,0.0235215054833637,0.221666667675219,10.6053009131481,0.0558110915147173,0.387522243835721,4.93293982482758e-08,9.81491801131636e-100,0.00115053366775439,12382.0113409368,11098.9996390514,26464.0793946225,0.306879255552678
9.425,0.0235215054833637,0.221690189180703,10.6053009131481,0.0558170137442923,0.387563364617113,5.07268202500413e-08,1.50501331752723e-99,0.00116170125381584,12394.3995453476,11109.9752294773,26492.6918487972,0.307186288299018
9.426,0.0235215054833637,0.221713710686186,10.6053009131481,0.0558229359738673,0.387604485398505,5.2162215621066e-08,2.30663315575736e-99,0.00117296563049985,12406.800144159,11120.9616734566,26521.3352382077,0.307493628231672
9.427,0.0235215054833637,0.221737232191669,10.6053009131481,0.0558288582034423,0.387645606179897,5.3636569853143e-08,3.53346963574216e-99,0.00118432751989771,12419.2131497715,11131.9589817221,26550.0095963004,0.307801275657979
9.428,0.0235215054833637,0.221760753697153,10.6053009131481,0.0558347804330173,0.387686726961288,5.51508927284822e-08,5.41014578604097e-99,0.00119578764840636,12431.6385745983,11142.9671650175,26578.7149565583,0.308109230885589
9.429,0.0235215054833637,0.221784275202636,10.6053009131481,0.0558407026625923,0.38772784774268,5.67062188842014e-08,8.27944964093363e-99,0.00120734674674477,12444.0764310646,11153.9862340966,26607.4513525,0.308417494222454
9.43,0.0235215054833637,0.22180779670812,10.6053009131481,0.0558466248921673,0.387768968524072,5.83036083890913e-08,1.2664235887483e-98,0.00121900554997053,12456.5267316084,11165.0161997244,26636.2188176809,0.308726065976839
9.431,0.0235215054833637,0.221831318213603,10.6053009131481,0.0558525471217422,0.387810089305464,5.99441473328438e-08,1.93616185642001e-98,0.00123076479749629,12468.98948868,11176.0570726762,26665.0173856925,0.309034946457316
9.432,0.0235215054833637,0.221854839719086,10.6053009131481,0.0558584693513172,0.387851210086855,6.16289484280365e-08,2.95862280357863e-98,0.00124262523310613,12481.4647147421,11187.108863738,26693.8470901625,0.309344135972765
9.433,0.0235215054833637,0.22187836122457,10.6053009131481,0.0558643915808922,0.387892330868247,6.33591516250926e-08,4.51879809342412e-98,0.001254587604972,12493.95242227,11198.1715837066,26722.707964755,0.309653634832376
9.434,0.0235215054833637,0.221901882730053,10.6053009131481,0.0558703138104672,0.387933451649639,6.51359247405231e-08,6.89829550695301e-98,0.00126665266567024,12506.4526237513,11209.2452433894,26751.6000431706,0.309963443345648
9.435,0.0235215054833637,0.221925404235536,10.6053009131481,0.0558762360400422,0.387974572431031,6.69604640986549e-08,1.05255863443727e-97,0.00127882117219789,12518.9653316863,11220.3298536043,26780.5233591463,0.310273561822389
9.436,0.0235215054833637,0.22194892574102,10.6053009131481,0.0558821582696172,0.388015693212422,6.88339951871386e-08,1.60522743044614e-97,0.00129109388598902,12531.4905585877,11231.4254251803,26809.4779464555,0.310583990572717
9.437,0.0235215054833637,0.221972447246503,10.6053009131481,0.0558880804991922,0.388056813993814,7.07577733265385e-08,2.44688039768857e-97,0.00130347157293123,12544.0283169806,11242.5319689567,26838.4638389082,0.310894729907062
9.438,0.0235215054833637,0.221995968751987,10.6053009131481,0.0558940027287672,0.388097934775206,7.27330843542225e-08,3.72799164834586e-97,0.00131595500338198,12556.578619403,11253.6494957839,26867.4810703509,0.311205780136163
9.439,0.0235215054833637,0.22201949025747,10.6053009131481,0.0558999249583422,0.388139055556598,7.47612453228621e-08,5.67705711863176e-97,0.00132854495218477,12569.141478405,11264.7780165226,26896.5296746667,0.31151714157107
9.44,0.0235215054833637,0.222043011762953,10.6053009131481,0.0559058471879172,0.388180176337989,7.68436052138595e-08,8.64087783938454e-97,0.00134124219868567,12581.7169065495,11275.9175420446,26925.6096857753,0.311828814523144
9.441,0.0235215054833637,0.222066533268437,10.6053009131481,0.0559117694174922,0.388221297119381,7.89815456659346e-08,1.31455529721822e-96,0.00135404752674948,12594.304916412,11287.0680832323,26954.7211376333,0.312140799304059
9.442,0.0235215054833637,0.22209005477392,10.6053009131481,0.0559176916470672,0.388262417900773,8.11764817191947e-08,1.99887838046647e-96,0.00136696172477603,12606.9055205804,11298.2296509789,26983.8640642337,0.312453096225799
9.443,0.0235215054833637,0.222113576279403,10.6053009131481,0.0559236138766421,0.388303538682164,8.34298625750244e-08,3.03794930927152e-96,0.00137998558571645,12619.5187316554,11309.4022561884,27013.0384996063,0.312765705600662
9.444,0.0235215054833637,0.222137097784887,10.6053009131481,0.0559295361062171,0.388344659463556,8.57431723720384e-08,4.61489092164784e-96,0.00139311990708945,12632.1445622502,11320.5859097754,27042.244477818,0.313078627741256
9.445,0.0235215054833637,0.22216061929037,10.6053009131481,0.0559354583357921,0.388385780244948,8.8117930978438e-08,7.00695368630338e-96,0.00140636549099739,12644.7830249906,11331.7806226656,27071.4820329721,0.313391862960504
9.446,0.0235215054833637,0.222184140795853,10.6053009131481,0.0559413805653671,0.38842690102634,9.05556948011264e-08,1.06336917431752e-95,0.00141972314414265,12657.4341325151,11342.9864057951,27100.7511992092,0.313705411571641
9.447,0.0235215054833637,0.222207662301337,10.6053009131481,0.0559473027949421,0.388468021807731,9.3058057611838e-08,1.61296900860168e-95,0.00143319367784365,12670.0978974748,11354.2032701113,27130.0520107063,0.314019273888215
9.448,0.0235215054833637,0.22223118380682,10.6053009131481,0.0559532250245171,0.388509142589123,9.56266513906605e-08,2.44543002450654e-95,0.00144677790805111,12682.7743325335,11365.4312265721,27159.3845016779,0.31433345022409
9.449,0.0235215054833637,0.222254705312304,10.6053009131481,0.0559591472540921,0.388550263370515,9.82631471872462e-08,3.70571351593187e-95,0.001460476655364,12695.4634503675,11376.6702861462,27188.7487063752,0.314647940893441
9.45,0.0235215054833637,0.222278226817787,10.6053009131481,0.0559650694836671,0.388591384151907,1.00969256000121e-07,5.61275326140768e-95,0.00147429074504581,12708.165263666,11387.9204598134,27218.1446590864,0.31496274621076
9.451,0.0235215054833637,0.22230174832327,10.6053009131481,0.0559709917132421,0.388632504933298,1.03746729674347e-07,8.49704056875658e-95,0.00148822100704053,12720.8797851309,11399.1817585641,27247.5723941369,0.315277866490851
9.452,0.0235215054833637,0.222325269828754,10.6053009131481,0.0559769139428171,0.38867362571469,1.06597361817934e-07,1.28572233284557e-94,0.00150226827598863,12733.6070274766,11410.4541933998,27277.0319458891,0.315593302048834
9.453,0.0235215054833637,0.222348791334237,10.6053009131481,0.0559828361723921,0.388714746496082,1.09522988737402e-07,1.94452961501883e-94,0.00151643339124316,12746.3470034303,11421.7377753327,27306.5233487426,0.315909053200146
9.454,0.0235215054833637,0.22237231283972,10.6053009131481,0.055988758401967,0.388755867277474,1.12525490392776e-07,2.93947612870267e-94,0.00153071719688571,12759.0997257322,11433.0325153859,27336.0466371343,0.316225120260538
9.455,0.0235215054833637,0.222395834345204,10.6053009131481,0.055994680631542,0.388796988058865,1.15606791372416e-07,4.44133404039494e-94,0.00154512054174224,12771.8652071349,11444.3384245936,27365.6018455382,0.316541503546076
9.456,0.0235215054833637,0.222419355850687,10.6053009131481,0.056000602861117,0.388838108840257,1.18768861888114e-07,6.70726070520992e-94,0.00155964427939919,12784.6434604038,11455.6555140006,27395.1890084654,0.316858203373143
9.457,0.0235215054833637,0.22244287735617,10.6053009131481,0.056006525090692,0.388879229621649,1.22013718790745e-07,1.01243070357731e-93,0.00157428926821922,12797.4344983172,11466.9837946629,27424.8081604649,0.317175220058441
9.458,0.0235215054833637,0.222466398861654,10.6053009131481,0.056012447320267,0.388920350403041,1.25343426606909e-07,1.52747433419148e-93,0.00158905637135704,12810.2383336662,11478.3232776473,27454.4593361223,0.317492553918986
9.459,0.0235215054833637,0.222489920367137,10.6053009131481,0.056018369549842,0.388961471184432,1.28760098597011e-07,2.30340949667507e-93,0.00160394645677538,12823.0549792546,11489.6739740315,27484.1425700612,0.31781020527211
9.46,0.0235215054833637,0.222513441872621,10.6053009131481,0.056024291779417,0.389002591965824,1.32265897835072e-07,3.47181939129041e-93,0.00161896039726065,12835.8844478991,11501.0358949043,27513.8578969423,0.318128174435467
9.461,0.0235215054833637,0.222536963378104,10.6053009131481,0.056030214008992,0.389043712747216,1.35863038310743e-07,5.23036453911078e-93,0.00163409907043865,12848.7267524291,11512.4090513654,27543.6053514638,0.318446461727024
9.462,0.0235215054833637,0.222560484883587,10.6053009131481,0.056036136238567,0.389084833528607,1.39553786053992e-07,7.87581994197256e-93,0.00164936335879042,12861.5819056868,11523.7934545253,27573.3849683617,0.318765067465069
9.463,0.0235215054833637,0.222584006389071,10.6053009131481,0.056042058468142,0.389125954309999,1.43340460282751e-07,1.18535573916748e-92,0.00166475414966781,12874.4499205276,11535.1891155058,27603.1967824091,0.319083991968209
9.464,0.0235215054833637,0.222607527894554,10.6053009131481,0.056047980697717,0.389167075091391,1.47225434574089e-07,1.7831622673993e-92,0.00168027233530918,12887.3308098194,11546.5960454396,27633.0408284172,0.319403235555367
9.465,0.0235215054833637,0.222631049400037,10.6053009131481,0.056053902927292,0.389208195872783,1.51211138059223e-07,2.68115781661343e-92,0.00169591881285488,12900.224586443,11558.0142554701,27662.9171412343,0.319722798545787
9.466,0.0235215054833637,0.222654570905521,10.6053009131481,0.0560598251568669,0.389249316654174,1.55300056642971e-07,4.02942768366505e-92,0.00171169448436298,12913.1312632923,11569.4437567522,27692.8257557469,0.320042681259033
9.467,0.0235215054833637,0.222678092411004,10.6053009131481,0.0560657473864419,0.389290437435566,1.59494734247923e-07,6.05276694148387e-92,0.0017276002568247,12926.050853274,11580.8845604516,27722.7667068788,0.320362884014986
9.468,0.0235215054833637,0.222701613916487,10.6053009131481,0.0560716696160169,0.389331558216958,1.63797774083877e-07,9.08770578844373e-92,0.00174363704217981,12938.9833693076,11592.3366777449,27752.7400295918,0.32068340713385
9.469,0.0235215054833637,0.222725135421971,10.6053009131481,0.0560775918455919,0.38937267899835,1.68211839943065e-07,1.36378028383039e-91,0.00175980575733222,12951.9288243256,11603.8001198201,27782.7457588855,0.321004250936148
9.47,0.0235215054833637,0.222748656927454,10.6053009131481,0.0560835140751669,0.389413799779741,1.7273965752151e-07,2.04561792892243e-91,0.00177610732416531,12964.8872312735,11615.2748978758,27812.7839297971,0.321325415742724
9.471,0.0235215054833637,0.222772178432938,10.6053009131481,0.0560894363047419,0.389454920561133,1.77384015767061e-07,3.06686544413499e-91,0.00179254266955715,12977.8586031098,11626.7610231222,27842.854577402,0.321646901874742
9.472,0.0235215054833637,0.222795699938421,10.6053009131481,0.0560953585343169,0.389496041342525,1.82147768254667e-07,4.59573662208377e-91,0.00180911272539606,12990.8429528057,11638.2585067801,27872.9577368133,0.321968709653689
9.473,0.0235215054833637,0.222819221443904,10.6053009131481,0.0561012807638919,0.389537162123917,1.87033834589249e-07,6.88344540070589e-91,0.0018258184285957,13003.8402933457,11649.7673600818,27903.0934431822,0.322290839401373
9.474,0.0235215054833637,0.222842742949388,10.6053009131481,0.0561072029934669,0.389578282905308,1.92045201836741e-07,1.03049779026287e-90,0.00184266072111022,13016.850637727,11661.2875942704,27933.2617316978,0.322613291439922
9.475,0.0235215054833637,0.222866264454871,10.6053009131481,0.0561131252230419,0.3896194036867,1.9718492598389e-07,1.54198032418774e-90,0.00185964054994961,13029.8739989601,11672.8192206003,27963.4626375873,0.32293606609179
9.476,0.0235215054833637,0.222889785960354,10.6053009131481,0.0561190474526169,0.389660524468092,2.02456133427195e-07,2.30622298099296e-90,0.00187675886719474,13042.9103900682,11684.362250337,27993.696196116,0.323259163679752
9.477,0.0235215054833637,0.222913307465838,10.6053009131481,0.0561249696821918,0.389701645249484,2.07862022491563e-07,3.44758177754477e-90,0.00189401663001233,13055.9598240879,11695.9166947571,28023.9624425873,0.323582584526903
9.478,0.0235215054833637,0.222936828971321,10.6053009131481,0.0561308919117668,0.389742766030875,2.13405864979342e-07,5.15132317665676e-90,0.00191141480067012,13069.0223140684,11707.4825651482,28054.2614123427,0.323906328956666
9.479,0.0235215054833637,0.222960350476804,10.6053009131481,0.0561368141413418,0.389783886812267,2.19091007750074e-07,7.69332497684065e-90,0.00192895434655176,13082.0978730723,11719.0598728095,28084.5931407621,0.324230397292785
9.48,0.0235215054833637,0.222983871982288,10.6053009131481,0.0561427363709168,0.389825007593659,2.24920874331682e-07,1.14841945556557e-89,0.00194663624017176,13095.1865141752,11730.6486290509,28114.9576632635,0.324554789859328
9.481,0.0235215054833637,0.223007393487771,10.6053009131481,0.0561486586004918,0.38986612837505,2.30898966563537e-07,1.71347711404112e-89,0.00196446145919025,13108.2882504657,11742.2488451938,28145.3550153032,0.324879506980689
9.482,0.0235215054833637,0.223030914993255,10.6053009131481,0.0561545808300668,0.389907249156442,2.37028866272155e-07,2.55533297797448e-89,0.00198243098642796,13121.4030950456,11753.8605325706,28175.7852323759,0.325204548981583
9.483,0.0235215054833637,0.223054436498738,10.6053009131481,0.0561605030596418,0.389948369937834,2.43314236979875e-07,3.80897601055297e-89,0.00200054580988088,13134.5310610296,11765.483702525,28206.2483500147,0.325529916187053
9.484,0.0235215054833637,0.223077958004221,10.6053009131481,0.0561664252892168,0.389989490719226,2.49758825647251e-07,5.67493174139517e-89,0.00201880692273489,13147.6721615458,11777.1183664119,28236.7444037908,0.325855608922467
9.485,0.0235215054833637,0.223101479509705,10.6053009131481,0.0561723475187918,0.390030611500617,2.56366464449808e-07,8.45093643432725e-89,0.00203721532338056,13160.8264097353,11788.7645355975,28267.2734293144,0.326181627513517
9.486,0.0235215054833637,0.223125001015188,10.6053009131481,0.0561782697483668,0.390071732282009,2.63141072589619e-07,1.2578849966512e-88,0.00205577201542769,13173.9938187523,11800.4222214591,28297.8354622339,0.326507972286221
9.487,0.0235215054833637,0.223148522520671,10.6053009131481,0.0561841919779418,0.390112853063401,2.70086658142376e-07,1.87141053185239e-88,0.00207447800771969,13187.1744017641,11812.0914353854,28328.4305382361,0.326834643566925
9.488,0.0235215054833637,0.223172044026155,10.6053009131481,0.0561901142075167,0.390153973844793,2.77207319940732e-07,2.78284714511561e-88,0.00209333431434827,13200.3681719515,11823.7721887761,28359.0586930467,0.3271616416823
9.489,0.0235215054833637,0.223195565531638,10.6053009131481,0.0561960364370917,0.390195094626184,2.84507249494316e-07,4.13620358741762e-88,0.00211234195466776,13213.5751425082,11835.4644930426,28389.7199624298,0.327488966959344
9.49,0.0235215054833637,0.223219087037121,10.6053009131481,0.0562019586666667,0.390236215407576,2.91990732947178e-07,6.14478729261407e-88,0.00213150195330935,13226.795326641,11847.1683596072,28420.4143821882,0.327816619725382
9.491,0.0235215054833637,0.223242608542605,10.6053009131481,0.0562078808962417,0.390277336188968,2.9966215307344e-07,9.12439996120967e-88,0.00215081534019558,13240.0287375704,11858.8837999037,28451.1419881635,0.328144600308067
9.492,0.0235215054833637,0.223266130048088,10.6053009131481,0.0562138031258167,0.39031845697036,3.07525991311606e-07,1.35423616511367e-87,0.00217028315055446,13253.2753885295,11870.6108253771,28481.9028162361,0.32847290903538
9.493,0.0235215054833637,0.223289651553572,10.6053009131481,0.0562197253553917,0.390359577751751,3.15586829838281e-07,2.00898759483078e-87,0.00218990642493353,13266.5352927652,11882.3494474837,28512.6969023249,0.328801546235628
9.494,0.0235215054833637,0.223313173059055,10.6053009131481,0.0562256475849667,0.390400698533143,3.23849353682179e-07,2.9788797830758e-87,0.00220968620921417,13279.8084635372,11894.0996776913,28543.5242823879,0.329130512237451
9.495,0.0235215054833637,0.223336694564538,10.6053009131481,0.0562315698145417,0.390441819314535,3.32318352878784e-07,4.41490836299798e-87,0.00222962355462551,13293.0949141188,11905.8615274789,28574.3849924219,0.329459807369813
9.496,0.0235215054833637,0.223360216070022,10.6053009131481,0.0562374920441167,0.390482940095927,3.40998724666662e-07,6.54008699636479e-87,0.0022497195177584,13306.3946577965,11917.6350083369,28605.2790684628,0.329789431962011
9.497,0.0235215054833637,0.223383737575505,10.6053009131481,0.0562434142736917,0.390524060877318,3.49895475725926e-07,9.68363903083159e-87,0.00226997516057926,13319.7077078699,11929.420131767,28636.206546585,0.330119386343667
9.498,0.0235215054833637,0.223407259080988,10.6053009131481,0.0562493365032667,0.39056518165871,3.59013724459838e-07,1.43313470942385e-86,0.00229039155044405,13333.0340776521,11941.2169092823,28667.1674629024,0.330449670844738
9.499,0.0235215054833637,0.223430780586472,10.6053009131481,0.0562552587328417,0.390606302440102,3.6835870332003e-07,2.11996607896736e-86,0.00231096976011193,13346.3737804696,11953.0253524074,28698.1618535676,0.330780285795507
9.5,0.0235215054833637,0.223454302091955,10.6053009131481,0.0562611809624166,0.390647423221493,3.77935761176179e-07,3.13447207326288e-86,0.00233171086775888,13359.7268296619,11964.8454726782,28729.1897547725,0.331111231526589
9.501,0.0235215054833637,0.223477823597438,10.6053009131481,0.0562671031919916,0.390688544002885,3.87750365731086e-07,4.63226731063932e-86,0.00235261595699152,13373.0932385821,11976.6772816418,28760.2512027479,0.33144250836893
9.502,0.0235215054833637,0.223501345102922,10.6053009131481,0.0562730254215666,0.390729664784277,3.97808105981654e-07,6.8425291482149e-86,0.00237368611686053,13386.4730205967,11988.5207908572,28791.3462337643,0.331774116653808
9.503,0.0235215054833637,0.223524866608405,10.6053009131481,0.0562789476511416,0.390770785565669,4.08114694726642e-07,1.01026115417841e-85,0.00239492244187401,13399.8661890855,12000.3760118944,28822.4748841306,0.332106056712829
9.504,0.0235215054833637,0.223548388113888,10.6053009131481,0.0562848698807166,0.39081190634706,4.18675971122218e-07,1.49088699591597e-85,0.00241632603201114,13413.2727574415,12012.2429563351,28853.6371901957,0.332438328877935
9.505,0.0235215054833637,0.223571909619372,10.6053009131481,0.0562907921102916,0.390853027128452,4.29497903285757e-07,2.19912539325517e-85,0.00243789799273535,13426.6927390715,12024.1216357722,28884.8331883473,0.332770933481398
9.506,0.0235215054833637,0.223595431124855,10.6053009131481,0.0562967143398666,0.390894147909844,4.40586590948885e-07,3.24227295531625e-85,0.00245963943500747,13440.1261473952,12036.0120618103,28916.0629150128,0.333103870855822
9.507,0.0235215054833637,0.223618952630339,10.6053009131481,0.0563026365694416,0.390935268691236,4.51948268160782e-07,4.77797185628074e-85,0.00248155147529915,13453.5729958463,12047.9142460655,28947.3264066586,0.333437141334144
9.508,0.0235215054833637,0.223642474135822,10.6053009131481,0.0563085587990166,0.390976389472627,4.63589306042213e-07,7.03772274267506e-85,0.00250363523560575,13467.0332978714,12059.8282001651,28978.623699791,0.333770745249635
9.509,0.0235215054833637,0.223665995641305,10.6053009131481,0.0563144810285916,0.391017510254019,4.75516215591452e-07,1.03613272708447e-84,0.00252589184345948,13480.507066931,12071.7539357481,29009.9548309554,0.3341046829359
9.51,0.0235215054833637,0.223689517146789,10.6053009131481,0.0563204032581666,0.391058631035411,4.87735650542759e-07,1.52473166863534e-84,0.00254832243194216,13493.9943164988,12083.6914644651,29041.3198367368,0.334438954726876
9.511,0.0235215054833637,0.223713038652272,10.6053009131481,0.0563263254877415,0.391099751816803,5.00254410278591e-07,2.24267509522393e-84,0.00257092813969829,13507.495060062,12095.640797978,29072.7187537598,0.334773560956834
9.512,0.0235215054833637,0.223736560157755,10.6053009131481,0.0563322477173165,0.391140872598194,5.13079442796062e-07,3.29711677797629e-84,0.00259371011094772,13521.0093111214,12107.6019479605,29104.1516186887,0.335108501960381
9.513,0.0235215054833637,0.223760081663239,10.6053009131481,0.0563381699468915,0.391181993379586,5.2621784772875e-07,4.84504089362432e-84,0.00261666949549825,13534.5370831913,12119.5749260974,29135.6184682271,0.335443778072457
9.514,0.0235215054833637,0.223783603168722,10.6053009131481,0.0563440921764665,0.391223114160978,5.3967687942498e-07,7.11632595372575e-84,0.00263980744875839,13548.0783897993,12131.5597440856,29167.1193391188,0.33577938962834
9.515,0.0235215054833637,0.223807124674206,10.6053009131481,0.0563500144060415,0.39126423494237,5.53463950083087e-07,1.04474332183122e-83,0.00266312513174984,13561.6332444869,12143.5564136332,29198.6542681467,0.336115336963641
9.516,0.0235215054833637,0.223830646179689,10.6053009131481,0.0563559366356165,0.391305355723761,5.67586632944849e-07,1.53305904082545e-83,0.00268662371111976,13575.2016608089,12155.56494646,29230.2232921341,0.336451620414306
9.517,0.0235215054833637,0.223854167685172,10.6053009131481,0.0563618588651915,0.391346476505153,5.8205266554823e-07,2.24855638042929e-83,0.00271030435915338,13588.7836523336,12167.5853542973,29261.8264479436,0.336788240316619
9.518,0.0235215054833637,0.223877689190656,10.6053009131481,0.0563677810947665,0.391387597286545,5.96869953040032e-07,3.29643430644739e-83,0.00273416825378611,13602.3792326431,12179.6176488882,29293.463772478,0.337125197007202
9.519,0.0235215054833637,0.223901210696139,10.6053009131481,0.0563737033243415,0.391428718067936,6.12046571549573e-07,4.83037591612301e-83,0.00275821657861562,13615.988415333,12191.6618419871,29325.1353026798,0.337462490823009
9.52,0.0235215054833637,0.223924732201622,10.6053009131481,0.0563796255539165,0.391469838849328,6.27590771624707e-07,7.07478775281793e-83,0.00278245052291411,13629.6112140124,12203.7179453604,29356.8410755315,0.337800122101335
9.521,0.0235215054833637,0.223948253707106,10.6053009131481,0.0563855477834915,0.39151095963072,6.43510981730716e-07,1.03571913222227e-82,0.00280687128164027,13643.2476423042,12215.7859707859,29388.5811280557,0.338138091179812
9.522,0.0235215054833637,0.223971775212589,10.6053009131481,0.0563914700130665,0.391552080412112,6.59815811813308e-07,1.51553789150639e-82,0.00283148005545093,13656.8977138448,12227.8659300531,29420.3554973148,0.338476398396408
9.523,0.0235215054833637,0.223995296718072,10.6053009131481,0.0563973922426414,0.391593201193503,6.76514056927056e-07,2.21660309129778e-82,0.00285627805071323,13670.5614422842,12239.957834963,29452.1642204114,0.33881504408943
9.524,0.0235215054833637,0.224018818223556,10.6053009131481,0.0564033144722164,0.391634321974895,6.93614700929809e-07,3.24045148366688e-82,0.00288126647951612,13684.2388412862,12252.0616973286,29484.0073344884,0.339154028597525
9.525,0.0235215054833637,0.224042339729039,10.6053009131481,0.0564092367017914,0.391675442756287,7.11126920244407e-07,4.7349967385435e-82,0.00290644655968188,13697.9299245282,12264.1775289744,29515.8848767284,0.339493352259677
9.526,0.0235215054833637,0.224065861234523,10.6053009131481,0.0564151589313664,0.391716563537679,7.29060087689081e-07,6.91561065381433e-82,0.0029318195147779,13711.6347057013,12276.3053417364,29547.7968843546,0.339833015415209
9.527,0.0235215054833637,0.224089382740006,10.6053009131481,0.0564210811609414,0.39175768431907,7.47423776377039e-07,1.00957408272696e-81,0.00295738657412792,13725.3531985101,12288.4451474627,29579.7433946304,0.340173018403784
9.528,0.0235215054833637,0.224112904245489,10.6053009131481,0.0564270033905164,0.391798805100462,7.66227763686851e-07,1.4731357779587e-81,0.00298314897282342,13739.0854166734,12300.5969580128,29611.7244448592,0.340513361565407
9.529,0.0235215054833637,0.224136425750973,10.6053009131481,0.0564329256200914,0.391839925881854,7.85482035304412e-07,2.14854475887817e-81,0.00300910795173473,13752.8313739232,12312.7607852582,29643.7400723851,0.34085404524042
9.53,0.0235215054833637,0.224159947256456,10.6053009131481,0.0564388478496664,0.391881046663246,8.05196789338119e-07,3.13215463559891e-81,0.00303526475752234,13766.5910840055,12324.9366410817,29675.7903145923,0.341195069769506
9.531,0.0235215054833637,0.224183468761939,10.6053009131481,0.0564447700792414,0.391922167444637,8.25382440507853e-07,4.56393304439277e-81,0.00306162064264785,13780.3645606801,12337.1245373784,29707.8752089057,0.341536435493691
9.532,0.0235215054833637,0.224206990267423,10.6053009131481,0.0564506923088164,0.391963288226029,8.46049624409148e-07,6.64710793523281e-81,0.00308817686538472,13794.1518177203,12349.3244860548,29739.9947927903,0.341878142754339
9.533,0.0235215054833637,0.224230511772906,10.6053009131481,0.0564566145383914,0.392004409007421,8.67209201854191e-07,9.67662056755686e-81,0.00311493468982939,13807.9528689136,12361.5364990292,29772.1491037518,0.342220191893158
9.534,0.0235215054833637,0.224254033278389,10.6053009131481,0.0564625367679664,0.392045529788813,8.88872263290075e-07,1.40803135427765e-80,0.00314189538591182,13821.7677280608,12373.7605882319,29804.3381793366,0.342562583252199
9.535,0.0235215054833637,0.224277554783873,10.6053009131481,0.0564684589975413,0.392086650570204,9.11050133296042e-07,2.04785257945856e-80,0.00316906022940601,13835.5964089769,12385.9967656048,29836.5620571314,0.342905317173851
9.536,0.0235215054833637,0.224301076289356,10.6053009131481,0.0564743812271163,0.392127771351596,9.33754375161071e-07,2.97702800790589e-80,0.00319643050194072,13849.4389254906,12398.2450431015,29868.8207747638,0.343248394000848
9.537,0.0235215054833637,0.22432459779484,10.6053009131481,0.0564803034566913,0.392168892132988,9.5699679554262e-07,4.32578705115041e-80,0.00322400749100978,13863.2952914444,12410.5054326879,29901.1143699019,0.343591814076269
9.538,0.0235215054833637,0.224348119300323,10.6053009131481,0.0564862256862663,0.392210012914379,9.80789449207945e-07,6.28268743629991e-80,0.00325179248998219,13877.1655206946,12422.7779463411,29933.4428802545,0.343935577743531
9.539,0.0235215054833637,0.224371640805806,10.6053009131481,0.0564921479158413,0.392251133695771,1.0051446438598e-06,9.12061221878916e-80,0.00327978679811261,13891.0496271115,12435.0625960505,29965.8063435714,0.344279685346401
9.54,0.0235215054833637,0.22439516231129,10.6053009131481,0.0564980701454163,0.392292254477163,1.03007494504699e-06,1.32342966361596e-79,0.00330799172055125,13904.9476245792,12447.3593938173,29998.204797643,0.344624137228984
9.541,0.0235215054833637,0.224418683816773,10.6053009131481,0.0565039923749913,0.392333375258555,1.05559318116174e-06,1.9194472964193e-79,0.00333640856835387,13918.8595269957,12459.6683516544,30030.6382803008,0.344968933735734
9.542,0.0235215054833637,0.224442205322256,10.6053009131481,0.0565099146045663,0.392374496039946,1.08171244852473e-06,2.78259557133283e-79,0.00336503865849147,13932.7853482728,12471.9894815866,30063.1068294167,0.345314075211445
9.543,0.0235215054833637,0.22446572682774,10.6053009131481,0.0565158368341413,0.392415616821338,1.10844611656e-06,4.03201997351026e-79,0.00339388331386034,13946.7251023365,12484.3227956507,30095.6104829042,0.345659562001261
9.544,0.0235215054833637,0.224489248333223,10.6053009131481,0.0565217590637163,0.39245673760273,1.13580783305997e-06,5.83974743345811e-79,0.00342294386329143,13960.6788031264,12496.6683058954,30128.1492787173,0.346005394450668
9.545,0.0235215054833637,0.224512769838706,10.6053009131481,0.0565276812932912,0.392497858384122,1.16381152954262e-06,8.45404149930607e-79,0.0034522216415598,13974.6464645963,12509.0260243812,30160.7232548513,0.346351572905497
9.546,0.0235215054833637,0.22453629134419,10.6053009131481,0.0565336035228662,0.392538979165513,1.19247142670261e-06,1.22330210842036e-78,0.00348171798939426,13988.6281007138,12521.3959631807,30193.3324493423,0.346698097711929
9.547,0.0235215054833637,0.224559812849673,10.6053009131481,0.0565395257524412,0.392580099946905,1.22180203995682e-06,1.76930305679882e-78,0.0035114342534865,14002.6237254606,12533.7781343783,30225.976900268,0.347044969216488
9.548,0.0235215054833637,0.224583334355157,10.6053009131481,0.0565454479820162,0.392621220728297,1.25181818508637e-06,2.55782014039888e-78,0.00354137178650005,14016.6333528323,12546.1725500703,30258.6566457467,0.347392187766044
9.549,0.0235215054833637,0.22460685586064,10.6053009131481,0.0565513702115912,0.392662341509688,1.28253498397679e-06,3.69604427840014e-78,0.00357153194707966,14030.6569968384,12558.5792223651,30291.3717239384,0.347739753707817
9.55,0.0235215054833637,0.224630377366123,10.6053009131481,0.0565572924411662,0.39270346229108,1.3139678704572e-06,5.33831052120218e-78,0.00360191609986004,14044.6946715028,12570.9981633831,30324.1221730441,0.348087667389373
9.551,0.0235215054833637,0.224653898871607,10.6053009131481,0.0565632146707412,0.392744583072472,1.34613259624026e-06,7.70672957614863e-78,0.00363252561547446,14058.746390863,12583.4293852565,30356.908031306,0.348435929158625
9.552,0.0235215054833637,0.22467742037709,10.6053009131481,0.0565691369003162,0.392785703853864,1.37904523696498e-06,1.11208029352548e-77,0.00366336187056374,14072.8121689708,12595.8729001297,30389.729337008,0.348784539363835
9.553,0.0235215054833637,0.224700941882573,10.6053009131481,0.0565750591298912,0.392826824635255,1.41272219834292e-06,1.60399135442881e-77,0.00369442624778469,14086.8920198919,12608.3287201589,30422.5861284752,0.349133498353614
9.554,0.0235215054833637,0.224724463388057,10.6053009131481,0.0565809813594662,0.392867945416647,1.44718022240985e-06,2.31242614373294e-77,0.00372572013581827,14100.9859577062,12620.7968575126,30455.4784440739,0.34948280647692
9.555,0.0235215054833637,0.22474798489354,10.6053009131481,0.0565869035890412,0.392909066198039,1.48243639388503e-06,3.33222105425642e-77,0.00375724492937824,14115.0939965076,12633.2773243709,30488.4063222123,0.349832464083062
9.556,0.0235215054833637,0.224771506399023,10.6053009131481,0.0565928258186162,0.392950186979431,1.51850814663857e-06,4.7995435770684e-77,0.00378900202921919,14129.2161504043,12645.7701329265,30521.3698013399,0.350182471521698
9.557,0.0235215054833637,0.224795027904507,10.6053009131481,0.0565987480481911,0.392991307760822,1.555413270269e-06,6.90981455504995e-77,0.00382099284214437,14143.3524335182,12658.2752953838,30554.3689199477,0.350532829142833
9.558,0.0235215054833637,0.22481854940999,10.6053009131481,0.0566046702777661,0.393032428542214,1.5931699167934e-06,9.94336263493385e-77,0.00385321878101392,14157.5028599857,12670.7928239592,30587.4037165686,0.350883537296827
9.559,0.0235215054833637,0.224842070915474,10.6053009131481,0.0566105925073411,0.393073549323606,1.6317966074504e-06,1.43021297751259e-76,0.00388568126475246,14171.6674439573,12683.3227308814,30620.4742297768,0.351234596334388
9.56,0.0235215054833637,0.224865592420957,10.6053009131481,0.0566165147369161,0.393114670104998,1.67131223961885e-06,2.05621638612435e-76,0.00391838171835681,14185.8461995976,12695.8650283912,30653.5804981887,0.351586006606574
9.561,0.0235215054833637,0.22488911392644,10.6053009131481,0.0566224369664911,0.393155790886389,1.71173609385294e-06,2.95486536878574e-76,0.0039513215729033,14200.0391410851,12708.4197287413,30686.7225604617,0.351937768464796
9.562,0.0235215054833637,0.224912635431924,10.6053009131481,0.0566283591960661,0.393196911667781,1.75308784103677e-06,4.24431371711332e-76,0.00398450226555547,14214.2462826131,12720.9868441967,30719.9004552958,0.352289882260816
9.563,0.0235215054833637,0.224936156937407,10.6053009131481,0.0566342814256411,0.393238032449173,1.79538754965867e-06,6.09366069734488e-76,0.00401792523957113,14228.4676383885,12733.5663870344,30753.1142214322,0.352642348346748
9.564,0.0235215054833637,0.22495967844289,10.6053009131481,0.0566402036552161,0.393279153230565,1.83865569320762e-06,8.74480616875997e-76,0.00405159194430937,14242.7032226327,12746.1583695436,30786.3638976545,0.352995167075057
9.565,0.0235215054833637,0.224983199948374,10.6053009131481,0.0566461258847911,0.393320274011956,1.88291315769426e-06,1.25436333200421e-75,0.00408550383523776,14256.9530495813,12758.7628040258,30819.6495227878,0.353348338798563
9.566,0.0235215054833637,0.225006721453857,10.6053009131481,0.0566520481143661,0.393361394793348,1.92818124929712e-06,1.79844794170654e-75,0.00411966237393912,14271.2171334842,12771.3797027943,30852.9711356996,0.353701863870437
9.567,0.0235215054833637,0.22503024295934,10.6053009131481,0.0566579703439411,0.39340251557474,1.97448170213616e-06,2.57735277226747e-75,0.00415406902811797,14285.4954886053,12784.009078175,30886.3287752989,0.354055742644205
9.568,0.0235215054833637,0.225053764464824,10.6053009131481,0.056663892573516,0.393443636356131,2.02183668617662e-06,3.69191293314187e-75,0.0041887252716075,14299.7881292232,12796.6509425057,30919.7224805373,0.354409975473744
9.569,0.0235215054833637,0.225077285970307,10.6053009131481,0.056669814803091,0.393484757137523,2.07026881526339e-06,5.28604357796155e-75,0.00422363258437574,14314.0950696304,12809.3053081364,30953.1522904082,0.354764562713289
9.57,0.0235215054833637,0.225100807475791,10.6053009131481,0.056675737032666,0.393525877918915,2.11980115528839e-06,7.56505077579625e-75,0.00425879245253171,14328.4163241338,12821.9721874296,30986.6182439473,0.355119504717426
9.571,0.0235215054833637,0.225124328981274,10.6053009131481,0.056681659262241,0.393566998700307,2.17045723249393e-06,1.08216850453692e-74,0.00429420636833189,14342.7519070548,12834.6515927596,31020.1203802322,0.355474801841097
9.572,0.0235215054833637,0.225147850486757,10.6053009131481,0.056687581491816,0.393608119481698,2.22226104191211e-06,1.54731944165647e-74,0.00432987583018598,14357.1018327288,12847.3435365133,31053.6587383833,0.355830454439599
9.573,0.0235215054833637,0.225171371992241,10.6053009131481,0.056693503721391,0.39364924026309,2.27523705594375e-06,2.21139966330577e-74,0.00436580234266286,14371.4661155059,12860.0480310897,31087.2333575628,0.356186462868586
9.574,0.0235215054833637,0.225194893497724,10.6053009131481,0.056699425950966,0.393690361044482,2.3294102330776e-06,3.15905200351525e-74,0.00440198741649604,14385.8447697503,12872.7650889,31120.8442769754,0.356542827484065
9.575,0.0235215054833637,0.225218415003207,10.6053009131481,0.056705348180541,0.393731481825874,2.38480602675339e-06,4.5107494555511e-74,0.0044384325685896,14400.2378098407,12885.4947223678,31154.4915358683,0.356899548642402
9.576,0.0235215054833637,0.225241936508691,10.6053009131481,0.056711270410116,0.393772602607265,2.44145039436909e-06,6.43788395828805e-74,0.00447513932202339,14414.6452501701,12898.236943929,31188.1751735312,0.357256626700317
9.577,0.0235215054833637,0.225265458014174,10.6053009131481,0.056717192639691,0.393813723388657,2.49936980643496e-06,9.18417619155759e-74,0.00451210920605809,14429.0671051459,12910.9917660316,31221.8952292958,0.357614062014888
9.578,0.0235215054833637,0.225288979519657,10.6053009131481,0.056723114869266,0.393854844170049,2.55859125587751e-06,1.30960404307327e-73,0.00454934375614074,14443.5033891901,12923.759201136,31255.6517425369,0.357971854943551
9.579,0.0235215054833637,0.225312501025141,10.6053009131481,0.056729037098841,0.393895964951441,2.61914226749386e-06,1.86656303173616e-73,0.00458684451390946,14457.9541167388,12936.5392617152,31289.4447526715,0.358330005844099
9.58,0.0235215054833637,0.225336022530624,10.6053009131481,0.0567349593284159,0.393937085732832,2.68105090755902e-06,2.65918333306043e-73,0.00462461302719808,14472.4193022429,12949.331960254,31323.2742991594,0.358688515074683
9.581,0.0235215054833637,0.225359544036108,10.6053009131481,0.0567408815579909,0.393978206514224,2.74434579358972e-06,3.78666583599393e-73,0.00466265085004118,14486.8989601674,12962.13730925,31357.1404215029,0.359047382993811
9.582,0.0235215054833637,0.225383065541591,10.6053009131481,0.0567468037875659,0.394019327295616,2.80905610426454e-06,5.38975319138252e-73,0.00470095954267841,14501.3931049922,12974.955321213,31391.0431592473,0.359406609960353
9.583,0.0235215054833637,0.225406587047074,10.6053009131481,0.0567527260171409,0.394060448077008,2.87521158950392e-06,7.66803497717141e-73,0.00473954067155858,14515.9017512112,12987.7860086652,31424.9825519802,0.359766196333534
9.584,0.0235215054833637,0.225430108552558,10.6053009131481,0.0567586482467159,0.394101568858399,2.9428425807128e-06,1.09044236536364e-72,0.0047783958093443,14530.4249133332,13000.629384141,31458.9586393326,0.360126142472942
9.585,0.0235215054833637,0.225453630058041,10.6053009131481,0.0567645704762909,0.394142689639791,3.0119800011866e-06,1.54997568503661e-72,0.00481752653491582,14544.9626058814,13013.4854601875,31492.9714609778,0.360486448738522
9.586,0.0235215054833637,0.225477151563524,10.6053009131481,0.0567704927058659,0.394183810421183,3.08265537668325e-06,2.20216931397802e-72,0.00485693443337464,14559.5148433933,13026.3542493639,31527.0210566322,0.360847115490581
9.587,0.0235215054833637,0.225500673069008,10.6053009131481,0.0567764149354409,0.394224931202574,3.15490084616515e-06,3.1273774062772e-72,0.00489662109604766,14574.0816404213,13039.2357642421,31561.1074660552,0.361208143089786
9.588,0.0235215054833637,0.225524194574491,10.6053009131481,0.0567823371650159,0.394266051983966,3.22874917271056e-06,4.43929250874128e-72,0.00493658812049051,14588.6630115322,13052.1300174063,31595.2307290492,0.361569531897163
9.589,0.0235215054833637,0.225547716079974,10.6053009131481,0.0567882593945909,0.394307172765358,3.3042337545992e-06,6.29870434807584e-72,0.00497683711049098,14603.2589713073,13065.0370214531,31629.3908854596,0.361931282274103
9.59,0.0235215054833637,0.225571237585458,10.6053009131481,0.0567941816241659,0.39434829354675,3.38138863657234e-06,8.93290659922789e-72,0.00501736967607208,14617.8695343426,13077.9567889916,31663.5879751747,0.362293394582355
9.591,0.0235215054833637,0.225594759090941,10.6053009131481,0.0568001038537408,0.394389414328141,3.46024852127246e-06,1.26630576483201e-71,0.00505818743349544,14632.4947152486,13090.8893326434,31697.8220381261,0.362655869184032
9.592,0.0235215054833637,0.225618280596425,10.6053009131481,0.0568060260833158,0.394430535109533,3.54084878086167e-06,1.79427377675088e-71,0.00509929200526407,14647.1345286506,13103.8346650426,31732.0931142887,0.363018706441609
9.593,0.0235215054833637,0.225641802101908,10.6053009131481,0.0568119483128908,0.394471655890925,3.6232254688231e-06,2.5412259682018e-71,0.00514068502012485,14661.7889891883,13116.7927988357,31766.4012436803,0.363381906717922
9.594,0.0235215054833637,0.225665323607391,10.6053009131481,0.0568178705424658,0.394512776672317,3.70741533194857e-06,3.59751341013523e-71,0.00518236811307153,14676.4581115162,13129.7637466817,31800.7464663622,0.363745470376172
9.595,0.0235215054833637,0.225688845112875,10.6053009131481,0.0568237927720408,0.394553897453708,3.7934558225126e-06,5.09056789262221e-71,0.00522434292534696,14691.1419103035,13142.7475212523,31835.1288224391,0.364109397779923
9.596,0.0235215054833637,0.225712366618358,10.6053009131481,0.0568297150016158,0.3945950182351,3.88138511063661e-06,7.20003877841053e-71,0.00526661110444504,14705.8404002339,13155.7441352315,31869.5483520588,0.364473689293102
9.597,0.0235215054833637,0.225735888123841,10.6053009131481,0.0568356372311908,0.394636139016492,3.97124209684696e-06,1.01790755869064e-70,0.00530917430411332,14720.5535960059,13168.7536013161,31904.0050954125,0.36483834528
9.598,0.0235215054833637,0.225759409629325,10.6053009131481,0.0568415594607658,0.394677259797884,4.06306642482683e-06,1.43842379503778e-70,0.0053520341843546,14735.2815123327,13181.7759322151,31938.4990927351,0.365203366105275
9.599,0.0235215054833637,0.225782931134808,10.6053009131481,0.0568474816903408,0.394718380579275,4.15689849436579e-06,2.03175111571978e-70,0.00539519241142846,14750.0241639423,13194.8111406503,31973.0303843048,0.365568752133945
9.6,0.0235215054833637,0.225806452640291,10.6053009131481,0.0568534039199158,0.394759501360667,4.25277947451119e-06,2.86853000485565e-70,0.00543865065785333,14764.7815655773,13207.8592393562,32007.5990104435,0.365934503731398
9.601,0.0235215054833637,0.225829974145775,10.6053009131481,0.0568593261494908,0.394800622142059,4.3507513169206e-06,4.04812246045579e-70,0.00548241060240747,14779.553731995,13220.9202410796,32042.2050115167,0.366300621263386
9.602,0.0235215054833637,0.225853495651258,10.6053009131481,0.0568652483790658,0.394841742923451,4.45085676942112e-06,5.71022675862726e-70,0.00552647393013037,14794.3406779678,13233.9941585802,32076.8484279333,0.366667105096026
9.603,0.0235215054833637,0.225877017156742,10.6053009131481,0.0568711706086407,0.394882863704842,4.55313938977555e-06,8.05116354350769e-70,0.00557084233232355,14809.1424182824,13247.08100463,32111.5293001461,0.367033955595801
9.604,0.0235215054833637,0.225900538662225,10.6053009131481,0.0568770928382157,0.394923984486234,4.65764355966141e-06,1.13467016577936e-69,0.00561551750655177,14823.9589677407,13260.1807920139,32146.2476686516,0.367401173129561
9.605,0.0235215054833637,0.225924060167708,10.6053009131481,0.0568830150677907,0.394965105267626,4.7644144988619e-06,1.59840352948901e-69,0.00566050115664354,14838.7903411592,13273.2935335294,32181.0035739901,0.367768758064527
9.606,0.0235215054833637,0.225947581673192,10.6053009131481,0.0568889372973657,0.395006226049017,4.87349827967314e-06,2.25065611566028e-69,0.00570579499269142,14853.6365533693,13286.4192419864,32215.7970567456,0.36813671076828
9.607,0.0235215054833637,0.225971103178675,10.6053009131481,0.0568948595269407,0.395047346830409,4.98494184153228e-06,3.16765509381163e-69,0.00575140073105277,14868.4976192172,13299.5579302077,32250.6281575462,0.368505031608775
9.608,0.0235215054833637,0.225994624684158,10.6053009131481,0.0569007817565157,0.395088467611801,5.09879300586574e-06,4.45628314341613e-69,0.00579732009434964,14883.3735535639,13312.709611029,32285.4969170638,0.368873720954333
9.609,0.0235215054833637,0.226018146189642,10.6053009131481,0.0569067039860907,0.395129588393193,5.21510049116227e-06,6.26633954410992e-69,0.00584355481146858,14898.2643712854,13325.8742972981,32320.4033760142,0.369242779173642
9.61,0.0235215054833637,0.226041667695125,10.6053009131481,0.0569126262156657,0.395170709174584,5.33391392827505e-06,8.8076782130748e-69,0.00589010661756084,14913.1700872726,13339.0520018761,32355.3475751573,0.369612206635761
9.611,0.0235215054833637,0.226065189200608,10.6053009131481,0.0569185484452407,0.395211829955976,5.45528387595277e-06,1.23741517305959e-68,0.00593697725404177,14928.090716431,13352.2427376364,32390.3295552972,0.369982003710118
9.612,0.0235215054833637,0.226088710706092,10.6053009131481,0.0569244706748157,0.395252950737368,5.57926183660371e-06,1.73770491204574e-68,0.00598416846858993,14943.0262736815,13365.4465174653,32425.3493572819,0.370352170766509
9.613,0.0235215054833637,0.226112232211575,10.6053009131481,0.0569303929043906,0.39529407151876,5.70590027229814e-06,2.43917706016049e-68,0.00603168201514692,14957.9767739594,13378.6633542619,32460.4070220036,0.370722708175101
9.614,0.0235215054833637,0.226135753717059,10.6053009131481,0.0569363151339657,0.395335192300151,5.8352526210079e-06,3.42229500780677e-68,0.00607951965391608,14972.9422322154,13391.893260938,32495.5025903988,0.371093616306434
9.615,0.0235215054833637,0.226159275222542,10.6053009131481,0.0569422373635406,0.395376313081543,5.96737331308798e-06,4.79952757654913e-68,0.00612768315136116,14987.9226634148,13405.1362504181,32530.6361034483,0.371464895531412
9.616,0.0235215054833637,0.226182796728025,10.6053009131481,0.0569481595931156,0.395417433862935,6.10231778800546e-06,6.72800927879125e-68,0.0061761742802055,15002.9180825382,13418.3923356395,32565.807602177,0.371836546221318
9.617,0.0235215054833637,0.226206318233509,10.6053009131481,0.0569540818226906,0.395458554644327,6.24014251131449e-06,9.42718059730094e-68,0.00622499481943025,15017.9285045809,13431.6615295525,32601.0171276545,0.372208568747801
9.618,0.0235215054833637,0.226229839738992,10.6053009131481,0.0569600040522656,0.395499675425718,6.38090499188237e-06,1.3203356174468e-67,0.0062741465542724,15032.9539445533,13444.9438451198,32636.2647209943,0.372580963482883
9.619,0.0235215054833637,0.226253361244475,10.6053009131481,0.0569659262818406,0.39554079620711,6.52466379937216e-06,1.84839263617062e-67,0.00632363127622341,15047.994417481,13458.2392953173,32671.5504233548,0.37295373079896
9.62,0.0235215054833637,0.226276882749959,10.6053009131481,0.0569718485114156,0.395581916988502,6.67147858198031e-06,2.5864948069639e-67,0.00637345078302683,15063.0499384043,13471.5478931336,32706.8742759388,0.373326871068798
9.621,0.0235215054833637,0.226300404255442,10.6053009131481,0.0569777707409906,0.395623037769894,6.82141008443607e-06,3.61773368903216e-67,0.00642360687867612,15078.1205223788,13484.8696515701,32742.2363199935,0.37370038466554
9.622,0.0235215054833637,0.226323925760925,10.6053009131481,0.0569836929705656,0.395664158551285,6.97452016626329e-06,5.05788896787759e-67,0.00647410137341189,15093.2061844751,13498.204583641,32777.6365968108,0.374074271962697
9.623,0.0235215054833637,0.226347447266409,10.6053009131481,0.0569896152001406,0.395705279332677,7.13087182031134e-06,7.06821602145416e-67,0.00652493608371975,15108.3069397788,13511.5527023736,32813.0751477272,0.374448533334156
9.624,0.0235215054833637,0.226370968771892,10.6053009131481,0.0569955374297156,0.395746400114069,7.29052919155422e-06,9.87320771515382e-67,0.0065761128323272,15123.4228033907,13524.9140208079,32848.552014124,0.374823169154181
9.625,0.0235215054833637,0.226394490277376,10.6053009131481,0.0570014596592906,0.39578752089546,7.45355759616238e-06,1.37852543067901e-66,0.00662763344820029,15138.5537904267,13538.2885519968,32884.0672374271,0.375198179797406
9.626,0.0235215054833637,0.226418011782859,10.6053009131481,0.0570073818888655,0.395828641676852,7.62002354085379e-06,1.9238865151243e-66,0.00667949976654089,15153.6999160178,13551.6763090061,32919.6208591072,0.375573565638842
9.627,0.0235215054833637,0.226441533288342,10.6053009131481,0.0570133041184405,0.395869762458244,7.78999474252256e-06,2.68381385305466e-66,0.00673171362878307,15168.86119531,13565.0773049147,32955.2129206801,0.375949327053875
9.628,0.0235215054833637,0.226465054793826,10.6053009131481,0.0570192263480155,0.395910883239636,7.96354014815025e-06,3.74225788871228e-66,0.00678427688258907,15184.0376434647,13578.4915528141,32990.843463706,0.376325464418266
9.629,0.0235215054833637,0.226488576299309,10.6053009131481,0.0570251485775905,0.395952004021027,8.14072995500654e-06,5.21583121005211e-66,0.00683719138184608,15199.2292756583,13591.9190658092,33026.5125297905,0.376701978108153
9.63,0.0235215054833637,0.226512097804792,10.6053009131481,0.0570310708071655,0.395993124802419,8.32163563113716e-06,7.26644431711633e-66,0.0068904589866619,15214.4361070824,13605.3598570174,33062.2201605839,0.37707886850005
9.631,0.0235215054833637,0.226535619310276,10.6053009131481,0.0570369930367405,0.396034245583811,8.50632993614477e-06,1.01188017504476e-65,0.00694408156336042,15229.6581529439,13618.8139395693,33097.9663977817,0.377456135970846
9.632,0.0235215054833637,0.226559140815759,10.6053009131481,0.0570429152663155,0.396075366365203,8.69488694226936e-06,1.40846173207076e-65,0.00699806098447771,15244.8954284648,13632.2813266085,33133.7512831242,0.37783378089781
9.633,0.0235215054833637,0.226582662321242,10.6053009131481,0.0570488374958905,0.396116487146594,8.88738205576584e-06,1.95961138660606e-65,0.00705239912875704,15260.1479488825,13645.7620312916,33169.5748583972,0.378211803658586
9.634,0.0235215054833637,0.226606183826726,10.6053009131481,0.0570547597254655,0.396157607927986,9.08389203858685e-06,2.72523467426805e-65,0.00710709788114421,15275.4157294493,13659.2560667881,33205.4371654317,0.378590204631198
9.635,0.0235215054833637,0.226629705332209,10.6053009131481,0.0570606819550405,0.396198728709378,9.28449503037044e-06,3.78832314714387e-65,0.00716215913278209,15290.6987854332,13672.7634462805,33241.3382461033,0.378968984194046
9.636,0.0235215054833637,0.226653226837693,10.6053009131481,0.0570666041846154,0.39623984949077,9.48927057074234e-06,5.26380024393847e-65,0.00721758478100593,15305.9971321171,13686.2841829646,33277.2781423337,0.379348142725909
9.637,0.0235215054833637,0.226676748343176,10.6053009131481,0.0570725264141904,0.396280970272161,9.6982996219287e-06,7.31073704852543e-65,0.00727337672933767,15321.3107847994,13699.8182900491,33313.2568960893,0.379727680605947
9.638,0.0235215054833637,0.226700269848659,10.6053009131481,0.0570784486437654,0.396322091053553,9.91166459168663e-06,1.01492142201561e-64,0.00732953688747989,15336.6397587938,13713.3657807555,33349.2745493822,0.380107598213697
9.639,0.0235215054833637,0.226723791354143,10.6053009131481,0.0570843708733404,0.396363211834945,1.01294493565594e-05,1.40835868944398e-64,0.00738606717131056,15351.9840694292,13726.9266683188,33385.3311442697,0.380487895929077
9.64,0.0235215054833637,0.226747312859626,10.6053009131481,0.0570902931029154,0.396404332616337,1.03517392854532e-05,1.95345697027708e-64,0.00744296950287664,15367.34373205,13740.5009659868,33421.426722855,0.380868574132385
9.641,0.0235215054833637,0.226770834365109,10.6053009131481,0.0570962153324904,0.396445453397728,1.05786212635424e-05,2.7083466135704e-64,0.00750024581038753,15382.7187620158,13754.0886870206,33457.5613272862,0.381249633204298
9.642,0.0235215054833637,0.226794355870593,10.6053009131481,0.0571021375620654,0.39648657417912,1.08101837165105e-05,3.75331119122e-64,0.00755789802820909,15398.1091747016,13767.6898446942,33493.7349997576,0.381631073525876
9.643,0.0235215054833637,0.226817877376076,10.6053009131481,0.0571080597916404,0.396527694960512,1.10465166351236e-05,5.19918112611669e-64,0.00761592809685665,15413.5149854979,13781.3044522949,33529.9477825085,0.38201289547856
9.644,0.0235215054833637,0.226841398881559,10.6053009131481,0.0571139820212154,0.396568815741903,1.12877116001436e-05,7.19888897526602e-64,0.00767433796298777,15428.9362098104,13794.9325231231,33566.1997178245,0.382395099444171
9.645,0.0235215054833637,0.226864920387043,10.6053009131481,0.0571199042507904,0.396609936523295,1.1533861807588e-05,9.96337023662159e-64,0.00773312957939577,15444.3728630605,13808.5740704923,33602.4908480363,0.382777685804913
9.646,0.0235215054833637,0.226888441892526,10.6053009131481,0.0571258264803654,0.396651057304687,1.1785062094334e-05,1.3783434193013e-63,0.00779230490500192,15459.8249606847,13822.2291077292,33638.8212155209,0.383160654943374
9.647,0.0235215054833637,0.22691196339801,10.6053009131481,0.0571317487099404,0.396692178086079,1.20414089640725e-05,1.90598329710717e-63,0.00785186590484769,15475.2925181351,13835.8976481737,33675.1908627007,0.38354400724252
9.648,0.0235215054833637,0.226935484903493,10.6053009131481,0.0571376709395153,0.39673329886747,1.23030006136225e-05,2.63445836191163e-63,0.00791181455008757,15490.7755508794,13849.5797051787,33711.5998320442,0.383927743085706
9.649,0.0235215054833637,0.226959006408976,10.6053009131481,0.0571435931690903,0.396774419648862,1.25699369595977e-05,3.63977294408237e-63,0.00797215281798064,15506.2740744005,13863.2752921108,33748.0481660659,0.384311862856668
9.65,0.0235215054833637,0.22698252791446,10.6053009131481,0.0571495153986653,0.396815540430254,1.28423196654385e-05,5.02652747655664e-63,0.00803288269188221,15521.7881041969,13876.9844223492,33784.5359073261,0.384696366939524
9.651,0.0235215054833637,0.227006049419943,10.6053009131481,0.0571554376282403,0.396856661211646,1.31202521688123e-05,6.93861441774932e-63,0.00809400616123583,15537.3176557828,13890.7071092867,33821.063098431,0.385081255718779
9.652,0.0235215054833637,0.227029570925426,10.6053009131481,0.0571613598578153,0.396897781993037,1.34038397093807e-05,9.5738910754649e-63,0.0081555252215644,15552.8627446876,13904.4433663293,33857.6297820331,0.385466529579321
9.653,0.0235215054833637,0.22705309243091,10.6053009131481,0.0571672820873903,0.396938902774429,1.36931893569438e-05,1.32042991304166e-62,0.00821744187446133,15568.4233864565,13918.1932068962,33894.236000831,0.385852188906426
9.654,0.0235215054833637,0.227076613936393,10.6053009131481,0.0571732043169653,0.396980023555821,1.39884100399595e-05,1.82034405761281e-62,0.00827975812758116,15583.99959665,13931.9566444199,33930.8817975694,0.386238234085752
9.655,0.0235215054833637,0.227100135441876,10.6053009131481,0.0571791265465403,0.397021144337213,1.42896125744501e-05,2.50843568278401e-62,0.00834247599463081,15599.5913908444,13945.7336923461,33967.567215039,0.386624665503344
9.656,0.0235215054833637,0.22712365694736,10.6053009131481,0.0571850487761153,0.397062265118604,1.45969096932912e-05,3.45512634244436e-62,0.00840559749535971,15615.1987846315,13959.524364134,34004.2922960772,0.387011483545634
9.657,0.0235215054833637,0.227147178452843,10.6053009131481,0.0571909710056903,0.397103385899996,1.49104160758904e-05,4.7570364358932e-62,0.0084691246555498,15630.8217936187,13973.3286732559,34041.0570835673,0.387398688599439
9.658,0.0235215054833637,0.227170699958327,10.6053009131481,0.0571968932352653,0.397144506681388,1.52302483782655e-05,6.54667399512328e-62,0.00853305950700611,15646.460433429,13987.1466331974,34077.8616204394,0.387786281051965
9.659,0.0235215054833637,0.22719422146381,10.6053009131481,0.0572028154648403,0.39718562746278,1.55565252635165e-05,9.00568501976138e-62,0.0085974040875463,15662.1147197011,14000.9782574578,34114.7059496695,0.388174261290805
9.66,0.0235215054833637,0.227217742969293,10.6053009131481,0.0572087376944152,0.397226748244171,1.58893674326996e-05,1.23829666096007e-61,0.00866216044098985,15677.7846680892,14014.8235595492,34151.5901142805,0.388562629703938
9.661,0.0235215054833637,0.227241264474777,10.6053009131481,0.0572146599239902,0.397267869025563,1.6228897656114e-05,1.70194166481735e-61,0.00872733061714808,15693.4702942632,14028.6825529976,34188.5141573416,0.388951386679734
9.662,0.0235215054833637,0.22726478598026,10.6053009131481,0.0572205821535652,0.397308989806955,1.65752408049938e-05,2.33817368004716e-61,0.00879291667181298,15709.1716139089,14042.555251342,34225.4781219687,0.389340532606949
9.663,0.0235215054833637,0.227288307485743,10.6053009131481,0.0572265043831402,0.397350110588346,1.69285238836154e-05,3.21085802453486e-61,0.00885892066674572,15724.8886427274,14056.4416681349,34262.482051324,0.389730067874728
9.664,0.0235215054833637,0.227311828991227,10.6053009131481,0.0572324266127152,0.397391231369738,1.72888760618291e-05,4.40735247945509e-61,0.00892534466966602,15740.6213964359,14070.3418169421,34299.5259886168,0.390119992872608
9.665,0.0235215054833637,0.22733535049671,10.6053009131481,0.0572383488422902,0.39743235215113,1.76564287080091e-05,6.04709682781289e-61,0.00899219075424013,15756.3698907671,14084.2557113432,34336.6099771029,0.390510307990513
9.666,0.0235215054833637,0.227358872002193,10.6053009131481,0.0572442710718652,0.397473472932522,1.80313154224344e-05,8.29332386458686e-61,0.00905946100006927,15772.1341414696,14098.1833649308,34373.7340600849,0.390901013618759
9.667,0.0235215054833637,0.227382393507677,10.6053009131481,0.0572501933014402,0.397514593713913,1.84136720710978e-05,1.13690192494278e-60,0.00912715749267713,15787.9141643075,14112.1247913111,34410.898280912,0.391292110148051
9.668,0.0235215054833637,0.22740591501316,10.6053009131481,0.0572561155310152,0.397555714495305,1.88036368199583e-05,1.55786622056797e-60,0.00919528232349839,15803.7099750608,14126.0800041037,34448.1026829806,0.391683597969485
9.669,0.0235215054833637,0.227429436518644,10.6053009131481,0.0572620377605902,0.397596835276697,1.92013501696282e-05,2.13378280164263e-60,0.00926383758986581,15819.5215895255,14140.0490169419,34485.347309734,0.392075477474551
9.67,0.0235215054833637,0.227452958024127,10.6053009131481,0.0572679599901652,0.397637956058089,1.96069549905047e-05,2.92134776720449e-60,0.00933282539499723,15835.3490235131,14154.0318434721,34522.6322046622,0.392467749055127
9.671,0.0235215054833637,0.22747647952961,10.6053009131481,0.0572738822197401,0.39767907683948,2.00205965583577e-05,3.99787690332043e-60,0.00940224784798329,15851.192292851,14168.0284973546,34559.9574113024,0.392860413103484
9.672,0.0235215054833637,0.227500001035094,10.6053009131481,0.0572798044493151,0.397720197620872,2.04424225903647e-05,5.46875909423258e-60,0.00947210706377396,15867.0514133825,14182.0389922628,34597.3229732389,0.393253470012287
9.673,0.0235215054833637,0.227523522540577,10.6053009131481,0.0572857266788901,0.397761318402264,2.0872583281604e-05,7.47758730934008e-60,0.00954240516316474,15882.9264009668,14196.063341884,34634.7289341031,0.393646920174593
9.674,0.0235215054833637,0.22754704404606,10.6053009131481,0.0572916489084651,0.397802439183656,2.13112313420169e-05,1.02199230625341e-59,0.0096131442727837,15898.8172714787,14210.1015599187,34672.1753375733,0.394040763983852
9.675,0.0235215054833637,0.227570565551544,10.6053009131481,0.0572975711380401,0.397843559965047,2.17585220338306e-05,1.39619893421321e-59,0.00968432652507737,15914.7240408093,14224.1536600813,34709.6622273757,0.394435001833908
9.676,0.0235215054833637,0.227594087057027,10.6053009131481,0.0573034933676151,0.397884680746439,2.22146132094517e-05,1.90660456385566e-59,0.00975595405829616,15930.6467248653,14238.2196560994,34747.1896472829,0.394829634118998
9.677,0.0235215054833637,0.22761760856251,10.6053009131481,0.0573094155971901,0.397925801527831,2.26796653498434e-05,2.60248187115707e-59,0.00982802901648076,15946.5853395693,14252.2995617145,34784.7576411156,0.395224661233755
9.678,0.0235215054833637,0.227641130067994,10.6053009131481,0.0573153378267651,0.397966922309223,2.31538416033763e-05,3.5508200560631e-59,0.00990055354944725,15962.5399008599,14266.3933906814,34822.3662527414,0.395620083573207
9.679,0.0235215054833637,0.227664651573477,10.6053009131481,0.0573212600563401,0.398008043090614,2.36373078251623e-05,4.84265567090244e-59,0.00997352981277188,15978.5104246918,14280.5011567687,34860.0155260755,0.396015901532775
9.68,0.0235215054833637,0.227688173078961,10.6053009131481,0.0573271822859151,0.398049163872006,2.41302326168875e-05,6.60165157592803e-59,0.0100469599677768,15994.4969270355,14294.6228737586,34897.7055050805,0.396412115508278
9.681,0.0235215054833637,0.227711694584444,10.6053009131481,0.0573331045154901,0.398090284653398,2.46327873671307e-05,8.99571730319342e-59,0.0101208461815142,16010.4994238774,14308.7585554468,34935.4362337667,0.39680872589593
9.682,0.0235215054833637,0.227735216089927,10.6053009131481,0.0573390267450651,0.398131405434789,2.51451462921796e-05,1.22527422389594e-58,0.0101951906267508,16026.5179312201,14322.9082156427,34973.2077561918,0.39720573309234
9.683,0.0235215054833637,0.227758737595411,10.6053009131481,0.05734494897464,0.398172526216181,2.56674864773591e-05,1.66818880460013e-58,0.0102699954819524,16042.552465082,14337.0718681695,35011.0201164612,0.397603137494516
9.684,0.0235215054833637,0.227782259100894,10.6053009131481,0.057350871204215,0.398213646997573,2.61999879188581e-05,2.27023921664932e-58,0.0103452629312678,16058.6030414977,14351.2495268639,35048.873358728,0.398000939499862
9.685,0.0235215054833637,0.227805780606377,10.6053009131481,0.05735679343379,0.398254767778965,2.67428335660737e-05,3.08825151250334e-58,0.0104209951645124,16074.6696765179,14365.4412055764,35086.7675271931,0.398399139506183
9.686,0.0235215054833637,0.227829302111861,10.6053009131481,0.057362715663365,0.398295888560356,2.72962093644669e-05,4.19921811999036e-58,0.0104971943771514,16090.752386209,14379.6469181709,35124.702666105,0.398797737911675
9.687,0.0235215054833637,0.227852823617344,10.6053009131481,0.05736863789294,0.398337009341748,2.78603042989493e-05,5.70740960897276e-58,0.0105738627702839,16106.8511866539,14393.8666785255,35162.6788197603,0.399196735114938
9.688,0.0235215054833637,0.227876345122827,10.6053009131481,0.057374560122515,0.39837813012314,2.84353104377878e-05,7.75397854932577e-58,0.0106510025506255,16122.9660939513,14408.1005005317,35200.6960325033,0.399596131514971
9.689,0.0235215054833637,0.227899866628311,10.6053009131481,0.05738048235209,0.398419250904532,2.90214229770389e-05,1.05299231285521e-57,0.0107286159304906,16139.0971242161,14422.3483980947,35238.7543487262,0.399995927511167
9.69,0.0235215054833637,0.227923388133794,10.6053009131481,0.057386404581665,0.398460371685923,2.96188402855289e-05,1.42935783294437e-57,0.0108067051277757,16155.2442935794,14436.6103851336,35276.8538128694,0.400396123503324
9.691,0.0235215054833637,0.227946909639278,10.6053009131481,0.05739232681124,0.398501492467315,3.02277639503644e-05,1.93942057347174e-57,0.0108852723659417,16171.4076181884,14450.8864755813,35314.9944694213,0.400796719891639
9.692,0.0235215054833637,0.227970431144761,10.6053009131481,0.057398249040815,0.398542613248707,3.08483988229877e-05,2.63037946308437e-57,0.0109643198739951,16187.5871142063,14465.1766833842,35353.1763629181,0.401197717076707
9.693,0.0235215054833637,0.227993952650244,10.6053009131481,0.05740417127039,0.398583734030099,3.14809530657913e-05,3.56599141668144e-57,0.0110438498864707,16203.7827978126,14479.4810225029,35391.3995379446,0.401599115459525
9.694,0.0235215054833637,0.228017474155728,10.6053009131481,0.0574100934999649,0.39862485481149,3.21256381992776e-05,4.83234319788071e-57,0.011123864643413,16219.9946852032,14493.7995069115,35429.6640391335,0.402000915441493
9.695,0.0235215054833637,0.228040995661211,10.6053009131481,0.0574160157295399,0.398665975592882,3.27826691497768e-05,6.54562233304068e-57,0.0112043663903571,16236.2227925897,14508.132150598,35467.969911166,0.402403117424409
9.696,0.0235215054833637,0.228064517166694,10.6053009131481,0.0574219379591149,0.398707096374274,3.34522642977392e-05,8.86257493209698e-57,0.0112853573783101,16252.4671362004,14522.4789675642,35506.3171987712,0.402805721810475
9.697,0.0235215054833637,0.228088038672178,10.6053009131481,0.0574278601886899,0.398748217155665,3.41346455265845e-05,1.19945733967726e-56,0.0113668398637321,16268.7277322796,14536.8399718259,35544.7059467271,0.403208729002298
9.698,0.0235215054833637,0.228111560177661,10.6053009131481,0.0574337824182649,0.398789337937057,3.48300382721313e-05,1.6226531957411e-56,0.0114488161085167,16285.0045970879,14551.2151774126,35583.1361998596,0.403612139402883
9.699,0.0235215054833637,0.228135081683144,10.6053009131481,0.0574397046478399,0.398830458718449,3.55386715725978e-05,2.19423296997279e-56,0.0115312883799707,16301.2977469021,14565.6045983676,35621.6080030435,0.404015953415641
9.7,0.0235215054833637,0.228158603188628,10.6053009131481,0.0574456268774149,0.398871579499841,3.62607781191969e-05,2.96589651649123e-56,0.0116142589507951,16317.6071980154,14580.0082487484,35660.1214012018,0.404420171444386
9.701,0.0235215054833637,0.228182124694111,10.6053009131481,0.0574515491069899,0.398912700281232,3.69965943073082e-05,4.00724216898795e-56,0.0116977300990649,16333.9329667373,14594.4261426261,35698.6764393063,0.404824793893337
9.702,0.0235215054833637,0.228205646199595,10.6053009131481,0.0574574713365649,0.398953821062624,3.7746360288243e-05,5.41192323672092e-56,0.0117817041082076,16350.2750693936,14608.8582940859,35737.273162377,0.405229821167114
9.703,0.0235215054833637,0.228229167705078,10.6053009131481,0.0574633935661399,0.398994941844016,3.85103200216162e-05,7.30590831271628e-56,0.0118661832669839,16366.6335223262,14623.3047172267,35775.9116154832,0.405635253670747
9.704,0.0235215054833637,0.228252689210561,10.6053009131481,0.0574693157957149,0.399036062625408,3.9288721328311e-05,9.85855956219248e-56,0.0119511698694664,16383.0083418938,14637.7654261617,35814.5918437427,0.406041091809668
9.705,0.0235215054833637,0.228276210716045,10.6053009131481,0.0574752380252898,0.399077183406799,4.00818159440475e-05,1.32974839706204e-55,0.0120366662150175,16399.399544471,14652.2404350177,35853.3138923217,0.406447335989714
9.706,0.0235215054833637,0.228299732221528,10.6053009131481,0.0574811602548648,0.399118304188191,4.08898595735779e-05,1.79284339911848e-55,0.0121226746082696,16415.8071464492,14666.7297579356,35892.0778064355,0.40685398661713
9.707,0.0235215054833637,0.228323253727011,10.6053009131481,0.0574870824844398,0.399159424969583,4.17131119454839e-05,2.4161962964596e-55,0.0122091973591025,16432.2311642358,14681.2334090705,35930.8836313486,0.407261044098566
9.708,0.0235215054833637,0.228346775232495,10.6053009131481,0.0574930047140148,0.399200545750975,4.25518368675956e-05,3.25491127744484e-55,0.012296236782621,16448.671614255,14695.7514025911,35969.731412374,0.407668508841081
9.709,0.0235215054833637,0.228370296737978,10.6053009131481,0.0574989269435898,0.399241666532366,4.34063022830498e-05,4.38291738975153e-55,0.0123837951991343,16465.1285129472,14710.2837526804,36008.6211948738,0.408076381252138
9.71,0.0235215054833637,0.228393818243461,10.6053009131481,0.0575048491731648,0.399282787313758,4.42767803269663e-05,5.8993574375907e-55,0.0124718749341324,16481.6018767693,14724.8304735353,36047.5530242593,0.408484661739611
9.711,0.0235215054833637,0.228417339748945,10.6053009131481,0.0575107714027398,0.39932390809515,4.51635473837582e-05,7.9371308064266e-55,0.0125604783182633,16498.0917221946,14739.3915793668,36086.5269459906,0.408893350711779
9.712,0.0235215054833637,0.228440861254428,10.6053009131481,0.0575166936323148,0.399365028876542,4.60668841450983e-05,1.06743115055861e-54,0.0126496076873112,16514.5980657131,14753.9670844,36125.5430055773,0.409302448577332
9.713,0.0235215054833637,0.228464382759912,10.6053009131481,0.0575226158618898,0.399406149657933,4.69870756685147e-05,1.43494026159795e-54,0.0127392653821725,16531.1209238309,14768.5570028739,36164.6012485779,0.409711955745367
9.714,0.0235215054833637,0.228487904265395,10.6053009131481,0.0575285380914648,0.399447270439325,4.79244114366454e-05,1.92817074654445e-54,0.0128294537488328,16547.6603130711,14783.1613490417,36203.7017206006,0.410121872625393
9.715,0.0235215054833637,0.228511425770878,10.6053009131481,0.0575344603210398,0.399488391220717,4.88791854171388e-05,2.58985222172308e-54,0.0129201751383424,16564.216249973,14797.7801371707,36242.8444673022,0.410532199627325
9.716,0.0235215054833637,0.228534947276362,10.6053009131481,0.0575403825506147,0.399529512002108,4.98516961232302e-05,3.47714186020978e-54,0.0130114319067938,16580.7887510924,14812.4133815422,36282.0295343896,0.410942937161491
9.717,0.0235215054833637,0.228558468781845,10.6053009131481,0.0575463047801897,0.3995706327835,5.08422466749676e-05,4.66646349050011e-54,0.0131032264152965,16597.3778330021,14827.0610964519,36321.2569676186,0.41135408563863
9.718,0.0235215054833637,0.228581990287328,10.6053009131481,0.0575522270097647,0.399611753564892,5.18511448611073e-05,6.25995885045596e-54,0.0131955610299528,16613.9835122909,14841.7232962092,36360.5268127947,0.411765645469887
9.719,0.0235215054833637,0.228605511792812,10.6053009131481,0.0575581492393397,0.399652874346284,5.2878703201699e-05,8.39408443165535e-54,0.0132884381218334,16630.6058055646,14856.3999951381,36399.8391157729,0.412177617066824
9.72,0.0235215054833637,0.228629033298295,10.6053009131481,0.0575640714689147,0.399693995127675,5.39252390113337e-05,1.12510626359143e-53,0.0133818600669523,16647.2447294456,14871.0912075764,36439.1939224578,0.412590000841414
9.721,0.0235215054833637,0.228652554803778,10.6053009131481,0.0575699936984897,0.399735115909067,5.49910744630758e-05,1.50741284487924e-53,0.0134758292462411,16663.9003005726,14885.7969478763,36478.5912788035,0.413002797206037
9.722,0.0235215054833637,0.228676076309262,10.6053009131481,0.0575759159280647,0.399776236690459,5.60765366530997e-05,2.01878210451973e-53,0.0135703480455249,16680.5725356013,14900.5172304041,36518.0312308139,0.413416006573493
9.723,0.0235215054833637,0.228699597814745,10.6053009131481,0.0575818381576397,0.399817357471851,5.71819576660036e-05,2.70249781709825e-53,0.0136654188554954,16697.261451204,14915.2520695404,36557.5138245427,0.41382962935699
9.724,0.0235215054833637,0.228723119320229,10.6053009131481,0.0575877603872147,0.399858478253242,5.83076746408205e-05,3.61626321475223e-53,0.0137610440716851,16713.9670640695,14930.0014796799,36597.0391060932,0.41424366597015
9.725,0.0235215054833637,0.228746640825712,10.6053009131481,0.0575936826167897,0.399899599034634,5.94540298377496e-05,4.83697226493575e-53,0.013857226094442,16730.6893909035,14944.7654752315,36636.6071216187,0.414658116827011
9.726,0.0235215054833637,0.228770162331195,10.6053009131481,0.0575996048463647,0.399940719816026,6.0621370705576e-05,6.46704894031077e-53,0.013953967328902,16747.4284484282,14959.5440706187,36676.2179173223,0.415072982342023
9.727,0.0235215054833637,0.228793683836679,10.6053009131481,0.0576055270759397,0.399981840597418,6.18100499498145e-05,8.64286620577126e-53,0.0140512701849632,16764.1842533828,14974.3372802787,36715.8715394573,0.415488262930053
9.728,0.0235215054833637,0.228817205342162,10.6053009131481,0.0576114493055146,0.400022961378809,6.30204256015572e-05,1.15459222808392e-52,0.0141491370772579,16780.956822523,14989.1451186635,36755.5680343265,0.415903959006379
9.729,0.0235215054833637,0.228840726847645,10.6053009131481,0.0576173715350896,0.400064082160201,6.42528610870646e-05,1.54176709279218e-52,0.0142475704251266,16797.7461726215,15003.967600239,36795.3074482833,0.4163200709867
9.73,0.0235215054833637,0.228864248353129,10.6053009131481,0.0576232937646646,0.400105202941593,6.55077252980638e-05,2.05791921128211e-52,0.0143465726525895,16814.5523204676,15018.8047394857,36835.089827731,0.416736599287127
9.731,0.0235215054833637,0.228887769858612,10.6053009131481,0.0576292159942396,0.400146323722984,6.67853926627773e-05,2.7457271833862e-52,0.0144461461883192,16831.3752828673,15033.6565508983,36874.9152191229,0.417153544324187
9.732,0.0235215054833637,0.228911291364095,10.6053009131481,0.0576351382238146,0.400187444504376,6.80862432177071e-05,3.66189647762098e-52,0.0145462934656128,16848.2150766437,15048.5230489857,36914.7836689629,0.417570906514826
9.733,0.0235215054833637,0.228934812869579,10.6053009131481,0.0576410604533896,0.400228565285768,6.94106626801395e-05,4.88173796131055e-52,0.0146470169223639,16865.0717186367,15063.4042482714,36954.6952238048,0.417988686276407
9.734,0.0235215054833637,0.228958334375062,10.6053009131481,0.0576469826829646,0.40026968606716,7.07590425213948e-05,6.50523054094189e-52,0.0147483190010329,16881.9452257027,15078.3001632931,36994.649930253,0.418406884026708
9.735,0.0235215054833637,0.228981855880546,10.6053009131481,0.0576529049125396,0.400310806848551,7.21317800408462e-05,8.66504559557984e-52,0.0148502021486201,16898.8356147154,15093.2108086028,37034.647834962,0.418825500183929
9.736,0.0235215054833637,0.229005377386029,10.6053009131481,0.0576588271421146,0.400351927629943,7.35292784406734e-05,1.15371635384883e-51,0.0149526688166353,16915.7429025651,15108.1361987672,37074.6889846373,0.419244535166685
9.737,0.0235215054833637,0.229028898891512,10.6053009131481,0.0576647493716896,0.400393048411335,7.49519469013722e-05,1.53549139244503e-51,0.0150557214610688,16932.6671061591,15123.0763483671,37114.7734260341,0.419663989394011
9.738,0.0235215054833637,0.229052420396996,10.6053009131481,0.0576706716012646,0.400434169192727,7.64002006580526e-05,2.04275352845004e-51,0.0151593625423624,16949.6082424216,15138.0312719978,37154.9012059589,0.420083863285361
9.739,0.0235215054833637,0.229075941902479,10.6053009131481,0.0576765938308396,0.400475289974118,7.7874461077479e-05,2.71646993350126e-51,0.0152635945253794,16966.5663282938,15153.0009842691,37195.0723712683,0.42050415726061
9.74,0.0235215054833637,0.229099463407962,10.6053009131481,0.0576825160604145,0.40051641075551,7.93751557358839e-05,3.61089026405667e-51,0.0153684198793738,16983.5413807337,15167.9854998052,37235.2869688698,0.42092487174005
9.741,0.0235215054833637,0.229122984913446,10.6053009131481,0.0576884382899895,0.400557531536902,8.0902718497582e-05,4.79782316560891e-51,0.0154738410779615,17000.5334167164,15182.9848332448,37275.5450457216,0.421346007144397
9.742,0.0235215054833637,0.229146506418929,10.6053009131481,0.0576943605195645,0.400598652318294,8.24575895943399e-05,6.37227994883752e-51,0.0155798605990887,17017.542453234,15197.998999241,37315.8466488326,0.421767563894788
9.743,0.0235215054833637,0.229170027924412,10.6053009131481,0.0577002827491395,0.400639773099685,8.40402157055336e-05,8.45991938704764e-51,0.015686480925001,17034.5685072954,15213.0280124614,37356.1918252625,0.422189542412777
9.744,0.0235215054833637,0.229193549429896,10.6053009131481,0.0577062049787145,0.400680893881077,8.56510500391168e-05,1.12268643231798e-50,0.0157937045422131,17051.6115959268,15228.0718875882,37396.580622122,0.422611943120343
9.745,0.0235215054833637,0.229217070935379,10.6053009131481,0.0577121272082895,0.400722014662469,8.72905524133601e-05,1.48926402831845e-50,0.0159015339414771,17068.6717361711,15243.1306393181,37437.0130865726,0.423034766439887
9.746,0.0235215054833637,0.229240592440863,10.6053009131481,0.0577180494378645,0.400763135443861,8.89591893394011e-05,1.97472218486966e-50,0.016009971617751,17085.7489450887,15258.2042823622,37477.4892658271,0.423458012794234
9.747,0.0235215054833637,0.229264113946346,10.6053009131481,0.0577239716674395,0.400804256225252,9.06574341045833e-05,2.61734815137439e-50,0.0161190200701664,17102.8432397566,15273.2928314463,37518.0092071487,0.423881682606629
9.748,0.0235215054833637,0.229287635451829,10.6053009131481,0.0577298938970145,0.400845377006644,9.23857668566287e-05,3.46767408481747e-50,0.0162286818019973,17119.9546372691,15288.3963013106,37558.5729578524,0.424305776300741
9.749,0.0235215054833637,0.229311156957313,10.6053009131481,0.0577358161265895,0.400886497788036,9.4144674688597e-05,4.59236546949691e-50,0.0163389593206274,17137.0831547378,15303.5147067101,37599.1805653041,0.424730294300666
9.75,0.0235215054833637,0.229334678462796,10.6053009131481,0.0577417383561645,0.400927618569427,9.5934651724658e-05,6.07933546166757e-50,0.016449855137517,17154.228809291,15318.6480624142,37639.8320769207,0.42515523703092
9.751,0.0235215054833637,0.229358199968279,10.6053009131481,0.0577476605857394,0.400968739350819,9.77561992067127e-05,8.04446885136974e-50,0.0165613717681709,17171.3916180744,15333.796383207,37680.5275401706,0.425580604916446
9.752,0.0235215054833637,0.229381721473763,10.6053009131481,0.0577535828153144,0.401009860132211,9.96098255818093e-05,1.06404585358663e-49,0.0166735117321052,17188.5715982509,15348.9596838872,37721.2670025734,0.426006398382613
9.753,0.0235215054833637,0.229405242979246,10.6053009131481,0.0577595050448894,0.401050980913603,0.000101496046590386,1.40684133566312e-49,0.0167862775528132,17205.7687670005,15364.1379792681,37762.0505117003,0.426432617855213
9.754,0.0235215054833637,0.229428764484729,10.6053009131481,0.0577654272744644,0.401092101694994,0.000103415385355377,1.85931001117243e-49,0.016899671757733,17222.9831415202,15379.3312841777,37802.8781151736,0.426859263760467
9.755,0.0235215054833637,0.229452285990213,10.6053009131481,0.0577713495040394,0.401133222476386,0.00010536837247212,2.45629491795365e-49,0.0170136968782126,17240.2147390245,15394.5396134586,37843.7498606675,0.427286336525021
9.756,0.0235215054833637,0.229475807495696,10.6053009131481,0.0577772717336144,0.401174343257778,0.000107355546099109,3.24363015845207e-49,0.0171283554494762,17257.463576745,15409.7629819682,37884.6657959071,0.427713836575946
9.757,0.0235215054833637,0.22949932900118,10.6053009131481,0.0577831939631894,0.40121546403917,0.000109377452049615,4.28158303864704e-49,0.0172436500105898,17274.7296719305,15425.0014045783,37925.6259686699,0.428141764340744
9.758,0.0235215054833637,0.229522850506663,10.6053009131481,0.0577891161927644,0.401256584820561,0.000111434643884125,5.64936633822958e-49,0.0173595831044269,17292.0130418471,15440.2548961759,37966.6304267844,0.428570120247341
9.759,0.0235215054833637,0.229546372012146,10.6053009131481,0.0577950384223394,0.401297705601953,0.000113527683003652,7.45105094412859e-49,0.0174761572776331,17309.3137037782,15455.5234716623,38007.6792181313,0.428998904724095
9.76,0.0235215054833637,0.22956989351763,10.6053009131481,0.0578009606519144,0.401338826383345,0.000115657138743871,9.8233102203511e-49,0.0175933750805907,17326.6316750244,15470.8071459536,38048.7723906426,0.429428118199789
9.761,0.0235215054833637,0.229593415023113,10.6053009131481,0.0578068828814894,0.401379947164737,0.000117823588470162,1.29455593685074e-48,0.0177112390673844,17343.9669729038,15486.1059339808,38089.9099923025,0.429857761103637
9.762,0.0235215054833637,0.229616936528596,10.6053009131481,0.0578128051110643,0.401421067946128,0.000120027617673474,1.70532249258383e-48,0.017829751795765,17361.3196147515,15501.4198506896,38131.092071147,0.430287833865283
9.763,0.0235215054833637,0.22964045803408,10.6053009131481,0.0578187273406393,0.40146218872752,0.000122269820067054,2.24551034960454e-48,0.0179489158271131,17378.6896179204,15516.7489110405,38172.3186752639,0.430718336914797
9.764,0.0235215054833637,0.229663979539563,10.6053009131481,0.0578246495702143,0.401503309508912,0.000124550797684086,2.95560604546246e-48,0.0180687337264036,17396.0769997803,15532.0931300087,38213.5898527929,0.431149270682685
9.765,0.0235215054833637,0.229687501045046,10.6053009131481,0.0578305717997893,0.401544430290304,0.000126871160976163,3.88866990192875e-48,0.0181892080621694,17413.4817777186,15547.4525225842,38254.9056519263,0.431580635599879
9.766,0.0235215054833637,0.22971102255053,10.6053009131481,0.0578364940293643,0.401585551071695,0.000129231528912633,5.11421240749264e-48,0.0183103414064637,17430.9039691402,15562.827103772,38296.2661209077,0.432012432097745
9.767,0.0235215054833637,0.229734544056013,10.6053009131481,0.0578424162589393,0.401626671853087,0.000131632529080867,6.72325676633647e-48,0.0184321363348245,17448.3435914672,15578.2168885918,38337.6713080336,0.432444660608079
9.768,0.0235215054833637,0.229758065561497,10.6053009131481,0.0578483384885143,0.401667792634479,0.000134074797787373,8.83494783927656e-48,0.0185545954262365,17465.8006621393,15593.6218920782,38379.1212616523,0.43287732156311
9.769,0.0235215054833637,0.22978158706698,10.6053009131481,0.0578542607180893,0.401708913415871,0.000136558980159787,1.1605176260405e-47,0.0186777212630937,17483.2751986134,15609.0421292806,38420.6160301644,0.433310415395498
9.77,0.0235215054833637,0.229805108572463,10.6053009131481,0.0578601829476643,0.401750034197262,0.0001390857302498,1.52378275321469e-47,0.0188015164311622,17500.7672183642,15624.4776152634,38462.1556620229,0.433743942538337
9.771,0.0235215054833637,0.229828630077947,10.6053009131481,0.0578661051772393,0.401791154978654,0.000141655711136941,1.99994490105388e-47,0.0189259835195424,17518.2767388838,15639.9283651058,38503.7402057334,0.434177903425156
9.772,0.0235215054833637,0.22985215158343,10.6053009131481,0.0578720274068143,0.401832275760046,0.000144269595033244,2.62383653552708e-47,0.0190511251206295,17535.8037776814,15655.394393902,38545.3697098535,0.434612298489914
9.773,0.0235215054833637,0.229875673088913,10.6053009131481,0.0578779496363893,0.401873396541437,0.000146928063388866,3.44095813592939e-47,0.019176943830077,17553.3483522844,15670.8757167609,38587.0442229936,0.435047128167006
9.774,0.0235215054833637,0.229899194594397,10.6053009131481,0.0578838718659642,0.401914517322829,0.000149631806998556,4.51072109412152e-47,0.0193034422467569,17570.9104802371,15686.3723488066,38628.7637938166,0.435482392891264
9.775,0.0235215054833637,0.22992271609988,10.6053009131481,0.0578897940955392,0.401955638104221,0.00015238152610904,5.91066894338818e-47,0.0194306229727205,17588.4901791018,15701.8843051782,38670.528471038,0.43591809309795
9.776,0.0235215054833637,0.229946237605363,10.6053009131481,0.0578957163251142,0.401996758885613,0.00015517793052734,7.74196979594147e-47,0.01955848861316,17606.0874664582,15717.4116010294,38712.3383034259,0.436354229222765
9.777,0.0235215054833637,0.229969759110847,10.6053009131481,0.0579016385546892,0.402037879667004,0.000158021739729968,1.01365598621915e-46,0.019687041776369,17623.7023599034,15732.9542515293,38754.1933398014,0.436790801701846
9.778,0.0235215054833637,0.22999328061633,10.6053009131481,0.0579075607842642,0.402079000448396,0.000160913682973056,1.32664305542843e-46,0.0198162850737025,17641.3348770525,15748.5122718618,38796.0936290379,0.437227810971766
9.779,0.0235215054833637,0.230016802121814,10.6053009131481,0.0579134830138392,0.402120121229788,0.000163854499403374,1.73556974340645e-46,0.0199462211195366,17658.985035538,15764.0856772257,38838.0392200622,0.437665257469532
9.78,0.0235215054833637,0.230040323627297,10.6053009131481,0.0579194052434142,0.40216124201118,0.000166844938170311,2.26962778174603e-46,0.0200768525312295,17676.6528530099,15779.6744828351,38880.0301618535,0.438103141632593
9.781,0.0235215054833637,0.23006384513278,10.6053009131481,0.0579253274729892,0.402202362792571,0.000169885758538738,2.96682476553675e-46,0.0202081819290803,17694.3383471362,15795.278703919,38922.0665034444,0.438541463898832
9.782,0.0235215054833637,0.230087366638264,10.6053009131481,0.0579312497025642,0.402243483573963,0.000172977730002786,3.87662634378794e-46,0.0203402119362879,17712.0415356023,15810.8983557214,38964.14829392,0.438980224706571
9.783,0.0235215054833637,0.230110888143747,10.6053009131481,0.0579371719321392,0.402284604355355,0.000176121632400599,5.06338420064215e-46,0.0204729451789112,17729.7624361114,15826.5334535015,39006.275582419,0.439419424494572
9.784,0.0235215054833637,0.23013440964923,10.6053009131481,0.0579430941617142,0.402325725136747,0.000179318256029968,6.61078169527163e-46,0.0206063842858276,17747.5010663845,15842.1840125336,39048.448418133,0.439859063702034
9.785,0.0235215054833637,0.230157931154714,10.6053009131481,0.0579490163912891,0.402366845918138,0.000182568401764889,8.6275969034863e-46,0.0207405318886905,17765.25744416,15857.8500481068,39090.6668503065,0.440299142768596
9.786,0.0235215054833637,0.230181452660197,10.6053009131481,0.0579549386208641,0.40240796669953,0.000185872881173106,1.12551703880152e-45,0.0208753906218893,17783.0315871945,15873.5315755259,39132.9309282379,0.440739662134337
9.787,0.0235215054833637,0.23020497416568,10.6053009131481,0.0579608608504391,0.402449087480922,0.000189232516634536,1.46770779928615e-45,0.0210109631225068,17800.8235132621,15889.2286101102,39175.2407012782,0.441180622239778
9.788,0.0235215054833637,0.230228495671164,10.6053009131481,0.0579667830800141,0.402490208262313,0.000192648141460625,1.91316546070165e-45,0.0211472520302763,17818.6332401547,15904.9411671946,39217.5962188322,0.441622023525877
9.789,0.0235215054833637,0.230252017176647,10.6053009131481,0.0579727053095891,0.402531329043705,0.000196120600014697,2.49282025506949e-45,0.0212842599875408,17836.460785682,15920.6692621289,39259.997530358,0.442063866434037
9.79,0.0235215054833637,0.230275538682131,10.6053009131481,0.0579786275391641,0.402572449825097,0.00019965074783318,3.2467960047043e-45,0.021421989639209,17854.3061676715,15936.4129102783,39302.4446853672,0.442506151406099
9.791,0.0235215054833637,0.230299060187614,10.6053009131481,0.0579845497687391,0.402613570606489,0.000203239451747808,4.22712166190673e-45,0.0215604436327136,17872.1694039687,15952.172127023,39344.9377334248,0.442948878884351
9.792,0.0235215054833637,0.230322581693097,10.6053009131481,0.0579904719983141,0.40265469138788,0.000206887590008731,5.50123630418654e-45,0.0216996246179664,17890.0505124368,15967.9469277585,39387.4767241495,0.443392049311518
9.793,0.0235215054833637,0.230346103198581,10.6053009131481,0.0579963942278891,0.402695812169272,0.000210596052408619,7.15651791473376e-45,0.0218395352473172,17907.9495109569,15983.7373278955,39430.0617072136,0.443835663130771
9.794,0.0235215054833637,0.230369624704064,10.6053009131481,0.0580023164574641,0.402736932950664,0.00021436574040767,9.30613259719542e-45,0.0219801781755089,17925.8664174281,15999.5433428601,39472.6927323433,0.444279720785725
9.795,0.0235215054833637,0.230393146209547,10.6053009131481,0.0580082386870391,0.402778053732056,0.000218197567259546,1.20965861312863e-44,0.0221215560596333,17943.8012497671,16015.3649880933,39515.3698493182,0.444724222720436
9.796,0.0235215054833637,0.230416667715031,10.6053009131481,0.058014160916614,0.402819174513447,0.000222092458138327,1.57174693338355e-44,0.0222636715590884,17961.7540259089,16031.2022790517,39558.093107972,0.445169169379407
9.797,0.0235215054833637,0.230440189220514,10.6053009131481,0.058020083146189,0.402860295294839,0.000226051350266346,2.04140294163909e-44,0.0224065273355332,17979.7247638062,16047.055231207,39600.8625581923,0.445614561207585
9.798,0.0235215054833637,0.230463710725997,10.6053009131481,0.058026005375764,0.402901416076231,0.000230075193042968,2.65033802184194e-44,0.0225501260528427,17997.7134814297,16062.9238600463,39643.6782499203,0.44606039865036
9.799,0.0235215054833637,0.230487232231481,10.6053009131481,0.058031927605339,0.402942536857623,0.000234164948174392,3.43953960958608e-44,0.0226944703770641,18015.7201967683,16078.8081810719,39686.5402331516,0.446506682153572
9.8,0.0235215054833637,0.230510753736964,10.6053009131481,0.058037849834914,0.402983657639014,0.000238321589804329,4.46196317503876e-44,0.0228395629763718,18033.7449278285,16094.7082098017,39729.4485579357,0.446953412163503
9.801,0.0235215054833637,0.230534275242448,10.6053009131481,0.058043772064489,0.403024778420406,0.000242546104645632,5.78599917981985e-44,0.0229854065210207,18051.7876926352,16110.6239617685,39772.4032743761,0.447400589126884
9.802,0.0235215054833637,0.230557796747931,10.6053009131481,0.058049694294064,0.403065899201798,0.000246839492112945,7.49993629176309e-44,0.0231320036833026,18069.848509231,16126.5554525209,39815.4044326306,0.44784821349089
9.803,0.0235215054833637,0.230581318253414,10.6053009131481,0.058055616523639,0.40310701998319,0.000251202764456233,9.71770480287663e-44,0.0232793571374996,18087.9273956769,16142.5026976226,39858.4520829112,0.448296285703149
9.804,0.0235215054833637,0.230604839758898,10.6053009131481,0.058061538753214,0.403148140764581,0.000255636946895269,1.25862644517445e-43,0.0234274695598372,18106.0243700517,16158.4657126528,39901.5462754842,0.448744806211729
9.805,0.0235215054833637,0.230628361264381,10.6053009131481,0.058067460982789,0.403189261545973,0.000260143077755125,1.62951035999444e-43,0.0235763436284401,18124.1394504524,16174.444513206,39944.6870606701,0.449193775465153
9.806,0.0235215054833637,0.230651882769864,10.6053009131481,0.058073383212364,0.403230382327365,0.000264722208602571,2.10884482020785e-43,0.0237259820232844,18142.272654994,16190.4391148923,39987.8744888443,0.449643193912391
9.807,0.0235215054833637,0.230675404275348,10.6053009131481,0.058079305441939,0.403271503108756,0.000269375404383398,2.72809472118037e-43,0.0238763874261508,18160.4240018098,16206.4495333372,40031.1086104358,0.450093062002859
9.808,0.0235215054833637,0.230698925780831,10.6053009131481,0.0580852276715139,0.403312623890148,0.000274103743560779,3.52778161433546e-43,0.0240275625205787,18178.5935090511,16222.4757841815,40074.3894759291,0.450543380186427
9.809,0.0235215054833637,0.230722447286314,10.6053009131481,0.0580911499010889,0.40335374467154,0.000278908318254498,4.56006954088217e-43,0.0241795099918182,18196.7811948874,16238.5178830815,40117.7171358624,0.450994148913413
9.81,0.0235215054833637,0.230745968791798,10.6053009131481,0.0580970721306639,0.403394865452932,0.000283790234381173,5.89208312723967e-43,0.0243322325267837,18214.9870775065,16254.5758457092,40161.0916408294,0.451445368634586
9.811,0.0235215054833637,0.230769490297281,10.6053009131481,0.0581029943602389,0.403435986234323,0.000288750611795383,7.61016358066719e-43,0.0244857328140045,18233.2111751141,16270.6496877518,40204.5130414776,0.451897039801164
9.812,0.0235215054833637,0.230793011802765,10.6053009131481,0.0581089165898139,0.403477107015715,0.000293790584431822,9.82532548376101e-43,0.0246400135435792,18251.4535059344,16286.7394249122,40247.98138851,0.45234916286482
9.813,0.0235215054833637,0.230816533308248,10.6053009131481,0.0581148388193889,0.403518227797107,0.000298911300448337,1.26802503532527e-42,0.0247950774071268,18269.7140882098,16302.8450729089,40291.496732684,0.452801738277677
9.814,0.0235215054833637,0.230840054813731,10.6053009131481,0.0581207610489639,0.403559348578499,0.000304113922369894,1.63582461274517e-42,0.0249509270977371,18287.9929402007,16318.9666474756,40335.059124812,0.453254766492309
9.815,0.0235215054833637,0.230863576319215,10.6053009131481,0.0581266832785389,0.40360046935989,0.000309399627233584,2.10947205757667e-42,0.0251075653099244,18306.2900801862,16335.1041643619,40378.6686157614,0.453708247961746
9.816,0.0235215054833637,0.230887097824698,10.6053009131481,0.0581326055081139,0.403641590141282,0.000314769606734487,2.71918680690916e-42,0.025264994739578,18324.6055264632,16351.2576393329,40422.3252564546,0.454162183139469
9.817,0.0235215054833637,0.230910619330181,10.6053009131481,0.0581385277376889,0.403682710922674,0.000320225067372474,3.50374620854865e-42,0.0254232180839118,18342.9392973473,16367.4270881692,40466.0290978688,0.454616572479413
9.818,0.0235215054833637,0.230934140835665,10.6053009131481,0.0581444499672639,0.403723831704066,0.000325767230600047,4.51288915172138e-42,0.0255822380414174,18361.2914111722,16383.6125266671,40509.7801910366,0.455071416435966
9.819,0.0235215054833637,0.230957662341148,10.6053009131481,0.0581503721968388,0.403764952485457,0.000331397332971019,5.81038915897273e-42,0.0257420573118138,18379.6618862901,16399.8139706384,40553.5785870459,0.455526715463975
9.82,0.0235215054833637,0.230981183846631,10.6053009131481,0.0581562944264138,0.403806073266849,0.000337116626290142,7.4779818138725e-42,0.0259026785959968,18398.0507410714,16416.0314359106,40597.4243370394,0.455982470018737
9.821,0.0235215054833637,0.231004705352115,10.6053009131481,0.0581622166559888,0.403847194048241,0.000342926377763756,9.62038201157584e-42,0.0260641045959906,18416.4579939049,16432.2649383269,40641.3174922153,0.456438680556007
9.822,0.0235215054833637,0.231028226857598,10.6053009131481,0.0581681388855638,0.403888314829632,0.000348827870151265,1.23716908655861e-41,0.0262263380148974,18434.883663198,16448.5144937461,40685.2581038272,0.456895347531995
9.823,0.0235215054833637,0.231051748363082,10.6053009131481,0.0581740611151388,0.403929435611024,0.000354822401917622,1.59035738778188e-41,0.026389381556847,18453.3277673763,16464.7801180428,40729.2462231843,0.457352471403369
9.824,0.0235215054833637,0.231075269868565,10.6053009131481,0.0581799833447138,0.403970556392416,0.000360911287386667,2.0435695857438e-41,0.0265532379269452,18471.7903248838,16481.0618271072,40773.2819016507,0.457810052627253
9.825,0.0235215054833637,0.231098791374048,10.6053009131481,0.0581859055742888,0.404011677173808,0.000367095856895498,2.62490299787505e-41,0.0267179098312255,18490.2713541833,16497.359636845,40817.3651906467,0.458268091661227
9.826,0.0235215054833637,0.231122312879532,10.6053009131481,0.0581918278038638,0.404052797955199,0.000373377456949679,3.37028257921917e-41,0.0268833999765964,18508.7708737556,16513.6735631782,40861.4961416477,0.458726588963331
9.827,0.0235215054833637,0.231145834385015,10.6053009131481,0.0581977500334388,0.404093918736591,0.000379757450379358,4.32562334236785e-41,0.0270497110707902,18527.2889021004,16530.0036220439,40905.6748061851,0.459185544992062
9.828,0.0235215054833637,0.231169355890498,10.6053009131481,0.0582036722630138,0.404135039517983,0.000386237216496408,5.54958505997864e-41,0.0272168458223127,18545.8254577356,16546.3498293954,40949.9012358456,0.459644960206377
9.829,0.0235215054833637,0.231192877395982,10.6053009131481,0.0582095944925888,0.404176160299375,0.000392818151252388,7.11708006642683e-41,0.0273848069403915,18564.3805591978,16562.7122012016,40994.1754822723,0.46010483506569
9.83,0.0235215054833637,0.231216398901465,10.6053009131481,0.0582155167221637,0.404217281080766,0.0003995016673974,9.12373825403785e-41,0.0275535971349226,18582.9542250421,16579.0907534473,41038.4975971635,0.460565170029877
9.831,0.0235215054833637,0.231239920406948,10.6053009131481,0.0582214389517387,0.404258401862158,0.000406289194639975,1.16915881805491e-40,0.0277232191164208,18601.5464738422,16595.4855021328,41082.8676322737,0.461025965559272
9.832,0.0235215054833637,0.231263441912432,10.6053009131481,0.0582273611813137,0.40429952264355,0.000413182179807746,1.49762826178036e-40,0.0278936755959663,18620.1573241903,16611.8964632748,41127.2856394134,0.461487222114671
9.833,0.0235215054833637,0.231286963417915,10.6053009131481,0.0582332834108887,0.404340643424942,0.000420182087009031,1.91762847259169e-40,0.0280649692851514,18638.7867946973,16628.3236529051,41171.751670449,0.46194894015733
9.834,0.0235215054833637,0.231310484923399,10.6053009131481,0.0582392056404637,0.404381764206333,0.000427290397795413,2.45445421859515e-40,0.0282371028960301,18657.4349039926,16644.7670870721,41216.2657773029,0.462411120148968
9.835,0.0235215054833637,0.231334006428882,10.6053009131481,0.0582451278700387,0.404422884987725,0.000434508611325108,3.14033171866394e-40,0.0284100791410637,18676.1016707245,16661.2267818395,41260.8280119541,0.462873762551766
9.836,0.0235215054833637,0.231357527934365,10.6053009131481,0.0582510500996137,0.404464005769117,0.000441838244527222,4.01630178492699e-40,0.0285839007330673,18694.7871135595,16677.7027532871,41305.438426437,0.463336867828363
9.837,0.0235215054833637,0.231381049439849,10.6053009131481,0.0582569723291887,0.404505126550509,0.000449280832267002,5.13461012036996e-40,0.0287585703851587,18713.4912511832,16694.1950175107,41350.097072843,0.463800436441867
9.838,0.0235215054833637,0.231404570945332,10.6053009131481,0.0582628945587637,0.4045462473319,0.000456837927511838,6.56174014294374e-40,0.0289340908107029,18732.2141022997,16710.7035906219,41394.8040033194,0.464264468855847
9.839,0.0235215054833637,0.231428092450815,10.6053009131481,0.0582688167883387,0.404587368113292,0.000464511101498226,8.38225951466932e-40,0.0291104647232599,18750.9556856318,16727.2284887482,41439.5592700701,0.464728965534334
9.84,0.0235215054833637,0.231451613956299,10.6053009131481,0.0582747390179137,0.404628488894684,0.000472301943899514,1.07036967452446e-39,0.0292876948365292,18769.7160199212,16743.7697280332,41484.3629253553,0.465193926941825
9.841,0.0235215054833637,0.231475135461782,10.6053009131481,0.0582806612474887,0.404669609676075,0.00048021206299464,1.36627212509897e-39,0.0294657838642978,18788.4951239282,16760.3273246362,41529.2150214917,0.465659353543282
9.842,0.0235215054833637,0.231498656967265,10.6053009131481,0.0582865834770636,0.404710730457467,0.000488243085837627,1.74329721438569e-39,0.0296447345203851,18807.2930164319,16776.9012947328,41574.1156108528,0.466125245804132
9.843,0.0235215054833637,0.231522178472749,10.6053009131481,0.0582925057066386,0.404751851238859,0.000496396658427911,2.22349716504326e-39,0.0298245495185873,18826.1097162302,16793.4916545143,41619.0647458684,0.466591604190266
9.844,0.0235215054833637,0.231545699978232,10.6053009131481,0.0582984279362136,0.404792972020251,0.000504674445881656,2.83486732511892e-39,0.0300052315726249,18844.9452421398,16810.0984201882,41664.062479025,0.467058429168042
9.845,0.0235215054833637,0.231569221483716,10.6053009131481,0.0583043501657886,0.404834092801642,0.00051307813260378,3.61293384547853e-39,0.0301867833960866,18863.7996129962,16826.721607978,41709.1088628663,0.467525721204288
9.846,0.0235215054833637,0.231592742989199,10.6053009131481,0.0583102723953636,0.404875213583034,0.000521609422460815,4.60276171989633e-39,0.030369207702374,18882.6728476537,16843.3612341232,41754.2039499922,0.467993480766293
9.847,0.0235215054833637,0.231616264494682,10.6053009131481,0.0583161946249386,0.404916334364426,0.000530270038954732,5.86149347548143e-39,0.0305525072046476,18901.5649649857,16860.0173148794,41799.3477930599,0.468461708321818
9.848,0.0235215054833637,0.231639786000166,10.6053009131481,0.0583221168545136,0.404957455145818,0.000539061725397456,7.46155746881917e-39,0.0307366846157708,18920.4759838842,16876.6898665183,41844.5404447834,0.468930404339091
9.849,0.0235215054833637,0.231663307505649,10.6053009131481,0.0583280390840886,0.404998575927209,0.000547986245086191,9.49472079245889e-39,0.0309217426482533,18939.4059232603,16893.3789053276,41889.7819579336,0.469399569286807
9.85,0.0235215054833637,0.231686829011132,10.6053009131481,0.0583339613136636,0.405039696708601,0.000557045381479707,1.20772071094318e-38,0.0311076840141973,18958.3548020438,16910.084447611,41935.0723853385,0.469869203634131
9.851,0.0235215054833637,0.231710350516616,10.6053009131481,0.0583398835432386,0.405080817489993,0.000566240938375263,1.53561566677824e-38,0.0312945114252402,18977.3226391838,16926.8065096887,41980.4117798834,0.470339307850698
9.852,0.0235215054833637,0.231733872022099,10.6053009131481,0.0583458057728136,0.405121938271385,0.000575574740086428,1.95177772546585e-38,0.0314822275924992,18996.309453648,16943.5451078967,42025.8001945106,0.470809882406612
9.853,0.0235215054833637,0.231757393527582,10.6053009131481,0.0583517280023885,0.405163059052776,0.000585048631621588,2.47976246238401e-38,0.0316708352265133,19015.3152644232,16960.3002585873,42071.2376822195,0.471280927772448
9.854,0.0235215054833637,0.231780915033066,10.6053009131481,0.0583576502319635,0.405204179834168,0.000594664478863403,3.14935635932096e-38,0.0318603370371894,19034.3400905153,16977.0719781289,42116.7242960672,0.47175244441925
9.855,0.0235215054833637,0.231804436538549,10.6053009131481,0.0583635724615385,0.40524530061556,0.000604424168748889,3.9982102337224e-38,0.032050735733744,19053.383950949,16993.8602829061,42162.2600891678,0.472224432818537
9.856,0.0235215054833637,0.231827958044033,10.6053009131481,0.0583694946911135,0.405286421396952,0.000614329609450262,5.07389696173316e-38,0.0322420340246457,19072.4468647683,17010.6651893199,42207.8451146931,0.472696893442296
9.857,0.0235215054833637,0.231851479549516,10.6053009131481,0.0583754169206885,0.405327542178343,0.000624382730556696,6.43650268244067e-38,0.0324342346175599,19091.528851036,17027.4867137871,42253.479425872,0.473169826762987
9.858,0.0235215054833637,0.231875001054999,10.6053009131481,0.0583813391502635,0.405368662959735,0.000634585483256676,8.16188850214848e-38,0.0326273402192909,19110.6299288342,17044.3248727411,42299.1630759915,0.473643233253545
9.859,0.0235215054833637,0.231898522560483,10.6053009131481,0.0583872613798385,0.405409783741127,0.000644939840521087,1.03457945744188e-37,0.032821353535723,19129.7501172639,17061.1796826315,42344.8961183957,0.474117113387376
9.86,0.0235215054833637,0.231922044065966,10.6053009131481,0.0583931836094135,0.405450904522518,0.000655447797287195,1.31090020698165e-37,0.0330162772717653,19148.8894354453,17078.0511599239,42390.6786064866,0.474591467638359
9.861,0.0235215054833637,0.231945565571449,10.6053009131481,0.0583991058389885,0.40549202530391,0.000666111370643203,1.66038231588905e-37,0.033212114131293,19168.0479025178,17094.9393211006,42436.510593724,0.47506629648085
9.862,0.0235215054833637,0.231969087076933,10.6053009131481,0.0584050280685635,0.405533146085302,0.000676932600013501,2.10222574442599e-37,0.0334088668170881,19187.2255376397,17111.8441826598,42482.3921336254,0.475541600389676
9.863,0.0235215054833637,0.231992608582416,10.6053009131481,0.0584109502981385,0.405574266866694,0.000687913547344794,2.66062386965195e-37,0.0336065380307834,19206.4223599888,17128.7657611163,42528.3232797662,0.476017379840142
9.864,0.0235215054833637,0.232016130087899,10.6053009131481,0.0584168725277135,0.405615387648085,0.000699056297292775,3.36605025146814e-37,0.0338051304728034,19225.6383887618,17145.7040730011,42574.3040857799,0.476493635308029
9.865,0.0235215054833637,0.232039651593383,10.6053009131481,0.0584227947572884,0.405656508429477,0.000710362957409449,4.25687389270757e-37,0.034004646842305,19244.8736431749,17162.6591348615,42620.3346053573,0.47697036726959
9.866,0.0235215054833637,0.232063173098866,10.6053009131481,0.0584287169868634,0.405697629210869,0.000721835658331334,5.3813860547643e-37,0.0342050898371202,19264.1281424631,17179.6309632613,42666.4148922483,0.477447576201558
9.867,0.0235215054833637,0.23208669460435,10.6053009131481,0.0584346392164384,0.405738749992261,0.000733476553968145,6.80034248862075e-37,0.0344064621536972,19283.4019058812,17196.6195747806,42712.54500026,0.477925262581143
9.868,0.0235215054833637,0.232110216109833,10.6053009131481,0.0584405614460134,0.405779870773652,0.000745287821692126,8.59015089573896e-37,0.0346087664870396,19302.6949527027,17213.624986016,42758.7249832583,0.478403426886029
9.869,0.0235215054833637,0.232133737615316,10.6053009131481,0.0584464836755884,0.405820991555044,0.000757271662528209,1.08468658094029e-36,0.0348120055306501,19322.0073022208,17230.6472135802,42804.9548951667,0.478882069594382
9.87,0.0235215054833637,0.2321572591208,10.6053009131481,0.0584524059051634,0.405862112336436,0.000769430301344614,1.36911934571936e-36,0.0350161819764694,19341.3389737478,17247.6862741027,42851.2347899678,0.479361191184845
9.871,0.0235215054833637,0.232180780626283,10.6053009131481,0.0584583281347384,0.405903233117828,0.000781765987044182,1.72747594833865e-36,0.0352212985148174,19360.6899866154,17264.7421842294,42897.564721702,0.479840792136539
9.872,0.0235215054833637,0.232204302131766,10.6053009131481,0.0584642503643134,0.405944353899219,0.000794280992756196,2.17879551020022e-36,0.0354273578343326,19380.0603601746,17281.8149606223,42943.9447444681,0.480320872929065
9.873,0.0235215054833637,0.23222782363725,10.6053009131481,0.0584701725938884,0.405985474680611,0.000806977616029026,2.74697553292703e-36,0.0356343626219143,19399.4501137958,17298.9046199603,42990.3749124237,0.480801434042504
9.874,0.0235215054833637,0.232251345142733,10.6053009131481,0.0584760948234634,0.406026595462003,0.000819858179023153,3.46200001448589e-36,0.0358423155626613,19418.8592668687,17316.0111789386,43036.855279785,0.481282475957417
9.875,0.0235215054833637,0.232274866648216,10.6053009131481,0.0584820170530384,0.406067716243394,0.000832925028704779,4.36147503904107e-36,0.0360512193398114,19438.2878388025,17333.1346542689,43083.3859008262,0.481763999154846
9.876,0.0235215054833637,0.2322983881537,10.6053009131481,0.0584879392826133,0.406108837024786,0.000846180537040195,5.49254806784384e-36,0.0362610766346829,19457.7358490257,17350.2750626795,43129.966829881,0.482246004116315
9.877,0.0235215054833637,0.232321909659183,10.6053009131481,0.0584938615121883,0.406149957806178,0.000859627101190508,6.9143058676375e-36,0.0364718901266133,19477.2033169864,17367.4324209152,43176.5981213413,0.482728491323828
9.878,0.0235215054833637,0.232345431164667,10.6053009131481,0.0584997837417633,0.40619107858757,0.000873267143706898,8.7007692674357e-36,0.0366836624928976,19496.6902621521,17384.6067457372,43223.2798296579,0.483211461259872
9.879,0.0235215054833637,0.23236895267015,10.6053009131481,0.0585057059713383,0.406232199368961,0.000887103112726605,1.09446318267075e-35,0.0368963964087301,19516.1967040096,17401.7980539237,43270.0120093406,0.483694914407418
9.88,0.0235215054833637,0.232392474175633,10.6053009131481,0.0585116282009133,0.406273320150353,0.000901137482169246,1.37619253804047e-35,0.0371100945471422,19535.7226620655,17419.0063622691,43316.7947149583,0.484178851249919
9.881,0.0235215054833637,0.232415995681117,10.6053009131481,0.0585175504304883,0.406314440931745,0.000915372751933591,1.72978399726421e-35,0.0373247595789407,19555.2681558457,17436.2316875845,43363.6280011382,0.484663272271311
9.882,0.0235215054833637,0.2324395171866,10.6053009131481,0.0585234726600633,0.406355561713137,0.000929811448095083,2.17339809709739e-35,0.0375403941726484,19574.8332048956,17453.4740466977,43410.5119225674,0.485148177956015
9.883,0.0235215054833637,0.232463038692083,10.6053009131481,0.0585293948896383,0.406396682494528,0.000944456123103554,2.72974147259332e-35,0.0377570009944419,19594.4178287804,17470.7334564532,43457.4465339916,0.485633568788938
9.884,0.0235215054833637,0.232486560197567,10.6053009131481,0.0585353171192133,0.40643780327592,0.000959309355981577,3.42719391689861e-35,0.037974582708091,19614.0220470847,17488.0099337119,43504.431890216,0.486119445255472
9.885,0.0235215054833637,0.23251008170305,10.6053009131481,0.0585412393487883,0.406478924057312,0.00097437375252309,4.30121211324573e-35,0.038193141974895,19633.6458794126,17505.3034953515,43551.4680461047,0.486605807841489
9.886,0.0235215054833637,0.232533603208533,10.6053009131481,0.0585471615783633,0.406520044838704,0.000989651945492721,5.39607727525952e-35,0.0384126814536243,19653.289345388,17522.6141582666,43598.5550565815,0.487092657033356
9.887,0.0235215054833637,0.232557124714017,10.6053009131481,0.0585530838079382,0.406561165620095,0.00100514659482529,6.76707010354529e-35,0.0386332038004567,19672.9524646545,17539.9419393682,43645.6929766293,0.487579993317921
9.888,0.0235215054833637,0.2325806462195,10.6053009131481,0.0585590060375132,0.406602286401487,0.00102086038782571,8.48317648736656e-35,0.0388547116689146,19692.635256875,17557.2868555842,43692.8818612905,0.488067817182519
9.889,0.0235215054833637,0.232604167724984,10.6053009131481,0.0585649282670882,0.406643407182879,0.00103679603936952,1.06304521561829e-34,0.0390772077098057,19712.3377417324,17574.6489238591,43740.1217656671,0.488556129114974
9.89,0.0235215054833637,0.232627689230467,10.6053009131481,0.0585708504966632,0.406684527964271,0.00105295629210355,1.33162051340306e-34,0.0393006945711588,19732.0599389292,17592.0281611544,43787.4127449209,0.489044929603601
9.891,0.0235215054833637,0.23265121073595,10.6053009131481,0.0585767727262382,0.406725648745662,0.00106934391664691,1.667419274723e-34,0.0395251748981611,19751.8018681876,17609.4245844481,43834.7548542726,0.489534219137197
9.892,0.0235215054833637,0.232674732241434,10.6053009131481,0.0585826949558132,0.406766769527054,0.00108596171179262,2.08710767786233e-34,0.0397506513330978,19771.5635492495,17626.8382107352,43882.1481490034,0.490023998205053
9.893,0.0235215054833637,0.232698253746917,10.6053009131481,0.0585886171853882,0.406807890308446,0.0011028125047093,2.61144382377723e-34,0.0399771265152883,19791.3450018767,17644.2690570273,43929.592684454,0.490514267296949
9.894,0.0235215054833637,0.2327217752524,10.6053009131481,0.0585945394149632,0.406849011089838,0.00111989915114309,3.26627246973299e-34,0.0402046030810227,19811.1462458504,17661.717140353,43977.0885160246,0.491005026903152
9.895,0.0235215054833637,0.232745296757884,10.6053009131481,0.0586004616445382,0.406890131871229,0.00113722453562024,4.08375913937828e-34,0.0404330836635008,19830.9673009721,17679.1824777577,44024.6356991757,0.491496277514423
9.896,0.0235215054833637,0.232768818263367,10.6053009131481,0.0586063838741132,0.406931252652621,0.00115479157164965,5.10392061955568e-34,0.0406625708927686,19850.8081870627,17696.6650863036,44072.2342894279,0.491988019622013
9.897,0.0235215054833637,0.23279233976885,10.6053009131481,0.0586123061036882,0.406972373434013,0.00117260320192563,6.37652228861409e-34,0.0408930673956538,19870.6689239631,17714.1649830699,44119.8843423611,0.492480253717663
9.898,0.0235215054833637,0.232815861274334,10.6053009131481,0.0586182283332632,0.407013494215404,0.00119066239853126,7.96342928709836e-34,0.0411245757957049,19890.5495315342,17731.6821851523,44167.5859136161,0.492972980293608
9.899,0.0235215054833637,0.232839382779817,10.6053009131481,0.0586241505628382,0.407054614996796,0.00120897216314163,9.9415189613018e-34,0.0413570987131271,19910.4500296564,17749.2167096641,44215.3390588935,0.493466199842575
9.9,0.0235215054833637,0.232862904285301,10.6053009131481,0.0586300727924131,0.407095735778188,0.00122753552722729,1.24062871698919e-33,0.0415906387647173,19930.3704382303,17766.7685737348,44263.143833954,0.493959912857782
9.901,0.0235215054833637,0.232886425790784,10.6053009131481,0.0586359950219881,0.40713685655958,0.00124635555225824,1.54763120316567e-33,0.0418251985638034,19950.3107771763,17784.3377945113,44311.0002946188,0.494454119832944
9.902,0.0235215054833637,0.232909947296267,10.6053009131481,0.0586419172515631,0.407177977340971,0.00126543532990765,1.92987768431932e-33,0.0420607807201789,19970.2710664347,17801.9243891573,44358.9084967694,0.494948821262266
9.903,0.0235215054833637,0.232933468801751,10.6053009131481,0.0586478394811381,0.407219098122363,0.00128477798225604,2.40563008467203e-33,0.0422973878400402,19990.2513259659,17819.5283748536,44406.8684963477,0.495444017640451
9.904,0.0235215054833637,0.232956990307234,10.6053009131481,0.0586537617107131,0.407260218903755,0.00130438666199534,2.99753842868813e-33,0.0425350225259209,20010.2515757501,17837.1497687977,44454.880349356,0.495939709462695
9.905,0.0235215054833637,0.232980511812717,10.6053009131481,0.0586596839402881,0.407301339685147,0.00132426455263339,3.73368452217439e-33,0.0427736873766305,20030.2718357875,17854.7885882043,44502.9441118574,0.496435897224689
9.906,0.0235215054833637,0.233004033318201,10.6053009131481,0.0586656061698631,0.407342460466538,0.00134441486869824,4.64887128594688e-33,0.043013384987189,20050.3121260984,17872.4448503053,44551.0598399753,0.496932581422623
9.907,0.0235215054833637,0.233027554823684,10.6053009131481,0.0586715283994381,0.40738358124793,0.00136484085594257,5.78621494688214e-33,0.043254117948762,20070.3724667231,17890.1185723492,44599.2275898939,0.497429762553179
9.908,0.0235215054833637,0.233051076329167,10.6053009131481,0.0586774506290131,0.407424702029322,0.00138554579154838,7.19911046741247e-33,0.0434958888485984,20090.452877722,17907.809771602,44647.4474178583,0.497927441113539
9.909,0.0235215054833637,0.233074597834651,10.6053009131481,0.0586833728585881,0.407465822810714,0.00140653298433153,8.9536567718108e-33,0.0437387002699653,20110.5533791754,17925.5184653465,44695.7193801743,0.498425617601382
9.91,0.0235215054833637,0.233098119340134,10.6053009131481,0.058689295088163,0.407506943592105,0.00142780577494614,1.11316481817997e-32,0.0439825547920819,20130.6739911839,17943.2446708826,44744.0435332084,0.498924292514884
9.911,0.0235215054833637,0.233121640845618,10.6053009131481,0.058695217317738,0.407548064373497,0.00144936753608945,1.38342628311472e-32,0.0442274549900582,20150.814733868,17960.9884055275,44792.4199333883,0.49942346635272
9.912,0.0235215054833637,0.233145162351101,10.6053009131481,0.058701139547313,0.407589185154889,0.00147122167270627,1.7186608698363e-32,0.0444734034348283,20170.9756273686,17978.7496866154,44840.8486372026,0.499923139614064
9.913,0.0235215054833637,0.233168683856584,10.6053009131481,0.058707061776888,0.40763030593628,0.00149337162219335,2.13433245118392e-32,0.0447204026930853,20191.1566918464,17996.5285314976,44889.329701201,0.500423312798589
9.914,0.0235215054833637,0.233192205362068,10.6053009131481,0.058712984006463,0.407671426717672,0.00151582085460409,2.64954776484119e-32,0.0449684553272185,20211.3579474826,18014.3249575426,44937.8631819942,0.500923986406469
9.915,0.0235215054833637,0.233215726867551,10.6053009131481,0.058718906236038,0.407712547499064,0.00153857287285271,3.28790561020155e-32,0.0452175638952471,20231.5794144785,18032.1389821361,44986.4491362544,0.501425160938376
9.916,0.0235215054833637,0.233239248373034,10.6053009131481,0.058724828465613,0.407753668280456,0.00156163121291863,4.07854188868883e-32,0.0454677309507561,20251.8211130554,18049.9706226809,45035.0876207149,0.501926836895487
9.917,0.0235215054833637,0.233262769878518,10.6053009131481,0.058730750695188,0.407794789061847,0.00158499944405038,5.05741515936754e-32,0.0457189590428296,20272.0830634552,18067.8198965972,45083.7786921703,0.502429014779477
9.918,0.0235215054833637,0.233286291384001,10.6053009131481,0.058736672924763,0.407835909843239,0.00160868116896983,6.26888745718333e-32,0.0459712507159884,20292.3652859397,18085.6868213222,45132.5224074765,0.502931695092522
9.919,0.0235215054833637,0.233309812889484,10.6053009131481,0.058742595154338,0.407877030624631,0.00163268002407588,7.76766744294877e-32,0.046224608510123,20312.6678007912,18103.5714143105,45181.3188235513,0.503434878337306
9.92,0.0235215054833637,0.233333334394968,10.6053009131481,0.058748517383913,0.407918151406023,0.00165699967964789,9.621198017324e-32,0.046479034960428,20332.9906283122,18121.473693034,45230.1679973735,0.503938565017009
9.921,0.0235215054833637,0.233356855900451,10.6053009131481,0.0587544396134879,0.407959272187414,0.00168164384004934,1.19125889381112e-31,0.0467345325973387,20353.3337888255,18139.3936749816,45279.0699859839,0.504442755635319
9.922,0.0235215054833637,0.233380377405935,10.6053009131481,0.0587603618430629,0.408000392968806,0.00170661624393082,1.47442174645968e-31,0.0469911039464644,20373.6973026743,18157.3313776598,45328.0248464849,0.504947450696427
9.923,0.0235215054833637,0.233403898911418,10.6053009131481,0.0587662840726379,0.408041513750198,0.00173192066443275,1.82421475071535e-31,0.047248751528522,20394.0811902221,18175.2868185923,45377.0326360404,0.505452650705028
9.924,0.0235215054833637,0.233427420416901,10.6053009131481,0.0587722063022129,0.40808263453159,0.00175756090938826,2.25615512701726e-31,0.0475074778592732,20414.4854718527,18193.26001532,45426.0934118763,0.505958356166321
9.925,0.0235215054833637,0.233450941922385,10.6053009131481,0.0587781285317879,0.408123755312981,0.00178354082152527,2.7893358260965e-31,0.0477672854494569,20434.9101679706,18211.2509854015,45475.2072312805,0.506464567586014
9.926,0.0235215054833637,0.233474463427868,10.6053009131481,0.0587840507613629,0.408164876094373,0.00180986427866833,3.44724064006495e-31,0.0480281768047229,20455.3552990003,18229.2597464123,45524.3741516025,0.506971285470315
9.927,0.0235215054833637,0.233497984933351,10.6053009131481,0.0587899729909379,0.408205996875765,0.00183653519394042,4.25874307629392e-31,0.0482901544255688,20475.820885387,18247.2863159457,45573.5942302542,0.507478510325944
9.928,0.0235215054833637,0.233521506438835,10.6053009131481,0.0587958952205129,0.408247117657157,0.001863557515964,5.25932995481154e-31,0.0485532208072726,20496.3069475964,18265.3307116121,45622.8675247092,0.507986242660127
9.929,0.0235215054833637,0.233545027944318,10.6053009131481,0.0588018174500879,0.408288238438548,0.00189093522906165,6.49259971443149e-31,0.0488173784398256,20516.8135061144,18283.3929510394,45672.1940925035,0.508494482980593
9.93,0.0235215054833637,0.233568549449801,10.6053009131481,0.0588077396796629,0.40832935921994,0.00191867235345669,8.01209640194735e-31,0.0490826298078694,20537.3405814475,18301.473051873,45721.573991235,0.509003231795586
9.931,0.0235215054833637,0.233592070955285,10.6053009131481,0.0588136619092379,0.408370480001332,0.0019467729454729,9.88355369491097e-31,0.0493489773906285,20557.888194123,18319.5710317757,45771.0072785645,0.509512489613853
9.932,0.0235215054833637,0.233615592460768,10.6053009131481,0.0588195841388129,0.408411600782723,0.00197524109773378,1.21876395841061e-30,0.0496164236618429,20578.4563646884,18337.6869084278,45820.4940122143,0.510022256944651
9.933,0.0235215054833637,0.233639113966252,10.6053009131481,0.0588255063683878,0.408452721564115,0.00200408093936169,1.50233121374615e-30,0.049884971089705,20599.0451137119,18355.8206995271,45870.0342499697,0.510532534297749
9.934,0.0235215054833637,0.233662635471735,10.6053009131481,0.0588314285979628,0.408493842345507,0.00203329663617608,1.85119208346118e-30,0.0501546221367914,20619.6544617822,18373.9724227887,45919.6280496784,0.511043322183424
9.935,0.0235215054833637,0.233686156977218,10.6053009131481,0.0588373508275378,0.408534963126899,0.00206289239089127,2.28022172114499e-30,0.0504253792599982,20640.2844295087,18392.1420959456,45969.2754692504,0.511554621112464
9.936,0.0235215054833637,0.233709678482702,10.6053009131481,0.0588432730571128,0.40857608390829,0.00209287244331353,2.80764740884896e-30,0.0506972449104722,20660.9350375213,18410.3297367479,46018.9765666586,0.512066431596167
9.937,0.0235215054833637,0.233733199988185,10.6053009131481,0.0588491952866878,0.408617204689682,0.00212324107053791,3.45579558096659e-30,0.0509702215335482,20681.6063064707,18428.5353629636,46068.7313999384,0.512578754146344
9.938,0.0235215054833637,0.233756721493668,10.6053009131481,0.0588551175162628,0.408658325471074,0.00215400258714409,4.25200343014099e-30,0.051244311568681,20702.2982570281,18446.758992378,46118.540027188,0.51309158927532
9.939,0.0235215054833637,0.233780242999152,10.6053009131481,0.0588610397458378,0.408699446252466,0.00218516134539142,5.22973093260697e-30,0.0515195174493778,20723.0109098855,18465.0006427942,46168.4025065683,0.513604937495926
9.94,0.0235215054833637,0.233803764504635,10.6053009131481,0.0588669619754128,0.408740567033857,0.00221672173541389,6.42991684051628e-30,0.0517958416031346,20743.7442857555,18483.2603320329,46218.3188963033,0.514118799321512
9.941,0.0235215054833637,0.233827286010118,10.6053009131481,0.0588728842049878,0.408781687815249,0.00224868818541379,7.90263153722616e-30,0.0520732864513688,20764.4984053716,18501.5380779323,46268.2892546799,0.514633175265942
9.942,0.0235215054833637,0.233850807515602,10.6053009131481,0.0588788064345628,0.408822808596641,0.00228106516185468,9.70909098216045e-30,0.0523518544093509,20785.2732894878,18519.8338983482,46318.3136400478,0.515148065843589
9.943,0.0235215054833637,0.233874329021085,10.6053009131481,0.0588847286641378,0.408863929378033,0.00231385716965403,1.19241096994921e-29,0.0526315478861411,20806.068958879,18538.1478111543,46368.39211082,0.515663471569345
9.944,0.0235215054833637,0.233897850526569,10.6053009131481,0.0588906508937128,0.408905050159424,0.00234706875237462,1.46390873901113e-29,0.0529123692845219,20826.8854343409,18556.4798342417,46418.5247254727,0.516179392958616
9.945,0.0235215054833637,0.233921372032052,10.6053009131481,0.0588965731232877,0.408946170940816,0.00238070449241502,1.79656438731839e-29,0.0531943210009292,20847.72273669,18574.8299855193,46468.711542545,0.516695830527322
9.946,0.0235215054833637,0.233944893537535,10.6053009131481,0.0589024953528627,0.408987291722208,0.00241476901119983,2.20400414199656e-29,0.0534774054253898,20868.5808867635,18593.1982829138,46518.9526206398,0.517212784791902
9.947,0.0235215054833637,0.233968415043019,10.6053009131481,0.0589084175824377,0.409028412503599,0.00244926696936834,2.70285630055745e-29,0.0537616249414524,20889.4599054197,18611.5847443696,46569.2480184228,0.51773025626931
9.948,0.0235215054833637,0.233991936548502,10.6053009131481,0.0589143398120127,0.409069533284991,0.00248420306696274,3.31340506316438e-29,0.0540469819261219,20910.3598135375,18629.9893878487,46619.5977946237,0.518248245477018
9.949,0.0235215054833637,0.234015458053985,10.6053009131481,0.0589202620415877,0.409110654066383,0.0025195820436149,4.06038509362843e-29,0.0543334787497912,20931.2806320169,18648.4122313309,46670.0020080351,0.518766752933014
9.95,0.0235215054833637,0.234038979559469,10.6053009131481,0.0589261842711627,0.409151774847775,0.00255540867873291,4.97394673405795e-29,0.0546211177761778,20952.2223817786,18666.853292814,46720.4607175136,0.519285779155806
9.951,0.0235215054833637,0.234062501064952,10.6053009131481,0.0589321065007377,0.409192895629166,0.00259168779168594,6.09082808252902e-29,0.0549099013622552,20973.1850837645,18685.3125903134,46770.9739819794,0.519805324664421
9.952,0.0235215054833637,0.234086022570435,10.6053009131481,0.0589380287303127,0.409234016410558,0.00262842424198817,7.45577773063633e-29,0.0551998318581852,20994.1687589372,18703.7901418622,46821.5418604162,0.520325389978403
9.953,0.0235215054833637,0.234109544075919,10.6053009131481,0.0589439509598877,0.40927513719195,0.00266562292948216,9.12328111484734e-29,0.0554909116072542,21015.1734282805,18722.2859655116,46872.1644118714,0.520845975617819
9.954,0.0235215054833637,0.234133065581402,10.6053009131481,0.0589498731894627,0.409316257973342,0.00270328879452057,1.11596544825778e-28,0.0557831429458054,21036.1991127989,18740.8000793306,46922.8416954568,0.521367082103254
9.955,0.0235215054833637,0.234156587086886,10.6053009131481,0.0589557954190377,0.409357378754733,0.00274142681814675,1.36455837959271e-28,0.0560765282031701,21057.2458335181,18759.3325014059,46973.5737703474,0.521888709955815
9.956,0.0235215054833637,0.234180108592369,10.6053009131481,0.0589617176486126,0.409398499536125,0.00278004202227478,1.66792019552572e-28,0.0563710697016048,21078.313611485,18777.8832498422,47024.3606957827,0.522410859697128
9.957,0.0235215054833637,0.234203630097852,10.6053009131481,0.0589676398781876,0.409439620317517,0.00281913946986772,2.03798170760154e-28,0.0566667697562227,21099.4024677672,18796.4523427622,47075.202531066,0.522933531849346
9.958,0.0235215054833637,0.234227151603336,10.6053009131481,0.0589735621077626,0.409480741098909,0.00285872426511465,2.48924278616116e-28,0.0569636306749256,21120.5124234537,18815.0397983062,47126.0993355648,0.523456726935139
9.959,0.0235215054833637,0.234250673108819,10.6053009131481,0.0589794843373376,0.4095218618803,0.00289880155360706,3.03931901813082e-28,0.0572616547583406,21141.6434996543,18833.6456346328,47177.0511687106,0.523980445477702
9.96,0.0235215054833637,0.234274194614302,10.6053009131481,0.0589854065669126,0.409562982661692,0.00293937652251334,3.70960327422778e-28,0.057560844299752,21162.7957175002,18852.2698699184,47228.0580899996,0.524504688000755
9.961,0.0235215054833637,0.234297716119786,10.6053009131481,0.0589913287964876,0.409604103443084,0.00298045440075202,4.52606603877352e-28,0.0578612015850327,21183.9690981436,18870.9125223573,47279.1201589917,0.525029455028538
9.962,0.0235215054833637,0.234321237625269,10.6053009131481,0.0589972510260626,0.409645224224476,0.00302204045916422,5.52022324329603e-28,0.0581627288925814,21205.1636627578,18889.573610162,47330.2374353118,0.525554747085821
9.963,0.0235215054833637,0.234344759130752,10.6053009131481,0.0590031732556376,0.409686345005867,0.00306414001068409,6.7303062214623e-28,0.0584654284932537,21226.3794325374,18908.2531515627,47381.4099786488,0.526080564697894
9.964,0.0235215054833637,0.234368280636236,10.6053009131481,0.0590090954852126,0.409727465787259,0.00310675841050823,8.20267546486402e-28,0.0587693026502968,21247.6164286983,18926.9511648081,47432.6378487566,0.526606908390577
9.965,0.0235215054833637,0.234391802141719,10.6053009131481,0.0590150177147876,0.409768586568651,0.00314990105626326,9.99352834254813e-28,0.0590743536192804,21268.8746724774,18945.6676681644,47483.9211054532,0.527133778690211
9.966,0.0235215054833637,0.234415323647203,10.6053009131481,0.0590209399443626,0.409809707350042,0.00319357338817264,1.21709611343133e-27,0.059380583648034,21290.1541851329,18964.4026799162,47535.2598086216,0.527661176123668
9.967,0.0235215054833637,0.234438845152686,10.6053009131481,0.0590268621739376,0.409850828131434,0.00323778088922139,1.48174579558556e-27,0.0596879949765787,21311.4549879444,18983.1562183661,47586.6540182097,0.528189101218346
9.968,0.0235215054833637,0.234462366658169,10.6053009131481,0.0590327844035125,0.409891948912826,0.00328252908531916,1.80328938264292e-27,0.0599965898370588,21332.7771022126,19001.9283018349,47638.1037942295,0.528717554502168
9.969,0.0235215054833637,0.234485888163653,10.6053009131481,0.0590387066330875,0.409933069694218,0.00332782354546254,2.19381567284927e-27,0.0603063704536791,21354.1205492597,19020.7189486612,47689.6091967587,0.529246536503589
9.97,0.0235215054833637,0.234509409669136,10.6053009131481,0.0590446288626625,0.409974190475609,0.00337366988189503,2.66795146091456e-27,0.0606173390426368,21375.4853504292,19039.5281772022,47741.1702859395,0.529776047751591
9.971,0.0235215054833637,0.234532931174619,10.6053009131481,0.0590505510922375,0.410015311257001,0.00342007375026531,3.24338785624373e-27,0.0609294978120534,21396.8715270857,19058.3560058328,47792.7871219793,0.530306088775685
9.972,0.0235215054833637,0.234556452680103,10.6053009131481,0.0590564733218125,0.410056432038393,0.00346704084978475,3.94151437295139e-27,0.0612428489619115,21418.2791006156,19077.2024529463,47844.4597651503,0.530836660105911
9.973,0.0235215054833637,0.234579974185586,10.6053009131481,0.0590623955513875,0.410097552819785,0.00351457692338227,4.78818257377059e-27,0.0615573946839875,21439.7080924264,19096.0675369544,47896.1882757906,0.531367762272843
9.974,0.0235215054833637,0.234603495691069,10.6053009131481,0.0590683177809625,0.410138673601176,0.00356268775785769,5.81462539370189e-27,0.0618731371617831,21461.1585239471,19114.9512762865,47947.9727143024,0.53189939580758
9.975,0.0235215054833637,0.234627017196553,10.6053009131481,0.0590742400105375,0.410179794382568,0.00361137918403385,7.05856346728044e-27,0.062190078570463,21482.630416628,19133.8536893905,47999.8131411544,0.532431561241757
9.976,0.0235215054833637,0.234650538702036,10.6053009131481,0.0590801622401125,0.41022091516396,0.00366065707690629,8.56553600120973e-27,0.0625082210767858,21504.1237919412,19152.7747947328,48051.7096168797,0.53296425910754
9.977,0.0235215054833637,0.23467406020752,10.6053009131481,0.0590860844696875,0.410262035945352,0.00371052735579151,1.03905011692803e-26,0.0628275668390398,21525.6386713799,19171.7146107976,48103.6622020776,0.533497489937627
9.978,0.0235215054833637,0.234697581713003,10.6053009131481,0.0590920066992624,0.410303156726743,0.00376099598447284,1.25997598935799e-26,0.0631481180069743,21547.1750764592,19190.6731560875,48155.6709574123,0.534031254265248
9.979,0.0235215054833637,0.234721103218486,10.6053009131481,0.0590979289288374,0.410344277508135,0.00381206897134534,1.52732674947658e-26,0.063469876721737,21568.7330287152,19209.6504491237,48207.7359436141,0.534565552624167
9.98,0.0235215054833637,0.23474462472397,10.6053009131481,0.0591038511584124,0.410385398289527,0.00386375236955794,1.85074103767895e-26,0.0637928451158063,21590.3125497062,19228.6465084453,48259.8572214786,0.535100385548685
9.981,0.0235215054833637,0.234768146229453,10.6053009131481,0.0591097733879874,0.410426519070919,0.00391605227715364,2.24183400536945e-26,0.0641170253129242,21611.9136610114,19247.6613526101,48312.0348518673,0.535635753573632
9.982,0.0235215054833637,0.234791667734936,10.6053009131481,0.0591156956175624,0.41046763985231,0.00396897483720847,2.71459748977693e-26,0.0644424194280331,21633.5363842321,19266.6950001939,48364.2688957074,0.536171657234377
9.983,0.0235215054833637,0.23481518924042,10.6053009131481,0.0591216178471374,0.410508760633702,0.00402252623796769,3.28588015477081e-26,0.0647690295672089,21655.1807409911,19285.7474697912,48416.5594139922,0.536708097066825
9.984,0.0235215054833637,0.234838710745903,10.6053009131481,0.0591275400767124,0.410549881415094,0.00407671271297982,3.97596336263237e-26,0.0650968578275935,21676.8467529325,19304.8187800146,48468.9064677806,0.537245073607414
9.985,0.0235215054833637,0.234862232251386,10.6053009131481,0.0591334623062874,0.410591002196485,0.00413154054122948,4.80925160670931e-26,0.0654259062973324,21698.5344417225,19323.9089494953,48521.3101181978,0.537782587393121
9.986,0.0235215054833637,0.23488575375687,10.6053009131481,0.0591393845358624,0.410632122977877,0.00418701604726723,5.81509998717027e-26,0.0657561770555075,21720.2438290488,19343.0179968828,48573.7704264351,0.538320638961461
9.987,0.0235215054833637,0.234909275262353,10.6053009131481,0.0591453067654374,0.410673243759269,0.0042431456013372,7.02880556266727e-26,0.0660876721720698,21741.9749366207,19362.1459408452,48626.2874537496,0.538859228850484
9.988,0.0235215054833637,0.234932796767837,10.6053009131481,0.0591512289950124,0.410714364540661,0.0042999356195034,8.49279459105734e-26,0.0664203937077776,21763.7277861694,19381.2928000689,48678.8612614649,0.539398357598781
9.989,0.0235215054833637,0.23495631827332,10.6053009131481,0.0591571512245874,0.410755485322052,0.00435739256377298,1.02580438382693e-25,0.0667543437141292,21785.5023994477,19400.458593259,48731.4919109713,0.539938025745482
9.99,0.0235215054833637,0.234979839778803,10.6053009131481,0.0591630734541624,0.410796606103444,0.00441552294221711,1.2385781470808e-25,0.067089524233296,21807.2987982301,19419.6433391387,48784.1794637244,0.540478233830252
9.991,0.0235215054833637,0.235003361284287,10.6053009131481,0.0591689956837373,0.410837726884836,0.00447433330909049,1.49495217730067e-25,0.0674259372980607,21829.1170043132,19438.84705645,48836.9239812474,0.541018982393301
9.992,0.0235215054833637,0.23502688278977,10.6053009131481,0.0591749179133123,0.410878847666228,0.00453383026494762,1.8037498303934e-25,0.0677635849317504,21850.9570395151,19458.0697639536,48889.7255251293,0.541560271975379
9.993,0.0235215054833637,0.235050404295253,10.6053009131481,0.0591808401428873,0.410919968447619,0.00459402045675666,2.17555724377791e-25,0.0681024691481699,21872.8189256759,19477.3114804283,48942.5841570259,0.542102103117772
9.994,0.0235215054833637,0.235073925800737,10.6053009131481,0.0591867623724623,0.410961089229011,0.00465491057801185,2.62307088782516e-25,0.06844259195154,21894.7026846574,19496.5722246719,48995.4999386597,0.542644476362314
9.995,0.0235215054833637,0.23509744730622,10.6053009131481,0.0591926846020373,0.411002210010403,0.00471650736884233,3.16151271308758e-25,0.0687839553364308,21916.6083383434,19515.8520155004,49048.47293182,0.543187392251378
9.996,0.0235215054833637,0.235120968811703,10.6053009131481,0.0591986068316123,0.411043330791795,0.00477881761611929,3.80912585649659e-25,0.0691265612876974,21938.5359086396,19535.1508717488,49101.5031983627,0.54373085132788
9.997,0.0235215054833637,0.235144490317187,10.6053009131481,0.0592045290611873,0.411084451573186,0.00484184815355971,4.58776631981987e-25,0.0694704117804132,21960.4854174736,19554.4688122704,49154.5908002106,0.544274854135278
9.998,0.0235215054833637,0.23516801182267,10.6053009131481,0.0592104512907623,0.411125572354578,0.00490560586182883,5.52360894000989e-25,0.069815508779809,21982.4568867947,19573.8058559373,49207.7357993536,0.544819401217575
9.999,0.0235215054833637,0.235191533328154,10.6053009131481,0.0592163735203373,0.41116669313597,0.00497009766863896,6.64798941714747e-25,0.0701618542412065,22004.4503385747,19593.1620216403,49260.9382578488,0.54536449311932
10,0.0235215054833637,0.235215054833637,10.6053009131481,0.0592222957499123,0.411207813917361,0.00503533054884562,7.99840825031469e-25,0.0705094501099518,22026.4657948067,19612.5373282888,49314.1982378197,0.545910130385602
10.001,0.0235215054833637,0.23523857633912,10.6053009131481,0.0592282179794872,0.411248934698753,0.00510131152454212,9.61972727131598e-25,0.0708582983213554,22048.5032775064,19631.9317948108,49367.5158014576,0.54645631356206
10.002,0.0235215054833637,0.235262097844604,10.6053009131481,0.0592341402090622,0.411290055480145,0.0051680476651503,1.15655951979823e-24,0.0712084008006254,22070.5628087112,19651.3454401533,49420.8910110212,0.547003043194879
10.003,0.0235215054833637,0.235285619350087,10.6053009131481,0.0592400624386372,0.411331176261537,0.00523554608750868,1.39001454149503e-24,0.0715597594628024,22092.6444104807,19670.7782832818,49474.3239288356,0.547550319830785
10.004,0.0235215054833637,0.23530914085557,10.6053009131481,0.0592459846682122,0.411372297042928,0.00530381395595867,1.67000172210599e-24,0.0719123762126982,22114.7481048964,19690.2303431807,49527.8146172941,0.548098144017056
10.005,0.0235215054833637,0.235332662361054,10.6053009131481,0.0592519068977872,0.41141341782432,0.00537285848242717,2.00567612835385e-24,0.072266252944831,22136.8739140621,19709.701638853,49581.3631388573,0.548646516301519
10.006,0.0235215054833637,0.235356183866537,10.6053009131481,0.0592578291273622,0.411454538605712,0.0054426869265061,2.40797012750251e-24,0.0726213915433591,22159.0218601035,19729.1921893206,49634.9695560532,0.549195437232542
10.007,0.0235215054833637,0.23537970537202,10.6053009131481,0.0592637513569372,0.411495659387104,0.00551330659553028,2.88993369516861e-24,0.0729777938820212,22181.1919651686,19748.7020136241,49688.6339314773,0.549744907359048
10.008,0.0235215054833637,0.235403226877504,10.6053009131481,0.0592696735865122,0.411536780168495,0.00558472484465107,3.46713896256764e-24,0.0733354618240706,22203.3842514275,19768.2311308233,49742.3563277931,0.550294927230508
10.009,0.0235215054833637,0.235426748382987,10.6053009131481,0.0592755958160872,0.411577900949887,0.0056569490769079,4.15816095250154e-24,0.0736943972222125,22225.5987410726,19787.7795599965,49796.1368077316,0.550845497396941
10.01,0.0235215054833637,0.235450269888471,10.6053009131481,0.0592815180456622,0.411619021731279,0.00572998674329598,4.98514864248517e-24,0.0740546019185385,22247.8354563182,19807.3473202408,49849.9754340917,0.551396618408917
10.011,0.0235215054833637,0.235473791393954,10.6053009131481,0.0592874402752372,0.411660142512671,0.00580384534283227,5.97450307731997e-24,0.0744160777444674,22270.0944194012,19826.9344306723,49903.8722697401,0.551948290817557
10.012,0.0235215054833637,0.235497312899437,10.6053009131481,0.0592933625048122,0.411701263294062,0.00587853242261727,7.15768230204433e-24,0.0747788265206797,22292.3756525804,19846.5409104263,49957.8273776118,0.552500515174535
10.013,0.0235215054833637,0.235520834404921,10.6053009131481,0.0592992847343871,0.411742384075454,0.00595405557789367,8.57215648191869e-24,0.0751428500570533,22314.6791781371,19866.1667786566,50011.8408207093,0.553053292032074
10.014,0.0235215054833637,0.235544355910404,10.6053009131481,0.0593052069639621,0.411783504856846,0.00603042245210309,1.02625408154e-23,0.0755081501526041,22337.0050183749,19885.8120545361,50065.9126621039,0.55360662194295
10.015,0.0235215054833637,0.235567877415887,10.6053009131481,0.0593111291935371,0.411824625638238,0.00610764073693841,1.22819388421445e-23,0.0758747285954218,22359.3531956196,19905.4767572566,50120.0429649344,0.554160505460495
10.016,0.0235215054833637,0.235591398921371,10.6053009131481,0.0593170514231121,0.411865746419629,0.00618571817239295,1.46935346340399e-23,0.076242587162605,22381.7237322193,19925.160906029,50174.2317924083,0.554714943138592
10.017,0.0235215054833637,0.235614920426854,10.6053009131481,0.0593229736526871,0.411906867201021,0.00626466254680758,1.75724792888088e-23,0.0766117276202029,22404.1166505446,19944.8645200831,50228.4792078012,0.555269935531677
10.018,0.0235215054833637,0.235638441932337,10.6053009131481,0.0593288958822621,0.411947987982413,0.00634448169691336,2.10081253053793e-23,0.0769821517231513,22426.5319729884,19964.5876186678,50282.7852744576,0.555825483194745
10.019,0.0235215054833637,0.235661963437821,10.6053009131481,0.0593348181118371,0.411989108763805,0.00642518350787086,2.51066720222852e-23,0.0773538612152083,22448.9697219661,19984.3302210509,50337.1500557896,0.556381586683342
10.02,0.0235215054833637,0.235685484943304,10.6053009131481,0.0593407403414121,0.412030229545196,0.00650677591330737,2.99942965952856e-23,0.077726857828896,22471.4299199153,20004.0923465195,50391.5736152788,0.556938246553572
10.021,0.0235215054833637,0.235709006448788,10.6053009131481,0.0593466625709871,0.412071350326588,0.00658926689534949,3.5820858271399e-23,0.0781011432854372,22493.9125892964,20023.8740143794,50446.0560164748,0.557495463362096
10.022,0.0235215054833637,0.235732527954271,10.6053009131481,0.0593525848005621,0.41211247110798,0.00667266448465228,4.276427932753e-23,0.0784767192946916,22516.4177525919,20043.6752439559,50500.5973229962,0.558053237666128
10.023,0.0235215054833637,0.235756049459754,10.6053009131481,0.0593585070301371,0.412153591889371,0.00675697676042628,5.10357243842374e-23,0.0788535875550978,22538.945432307,20063.496054593,50555.1975985302,0.558611570023445
10.024,0.0235215054833637,0.235779570965238,10.6053009131481,0.0593644292597121,0.412194712670763,0.00684221185045969,6.0885721348312e-23,0.0792317497536107,22561.4956509695,20083.3364656542,50609.8569068332,0.559170460992379
10.025,0.0235215054833637,0.235803092470721,10.6053009131481,0.059370351489287,0.412235833452155,0.00692837793113707,7.26113925316966e-23,0.0796112075656374,22584.0684311295,20103.196496522,50664.57531173,0.55972991113182
10.026,0.0235215054833637,0.235826613976204,10.6053009131481,0.059376273718862,0.412276954233547,0.00701548322745578,8.65649941799457e-23,0.0799919626549812,22606.6637953597,20123.0761665979,50719.3528771149,0.560289921001219
10.027,0.0235215054833637,0.235850135481688,10.6053009131481,0.059382195948437,0.412318075014938,0.00710353601303738,1.03163997469596e-22,0.0803740166737767,22629.2817662557,20142.9754953028,50774.1896669509,0.560850491160585
10.028,0.0235215054833637,0.235873656987171,10.6053009131481,0.059388118178012,0.41235919579633,0.00719254461013627,1.22902984877302e-22,0.0807573712624317,22651.9223664354,20162.8945020769,50829.0857452707,0.561411622170491
10.029,0.0235215054833637,0.235897178492654,10.6053009131481,0.059394040407587,0.412400316577722,0.00728251738964372,1.46367683703216e-22,0.081142028049563,22674.5856185392,20182.8332063793,50884.0411761755,0.561973314592064
10.03,0.0235215054833637,0.235920699998138,10.6053009131481,0.059399962637162,0.412441437359114,0.00737346277108984,1.74251514640762e-22,0.0815279886519405,22697.2715452306,20202.7916276886,50939.0560238363,0.562535568986999
10.031,0.0235215054833637,0.235944221503621,10.6053009131481,0.059405884866737,0.412482558140505,0.00746538922264035,2.07375099010532e-22,0.0819152546744248,22719.9801691955,20222.7697855024,50994.1303524934,0.56309838591755
10.032,0.0235215054833637,0.235967743009105,10.6053009131481,0.059411807096312,0.412523678921897,0.00755830526108952,2.46709245241138e-22,0.0823038277099049,22742.7115131424,20242.767699338,51049.2642264565,0.563661765946534
10.033,0.0235215054833637,0.235991264514588,10.6053009131481,0.059417729325887,0.412564799703289,0.00765221945185094,2.93402025269317e-22,0.0826937093392429,22765.4655998026,20262.7853887317,51104.4577101047,0.56422570963733
10.034,0.0235215054833637,0.236014786020071,10.6053009131481,0.059423651555462,0.412605920484681,0.00774714040894277,3.48810656942024e-22,0.0830849011312117,22788.2424519305,20282.8228732391,51159.7108678872,0.564790217553884
10.035,0.0235215054833637,0.236038307525555,10.6053009131481,0.059429573785037,0.412647041266072,0.00784307679496932,4.14539031799357e-22,0.0834774046424335,22811.0420923026,20302.8801724351,51215.023764322,0.565355290260702
10.036,0.0235215054833637,0.236061829031038,10.6053009131481,0.0594354960146119,0.412688162047464,0.00794003732110002,4.92481871774774e-22,0.0838712214173246,22833.8645437187,20322.9573059143,51270.3964639979,0.565920928322857
10.037,0.0235215054833637,0.236085350536521,10.6053009131481,0.0594414182441869,0.412729282828856,0.00803803074704298,5.84876666831327e-22,0.0842663529880338,22856.7098290013,20343.0542932903,51325.8290315726,0.566487132305987
10.038,0.0235215054833637,0.236108872042005,10.6053009131481,0.0594473404737619,0.412770403610248,0.00813706588101545,6.94364742400915e-22,0.0846628008743841,22879.5779709956,20363.1711541964,51381.3215317745,0.567053902776298
10.039,0.0235215054833637,0.236132393547488,10.6053009131481,0.0594532627033369,0.412811524391639,0.00823715157970936,8.24063035381289e-22,0.0850605665838117,22902.4689925698,20383.307908285,51436.8740294013,0.567621240300558
10.04,0.0235215054833637,0.236155915052971,10.6053009131481,0.0594591849329119,0.412852645173031,0.00833829674825436,9.77648425834741e-22,0.0854596516113113,22925.3829166149,20403.4645752281,51492.4865893212,0.568189145446105
10.041,0.0235215054833637,0.236179436558455,10.6053009131481,0.0594651071624869,0.412893765954423,0.00844051034017552,1.15945678472982e-21,0.0858600574393753,22948.3197660449,20423.6411747173,51548.1592764724,0.568757618780847
10.042,0.0235215054833637,0.236202958063938,10.6053009131481,0.0594710293920619,0.412934886735814,0.00854380135734659,1.37459926344301e-21,0.0862617855379342,22971.2795637965,20443.8377264633,51603.8921558633,0.569326660873253
10.043,0.0235215054833637,0.236226479569422,10.6053009131481,0.0594769516216369,0.412976007517206,0.00864817884994101,1.62909877680623e-21,0.0866648373643019,22994.2623328295,20464.0542501966,51659.6852925724,0.569896272292368
10.044,0.0235215054833637,0.236250001074905,10.6053009131481,0.0594828738512119,0.413017128298598,0.00875365191637697,1.93005012813423e-21,0.0870692143631164,23017.2680961269,20484.2907656672,51715.5387517492,0.570466453607804
10.045,0.0235215054833637,0.236273522580388,10.6053009131481,0.0594887960807869,0.41305824907999,0.00886022970325828,2.28580780339519e-21,0.0874749179662796,23040.2968766942,20504.5472926445,51771.4525986127,0.57103720538974
10.046,0.0235215054833637,0.236297044085872,10.6053009131481,0.0594947183103618,0.413099369861381,0.00896792140531275,2.7062061357937e-21,0.0878819495929041,23063.3486975604,20524.8238509174,51827.4268984532,0.571608528208929
10.047,0.0235215054833637,0.236320565591355,10.6053009131481,0.0595006405399369,0.413140490642773,0.00907673626532454,3.20281732691091e-21,0.0882903106492544,23086.4235817771,20545.1204602946,51883.4617166313,0.572180422636694
10.048,0.0235215054833637,0.236344087096838,10.6053009131481,0.0595065627695118,0.413181611424165,0.00918668357406227,3.78925372411706e-21,0.0887000025286869,23109.5215524194,20565.4371406042,51939.5571185781,0.572752889244929
10.049,0.0235215054833637,0.236367608602322,10.6053009131481,0.0595124849990868,0.413222732205557,0.00929777267020442,4.48152181688733e-21,0.089111026611598,23132.6426325851,20585.773911694,51995.7131697958,0.573325928606101
10.05,0.0235215054833637,0.236391130107805,10.6053009131481,0.0595184072286618,0.413263852986948,0.0094100129402588,5.29843665083693e-21,0.0895233842653648,23155.7868453955,20606.1307934314,52051.929935857,0.57389954129325
10.051,0.0235215054833637,0.236414651613288,10.6053009131481,0.0595243294582368,0.41330497376834,0.0095234138184775,6.2621067955424e-21,0.0899370768442872,23178.9542139945,20626.5078057033,52108.2074824057,0.574473727879988
10.052,0.0235215054833637,0.236438173118772,10.6053009131481,0.0595302516878118,0.413346094549732,0.00963798478676919,7.39850167253313e-21,0.0903521056895353,23202.1447615497,20646.9049684165,52164.5458751562,0.575048488940501
10.053,0.0235215054833637,0.236461694624255,10.6053009131481,0.0595361739173868,0.413387215331124,0.00975373537460528,8.73811499024705e-21,0.0907684721290915,23225.3585112517,20667.3223014975,52220.9451798948,0.575623825049552
10.054,0.0235215054833637,0.236485216129739,10.6053009131481,0.0595420961469618,0.413428336112515,0.00987067515892141,1.03167402862059e-20,0.0911861774776929,23248.5954863141,20687.7598248922,52277.4054624778,0.576199736782475
10.055,0.0235215054833637,0.236508737635222,10.6053009131481,0.0595480183765368,0.413469456893907,0.00998881376401657,1.21763771926134e-20,0.09160522303678,23271.8557099738,20708.2175585665,52333.9267888336,0.576776224715183
10.056,0.0235215054833637,0.236532259140705,10.6053009131481,0.0595539406061118,0.413510577675299,0.0101081608614454,1.43662900770712e-20,0.0920256100944387,23295.1392054913,20728.6955225061,52390.5092249616,0.577353289424165
10.057,0.0235215054833637,0.236555780646189,10.6053009131481,0.0595598628356868,0.41355169845669,0.0102287261699064,1.69442442313822e-20,0.0924473399253434,23318.4459961499,20749.1937367161,52447.1528369323,0.577930931486483
10.058,0.0235215054833637,0.236579302151672,10.6053009131481,0.0595657850652618,0.413592819238082,0.0103505194551268,1.99779488644586e-20,0.0928704137907069,23341.7761052564,20769.7122212217,52503.8576908879,0.578509151479781
10.059,0.0235215054833637,0.236602823657155,10.6053009131481,0.0595717072948367,0.413633940019474,0.0104735505297415,2.35467408879137e-20,0.0932948329382221,23365.129556141,20790.2509960679,52560.6238530421,0.579087949982278
10.06,0.0235215054833637,0.236626345162639,10.6053009131481,0.0595776295244117,0.413675060800866,0.0105978292531681,2.77435489667041e-20,0.0937205986020094,23388.5063721571,20810.8100813193,52617.4513896802,0.579667327572775
10.061,0.0235215054833637,0.236649866668122,10.6053009131481,0.0595835517539867,0.413716181582257,0.0107233655314755,3.26771836584247e-20,0.0941477120025599,23411.9065766815,20831.3894970605,52674.3403671591,0.580247284830646
10.062,0.0235215054833637,0.236673388173605,10.6053009131481,0.0595894739835617,0.413757302363649,0.0108501693172513,3.84750068187245e-20,0.0945761743466853,23435.3301931144,20851.989263396,52731.2908519073,0.580827822335851
10.063,0.0235215054833637,0.236696909679089,10.6053009131481,0.0595953962131367,0.413798423145041,0.0109782506094611,4.52860419609537e-20,0.0950059868274624,23458.7772448795,20872.6094004501,52788.3029104256,0.581408940668928
10.064,0.0235215054833637,0.236720431184572,10.6053009131481,0.0596013184427117,0.413839543926433,0.011107619453304,5.3284597104897e-20,0.0954371506241773,23482.2477554237,20893.2499283669,52845.3766092859,0.581990640410992
10.065,0.0235215054833637,0.236743952690056,10.6053009131481,0.0596072406722867,0.413880664707824,0.0112382859400643,6.26744830371297e-20,0.0958696669022766,23505.7417482177,20913.9108673107,52902.512015133,0.582572922143746
10.066,0.0235215054833637,0.236767474195539,10.6053009131481,0.0596131629018617,0.413921785489216,0.0113702602069578,7.36939230699206e-20,0.0963035368133125,23529.2592467554,20934.5922374656,52959.7091946831,0.583155786449471
10.067,0.0235215054833637,0.236790995701022,10.6053009131481,0.0596190851314367,0.413962906270608,0.0115035524369718,8.66212655995285e-20,0.0967387614948871,23552.8002745543,20955.2940590355,53016.9682147248,0.583739233911031
10.068,0.0235215054833637,0.236814517206506,10.6053009131481,0.0596250073610117,0.414004027052,0.0116381728587031,1.01781628339623e-19,0.0971753420706055,23576.3648551555,20976.0163522444,53074.2891421187,0.584323265111873
10.069,0.0235215054833637,0.236838038711989,10.6053009131481,0.0596309295905866,0.414045147833391,0.0117741317461885,1.19554623399609e-19,0.0976132796500196,23599.9530121234,20996.7591373364,53131.6720437981,0.584907880636028
10.07,0.0235215054833637,0.236861560217472,10.6053009131481,0.0596368518201616,0.414086268614783,0.0119114394187319,1.40383335805066e-19,0.0980525753285782,23623.5647690464,21017.5224345755,53189.1169867682,0.585493081068114
10.071,0.0235215054833637,0.236885081722956,10.6053009131481,0.0596427740497366,0.414127389396175,0.0120501062407251,1.64784755088829e-19,0.098493230187572,23647.200149536,21038.3062642459,53246.624038107,0.586078866993329
10.072,0.0235215054833637,0.236908603228439,10.6053009131481,0.0596486962793116,0.414168510177567,0.0121901426214657,1.93361890762569e-19,0.0989352452940869,23670.8591772278,21059.1106466515,53304.1932649647,0.58666523899746
10.073,0.0235215054833637,0.236932124733922,10.6053009131481,0.0596546185088866,0.414209630958958,0.012331559014968,2.26817838429394e-19,0.0993786217009504,23694.5418757808,21079.9356021167,53361.8247345645,0.58725219766688
10.074,0.0235215054833637,0.236955646239406,10.6053009131481,0.0596605407384616,0.41425075174035,0.012474365919769,2.65972104736887e-19,0.0998233604466783,23718.2482688776,21100.7811509857,53419.5185142018,0.587839743588545
10.075,0.0235215054833637,0.236979167744889,10.6053009131481,0.0596664629680366,0.414291872521742,0.0126185738787313,3.11779547113944e-19,0.100269462555429,23741.9783802246,21121.647313623,53477.2746712452,0.588427877350003
10.076,0.0235215054833637,0.237002689250373,10.6053009131481,0.0596723851976116,0.414332993303134,0.0127641934788392,3.65352339220731e-19,0.100716929036949,23765.732233552,21142.5341104132,53535.0932731359,0.589016599539388
10.077,0.0235215054833637,0.237026210755856,10.6053009131481,0.0596783074271866,0.414374114084525,0.0129112353509886,4.27985436349457e-19,0.101165760886525,23789.5098526136,21163.4415617609,53592.9743873881,0.589605910745421
10.078,0.0235215054833637,0.237049732261339,10.6053009131481,0.0596842296567616,0.414415234865917,0.0130597101697756,5.01186087872782e-19,0.101615959084933,23813.3112611871,21184.369688091,53650.9180815888,0.590195811557413
10.079,0.0235215054833637,0.237073253766823,10.6053009131481,0.0596901518863366,0.414456355647309,0.0132096286532764,5.86708027652425e-19,0.10206752459839,23837.1364830738,21205.3185098488,53708.9244233986,0.590786302565268
10.08,0.0235215054833637,0.237096775272306,10.6053009131481,0.0596960741159116,0.4144974764287,0.0133610015628225,6.86591069714285e-19,0.102520458378501,23860.9855420989,21226.2880474993,53766.9934805504,0.591377384359473
10.081,0.0235215054833637,0.237120296777789,10.6053009131481,0.0597019963454865,0.414538597210092,0.0135138397027731,8.0320694730691e-19,0.102974761362215,23884.8584621116,21247.2783215283,53825.1253208512,0.591969057531112
10.082,0.0235215054833637,0.237143818283273,10.6053009131481,0.0597079185750615,0.414579717991484,0.0136681539202799,9.3931236079095e-19,0.103430434471774,23908.7552669848,21268.2893524416,53883.3200121809,0.592561322671859
10.083,0.0235215054833637,0.237167339788756,10.6053009131481,0.0597138408046365,0.414620838772876,0.0138239551050467,1.09811034608164e-18,0.103887478614661,23932.6759806152,21289.3211607652,53941.5776224926,0.593154180373976
10.084,0.0235215054833637,0.237190861294239,10.6053009131481,0.0597197630342115,0.414661959554267,0.0139812541890859,1.28332124332904e-18,0.10434589468356,23956.6206269236,21310.3737670454,53999.8982198133,0.593747631230324
10.085,0.0235215054833637,0.237214382799723,10.6053009131481,0.0597256852637865,0.414703080335659,0.0141400621464676,1.49926473830533e-18,0.1048056835563,23980.5892298546,21331.4471918492,54058.2818722434,0.594341675834353
10.086,0.0235215054833637,0.237237904305206,10.6053009131481,0.0597316074933615,0.414744201117051,0.0143003899930635,1.75095467018867e-18,0.105266846095811,24004.5818133768,21352.5414557633,54116.7286479566,0.594936314780107
10.087,0.0235215054833637,0.23726142581069,10.6053009131481,0.0597375297229365,0.414785321898443,0.0144622487862874,2.04420855316367e-18,0.105729383150077,24028.5984014829,21373.6565793954,54175.2386152007,0.595531548662225
10.088,0.0235215054833637,0.237284947316173,10.6053009131481,0.0597434519525115,0.414826442679834,0.0146256496248287,2.38577405016351e-18,0.106193295552087,24052.6390181893,21394.792583373,54233.8118422974,0.596127378075942
10.089,0.0235215054833637,0.237308468821656,10.6053009131481,0.0597493741820865,0.414867563461226,0.0147906036483798,2.78347497051054e-18,0.106658584119789,24076.7036875368,21415.9494883446,54292.4483976417,0.596723803617087
10.09,0.0235215054833637,0.23733199032714,10.6053009131481,0.0597552964116615,0.414908684242618,0.0149571220373611,3.24637974522195e-18,0.107125249656046,24100.79243359,21437.1273149785,54351.1483497031,0.597320825882084
10.091,0.0235215054833637,0.237355511832623,10.6053009131481,0.0597612186412365,0.414949805024009,0.0151252160126379,3.78499577122425e-18,0.107593292948586,24124.9052804375,21458.3260839639,54409.9117670247,0.597918445467957
10.092,0.0235215054833637,0.237379033338106,10.6053009131481,0.0597671408708115,0.414990925805401,0.015294896835233,4.41149351660256e-18,0.108062714769959,24149.0422521925,21479.5458160102,54468.7387182243,0.598516662972326
10.093,0.0235215054833637,0.23740255484359,10.6053009131481,0.0597730631003864,0.415032046586793,0.015466175806033,5.13996485218187e-18,0.108533515877487,24173.2033729916,21500.7865318474,54527.629271993,0.599115478993408
10.094,0.0235215054833637,0.237426076349073,10.6053009131481,0.0597789853299614,0.415073167368185,0.0156390642654915,5.98672073048182e-18,0.109005697013224,24197.3886669962,21522.0482522261,54586.5834970971,0.599714894130018
10.095,0.0235215054833637,0.237449597854556,10.6053009131481,0.0597849075595364,0.415114288149576,0.0158135735933242,6.97063408289198e-18,0.109479258903912,24221.5981583914,21543.3309979172,54645.6014623767,0.600314908981573
10.096,0.0235215054833637,0.23747311936004,10.6053009131481,0.0597908297891114,0.415155408930968,0.0159897152081991,8.11353466310815e-18,0.109954202260926,24245.8318713868,21564.6347897121,54704.6832367464,0.600915524148086
10.097,0.0235215054833637,0.237496640865523,10.6053009131481,0.0597967520186864,0.41519652971236,0.0161675005674235,9.44066354435253e-18,0.110430527780242,24270.0898302161,21585.9596484231,54763.8288891952,0.601516740230174
10.098,0.0235215054833637,0.237520162371007,10.6053009131481,0.0598026742482614,0.415237650493752,0.0163469411666224,1.09811960966735e-17,0.110908236142387,24294.3720591373,21607.3055948828,54823.0384887873,0.602118557829053
10.099,0.0235215054833637,0.23754368387649,10.6053009131481,0.0598085964778364,0.415278771275143,0.0165280485394125,1.27688435481584e-17,0.111387328012394,24318.6785824325,21628.6726499444,54882.3121046607,0.602720977546538
10.1,0.0235215054833637,0.237567205381973,10.6053009131481,0.0598145187074114,0.415319892056535,0.0167108342570726,1.48425446920727e-17,0.111867804039762,24343.0094244084,21650.0608344819,54941.6498060287,0.603323999985052
10.101,0.0235215054833637,0.237590726887457,10.6053009131481,0.0598204409369864,0.415361012837927,0.0168953099282054,1.72472609655755e-17,0.11234966485841,24367.3646093957,21671.4701693898,55001.0516621794,0.603927625747616
10.102,0.0235215054833637,0.23761424839294,10.6053009131481,0.0598263631665614,0.415402133619319,0.0170814871983964,2.00348900233124e-17,0.112832911086638,24391.7441617496,21692.9006755833,55060.5177424757,0.604531855437857
10.103,0.0235215054833637,0.237637769898423,10.6053009131481,0.0598322853961364,0.41544325440071,0.0172693777498643,2.32653150925534e-17,0.113317543327078,24416.1481058498,21714.3523739983,55120.0481163554,0.605136689660003
10.104,0.0235215054833637,0.237661291403907,10.6053009131481,0.0598382076257113,0.415484375182102,0.01745899330111,2.70076098623339e-17,0.113803562166658,24440.5764661,21735.8252855913,55179.6428533316,0.605742129018888
10.105,0.0235215054833637,0.23768481290939,10.6053009131481,0.0598441298552863,0.415525495963494,0.0176503456065562,3.13414214679601e-17,0.114290968176558,24465.0292669288,21757.3194313398,55239.3020229924,0.606348174119955
10.106,0.0235215054833637,0.237708334414873,10.6053009131481,0.0598500520848613,0.415566616744886,0.0178434464561829,3.63585573314206e-17,0.114779761912168,24489.5065327889,21778.8348322417,55299.0256950011,0.606954825569245
10.107,0.0235215054833637,0.237731855920357,10.6053009131481,0.0598559743144363,0.415607737526277,0.0180383076751582,4.21648052601894e-17,0.115269943913045,24514.0082881576,21800.3715093158,55358.8139390965,0.607562083973411
10.108,0.0235215054833637,0.23775537742584,10.6053009131481,0.0598618965440113,0.415648858307669,0.0182349411234627,4.88820203510705e-17,0.115761514702878,24538.5345575366,21821.9294836017,55418.6668250928,0.608169949939713
10.109,0.0235215054833637,0.237778898931324,10.6053009131481,0.0598678187735863,0.415689979089061,0.0184333586955067,5.6650516960414e-17,0.116254474789439,24563.0853654522,21843.50877616,55478.5844228793,0.608778424076014
10.11,0.0235215054833637,0.237802420436807,10.6053009131481,0.0598737410031613,0.415731099870452,0.0186335723197454,6.56318093631356e-17,0.11674882466455,24587.6607364552,21865.1094080717,55538.5668024214,0.60938750699079
10.111,0.0235215054833637,0.23782594194229,10.6053009131481,0.0598796632327363,0.415772220651844,0.018835593958286,7.60117508165211e-17,0.117244564804042,24612.260695121,21886.7314004391,55598.6140337597,0.609997199293125
10.112,0.0235215054833637,0.237849463447774,10.6053009131481,0.0598855854623113,0.415813341433236,0.0190394356064882,8.80041276694126e-17,0.117741695667708,24636.8852660495,21908.3747743849,55658.7261870109,0.610607501592709
10.113,0.0235215054833637,0.237872984953257,10.6053009131481,0.0598915076918863,0.415854462214628,0.0192451092925628,1.01854773022602e-16,0.118240217699274,24661.5344738653,21930.0395510531,55718.9033323671,0.611218414499846
10.114,0.0235215054833637,0.23789650645874,10.6053009131481,0.0598974299214613,0.415895582996019,0.0194526270771613,1.17846273375898e-16,0.118740131326357,24686.2083432178,21951.7257516085,55779.1455400969,0.611829938625449
10.115,0.0235215054833637,0.237920027964224,10.6053009131481,0.0599033521510363,0.415936703777411,0.0196620010529602,1.3630335183352e-16,0.119241436960418,24710.9068987805,21973.4333972366,55839.452880544,0.61244207458104
10.116,0.0235215054833637,0.237943549469707,10.6053009131481,0.0599092743806112,0.415977824558803,0.0198732433442426,1.57599022939502e-16,0.119744134996737,24735.6301652523,21995.1625091442,55899.8254241289,0.613054822978758
10.117,0.0235215054833637,0.23796707097519,10.6053009131481,0.0599151966101862,0.416018945340195,0.0200863661064711,1.82161627256396e-16,0.120248225814367,24760.3781673563,22016.9131085588,55960.2632413481,0.61366818443135
10.118,0.0235215054833637,0.237990592480674,10.6053009131481,0.0599211188397612,0.416060066121586,0.0203013815258544,2.10482868587788e-16,0.120753709776096,24785.1509298405,22038.685216729,56020.7664027739,0.614282159552177
10.119,0.0235215054833637,0.238014113986157,10.6053009131481,0.0599270410693362,0.416101186902978,0.0205183018189131,2.43126993502946e-16,0.121260587228416,24809.9484774776,22060.4788549243,56081.3349790554,0.614896748955214
10.12,0.0235215054833637,0.238037635491641,10.6053009131481,0.0599329632989112,0.41614230768437,0.0207371392320348,2.80741271804887e-16,0.121768858501479,24834.7708350654,22082.2940444356,56141.9690409179,0.615511953255053
10.121,0.0235215054833637,0.238061156997124,10.6053009131481,0.0599388855284862,0.416183428465762,0.0209579060410247,3.24067958082424e-16,0.122278523909063,24859.618027426,22104.1308065743,56202.6686591631,0.616127773066896
10.122,0.0235215054833637,0.238084678502607,10.6053009131481,0.0599448077580612,0.416224549247153,0.0211806145506536,3.73957938824296e-16,0.122789583748538,24884.4900794068,22125.9891626733,56263.4339046692,0.616744209006562
10.123,0.0235215054833637,0.238108200008091,10.6053009131481,0.0599507299876362,0.416265670028545,0.0214052770941965,4.31386297110347e-16,0.123302038300829,24909.3870158797,22147.8691340865,56324.2648483913,0.617361261690489
10.124,0.0235215054833637,0.238131721513574,10.6053009131481,0.0599566522172112,0.416306790809937,0.0216319060329677,4.97470058049184e-16,0.12381588783038,24934.3088617417,22169.7707421888,56385.161561361,0.617978931735731
10.125,0.0235215054833637,0.238155243019057,10.6053009131481,0.0599625744467862,0.416347911591329,0.0218605137558485,5.73488413353536e-16,0.124331132585115,24959.2556419146,22191.6940083764,56446.1241146867,0.618597219759954
10.126,0.0235215054833637,0.238178764524541,10.6053009131481,0.0599684966763612,0.41638903237272,0.0220911126788121,6.60905763262938e-16,0.124847772796411,24984.2273813452,22213.6389540664,56507.1525795537,0.619216126381449
10.127,0.0235215054833637,0.238202286030024,10.6053009131481,0.0599744189059361,0.416430153154112,0.0223237152444409,7.61397959005646e-16,0.125365808679061,25009.2241050054,22235.6056006975,56568.2470272245,0.619835652219123
10.128,0.0235215054833637,0.238225807535507,10.6053009131481,0.0599803411355111,0.416471273935504,0.0225583339214368,8.76882179805913e-16,0.125885240431233,25034.2458378917,22257.593969729,56629.4075290381,0.6204557978925
10.129,0.0235215054833637,0.238249329040991,10.6053009131481,0.0599862633650861,0.416512394716895,0.0227949812041301,1.00955093581183e-15,0.126406068234445,25059.2926050259,22279.6040826421,56690.6341564113,0.621076564021726
10.13,0.0235215054833637,0.238272850546474,10.6053009131481,0.0599921855946611,0.416553515498287,0.0230336696119792,1.16191075306082e-15,0.126928292253532,25084.3644314548,22301.6359609388,56751.9269808376,0.621697951227569
10.131,0.0235215054833637,0.238296372051958,10.6053009131481,0.0599981078242361,0.416594636279679,0.0232744116890644,1.33682616965058e-15,0.127451912636602,25109.4613422503,22323.6896261424,56813.286073888,0.622319960131414
10.132,0.0235215054833637,0.238319893557441,10.6053009131481,0.0600040300538111,0.416635757061071,0.0235172200035802,1.53756975466568e-15,0.127976929515017,25134.5833625091,22345.7650997976,56874.7115072108,0.622942591355271
10.133,0.0235215054833637,0.238343415062924,10.6053009131481,0.0600099522833861,0.416676877842462,0.0237621071473179,1.76787895427295e-15,0.128503343003352,25159.7305173534,22367.8624034705,56936.203352532,0.623565845521772
10.134,0.0235215054833637,0.238366936568408,10.6053009131481,0.0600158745129611,0.416717998623854,0.0240090857351444,2.03202067406665e-15,0.129031153199368,25184.9028319304,22389.9815587482,56997.7616816549,0.62418972325417
10.135,0.0235215054833637,0.238390458073891,10.6053009131481,0.0600217967425361,0.416759119405246,0.0242581684044735,2.33486462463262e-15,0.129560360183973,25210.1003314123,22412.1225872394,57059.3865664605,0.624814225176344
10.136,0.0235215054833637,0.238413979579374,10.6053009131481,0.0600277189721111,0.416800240186638,0.0245093678147364,2.68196659007468e-15,0.130090964021202,25235.3230409966,22434.2855105741,57121.0780789075,0.625439351912794
10.137,0.0235215054833637,0.238437501084858,10.6053009131481,0.0600336412016861,0.416841360968029,0.0247626966468416,3.07966292867161e-15,0.130622964758179,25260.5709859061,22456.4703504038,57182.8362910326,0.626065104088649
10.138,0.0235215054833637,0.238461022590341,10.6053009131481,0.060039563431261,0.416882481749421,0.0250181676026302,3.53517778300141e-15,0.131156362425083,25285.8441913886,22478.6771284012,57244.6612749498,0.62669148232966
10.139,0.0235215054833637,0.238484544095824,10.6053009131481,0.060045485660836,0.416923602530813,0.0252757934043292,4.05674466601789e-15,0.131691157035129,25311.1426827174,22500.9058662605,57306.5531028519,0.627318487262205
10.14,0.0235215054833637,0.238508065601308,10.6053009131481,0.060051407890411,0.416964723312205,0.0255355867939955,4.65374430220972e-15,0.13222734858453,25336.4664851911,22523.1565856975,57368.5118470091,0.627946119513291
10.141,0.0235215054833637,0.238531587106791,10.6053009131481,0.060057330119986,0.417005844093596,0.0257975605329544,5.33686084201886e-15,0.132764937052466,25361.8156241333,22545.4293084493,57430.5375797701,0.628574379710548
10.142,0.0235215054833637,0.238555108612275,10.6053009131481,0.060063252349561,0.417046964874988,0.0260617274012363,6.1182588362558e-15,0.133303922401066,25387.1901248933,22567.7240562746,57492.6303735616,0.629203268482236
10.143,0.0235215054833637,0.238578630117758,10.6053009131481,0.060069174579136,0.41708808565638,0.0263281001970046,7.01178365883545e-15,0.133844304575367,25412.5900128455,22590.0408509536,57554.7903008888,0.629832786457247
10.144,0.0235215054833637,0.238602151623241,10.6053009131481,0.060075096808711,0.417129206437772,0.0265966917359775,8.03318840479865e-15,0.134386083503293,25438.0153133899,22612.3797142879,57617.017434335,0.630462934265095
10.145,0.0235215054833637,0.238625673128725,10.6053009131481,0.060081019038286,0.417170327219163,0.0268675148508485,9.200390670611e-15,0.134929259095625,25463.4660519516,22634.7406681009,57679.3118465623,0.631093712535931
10.146,0.0235215054833637,0.238649194634208,10.6053009131481,0.060086941267861,0.417211448000555,0.0271405823906982,1.05337630500028e-14,0.135473831245976,25488.9422539816,22657.1237342374,57741.6736103113,0.631725121900532
10.147,0.0235215054833637,0.238672716139691,10.6053009131481,0.060092863497436,0.417252568781947,0.0274159072203993,1.20564616567181e-14,0.136019799830758,25514.4439449559,22679.5289345638,57804.102798401,0.632357162990307
10.148,0.0235215054833637,0.238696237645175,10.6053009131481,0.060098785727011,0.417293689563338,0.0276935022200214,1.37947975214749e-14,0.136567164709162,25539.9711503763,22701.9562909682,57866.5994837294,0.632989836437298
10.149,0.0235215054833637,0.238719759150658,10.6053009131481,0.060104707956586,0.41733481034473,0.0279733802842265,1.57786563108935e-14,0.137115925723131,25565.52389577,22724.4058253605,57929.1637392733,0.633623142874179
10.15,0.0235215054833637,0.238743280656141,10.6053009131481,0.0601106301861609,0.417375931126122,0.028255554321658,1.80419724888667e-14,0.137666082697329,25591.1022066897,22746.8775596719,57991.795638088,0.634257082934254
10.151,0.0235215054833637,0.238766802161625,10.6053009131481,0.0601165524157359,0.417417051907514,0.0285400372543294,2.06232647940774e-14,0.138217635439119,25616.7061087137,22769.3715158556,58054.4952533084,0.634891657251466
10.152,0.0235215054833637,0.238790323667108,10.6053009131481,0.0601224746453109,0.417458172688905,0.0288268420170039,2.35662407503031e-14,0.13877058373854,25642.335627446,22791.8877158862,58117.2626581483,0.635526866460388
10.153,0.0235215054833637,0.238813845172592,10.6053009131481,0.0601283968748859,0.417499293470297,0.0291159815565671,2.69204788694864e-14,0.139324927368279,25667.9907885161,22814.4261817604,58180.0979259002,0.636162711196229
10.154,0.0235215054833637,0.238837366678075,10.6053009131481,0.0601343191044609,0.417540414251689,0.0294074688314008,3.07421982625656e-14,0.139880666083646,25693.671617579,22836.9869354965,58243.0011299362,0.636799192094834
10.155,0.0235215054833637,0.238860888183558,10.6053009131481,0.0601402413340359,0.417581535033081,0.0297013168107453,3.50951265523792e-14,0.140437799622556,25719.3781403158,22859.5699991344,58305.9723437078,0.637436309792685
10.156,0.0235215054833637,0.238884409689042,10.6053009131481,0.0601461635636109,0.417622655814472,0.0299975384740597,4.00514783013286e-14,0.140996327705497,25745.1103824328,22882.175394736,58369.0116407461,0.638074064926899
10.157,0.0235215054833637,0.238907931194525,10.6053009131481,0.0601520857931859,0.417663776595864,0.0302961468103746,4.56930576389481e-14,0.141556250035514,25770.8683696624,22904.8031443849,58432.119094661,0.63871245813523
10.158,0.0235215054833637,0.238931452700008,10.6053009131481,0.0601580080227609,0.417704897377256,0.0305971548176439,5.21125004193143e-14,0.142117566298182,25796.6521277624,22927.4532701867,58495.2947791424,0.639351490056073
10.159,0.0235215054833637,0.238954974205492,10.6053009131481,0.0601639302523359,0.417746018158648,0.0309005755020876,5.94146730737882e-14,0.142680276161587,25822.4616825168,22950.1257942687,58558.5387679602,0.63999116132846
10.16,0.0235215054833637,0.238978495710975,10.6053009131481,0.0601698524819109,0.417787138940039,0.031206421877529,6.77182473734307e-14,0.143244379276299,25848.2970597349,22972.8207387801,58621.8511349636,0.640631472592061
10.161,0.0235215054833637,0.239002017216458,10.6053009131481,0.0601757747114858,0.417828259721431,0.0315147069647315,7.71574726007288e-14,0.143809875275358,25874.1582852523,22995.5381258922,58685.2319540817,0.641272424487187
10.162,0.0235215054833637,0.239025538721942,10.6053009131481,0.0601816969410608,0.417869380502823,0.0318254437907255,8.78841691779974e-14,0.144376763774246,25900.0453849301,23018.2779777978,58748.6812993237,0.641914017654792
10.163,0.0235215054833637,0.239049060227425,10.6053009131481,0.0601876191706358,0.417910501284215,0.0321386453881335,1.00069970640479e-13,0.144945044370871,25925.9583846556,23041.0403167122,58812.1992447787,0.642556252736469
10.164,0.0235215054833637,0.239072581732909,10.6053009131481,0.0601935414002108,0.417951622065606,0.032454324794486,1.1390884400631e-13,0.14551471664554,25951.8973103415,23063.8251648721,58875.7858646159,0.643199130374451
10.165,0.0235215054833637,0.239096103238392,10.6053009131481,0.0601994636297858,0.417992742846998,0.0327724950515392,1.29619922120684e-13,0.14608578016095,25977.8621879268,23086.6325445366,58939.4412330846,0.643842651211616
10.166,0.0235215054833637,0.239119624743875,10.6053009131481,0.0602053858593608,0.41803386362839,0.0330931692045822,1.4745068547497e-13,0.146658234462158,26003.8530433766,23109.4624779867,59003.165424515,0.644486815891488
10.167,0.0235215054833637,0.239143146249359,10.6053009131481,0.0602113080889358,0.418074984409781,0.0334163603017389,1.67680535369368e-13,0.147232079076567,26029.8699026816,23132.3149875254,59066.9585133165,0.645131625058229
10.168,0.0235215054833637,0.239166667754842,10.6053009131481,0.0602172303185108,0.418116105191173,0.0337420813932711,1.90624805146559e-13,0.147807313513907,26055.9127918586,23155.1900954777,59130.82057398,0.645777079356648
10.169,0.0235215054833637,0.239190189260325,10.6053009131481,0.0602231525480858,0.418157225972565,0.0340703455308707,2.16639261626168e-13,0.148383937266217,26081.9817369506,23178.0878241908,59194.7516810766,0.646423179432202
10.17,0.0235215054833637,0.239213710765809,10.6053009131481,0.0602290747776608,0.418198346753957,0.0344011657669478,2.4612515487706e-13,0.148961949807823,26108.0767640265,23201.0081960339,59258.7519092578,0.647069925930987
10.171,0.0235215054833637,0.239237232271292,10.6053009131481,0.0602349970072358,0.418239467535348,0.0347345551539188,2.79534881139559e-13,0.149541350595327,26134.1978991813,23223.9512333984,59322.8213332559,0.647717319499753
10.172,0.0235215054833637,0.239260753776775,10.6053009131481,0.0602409192368108,0.41828058831674,0.0350705267434847,3.17378331122567e-13,0.150122139067587,26160.3451685363,23246.9169586979,59386.9600278845,0.648365360785893
10.173,0.0235215054833637,0.239284275282259,10.6053009131481,0.0602468414663857,0.418321709098132,0.0354090935859046,3.60230004134298e-13,0.150704314645698,26186.5185982385,23269.9053943679,59451.1680680371,0.649014050437447
10.174,0.0235215054833637,0.239307796787742,10.6053009131481,0.0602527636959607,0.418362829879524,0.0357502687292705,4.0873697764384e-13,0.151287876732977,26212.7182144616,23292.9165628663,59515.4455286893,0.649663389103105
10.175,0.0235215054833637,0.239331318293226,10.6053009131481,0.0602586859255357,0.418403950660915,0.0360940652187709,4.63627832007522e-13,0.151872824714954,26238.944043405,23315.9504866732,59579.7924848968,0.650313377432208
10.176,0.0235215054833637,0.239354839798709,10.6053009131481,0.0602646081551107,0.418445071442307,0.0364404960959511,5.25722641340857e-13,0.152459157959342,26265.1961112947,23339.0071882909,59644.2090117972,0.650964016074741
10.177,0.0235215054833637,0.239378361304192,10.6053009131481,0.0602705303846857,0.418486192223699,0.0367895743979736,5.95944153984571e-13,0.153046875816038,26291.4744443827,23362.0866902438,59708.6951846086,0.651615305681345
10.178,0.0235215054833637,0.239401882809676,10.6053009131481,0.0602764526142607,0.418527313005091,0.0371413131568689,6.75330299827529e-13,0.153635977617099,26317.7790689473,23385.189015079,59773.2510786313,0.652267246903309
10.179,0.0235215054833637,0.239425404315159,10.6053009131481,0.0602823748438357,0.418568433786482,0.0374957253987817,7.65048177058214e-13,0.154226462676726,26344.1100112932,23408.3141853654,59837.876769246,0.652919840392574
10.18,0.0235215054833637,0.239448925820642,10.6053009131481,0.0602882970734107,0.418609554567874,0.0378528241432184,8.66409687868424e-13,0.15481833029126,26370.4672977512,23431.4622236945,59902.5723319158,0.653573086801734
10.181,0.0235215054833637,0.239472447326126,10.6053009131481,0.0602942193029857,0.418650675349266,0.0382126224022843,9.80889011393124e-13,0.15541157973916,26396.8509546788,23454.6331526801,59967.337842185,0.654226986784036
10.182,0.0235215054833637,0.239495968831609,10.6053009131481,0.0603001415325607,0.418691796130658,0.0385751331799171,1.11014212293717e-12,0.156006210280993,26423.2610084596,23477.8269949582,60032.1733756796,0.654881540993378
10.183,0.0235215054833637,0.239519490337092,10.6053009131481,0.0603060637621357,0.418732916912049,0.0389403694711208,1.25602859150866e-12,0.156602221159422,26449.6974855035,23501.0437731875,60097.0790081071,0.655536750084316
10.184,0.0235215054833637,0.239543011842576,10.6053009131481,0.0603119859917106,0.418774037693441,0.0393083442611905,1.42063591306749e-12,0.157199611599194,26476.1604122471,23524.2835100489,60162.0548152574,0.656192614712058
10.185,0.0235215054833637,0.239566533348059,10.6053009131481,0.0603179082212856,0.418815158474833,0.0396790705249352,1.60630666497335e-12,0.157798380807128,26502.6498151534,23547.5462282456,60227.100873002,0.656849135532471
10.186,0.0235215054833637,0.239590054853543,10.6053009131481,0.0603238304508606,0.418856279256224,0.0400525612258939,1.81566879812277e-12,0.1583985279721,26529.1657207116,23570.8319505036,60292.2172572945,0.657506313202073
10.187,0.0235215054833637,0.239613576359026,10.6053009131481,0.0603297526804356,0.418897400037616,0.0404288293155531,2.05166941752275e-12,0.159000052265041,26555.7081554378,23594.140699571,60357.4040441705,0.658164148378043
10.188,0.0235215054833637,0.239637097864509,10.6053009131481,0.0603356749100106,0.418938520819008,0.0408078877325555,2.31761243984941e-12,0.159602952838919,26582.2771458744,23617.4724982188,60422.6613097482,0.658822641718218
10.189,0.0235215054833637,0.239660619369993,10.6053009131481,0.0603415971395856,0.4189796416004,0.0411897494019034,2.61720055827563e-12,0.160207228828731,26608.8727185904,23640.82736924,60487.9891302274,0.659481793881088
10.19,0.0235215054833637,0.239684140875476,10.6053009131481,0.0603475193691606,0.419020762381791,0.0415744272341651,2.95458199088738e-12,0.160812879351494,26635.4949001812,23664.2053354507,60553.387581891,0.660141605525806
10.191,0.0235215054833637,0.239707662380959,10.6053009131481,0.0603534415987356,0.419061883163183,0.0419619341246713,3.33440253975437e-12,0.161419903506239,26662.1437172692,23687.6064196893,60618.8567411041,0.660802077312187
10.192,0.0235215054833637,0.239731183886443,10.6053009131481,0.0603593638283106,0.419103003944575,0.0423522829527067,3.76186354368399e-12,0.162028300373994,26688.8191965032,23711.0306448165,60684.3966843142,0.661463209900699
10.193,0.0235215054833637,0.239754705391926,10.6053009131481,0.0603652860578856,0.419144124725967,0.0427454865807054,4.24278636934403e-12,0.162638069017785,26715.5213645585,23734.4780337161,60750.0074880515,0.662125003952475
10.194,0.0235215054833637,0.239778226897409,10.6053009131481,0.0603712082874606,0.419185245507358,0.0431415578534345,4.78368415332335e-12,0.163249208482623,26742.2502481374,23757.9486092943,60815.6892289292,0.662787460129311
10.195,0.0235215054833637,0.239801748402893,10.6053009131481,0.0603771305170355,0.41922636628875,0.0435405095971786,5.39184158248728e-12,0.163861717795498,26769.0058739689,23781.4423944799,60881.4419836434,0.663450579093664
10.196,0.0235215054833637,0.239825269908376,10.6053009131481,0.0603830527466105,0.419267487070142,0.0439423546189169,6.07540358224589e-12,0.16447559596537,26795.7882688084,23804.9594122245,60947.2658289725,0.664114361508649
10.197,0.0235215054833637,0.23984879141386,10.6053009131481,0.0603889749761855,0.419308607851534,0.0443471057055025,6.84347387290254e-12,0.165090841983167,26822.5974594384,23828.4996855023,61013.1608417785,0.664778808038052
10.198,0.0235215054833637,0.239872312919343,10.6053009131481,0.0603948972057605,0.419349728632925,0.0447547756228337,7.70622445376397e-12,0.165707454821775,26849.4334726681,23852.0632373104,61079.1270990063,0.665443919346319
10.199,0.0235215054833637,0.239895834424826,10.6053009131481,0.0604008194353355,0.419390849414317,0.0451653771150194,8.67501718415163e-12,0.166325433436033,26876.2963353336,23875.6500906682,61145.164677684,0.666109696098559
10.2,0.0235215054833637,0.23991935593031,10.6053009131481,0.0604067416649105,0.419431970195709,0.0455789229035504,9.76253875071652e-12,0.166944776762728,26903.1860742975,23899.2602686184,61211.2736549228,0.666776138960552
10.201,0.0235215054833637,0.239942877435793,10.6053009131481,0.0604126638944855,0.419473090977101,0.0459954256864579,1.09829504425033e-11,0.167565483720594,26930.1027164499,23922.8937942262,61277.4541079178,0.66744324859874
10.202,0.0235215054833637,0.239966398941276,10.6053009131481,0.0604185861240605,0.419514211758492,0.0464148981374712,1.23520543002776e-11,0.168187553210298,26957.0462887072,23946.5506905796,61343.7061139469,0.668111025680231
10.203,0.0235215054833637,0.23998992044676,10.6053009131481,0.0604245083536355,0.419555332539884,0.0468373529051768,1.38874773658252e-11,0.168810984114447,26984.016818013,23970.2309807896,61410.029750372,0.668779470872803
10.204,0.0235215054833637,0.240013441952243,10.6053009131481,0.0604304305832105,0.419596453321276,0.0472628026121692,1.56088759315177e-11,0.169435775297579,27011.0143313379,23993.9346879898,61476.4250946386,0.669448584844903
10.205,0.0235215054833637,0.240036963457726,10.6053009131481,0.0604363528127855,0.419637574102667,0.0476912598541976,1.75381618820185e-11,0.170061925606157,27038.0388556793,24017.6618353369,61542.8922242756,0.670118368265643
10.206,0.0235215054833637,0.24006048496321,10.6053009131481,0.0604422750423604,0.419678694884059,0.0481227371993164,1.96997534299984e-11,0.170689433868574,27065.0904180619,24041.4124460104,61609.4312168961,0.670788821804807
10.207,0.0235215054833637,0.240084006468693,10.6053009131481,0.0604481972719354,0.419719815665451,0.0485572471870266,2.21208527777395e-11,0.171318298895147,27092.1690455372,24065.1865432128,61676.0421501972,0.671459946132849
10.208,0.0235215054833637,0.240107527974177,10.6053009131481,0.0604541195015104,0.419760936446843,0.0489948023274131,2.48317534886237e-11,0.171948519478109,27119.2747651837,24088.9841501694,61742.7251019593,0.672131741920893
10.209,0.0235215054833637,0.24013104947966,10.6053009131481,0.0604600417310854,0.419802057228234,0.049435415100287,2.78661806285219e-11,0.172580094391621,27146.4076041073,24112.8052901284,61809.4801500477,0.672804209840734
10.21,0.0235215054833637,0.240154570985143,10.6053009131481,0.0604659639606604,0.419843178009626,0.0498790979543179,3.12616670390586e-11,0.17321302239176,27173.5675894407,24136.6499863615,61876.3073724115,0.673477350564843
10.211,0.0235215054833637,0.240178092490627,10.6053009131481,0.0604718861902354,0.419884298791018,0.0503258633061629,3.50599694353257e-11,0.17384730221652,27200.754748344,24160.5182621629,61943.2068470842,0.674151164766357
10.212,0.0235215054833637,0.24020161399611,10.6053009131481,0.0604778084198104,0.41992541957241,0.0507757235396008,3.93075283821496e-11,0.174482932585818,27227.9691080043,24184.4101408498,62010.1786521834,0.674825653119092
10.213,0.0235215054833637,0.240225135501593,10.6053009131481,0.0604837306493854,0.419966540353801,0.0512286910046557,4.40559765979931e-11,0.175119912201491,27255.210695636,24208.3256457629,62077.2228659118,0.675500816297537
10.214,0.0235215054833637,0.240248657007077,10.6053009131481,0.0604896528789604,0.420007661135193,0.051684778016719,4.93627004675798e-11,0.175758239747291,27282.4795384807,24232.2648002656,62144.3395665556,0.676176654976854
10.215,0.0235215054833637,0.24027217851256,10.6053009131481,0.0604955751085354,0.420048781916585,0.052143996855675,5.52914601161171e-11,0.176397913888896,27309.7756638071,24256.2276277446,62211.5288324868,0.676853169832882
10.216,0.0235215054833637,0.240295700018043,10.6053009131481,0.0605014973381104,0.420089902697977,0.0526063597650171,6.191307391285e-11,0.177038933273907,27337.0990989115,24280.2141516096,62278.7907421612,0.677530361542137
10.217,0.0235215054833637,0.240319221523527,10.6053009131481,0.0605074195676854,0.420131023479368,0.0530718789509655,6.93061738342099e-11,0.17768129653185,27364.4498711173,24304.2243952935,62346.1253741203,0.678208230781811
10.218,0.0235215054833637,0.24034274302901,10.6053009131481,0.0605133417972603,0.42017214426076,0.0535405665815789,7.75580387300105e-11,0.178325002274177,27391.8280077753,24328.2583822524,62413.5328069895,0.678886778229771
10.219,0.0235215054833637,0.240366264534494,10.6053009131481,0.0605192640268353,0.420213265042152,0.0540124347858708,8.67655132054925e-11,0.178970049094275,27419.2335362635,24352.3161359656,62481.0131194801,0.679566004564565
10.22,0.0235215054833637,0.240389786039977,10.6053009131481,0.0605251862564103,0.420254385823544,0.0544874956529169,9.70360205609639e-11,0.179616435567462,27446.6664839875,24376.3976799356,62548.566390388,0.680245910465422
10.221,0.0235215054833637,0.24041330754546,10.6053009131481,0.0605311084859853,0.420295506604935,0.054965761230961,1.08488679025933e-10,0.180264160250995,27474.1268783803,24400.503037688,62616.1926985945,0.680926496612245
10.222,0.0235215054833637,0.240436829050944,10.6053009131481,0.0605370307155603,0.420336627386327,0.0554472435265253,1.2125553139056e-10,0.180913221684074,27501.6147469023,24424.632232772,62683.8921230659,0.681607763685621
10.223,0.0235215054833637,0.240460350556427,10.6053009131481,0.0605429529451353,0.420377748167719,0.0559319545035117,1.3548289907955e-10,0.181563618387849,27529.1301170414,24448.7852887598,62751.6647428546,0.682289712366819
10.224,0.0235215054833637,0.24048387206191,10.6053009131481,0.0605488751747103,0.42041886894911,0.0564199060823014,1.51332872740124e-10,0.182215348865417,27556.6730163128,24472.9622292469,62819.5106370975,0.682972343337785
10.225,0.0235215054833637,0.240507393567394,10.6053009131481,0.0605547974042853,0.420459989730502,0.0569111101388601,1.68984952532394e-10,0.182868411601839,27584.2434722595,24497.1630778523,62887.4298850177,0.683655657281152
10.226,0.0235215054833637,0.240530915072877,10.6053009131481,0.0605607196338603,0.420501110511894,0.0574055785038328,1.88637852523829e-10,0.183522805064137,27611.841512452,24521.3878582184,62955.4225659238,0.684339654880232
10.227,0.0235215054833637,0.24055443657836,10.6053009131481,0.0605666418634353,0.420542231293286,0.0579033229616423,2.10511484910398e-10,0.184178527701305,27639.4671644884,24545.6365940107,63023.4887592102,0.685024336819026
10.228,0.0235215054833637,0.240577958083844,10.6053009131481,0.0605725640930103,0.420583352074677,0.058404355249581,2.34849141220551e-10,0.184835577944314,27667.1204559942,24569.9093089184,63091.6285443569,0.685709703782212
10.229,0.0235215054833637,0.240601479589327,10.6053009131481,0.0605784863225852,0.420624472856069,0.0589086870569098,2.61919889217203e-10,0.185493954206121,27694.8014146227,24594.2060266538,63159.84200093,0.686395756455159
10.23,0.0235215054833637,0.240625001094811,10.6053009131481,0.0605844085521602,0.420665593637461,0.0594163300239475,2.92021205903327e-10,0.186153654881676,27722.510068055,24618.5267709531,63228.129208582,0.687082495523921
10.231,0.0235215054833637,0.240648522600294,10.6053009131481,0.0605903307817352,0.420706714418853,0.0599272957411587,3.25481868873742e-10,0.186814678347929,27750.2464439997,24642.8715655755,63296.4902470507,0.687769921675235
10.232,0.0235215054833637,0.240672044105777,10.6053009131481,0.0605962530113102,0.420747835200244,0.0604415957482495,3.62665130248015e-10,0.187477022963842,27778.0105701931,24667.240434304,63364.9251961608,0.688458035596528
10.233,0.0235215054833637,0.240695565611261,10.6053009131481,0.0606021752408852,0.420788955981636,0.0609592415332522,4.03972199578029e-10,0.188140687070396,27805.8024743994,24691.6334009451,63433.434135823,0.689146837975915
10.234,0.0235215054833637,0.240719087116744,10.6053009131481,0.0606080974704602,0.420830076763028,0.0614802445316102,4.4984606446674e-10,0.188805668990596,27833.6221844105,24716.0504893286,63502.0171460345,0.689836329502196
10.235,0.0235215054833637,0.240742608622227,10.6053009131481,0.0606140197000352,0.420871197544419,0.0620046161252698,5.00775680172321e-10,0.189471967029493,27861.4697280461,24740.4917233081,63570.6743068787,0.690526510864864
10.236,0.0235215054833637,0.240766130127711,10.6053009131481,0.0606199419296102,0.420912318325811,0.0625323676417619,5.5730056221815e-10,0.190139579474183,27889.3451331538,24764.9571267608,63639.4056985264,0.691217382754101
10.237,0.0235215054833637,0.240789651633194,10.6053009131481,0.0606258641591852,0.420953439107203,0.0630635103532843,6.20015819006099e-10,0.19080850459382,27917.2484276089,24789.4467235873,63708.2114012339,0.691908945860778
10.238,0.0235215054833637,0.240813173138677,10.6053009131481,0.0606317863887602,0.420994559888595,0.0635980554757898,6.89577664651215e-10,0.191478740639635,27945.1796393147,24813.9605377121,63777.0914953454,0.692601200876459
10.239,0.0235215054833637,0.240836694644161,10.6053009131481,0.0606377086183352,0.421035680669986,0.0641360141680667,7.66709455736428e-10,0.192150285844939,27973.1387962026,24838.4985930832,63846.0460612911,0.693294148493399
10.24,0.0235215054833637,0.240860216149644,10.6053009131481,0.0606436308479102,0.421076801451378,0.0646773975308177,8.52208299454641e-10,0.192823138425136,28001.1259262315,24863.0609136722,63915.0751795887,0.693987789404544
10.241,0.0235215054833637,0.240883737655128,10.6053009131481,0.0606495530774851,0.42111792223277,0.0652222166057469,9.46952284677681e-10,0.193497296577742,28029.1410573887,24887.6475234746,63984.1789308426,0.694682124303536
10.242,0.0235215054833637,0.240907259160611,10.6053009131481,0.0606554753070601,0.421159043014162,0.0657704823746379,1.05190839188605e-09,0.194172758482394,28057.1842176894,24912.2584465096,64053.3573957448,0.695377153884712
10.243,0.0235215054833637,0.240930780666094,10.6053009131481,0.0606613975366351,0.421200163795553,0.0663222057584314,1.16814114264683e-09,0.194849522300859,28085.2554351765,24936.89370682,64122.6106550739,0.696072878843099
10.244,0.0235215054833637,0.240954302171578,10.6053009131481,0.0606673197662101,0.421241284576945,0.0668773976163109,1.29682205445608e-09,0.195527586177056,28113.3547379214,24961.5533284725,64191.9387896966,0.696769299874422
10.245,0.0235215054833637,0.240977823677061,10.6053009131481,0.0606732419957851,0.421282405358337,0.0674360687447797,1.43923997229001e-09,0.196206948237069,28141.4821540235,24986.2373355576,64261.3418805663,0.697466417675104
10.246,0.0235215054833637,0.241001345182544,10.6053009131481,0.0606791642253601,0.421323526139729,0.0679982298767377,1.5968123541813e-09,0.196887606589154,28169.63771161,25010.9457521895,64330.8200087244,0.698164232942261
10.247,0.0235215054833637,0.241024866688028,10.6053009131481,0.0606850864549351,0.42136464692112,0.068563891680567,1.77109759457346e-09,0.197569559323765,28197.8214388366,25035.6786025065,64400.3732552997,0.698862746373709
10.248,0.0235215054833637,0.241048388193511,10.6053009131481,0.0606910086845101,0.421405767702512,0.0691330647592067,1.96380847613196e-09,0.198252804513563,28226.0333638869,25060.4359106704,64470.0017015089,0.699561958667962
10.249,0.0235215054833637,0.241071909698994,10.6053009131481,0.0606969309140851,0.421446888483904,0.0697057596492353,2.17682684817004e-09,0.198937340213433,28254.273514973,25085.2177008673,64539.7054286563,0.700261870524233
10.25,0.0235215054833637,0.241095431204478,10.6053009131481,0.0607028531436601,0.421488009265296,0.070281986819946,2.4122196378816e-09,0.199623164460501,28282.541920335,25110.0239973069,64609.4845181343,0.700962482642432
10.251,0.0235215054833637,0.241118952709961,10.6053009131481,0.0607087753732351,0.421529130046687,0.0708617566724327,2.67225630924027e-09,0.200310275274153,28310.8386082412,25134.854824223,64679.339051423,0.701663795723172
10.252,0.0235215054833637,0.241142474215445,10.6053009131481,0.06071469760281,0.421570250828079,0.0714450795386674,2.95942789372367e-09,0.200998670656052,28339.1636069884,25159.7102058733,64749.2691100912,0.702365810467767
10.253,0.0235215054833637,0.241165995720928,10.6053009131481,0.060720619832385,0.421611371609471,0.0720319656805774,3.27646772704638e-09,0.20168834859015,28367.5169449016,25184.5901665395,64819.274775795,0.703068527578229
10.254,0.0235215054833637,0.241189517226411,10.6053009131481,0.06072654206196,0.421652492390862,0.0726224252891331,3.62637403685331e-09,0.202379307042715,28395.898650334,25209.4947305274,64889.3561302796,0.703771947757278
10.255,0.0235215054833637,0.241213038731895,10.6053009131481,0.060732464291535,0.421693613172254,0.0732164684834261,4.01243453787733e-09,0.203071543962346,28424.3087516676,25234.4239221667,64959.5132553782,0.704476071708335
10.256,0.0235215054833637,0.241236560237378,10.6053009131481,0.06073838652111,0.421734733953646,0.0738141053097487,4.43825320349917e-09,0.203765057279988,28452.7472773122,25259.3777658112,65029.7462330124,0.705180900135521
10.257,0.0235215054833637,0.241260081742861,10.6053009131481,0.060744308750685,0.421775854735038,0.0744153457406834,4.90777939598763e-09,0.204459844908958,28481.2142557064,25284.3562858388,65100.0551451926,0.705886433743666
10.258,0.0235215054833637,0.241283603248345,10.6053009131481,0.06075023098026,0.421816975516429,0.0750201996741821,5.42533955198592e-09,0.205155904744963,28509.7097153173,25309.3595066515,65170.4400740178,0.706592673238303
10.259,0.0235215054833637,0.241307124753828,10.6053009131481,0.060756153209835,0.421858096297821,0.0756286769326535,5.99567163518266e-09,0.205853234666121,28538.2336846403,25334.3874526756,65240.9011016758,0.707299619325674
10.26,0.0235215054833637,0.241330646259311,10.6053009131481,0.06076207543941,0.421899217079213,0.0762407872620444,6.62396258453822e-09,0.206551832532977,28566.7861921993,25359.4401483612,65311.438310443,0.708007272712721
10.261,0.0235215054833637,0.241354167764795,10.6053009131481,0.060767997668985,0.421940337860605,0.0768565403309329,7.31588900409551e-09,0.20725169618853,28595.3672665469,25384.5176181828,65382.051782685,0.708715634107101
10.262,0.0235215054833637,0.241377689270278,10.6053009131481,0.06077391989856,0.421981458641996,0.0774759457296137,8.07766135925724e-09,0.207952823458256,28623.9769362642,25409.6198866391,65452.7416008567,0.709424704217175
10.263,0.0235215054833637,0.241401210775762,10.6053009131481,0.0607798421281349,0.422022579423388,0.0780990129691835,8.91607196465691e-09,0.208655212150122,28652.6152299608,25434.7469782531,65523.5078475014,0.71013448375201
10.264,0.0235215054833637,0.241424732281245,10.6053009131481,0.0607857643577099,0.42206370020478,0.0787257514806387,9.83854707040157e-09,0.209358860054618,28681.282176275,25459.8989175718,65594.3506052522,0.710844973421389
10.265,0.0235215054833637,0.241448253786728,10.6053009131481,0.0607916865872849,0.422104820986172,0.0793561706139639,1.08532033765724e-08,0.210063764944774,28709.9778038738,25485.0757291667,65665.2699568319,0.711556173935802
10.266,0.0235215054833637,0.241471775292212,10.6053009131481,0.0607976088168599,0.422145941767563,0.0799902796372222,1.19689093306563e-08,0.210769924576184,28738.7021414528,25510.2774376334,65736.2659850516,0.712268086006447
10.267,0.0235215054833637,0.241495296797695,10.6053009131481,0.0608035310464349,0.422187062548955,0.0806280877356574,1.31953515890438e-08,0.211477336687033,28767.4552177362,25535.5040675922,65807.3387728131,0.712980710345237
10.268,0.0235215054833637,0.241518818303178,10.6053009131481,0.0608094532760099,0.422228183330347,0.081269604010787,1.45431070519357e-08,0.212185998998121,28796.2370614774,25560.7556436873,65878.4884031071,0.713694047664798
10.269,0.0235215054833637,0.241542339808662,10.6053009131481,0.0608153755055849,0.422269304111739,0.0819148374794978,1.60237209112202e-08,0.212895909212882,28825.047701458,25586.0321905875,65949.7149590144,0.714408098678465
10.27,0.0235215054833637,0.241565861314145,10.6053009131481,0.0608212977351599,0.42231042489313,0.0825637970731531,1.76497911830978e-08,0.213607065017417,28853.8871664886,25611.3337329859,66021.0185237053,0.71512286410029
10.271,0.0235215054833637,0.241589382819628,10.6053009131481,0.0608272199647349,0.422351545674522,0.083216491636692,1.943506023152e-08,0.214319464080516,28882.7554854089,25636.6602956002,66092.3991804406,0.71583834464504
10.272,0.0235215054833637,0.241612904325112,10.6053009131481,0.0608331421943099,0.422392666455914,0.0838729299277304,2.13945138251969e-08,0.215033104053681,28911.6526870871,25662.0119031724,66163.8570125703,0.716554541028194
10.273,0.0235215054833637,0.241636425830595,10.6053009131481,0.0608390644238849,0.422433787237305,0.0845331206156743,2.35444883099894e-08,0.215747982571158,28940.5788004203,25687.3885804688,66235.3921035352,0.717271453965947
10.274,0.0235215054833637,0.241659947336079,10.6053009131481,0.0608449866534599,0.422474908018697,0.0851970722808258,2.59027865200074e-08,0.216464097249963,28969.5338543348,25712.7903522806,66307.0045368661,0.717989084175216
10.275,0.0235215054833637,0.241683468841562,10.6053009131481,0.0608509088830348,0.422516028800089,0.0858647934134901,2.84888030950952e-08,0.217181445689904,28998.5178777855,25738.2172434232,66378.6943961839,0.718707432373628
10.276,0.0235215054833637,0.241706990347045,10.6053009131481,0.0608568311126098,0.422557149581481,0.086536292413097,3.13236599195502e-08,0.217900025473614,29027.5308997565,25763.6692787366,66450.4617652001,0.719426499279532
10.277,0.0235215054833637,0.241730511852529,10.6053009131481,0.0608627533421848,0.422598270362873,0.0872115775873126,3.4430352446941e-08,0.218619834166579,29056.5729492609,25789.1464830855,66522.306727717,0.720146285611996
10.278,0.0235215054833637,0.241754033358012,10.6053009131481,0.0608686755717598,0.422639391144264,0.0878906571511553,3.78339077293148e-08,0.219340869317163,29085.6440553405,25814.6488813589,66594.2293676268,0.720866792090805
10.279,0.0235215054833637,0.241777554863495,10.6053009131481,0.0608745978013348,0.422680511925656,0.0885735392261234,4.15615550257729e-08,0.220063128456641,29114.7442470667,25840.1764984707,66666.2297689131,0.721588019436466
10.28,0.0235215054833637,0.241801076368979,10.6053009131481,0.0608805200309098,0.422721632707048,0.0892602318393153,4.56429099254322e-08,0.220786609099226,29143.8735535396,25865.7293593594,66738.3080156497,0.722309968370207
10.281,0.0235215054833637,0.241824597874462,10.6053009131481,0.0608864422604848,0.422762753488439,0.0899507429225582,5.01101729838867e-08,0.2215113087421,29173.0320038884,25891.307488988,66810.4641920021,0.723032639613977
10.282,0.0235215054833637,0.241848119379945,10.6053009131481,0.0608923644900598,0.422803874269831,0.0906450803115339,5.49983439399441e-08,0.22223722486544,29202.2196272717,25916.9109123443,66882.6983822257,0.723756033890446
10.283,0.0235215054833637,0.241871640885429,10.6053009131481,0.0608982867196348,0.422844995051223,0.0913432517449181,6.03454526515681e-08,0.222964354932457,29231.436452877,25942.5396544408,66955.0106706681,0.724480151923009
10.284,0.0235215054833637,0.241895162390912,10.6053009131481,0.0609042089492098,0.422886115832615,0.0920452648635137,6.61928079659487e-08,0.223692696389422,29260.6825099213,25968.1937403148,67027.4011417673,0.725204994435786
10.285,0.0235215054833637,0.241918683896396,10.6053009131481,0.0609101311787848,0.422927236614006,0.0927511272093859,7.25852658196649e-08,0.224422246665693,29289.9578276505,25993.8731950281,67099.8698800531,0.725930562153616
10.286,0.0235215054833637,0.241942205401879,10.6053009131481,0.0609160534083597,0.422968357395398,0.0934608462250122,7.95715179505688e-08,0.225153003173757,29319.2624353399,26019.5780436675,67172.4169701462,0.726656855802069
10.287,0.0235215054833637,0.241965726907362,10.6053009131481,0.0609219756379347,0.42300947817679,0.0941744292524236,8.72044026933332e-08,0.225884963309256,29348.5963622942,26045.3083113447,67245.0424967593,0.727383876107439
10.288,0.0235215054833637,0.241989248412846,10.6053009131481,0.0609278978675097,0.423050598958182,0.0948918835323565,9.5541239426881e-08,0.22661812445102,29377.9596378474,26071.0640231961,67317.7465446964,0.728111623796746
10.289,0.0235215054833637,0.242012769918329,10.6053009131481,0.0609338200970847,0.423091719739573,0.0956132162034005,1.04644188342993e-07,0.227352483961099,29407.3522913626,26096.8452043829,67390.5291988532,0.728840099597737
10.29,0.0235215054833637,0.242036291423812,10.6053009131481,0.0609397423266597,0.423132840520965,0.0963384343011627,1.14580637312993e-07,0.228088039184803,29436.7743522325,26122.6518800911,67463.3905442172,0.729569304238887
10.291,0.0235215054833637,0.242059812929296,10.6053009131481,0.0609456645562347,0.423173961302357,0.0970675447574245,1.25423617742123e-07,0.228824787450728,29466.2258498793,26148.484075532,67536.3306658681,0.730299238449404
10.292,0.0235215054833637,0.242083334434779,10.6053009131481,0.0609515867858097,0.423215082083748,0.097800554399302,1.37252251421217e-07,0.229562726070795,29495.7068137544,26174.3418159415,67609.3496489769,0.73102990295922
10.293,0.0235215054833637,0.242106855940262,10.6053009131481,0.0609575090153847,0.42325620286514,0.0985374699484214,1.50152230511552e-07,0.230301852340283,29525.2172733387,26200.2251265804,67682.4475788074,0.731761298498999
10.294,0.0235215054833637,0.242130377445746,10.6053009131481,0.0609634312449597,0.423297323646532,0.0992782980200882,1.64216332931371e-07,0.231042163537867,29554.7572581428,26226.1340327348,67755.6245407152,0.732493425800139
10.295,0.0235215054833637,0.242153898951229,10.6053009131481,0.0609693534745347,0.423338444427924,0.100023045122458,1.79544975553359e-07,0.231783656925647,29584.3267977066,26252.0685597156,67828.8806201481,0.733226285594764
10.296,0.0235215054833637,0.242177420456713,10.6053009131481,0.0609752757041097,0.423379565209315,0.100771717655728,1.96246807770407e-07,0.232526329749194,29613.9259215996,26278.0287328586,67902.2159026466,0.733959878615736
10.297,0.0235215054833637,0.242200941962196,10.6053009131481,0.0609811979336847,0.423420685990707,0.101524321911314,2.14439348142004e-07,0.233270179237577,29643.5546594211,26304.0145775249,67975.6304738437,0.734694205596649
10.298,0.0235215054833637,0.242224463467679,10.6053009131481,0.0609871201632596,0.423461806772099,0.102280864071037,2.3424966699814e-07,0.234015202603404,29673.2130407997,26330.0261191006,68049.1244194644,0.735429267271828
10.299,0.0235215054833637,0.242247984973163,10.6053009131481,0.0609930423928346,0.423502927553491,0.103041350206327,2.5581511805027e-07,0.234761397042859,29702.9010953937,26356.0633829968,68122.6978253271,0.736165064376335
10.3,0.0235215054833637,0.242271506478646,10.6053009131481,0.0609989646224096,0.423544048334882,0.103805786277413,2.79284122239202e-07,0.235508759735743,29732.6188528914,26382.12639465,68196.3507773427,0.73690159764597
10.301,0.0235215054833637,0.242295027984129,10.6053009131481,0.0610048868519846,0.423585169116274,0.104574178132526,3.04817007241174e-07,0.236257287845502,29762.3663430104,26408.2151795215,68270.0833615148,0.737638867817262
10.302,0.0235215054833637,0.242318549489613,10.6053009131481,0.0610108090815596,0.423626289897666,0.105346531507111,3.32586906253672e-07,0.237006978519275,29792.1435954982,26434.329763098,68343.8956639402,0.738376875627483
10.303,0.0235215054833637,0.242342070995096,10.6053009131481,0.0610167313111346,0.423667410679058,0.106122852023037,3.62780719891352e-07,0.237757828887934,29821.9506401321,26460.4701708914,68417.787770809,0.739115621814643
10.304,0.0235215054833637,0.242365592500579,10.6053009131481,0.0610226535407096,0.423708531460449,0.106903145187812,3.95600145243839e-07,0.238509836066109,29851.7875067191,26486.6364284386,68491.7597684038,0.739855107117484
10.305,0.0235215054833637,0.242389114006063,10.6053009131481,0.0610285757702846,0.423749652241841,0.107687416393808,4.31262776378396e-07,0.239262997152247,29881.6542250961,26512.8285613022,68565.8117431011,0.740595332275495
10.306,0.0235215054833637,0.242412635511546,10.6053009131481,0.0610344979998596,0.423790773023233,0.108475670917491,4.70003280811003e-07,0.240017309228639,29911.5508251299,26539.0465950696,68639.9437813709,0.741336298028901
10.307,0.0235215054833637,0.24243615701703,10.6053009131481,0.0610404202294346,0.423831893804625,0.109267913918643,5.12074656724109e-07,0.24077276936146,29941.4773367169,26565.2905553537,68714.1559697761,0.742078005118666
10.308,0.0235215054833637,0.242459678522513,10.6053009131481,0.0610463424590096,0.423873014586016,0.110064150439612,5.57749575975001e-07,0.241529374600819,29971.4337897838,26591.5604677929,68788.4483949733,0.742820454286497
10.309,0.0235215054833637,0.242483200027996,10.6053009131481,0.0610522646885845,0.423914135367408,0.110864385404549,6.07321818214033e-07,0.242287121980793,30001.420214287,26617.8563580507,68862.8211437133,0.743563646274845
10.31,0.0235215054833637,0.24250672153348,10.6053009131481,0.0610581869181595,0.4239552561488,0.111668623618658,6.61107801724468e-07,0.243046008519472,30031.4366402129,26644.1782518162,68937.2743028405,0.744307581826902
10.311,0.0235215054833637,0.242530243038963,10.6053009131481,0.0610641091477345,0.423996376930191,0.112476869767444,7.19448216896418e-07,0.243806031218993,30061.4830975779,26670.5261748035,69011.8079592925,0.745052261686601
10.312,0.0235215054833637,0.242553764544446,10.6053009131481,0.0610700313773095,0.424037497711583,0.113289128415982,7.82709768566215e-07,0.244567187065596,30091.5596164285,26696.9001527527,69086.4222001021,0.745797686598625
10.313,0.0235215054833637,0.24257728604993,10.6053009131481,0.0610759536068845,0.424078618492975,0.114105404008179,8.51287033779144e-07,0.245329473029656,30121.6662268413,26723.3002114289,69161.1171123951,0.746543857308398
10.314,0.0235215054833637,0.242600807555413,10.6053009131481,0.0610818758364595,0.424119739274367,0.114925700866039,9.25604441879914e-07,0.246092886065729,30151.8029589227,26749.7263766228,69235.8927833922,0.74729077456209
10.315,0.0235215054833637,0.242624329060896,10.6053009131481,0.0610877980660345,0.424160860055758,0.115750023188948,1.0061183841944e-06,0.246857423112597,30181.9698428097,26776.1786741507,69310.749300408,0.748038439106619
10.316,0.0235215054833637,0.24264785056638,10.6053009131481,0.0610937202956095,0.42420198083715,0.116578375052955,1.09331946093581e-06,0.247623081093312,30212.166908669,26802.6571298545,69385.6867508519,0.74878685168965
10.317,0.0235215054833637,0.242671372071863,10.6053009131481,0.0610996425251845,0.424243101618542,0.117410760410052,1.18773487336002e-06,0.248389856915235,30242.3941866978,26829.1617696013,69460.7052222273,0.749536013059594
10.318,0.0235215054833637,0.242694893577347,10.6053009131481,0.0611055647547595,0.424284222399934,0.118247183087485,1.28993096959925e-06,0.249157747470088,30272.6517071232,26855.6926192841,69535.8048021326,0.750285923965614
10.319,0.0235215054833637,0.24271841508283,10.6053009131481,0.0611114869843345,0.424325343181325,0.119087646787039,1.40051595301849e-06,0.249926749633996,30302.9395002029,26882.2497048214,69610.9855782607,0.75103658515762
10.32,0.0235215054833637,0.242741936588313,10.6053009131481,0.0611174092139095,0.424366463962717,0.119932155084358,1.52014276238014e-06,0.250696860267531,30333.2575962246,26908.8330521574,69686.2476383997,0.751787997386275
10.321,0.0235215054833637,0.242765458093797,10.6053009131481,0.0611233314434844,0.424407584744109,0.120780711428247,1.64951213354991e-06,0.251468076215757,30363.6060255064,26935.4426872619,69761.5910704318,0.752540161402989
10.322,0.0235215054833637,0.24278897959928,10.6053009131481,0.0611292536730594,0.424448705525501,0.121633319140002,1.7893758529514e-06,0.252240394308281,30393.9848183968,26962.0786361302,69837.0159623351,0.753293077959927
10.323,0.0235215054833637,0.242812501104763,10.6053009131481,0.0611351759026344,0.424489826306892,0.122489981412733,1.94054021345517e-06,0.253013811359296,30424.3940052746,26988.7409247837,69912.5224021824,0.754046747810007
10.324,0.0235215054833637,0.242836022610247,10.6053009131481,0.0611410981322094,0.424530947088284,0.123350701310694,2.10386968389658e-06,0.253788324167626,30454.8336165488,27015.4295792692,69988.1104781417,0.754801171706896
10.325,0.0235215054833637,0.24285954411573,10.6053009131481,0.0611470203617844,0.424572067869676,0.124215481768627,2.28029080393812e-06,0.254563929516779,30485.3036826592,27042.1446256594,70063.7802784763,0.75555635040502
10.326,0.0235215054833637,0.242883065621213,10.6053009131481,0.0611529425913594,0.424613188651068,0.125084325591109,2.47079631652263e-06,0.255340624174989,30515.8042340759,27068.8860900527,70139.5318915454,0.756312284659559
10.327,0.0235215054833637,0.242906587126697,10.6053009131481,0.0611588648209344,0.424654309432459,0.125957235451901,2.67644955072522e-06,0.256118404895265,30546.3353012994,27095.6539985734,70215.3654058029,0.757068975226444
10.328,0.0235215054833637,0.24293010863218,10.6053009131481,0.0611647870505094,0.424695430213851,0.126834213893311,2.89838906838753e-06,0.256897268415443,30576.8969148606,27122.4483773716,70291.2809097991,0.757826422862367
10.329,0.0235215054833637,0.242953630137664,10.6053009131481,0.0611707092800844,0.424736550995243,0.127715263325565,3.13783358849897e-06,0.257677211458235,30607.4891053214,27149.2692526234,70367.2784921795,0.758584628324778
10.33,0.0235215054833637,0.242977151643147,10.6053009131481,0.0611766315096594,0.424777671776634,0.128600386026173,3.39608720390736e-06,0.258458230731267,30638.1119032738,27176.1166505303,70443.3582416859,0.759343592371879
10.331,0.0235215054833637,0.24300067314863,10.6053009131481,0.0611825537392343,0.424818792558026,0.129489584139317,3.6745449055701e-06,0.259240322927144,30668.7653393406,27202.9905973204,70519.5202471556,0.760103315762636
10.332,0.0235215054833637,0.243024194654114,10.6053009131481,0.0611884759688094,0.424859913339418,0.130382859675241,3.97469843019039e-06,0.260023484723492,30699.4494441754,27229.8911192472,70595.7645975225,0.760863799256773
10.333,0.0235215054833637,0.243047716159597,10.6053009131481,0.0611943981983843,0.42490103412081,0.131280214509638,4.2981424477551e-06,0.260807712783005,30730.1642484621,27256.8182425904,70672.0913818158,0.761625043614771
10.334,0.0235215054833637,0.24307123766508,10.6053009131481,0.0612003204279593,0.424942154902201,0.132181650383064,4.64658110617464e-06,0.261593003753502,30760.9097829157,27283.7719936556,70748.500689162,0.762387049597876
10.335,0.0235215054833637,0.243094759170564,10.6053009131481,0.0612062426575343,0.424983275683593,0.133087168900345,5.02183495090662e-06,0.262379354267976,30791.6860782816,27310.7523987745,70824.9926087831,0.763149817968096
10.336,0.0235215054833637,0.243118280676047,10.6053009131481,0.0612121648871093,0.425024396464985,0.133996771529989,5.42584823817307e-06,0.263166760944642,30822.4931653362,27337.7594843048,70901.5672299981,0.763913349488196
10.337,0.0235215054833637,0.24314180218153,10.6053009131481,0.0612180871166843,0.425065517246377,0.134910459603624,5.86069666111571e-06,0.263955220386993,30853.3310748864,27364.7932766302,70978.2246422222,0.76467764492171
10.338,0.0235215054833637,0.243165323687014,10.6053009131481,0.0612240093462593,0.425106638027768,0.135828234315424,6.32859550896173e-06,0.26474472918385,30884.1998377704,27391.8538021605,71054.9649349677,0.765442705032933
10.339,0.0235215054833637,0.243188845192497,10.6053009131481,0.0612299315758343,0.42514775880916,0.136750096721546,6.83190828005271e-06,0.265535283909411,30915.0994848567,27418.9410873317,71131.7881978431,0.766208530586924
10.34,0.0235215054833637,0.243212366697981,10.6053009131481,0.0612358538054093,0.425188879590552,0.137676047739592,7.37315577037216e-06,0.26632688112331,30946.0300470451,27446.055158606,71208.6945205543,0.766975122349509
10.341,0.0235215054833637,0.243235888203464,10.6053009131481,0.0612417760349843,0.425230000371944,0.138606088148057,7.95502565997468e-06,0.267119517370668,30976.9915552661,27473.1960424716,71285.6839929039,0.76774248108728
10.342,0.0235215054833637,0.243259409708947,10.6053009131481,0.0612476982645593,0.425271121153335,0.139540218585796,8.58038262055704e-06,0.267913189182143,31007.9840404813,27500.3637654429,71362.7567047921,0.768510607567598
10.343,0.0235215054833637,0.243282931214431,10.6053009131481,0.0612536204941342,0.425312241934727,0.140478439551494,9.252278968206e-06,0.268707893073985,31039.0075336831,27527.5583540607,71439.9127462152,0.769279502558586
10.344,0.0235215054833637,0.243306452719914,10.6053009131481,0.0612595427237092,0.425353362716119,0.141420751403155,9.97396588621907e-06,0.269503625548092,31070.062065895,27554.7798348918,71517.1522072679,0.770049166829141
10.345,0.0235215054833637,0.243329974225397,10.6053009131481,0.0612654649532842,0.425394483497511,0.142367154357586,1.07489052436995e-05,0.270300383092065,31101.1476681716,27582.0282345296,71594.4751781421,0.770819601148928
10.346,0.0235215054833637,0.243353495730881,10.6053009131481,0.0612713871828592,0.425435604278902,0.143317648489891,1.15807820365095e-05,0.271098162179258,31132.2643715984,27609.3035795933,71671.8817491265,0.771590806288379
10.347,0.0235215054833637,0.243377017236364,10.6053009131481,0.0612773094124342,0.425476725060294,0.144272233732985,1.2473517478032e-05,0.271896959268836,31163.4122072922,27636.605896729,71749.3720106084,0.772362783018701
10.348,0.0235215054833637,0.243400538741847,10.6053009131481,0.0612832316420092,0.425517845841686,0.145230909877108,1.34312827680262e-05,0.272696770805835,31194.5912064008,27663.9352126087,71826.9460530721,0.773135532111871
10.349,0.0235215054833637,0.243424060247331,10.6053009131481,0.0612891538715842,0.425558966623077,0.146193676569334,1.44585135687674e-05,0.273497593221206,31225.8014001032,27691.291553931,71904.6039671,0.773909054340637
10.35,0.0235215054833637,0.243447581752814,10.6053009131481,0.0612950761011592,0.425600087404469,0.147160533313121,1.55599252185538e-05,0.274299422931882,31257.0428196096,27718.6749474209,71982.3458433724,0.774683350478521
10.351,0.0235215054833637,0.243471103258298,10.6053009131481,0.0613009983307342,0.425641208185861,0.148131479467841,1.6740528713494e-05,0.275102256340831,31288.3154961614,27746.0854198297,72060.1717726678,0.775458421299821
10.352,0.0235215054833637,0.243494624763781,10.6053009131481,0.0613069205603092,0.425682328967253,0.149106514248328,1.80056474894322e-05,0.275906089837111,31319.6194610314,27773.5229979353,72138.0818458627,0.776234267579608
10.353,0.0235215054833637,0.243518146269264,10.6053009131481,0.0613128427898842,0.425723449748644,0.150085636724434,1.93609350367039e-05,0.276710919795927,31350.9547455234,27800.9877085419,72216.0761539318,0.777010890093725
10.354,0.0235215054833637,0.243541667774748,10.6053009131481,0.0613187650194591,0.425764570530036,0.151068845820603,2.08123933813495e-05,0.27751674257869,31382.3213809727,27828.4795784804,72294.1547879482,0.777788289618798
10.355,0.0235215054833637,0.243565189280231,10.6053009131481,0.0613246872490341,0.425805691311428,0.152056140315439,2.23663924672158e-05,0.278323554533077,31413.7193987461,27855.9986346082,72372.3178390837,0.778566466932226
10.356,0.0235215054833637,0.243588710785714,10.6053009131481,0.0613306094786091,0.42584681209282,0.153047518841287,2.40296904742982e-05,0.27913135199308,31445.1488302415,27883.5449038091,72450.5653986081,0.779345422812185
10.357,0.0235215054833637,0.243612232291198,10.6053009131481,0.0613365317081841,0.425887932874211,0.154042979883832,2.58094551095479e-05,0.279940131279076,31476.6097068883,27911.1184129936,72528.8975578905,0.780125158037632
10.358,0.0235215054833637,0.243635753796681,10.6053009131481,0.0613424539377591,0.425929053655603,0.155042521781701,2.77132859071369e-05,0.280749888697878,31508.1020601475,27938.7191890989,72607.3144083986,0.780905673388303
10.359,0.0235215054833637,0.243659275302164,10.6053009131481,0.0613483761673341,0.425970174436995,0.156046142726064,2.97492375760704e-05,0.281560620542795,31539.6259215113,27966.3472590886,72685.8160416987,0.781686969644711
10.36,0.0235215054833637,0.243682796807648,10.6053009131481,0.0613542983969091,0.426011295218387,0.157053840760264,3.19258444338652e-05,0.282372323093692,31571.1813225037,27994.0026499532,72764.4025494563,0.782469047588153
10.361,0.0235215054833637,0.243706318313131,10.6053009131481,0.0613602206264841,0.426052415999778,0.158065613779445,3.42521459657087e-05,0.283184992617054,31602.76829468,28021.6853887099,72843.0740234365,0.78325190800071
10.362,0.0235215054833637,0.243729839818615,10.6053009131481,0.0613661428560591,0.42609353678117,0.159081459530178,3.67377135493609e-05,0.283998625366035,31634.3868696273,28049.3955024022,72921.8305555025,0.784035551665239
10.363,0.0235215054833637,0.243753361324098,10.6053009131481,0.0613720650856341,0.426134657562562,0.160101375610127,3.93926783868223e-05,0.284813217580529,31666.0370789641,28077.1330181009,73000.672237618,0.784819979365385
10.364,0.0235215054833637,0.243776882829581,10.6053009131481,0.0613779873152091,0.426175778343954,0.161125359467693,4.22277606843782e-05,0.285628765487228,31697.7189543406,28104.8979629034,73079.5991618453,0.785605191885577
10.365,0.0235215054833637,0.243800404335065,10.6053009131481,0.0613839095447841,0.426216899125345,0.16215340840168,4.52543001234086e-05,0.286445265299674,31729.4325274387,28132.6903639336,73158.6114203467,0.786391190011025
10.366,0.0235215054833637,0.243823925840548,10.6053009131481,0.061389831774359,0.426258019906737,0.163185519560978,4.84842876650039e-05,0.287262713218334,31761.1778299719,28160.5102483425,73237.7091053837,0.787177974527729
10.367,0.0235215054833637,0.243847447346031,10.6053009131481,0.061395754003934,0.426299140688129,0.164221689944245,5.19303987318805e-05,0.288081105430654,31792.9548936857,28188.357643308,73316.8923093183,0.787965546222474
10.368,0.0235215054833637,0.243870968851515,10.6053009131481,0.061401676233509,0.42634026146952,0.165261916399596,5.56060278117567e-05,0.288900438111116,31824.7637503569,28216.2325760346,73396.1611246113,0.78875390588283
10.369,0.0235215054833637,0.243894490356998,10.6053009131481,0.061407598463084,0.426381382250912,0.166306195624315,5.95253245268673e-05,0.289720707421311,31856.6044317946,28244.1350737541,73475.5156438245,0.789543054297157
10.37,0.0235215054833637,0.243918011862481,10.6053009131481,0.061413520692659,0.426422503032304,0.167354524164569,6.37032312145674e-05,0.290541909509995,31888.4769698394,28272.0651637248,73554.9559596192,0.790332992254605
10.371,0.0235215054833637,0.243941533367965,10.6053009131481,0.061419442922234,0.426463623813696,0.16840689841512,6.81555220644918e-05,0.291364040513147,31920.3813963638,28300.0228732322,73634.4821647571,0.791123720545111
10.372,0.0235215054833637,0.243965054873448,10.6053009131481,0.061425365151809,0.426504744595087,0.169463314619075,7.2898843858098e-05,0.292187096554044,31952.3177432723,28328.0082295887,73714.0943520998,0.791915239959403
10.373,0.0235215054833637,0.243988576378932,10.6053009131481,0.061431287381384,0.426545865376479,0.170523768867616,7.79507583564299e-05,0.293011073743312,31984.2860425011,28356.0212601339,73793.79261461,0.792707551289001
10.374,0.0235215054833637,0.244012097884415,10.6053009131481,0.061437209610959,0.426586986157871,0.171588257099763,8.33297863823734e-05,0.293835968178999,32016.2863260187,28384.0619922342,73873.5770453504,0.793500655326217
10.375,0.0235215054833637,0.244035619389898,10.6053009131481,0.061443131840534,0.426628106939263,0.172656775102124,8.9055453643544e-05,0.29466177594663,32048.3186258252,28412.130453283,73953.4477374843,0.794294552864154
10.376,0.0235215054833637,0.244059140895382,10.6053009131481,0.061449054070109,0.426669227720654,0.173729318508683,9.51483383421985e-05,0.295488493119278,32080.3829739531,28440.2266707011,74033.4047842758,0.795089244696709
10.377,0.0235215054833637,0.244082662400865,10.6053009131481,0.061454976299684,0.426710348502046,0.174805882800574,0.000101630120618146,0.296316115757628,32112.4794024666,28468.3506719363,74113.4482790903,0.795884731618577
10.378,0.0235215054833637,0.244106183906348,10.6053009131481,0.0614608985292589,0.426751469283438,0.17588646330587,0.000108523633870703,0.297144639910034,32144.6079434622,28496.5024844633,74193.5783153933,0.796681014425242
10.379,0.0235215054833637,0.244129705411832,10.6053009131481,0.0614668207588339,0.42679259006483,0.176971055199396,0.000115852918005489,0.297974061612593,32176.7686290684,28524.6821357842,74273.7949867519,0.797478093912987
10.38,0.0235215054833637,0.244153226917315,10.6053009131481,0.0614727429884089,0.426833710846221,0.178059653502539,0.000123643274651167,0.298804376889208,32208.961491446,28552.8896534285,74354.0983868346,0.798275970878895
10.381,0.0235215054833637,0.244176748422798,10.6053009131481,0.0614786652179839,0.426874831627613,0.179152253083061,0.000131921324390982,0.299635581751647,32241.1865627876,28581.1250649524,74434.4886094103,0.799074646120838
10.382,0.0235215054833637,0.244200269928282,10.6053009131481,0.0614845874475589,0.426915952409005,0.180248848654948,0.000140715066053435,0.300467672199616,32273.4438753186,28609.3883979396,74514.9657483503,0.799874120437494
10.383,0.0235215054833637,0.244223791433765,10.6053009131481,0.0614905096771339,0.426957073190396,0.181349434778243,0.000150053938105228,0.301300644220825,32305.733461296,28637.6796800013,74595.5298976264,0.800674394628337
10.384,0.0235215054833637,0.244247312939249,10.6053009131481,0.0614964319067089,0.426998193971788,0.182454005858904,0.000159968882189255,0.302134493791049,32338.0553530097,28665.9989387758,74676.1811513132,0.801475469493642
10.385,0.0235215054833637,0.244270834444732,10.6053009131481,0.0615023541362839,0.42703931475318,0.183562556148661,0.00017049240884899,0.302969216874197,32370.4095827814,28694.3462019286,74756.9196035855,0.802277345834483
10.386,0.0235215054833637,0.244294355950215,10.6053009131481,0.0615082763658589,0.427080435534572,0.184675079744902,0.000181658665479923,0.30380480942238,32402.7961829654,28722.7214971528,74837.7453487213,0.803080024452736
10.387,0.0235215054833637,0.244317877455699,10.6053009131481,0.0615141985954339,0.427121556315963,0.185791570590552,0.000193503506546802,0.304641267375979,32435.2151859483,28751.1248521688,74918.6584810998,0.803883506151082
10.388,0.0235215054833637,0.244341398961182,10.6053009131481,0.0615201208250089,0.427162677097355,0.18691202247396,0.00020606456610442,0.305478586663706,32467.6666241491,28779.5562947243,74999.6590952024,0.804687791733
10.389,0.0235215054833637,0.244364920466665,10.6053009131481,0.0615260430545838,0.427203797878747,0.188036429028819,0.000219381332658196,0.306316763202679,32500.1505300191,28808.0158525946,75080.7472856126,0.805492882002777
10.39,0.0235215054833637,0.244388441972149,10.6053009131481,0.0615319652841588,0.427244918660139,0.189164783734075,0.000233495226398386,0.30715579289849,32532.6669360425,28836.5035535824,75161.9231470165,0.806298777765504
10.391,0.0235215054833637,0.244411963477632,10.6053009131481,0.0615378875137338,0.42728603944153,0.190297079913846,0.000248449678840363,0.307995671645261,32565.2158747355,28865.0194255179,75243.1867742018,0.807105479827074
10.392,0.0235215054833637,0.244435484983115,10.6053009131481,0.0615438097433088,0.427327160222922,0.191433310737375,0.000264290214901402,0.30883639532573,32597.797378647,28893.5634962588,75324.5382620596,0.807912988994192
10.393,0.0235215054833637,0.244459006488599,10.6053009131481,0.0615497319728838,0.427368281004314,0.192573469218966,0.000281064537441337,0.309677959811307,32630.4114803587,28922.1357936904,75405.977705583,0.808721306074368
10.394,0.0235215054833637,0.244482527994082,10.6053009131481,0.0615556542024588,0.427409401785706,0.193717548217938,0.000298822614292661,0.310520360962144,32663.0582124846,28950.7363457254,75487.5051998681,0.809530431875915
10.395,0.0235215054833637,0.244506049499566,10.6053009131481,0.0615615764320338,0.427450522567097,0.194865540438609,0.000317616767803034,0.311363594627212,32695.7376076713,28979.3651803044,75569.1208401133,0.810340367207962
10.396,0.0235215054833637,0.244529571005049,10.6053009131481,0.0615674986616088,0.427491643348489,0.196017438430264,0.000337501766909444,0.312207656644363,32728.4496985985,29008.0223253955,75650.824721621,0.811151112880445
10.397,0.0235215054833637,0.244553092510532,10.6053009131481,0.0615734208911838,0.427532764129881,0.197173234587141,0.000358534921760973,0.313052542840399,32761.194517978,29036.7078089942,75732.6169397953,0.811962669704107
10.398,0.0235215054833637,0.244576614016016,10.6053009131481,0.0615793431207588,0.427573884911273,0.198332921148444,0.000380776180903903,0.313898249031147,32793.9720985548,29065.4216591242,75814.4975901445,0.812775038490507
10.399,0.0235215054833637,0.244600135521499,10.6053009131481,0.0615852653503338,0.427615005692664,0.199496490198347,0.000404288231038479,0.314744771021527,32826.7824731065,29094.1639038364,75896.4667682796,0.813588220052014
10.4,0.0235215054833637,0.244623657026982,10.6053009131481,0.0615911875799088,0.427656126474056,0.20066393366601,0.000429136599353766,0.315592104605618,32859.6256744433,29122.9345712098,75978.5245699153,0.814402215201807
10.401,0.0235215054833637,0.244647178532466,10.6053009131481,0.0615971098094837,0.427697247255448,0.201835243325626,0.000455389758443296,0.316440245566735,32892.5017354086,29151.733689351,76060.6710908693,0.815217024753884
10.402,0.0235215054833637,0.244670700037949,10.6053009131481,0.0616030320390587,0.42773836803684,0.203010410796452,0.000483119233798865,0.317289189677498,32925.4106888783,29180.5612863944,76142.9064270637,0.816032649523055
10.403,0.0235215054833637,0.244694221543432,10.6053009131481,0.0616089542686337,0.427779488818231,0.204189427542863,0.000512399713876525,0.318138932699898,32958.3525677615,29209.4173905022,76225.2306745233,0.816849090324941
10.404,0.0235215054833637,0.244717743048916,10.6053009131481,0.0616148764982087,0.427820609599623,0.205372284874428,0.000543309162724391,0.318989470385375,32991.3274049999,29238.3020298646,76307.6439293776,0.817666347975987
10.405,0.0235215054833637,0.244741264554399,10.6053009131481,0.0616207987277837,0.427861730381015,0.206558973945972,0.000575928935155609,0.319840798474885,33024.3352335685,29267.2152326995,76390.1462878596,0.818484423293448
10.406,0.0235215054833637,0.244764786059883,10.6053009131481,0.0616267209573587,0.427902851162406,0.207749485757675,0.000610343894446515,0.320692912698975,33057.3760864752,29296.1570272529,76472.7378463066,0.819303317095402
10.407,0.0235215054833637,0.244788307565366,10.6053009131481,0.0616326431869337,0.427943971943798,0.208943811155152,0.000646642532533216,0.32154580877785,33090.4499967606,29325.1274417984,76555.4187011595,0.820123030200741
10.408,0.0235215054833637,0.244811829070849,10.6053009131481,0.0616385654165087,0.42798509272519,0.210141940829579,0.000684917092676011,0.32239948242145,33123.5569974988,29354.1265046379,76638.1889489642,0.820943563429177
10.409,0.0235215054833637,0.244835350576333,10.6053009131481,0.0616444876460837,0.428026213506582,0.211343865317804,0.000725263694553098,0.323253929329522,33156.6971217969,29383.1542441012,76721.0486863705,0.821764917601247
10.41,0.0235215054833637,0.244858872081816,10.6053009131481,0.0616504098756587,0.428067334287973,0.212549575002471,0.000767782461740701,0.324109145191685,33189.8704027947,29412.2106885459,76803.9980101329,0.822587093538302
10.411,0.0235215054833637,0.244882393587299,10.6053009131481,0.0616563321052336,0.428108455069365,0.213759060112168,0.000812577651530771,0.324965125687514,33223.0768736657,29441.2958663579,76887.0370171103,0.823410092062519
10.412,0.0235215054833637,0.244905915092783,10.6053009131481,0.0616622543348086,0.428149575850757,0.214972310721578,0.000859757787028834,0.325821866486606,33256.3165676163,29470.4098059512,76970.1658042667,0.824233913996896
10.413,0.0235215054833637,0.244929436598266,10.6053009131481,0.0616681765643836,0.428190696632149,0.216189316751639,0.000909435791470442,0.326679363248656,33289.5895178864,29499.5525357676,77053.3844686705,0.825058560165258
10.414,0.0235215054833637,0.244952958103749,10.6053009131481,0.0616740987939586,0.42823181741354,0.21741006796971,0.000961729124685667,0.327537611623524,33322.8957577487,29528.7240842774,77136.6931074953,0.825884031392247
10.415,0.0235215054833637,0.244976479609233,10.6053009131481,0.0616800210235336,0.428272938194932,0.218634553989767,0.00101675992163626,0.328396607251318,33356.2353205095,29557.9244799786,77220.0918180198,0.826710328503336
10.416,0.0235215054833637,0.245000001114716,10.6053009131481,0.0616859432531086,0.428314058976324,0.219862764272594,0.0010746551329398,0.329256345762464,33389.6082395085,29587.1537513979,77303.5806976279,0.827537452324824
10.417,0.0235215054833637,0.2450235226202,10.6053009131481,0.0616918654826836,0.428355179757715,0.221094688125977,0.00113554666728986,0.330116822777775,33423.0145481184,29616.4119270897,77387.1598438083,0.828365403683832
10.418,0.0235215054833637,0.245047044125683,10.6053009131481,0.0616977877122586,0.428396300539107,0.222330314704938,0.00119957153567382,0.330978033908532,33456.4542797457,29645.6990356371,77470.8293541556,0.829194183408313
10.419,0.0235215054833637,0.245070565631166,10.6053009131481,0.0617037099418336,0.428437421320499,0.223569633011954,0.00126687199727924,0.331839974756558,33489.9274678301,29675.0151056512,77554.5893263703,0.830023792327047
10.42,0.0235215054833637,0.24509408713665,10.6053009131481,0.0617096321714086,0.428478542101891,0.224812631897186,0.00133759570697402,0.332702640914284,33523.4341458447,29704.3601657714,77638.4398582573,0.830854231269642
10.421,0.0235215054833637,0.245117608642133,10.6053009131481,0.0617155544009836,0.428519662883282,0.226059300058744,0.00141189586423787,0.333566027964835,33556.9743472962,29733.7342446655,77722.3810477285,0.831685501066537
10.422,0.0235215054833637,0.245141130147616,10.6053009131481,0.0617214766305586,0.428560783664674,0.227309626042939,0.00148993136341059,0.334430131482102,33590.5481057249,29763.1373710296,77806.4129928009,0.832517602549004
10.423,0.0235215054833637,0.2451646516531,10.6053009131481,0.0617273988601336,0.428601904446066,0.228563598244548,0.00157186694511713,0.335294947030806,33624.1554547045,29792.5695735882,77890.5357915978,0.833350536549141
10.424,0.0235215054833637,0.245188173158583,10.6053009131481,0.0617333210897085,0.428643025227458,0.229821204907104,0.00165787334872123,0.336160470166591,33657.7964278424,29822.0308810942,77974.7495423483,0.834184303899885
10.425,0.0235215054833637,0.245211694664067,10.6053009131481,0.0617392433192835,0.428684146008849,0.231082434123189,0.00174812746564633,0.337026696436089,33691.4710587795,29851.5213223289,78059.0543433884,0.835018905435003
10.426,0.0235215054833637,0.24523521616955,10.6053009131481,0.0617451655488585,0.428725266790241,0.232347273834725,0.00184281249339712,0.337893621376992,33725.1793811904,29881.0409261021,78143.4502931593,0.835854341989095
10.427,0.0235215054833637,0.245258737675033,10.6053009131481,0.0617510877784335,0.428766387571633,0.2336157118333,0.00194211809010649,0.338761240518139,33758.9214287836,29910.5897212521,78227.9374902097,0.836690614397599
10.428,0.0235215054833637,0.245282259180517,10.6053009131481,0.0617570100080085,0.428807508353025,0.234887735760492,0.00204624052941863,0.339629549379586,33792.697235301,29940.1677366458,78312.5160331942,0.837527723496788
10.429,0.0235215054833637,0.245305780686,10.6053009131481,0.0617629322375835,0.428848629134416,0.236163333108191,0.00215538285551423,0.340498543472678,33826.5068345184,29969.7750011783,78397.1860208744,0.838365670123769
10.43,0.0235215054833637,0.245329302191483,10.6053009131481,0.0617688544671585,0.428889749915808,0.237442491218963,0.00226975503807441,0.341368218300133,33860.3502602455,29999.4115437737,78481.9475521183,0.83920445511649
10.431,0.0235215054833637,0.245352823696967,10.6053009131481,0.0617747766967335,0.4289308706972,0.238725197286398,0.0023895741269657,0.342238569356117,33894.2275463257,30029.0773933845,78566.8007259015,0.840044079313737
10.432,0.0235215054833637,0.24537634520245,10.6053009131481,0.0617806989263085,0.428971991478592,0.240011438355471,0.0025150644064237,0.343109592126313,33928.1387266362,30058.7725789919,78651.7456413056,0.840884543555132
10.433,0.0235215054833637,0.245399866707933,10.6053009131481,0.0617866211558835,0.429013112259983,0.241301201322933,0.00264645754850384,0.343981282088009,33962.0838350883,30088.4971296056,78736.7823975202,0.841725848681141
10.434,0.0235215054833637,0.245423388213417,10.6053009131481,0.0617925433854584,0.429054233041375,0.242594472937696,0.00278399276555255,0.344853634710168,33996.0629056271,30118.2510742641,78821.9110938418,0.842567995533069
10.435,0.0235215054833637,0.2454469097189,10.6053009131481,0.0617984656150334,0.429095353822767,0.243891239801229,0.00292791696144953,0.345726645453507,34030.0759722316,30148.0344420347,78907.1318296744,0.843410984953064
10.436,0.0235215054833637,0.245470431224383,10.6053009131481,0.0618043878446084,0.429136474604158,0.245191488367966,0.00307848488135684,0.346600309770572,34064.1230689149,30177.8472620133,78992.444704529,0.844254817784113
10.437,0.0235215054833637,0.245493952729867,10.6053009131481,0.0618103100741834,0.42917759538555,0.246495204945738,0.00323595925970741,0.34747462310582,34098.2042297241,30207.6895633247,79077.8498180248,0.84509949487005
10.438,0.0235215054833637,0.24551747423535,10.6053009131481,0.0618162323037584,0.429218716166942,0.247802375696197,0.00340061096614815,0.348349580895696,34132.3194887405,30237.5613751224,79163.3472698884,0.845945017055553
10.439,0.0235215054833637,0.245540995740834,10.6053009131481,0.0618221545333334,0.429259836948334,0.249112986635253,0.00357271914914991,0.349225178568704,34166.4688800791,30267.4627265886,79248.9371599543,0.846791385186143
10.44,0.0235215054833637,0.245564517246317,10.6053009131481,0.0618280767629084,0.429300957729725,0.250427023633539,0.00375257137698906,0.350101411545492,34200.6524378894,30297.3936469347,79334.6195881646,0.847638600108188
10.441,0.0235215054833637,0.2455880387518,10.6053009131481,0.0618339989924834,0.429342078511117,0.251744472416869,0.00394046377578805,0.350978275238932,34234.8701963551,30327.3541654009,79420.3946545704,0.848486662668906
10.442,0.0235215054833637,0.245611560257284,10.6053009131481,0.0618399212220584,0.429383199292509,0.253065318566704,0.00413670116430172,0.351855765054186,34269.1221896938,30357.344311256,79506.2624593297,0.849335573716356
10.443,0.0235215054833637,0.245635081762767,10.6053009131481,0.0618458434516334,0.429424320073901,0.254389547520651,0.00434159718512847,0.3527338763888,34303.4084521575,30387.3641137979,79592.2231027098,0.85018533409945
10.444,0.0235215054833637,0.24565860326825,10.6053009131481,0.0618517656812084,0.429465440855292,0.255717144572945,0.00455547443200779,0.353612604632771,34337.7290180325,30417.4136023538,79678.2766850858,0.851035944667949
10.445,0.0235215054833637,0.245682124773734,10.6053009131481,0.0618576879107834,0.429506561636684,0.257048094874965,0.00477866457286966,0.354491945168633,34372.0839216395,30447.4928062796,79764.4233069419,0.851887406272465
10.446,0.0235215054833637,0.245705646279217,10.6053009131481,0.0618636101403583,0.429547682418076,0.258382383435734,0.00501150846828396,0.355371893371526,34406.4731973332,30477.6017549601,79850.6630688702,0.852739719764457
10.447,0.0235215054833637,0.2457291677847,10.6053009131481,0.0618695323699333,0.429588803199468,0.259719995122464,0.00525435628496173,0.356252444609287,34440.8968795029,30507.7404778094,79936.9960715722,0.853592885996239
10.448,0.0235215054833637,0.245752689290184,10.6053009131481,0.0618754545995083,0.429629923980859,0.261060914661082,0.00550756760393954,0.357133594242522,34475.3550025725,30537.9090042707,80023.4224158579,0.854446905820981
10.449,0.0235215054833637,0.245776210795667,10.6053009131481,0.0618813768290833,0.429671044762251,0.26240512663677,0.00577151152308252,0.358015337624683,34509.8476009999,30568.1073638161,80109.9422026466,0.855301780092698
10.45,0.0235215054833637,0.245799732301151,10.6053009131481,0.0618872990586583,0.429712165543643,0.263752615494537,0.006046566753537,0.358897670102155,34544.3747092777,30598.335585947,80196.5555329662,0.856157509666266
10.451,0.0235215054833637,0.245823253806634,10.6053009131481,0.0618932212882333,0.429753286325035,0.265103365539779,0.00633312170974577,0.35978058701433,34578.9363619333,30628.593700194,80283.2625079548,0.857014095397417
10.452,0.0235215054833637,0.245846775312117,10.6053009131481,0.0618991435178083,0.429794407106426,0.266457360938848,0.00663157459264568,0.360664083693683,34613.5325935279,30658.8817361168,80370.0632288584,0.857871538142733
10.453,0.0235215054833637,0.245870296817601,10.6053009131481,0.0619050657473833,0.429835527887818,0.267814585719655,0.0069423334656643,0.361548155465861,34648.1634386581,30689.1997233044,80456.957797034,0.858729838759658
10.454,0.0235215054833637,0.245893818323084,10.6053009131481,0.0619109879769583,0.42987664866921,0.269175023772259,0.00726581632311426,0.362432797649759,34682.8289319547,30719.547691375,80543.946313947,0.859588998106496
10.455,0.0235215054833637,0.245917339828567,10.6053009131481,0.0619169102065333,0.429917769450601,0.270538658849469,0.00760245115059438,0.363318005557591,34717.529108083,30749.9256699761,80631.0288811731,0.860449017042402
10.456,0.0235215054833637,0.245940861334051,10.6053009131481,0.0619228324361083,0.429958890231993,0.271905474567473,0.00795267597700459,0.364203774494984,34752.2640017433,30780.3336887847,80718.2056003978,0.861309896427396
10.457,0.0235215054833637,0.245964382839534,10.6053009131481,0.0619287546656833,0.430000011013385,0.273275454406463,0.00831693891776486,0.365090099761053,34787.0336476706,30810.7717775069,80805.4765734166,0.86217163712236
10.458,0.0235215054833637,0.245987904345017,10.6053009131481,0.0619346768952582,0.430041131794777,0.27464858171126,0.00869569820884127,0.365976976648471,34821.8380806344,30841.2399658782,80892.8419021343,0.863034239989032
10.459,0.0235215054833637,0.246011425850501,10.6053009131481,0.0619405991248332,0.430082252576168,0.27602483969198,0.00908942223118337,0.366864400443567,34856.6773354391,30871.7382836636,80980.3016885668,0.863897705890015
10.46,0.0235215054833637,0.246034947355984,10.6053009131481,0.0619465213544082,0.43012337335756,0.277404211424683,0.00949858952515994,0.367752366426394,34891.5514469242,30902.2667606577,81067.8560348403,0.864762035688778
10.461,0.0235215054833637,0.246058468861468,10.6053009131481,0.0619524435839832,0.430164494138952,0.278786679852032,0.00992368879459695,0.368640869870811,34926.4604499635,30932.8254266841,81155.5050431905,0.865627230249647
10.462,0.0235215054833637,0.246081990366951,10.6053009131481,0.0619583658135582,0.430205614920344,0.280172227783984,0.0103652189000261,0.369529906044568,34961.4043794662,30963.4143115962,81243.2488159646,0.866493290437819
10.463,0.0235215054833637,0.246105511872434,10.6053009131481,0.0619642880431332,0.430246735701735,0.281560837898469,0.0108236888407337,0.370419470209384,34996.3832703763,30994.0334452771,81331.0874556199,0.867360217119355
10.464,0.0235215054833637,0.246129033377918,10.6053009131481,0.0619702102727082,0.430287856483127,0.282952492742083,0.011299617725223,0.371309557621025,35031.3971576724,31024.682857639,81419.0210647248,0.868228011161178
10.465,0.0235215054833637,0.246152554883401,10.6053009131481,0.0619761325022832,0.430328977264519,0.284347174730802,0.0117935347297079,0.37220016352939,35066.4460763687,31055.362578624,81507.0497459582,0.869096673431086
10.466,0.0235215054833637,0.246176076388884,10.6053009131481,0.0619820547318582,0.430370098045911,0.285744866150692,0.0123059790442399,0.373091283178589,35101.5300615139,31086.0726382037,81595.1736021105,0.869966204797739
10.467,0.0235215054833637,0.246199597894368,10.6053009131481,0.0619879769614332,0.430411218827302,0.287145549158637,0.0128374998061008,0.373982911807026,35136.6491481922,31116.8130663795,81683.392736083,0.87083660613067
10.468,0.0235215054833637,0.246223119399851,10.6053009131481,0.0619938991910082,0.430452339608694,0.288549205783064,0.013388656020083,0.374875044647474,35171.8033715226,31147.5838931821,81771.7072508881,0.871707878300279
10.469,0.0235215054833637,0.246246640905334,10.6053009131481,0.0619998214205831,0.430493460390086,0.289955817924701,0.0139600164653052,0.375767676927165,35206.9927666592,31178.3851486723,81860.1172496496,0.872580022177839
10.47,0.0235215054833637,0.246270162410818,10.6053009131481,0.0620057436501581,0.430534581171478,0.291365367357322,0.0145521595881946,0.376660803867867,35242.2173687916,31209.2168629404,81948.6228356034,0.873453038635496
10.471,0.0235215054833637,0.246293683916301,10.6053009131481,0.0620116658797331,0.430575701952869,0.292777835728504,0.0151656733812968,0.377554420685962,35277.4772131442,31240.0790661065,82037.224112096,0.874326928546262
10.472,0.0235215054833637,0.246317205421785,10.6053009131481,0.0620175881093081,0.430616822734261,0.294193204560411,0.0158011552475899,0.378448522592532,35312.772334977,31270.9717883204,82125.9211825865,0.87520169278403
10.473,0.0235215054833637,0.246340726927268,10.6053009131481,0.0620235103388831,0.430657943515653,0.295611455250568,0.0164592118499626,0.379343104793443,35348.1027695851,31301.8950597621,82214.7141506455,0.876077332223565
10.474,0.0235215054833637,0.246364248432751,10.6053009131481,0.0620294325684581,0.430699064297044,0.297032569072642,0.0171404589455554,0.380238162489416,35383.4685522989,31332.8489106408,82303.6031199555,0.876953847740503
10.475,0.0235215054833637,0.246387769938235,10.6053009131481,0.0620353547980331,0.430740185078436,0.298456527177258,0.0178455212046798,0.381133690876119,35418.8697184842,31363.8333711962,82392.5881943111,0.877831240211363
10.476,0.0235215054833637,0.246411291443718,10.6053009131481,0.0620412770276081,0.430781305859828,0.299883310592797,0.0185750320140144,0.382029685144246,35454.3063035421,31394.8484716973,82481.6694776196,0.878709510513535
10.477,0.0235215054833637,0.246434812949201,10.6053009131481,0.0620471992571831,0.43082242664122,0.301312900226213,0.01932963326383,0.382926140479595,35489.7783429094,31425.8942424438,82570.8470738999,0.879588659525293
10.478,0.0235215054833637,0.246458334454685,10.6053009131481,0.0620531214867581,0.430863547422611,0.302745276863854,0.0201099751189824,0.383823052063152,35525.2858720579,31456.9707137646,82660.121087284,0.880468688125783
10.479,0.0235215054833637,0.246481855960168,10.6053009131481,0.062059043716333,0.430904668204003,0.304180421172308,0.0209167157734624,0.384720415071176,35560.8289264952,31488.0779160191,82749.491622016,0.881349597195033
10.48,0.0235215054833637,0.246505377465651,10.6053009131481,0.062064965945908,0.430945788985395,0.305618313699238,0.0217505211882689,0.385618224675278,35596.4075417645,31519.2158795963,82838.9587824532,0.882231387613956
10.481,0.0235215054833637,0.246528898971135,10.6053009131481,0.062070888175483,0.430986909766787,0.307058934874229,0.0226120648124224,0.386516476042497,35632.0217534442,31550.3846349158,82928.5226730651,0.883114060264339
10.482,0.0235215054833637,0.246552420476618,10.6053009131481,0.062076810405058,0.431028030548178,0.308502265009662,0.023502027286965,0.387415164335394,35667.6715971487,31581.5842124267,83018.1833984348,0.883997616028856
10.483,0.0235215054833637,0.246575941982102,10.6053009131481,0.062082732634633,0.43106915132957,0.309948284301574,0.0244210961317701,0.38831428471213,35703.3571085278,31612.8146426087,83107.9410632581,0.884882055791063
10.484,0.0235215054833637,0.246599463487585,10.6053009131481,0.062088654864208,0.431110272110962,0.311396972830526,0.0253699654150498,0.389213832326537,35739.0783232669,31644.0759559712,83197.795772344,0.885767380435399
10.485,0.0235215054833637,0.246622984993068,10.6053009131481,0.062094577093783,0.431151392892354,0.31284831056251,0.0263493354054732,0.390113802328216,35774.8352770873,31675.3681830541,83287.7476306148,0.886653590847189
10.486,0.0235215054833637,0.246646506498552,10.6053009131481,0.062100499323358,0.431192513673745,0.314302277349827,0.0273599122067887,0.391014189862614,35810.628005746,31706.6913544275,83377.7967431069,0.887540687912645
10.487,0.0235215054833637,0.246670028004035,10.6053009131481,0.062106421552933,0.431233634455137,0.31575885293199,0.0284024073749131,0.391914990071097,35846.4565450357,31738.0455006915,83467.9432149688,0.888428672518862
10.488,0.0235215054833637,0.246693549509518,10.6053009131481,0.062112343782508,0.431274755236529,0.317218016936641,0.0294775375174795,0.392816198091045,35882.3209307849,31769.4306524765,83558.1871514643,0.889317545553825
10.489,0.0235215054833637,0.246717071015002,10.6053009131481,0.062118266012083,0.431315876017921,0.318679748880467,0.030586023875813,0.39371780905593,35918.2211988581,31800.8468404436,83648.52865797,0.890207307906409
10.49,0.0235215054833637,0.246740592520485,10.6053009131481,0.062124188241658,0.431356996799312,0.320144028170119,0.0317285918893809,0.394619818095391,35954.1573851554,31832.2940952835,83738.9678399768,0.891097960466374
10.491,0.0235215054833637,0.246764114025968,10.6053009131481,0.062130110471233,0.431398117580704,0.321610834103158,0.0329059707427943,0.39552222033533,35990.129525613,31863.7724477178,83829.5048030894,0.891989504124374
10.492,0.0235215054833637,0.246787635531452,10.6053009131481,0.0621360327008079,0.431439238362096,0.323080145868992,0.034118892895415,0.396425010897983,36026.1376562033,31895.2819284984,83920.1396530272,0.892881939771953
10.493,0.0235215054833637,0.246811157036935,10.6053009131481,0.0621419549303829,0.431480359143487,0.324551942549816,0.0353680935937032,0.397328184902005,36062.1818129342,31926.8225684074,84010.8724956231,0.893775268301546
10.494,0.0235215054833637,0.246834678542419,10.6053009131481,0.0621478771599579,0.431521479924879,0.326026203121588,0.0366543103664766,0.398231737462556,36098.2620318499,31958.3943982576,84101.7034368251,0.89466949060648
10.495,0.0235215054833637,0.246858200047902,10.6053009131481,0.0621537993895329,0.431562600706271,0.327502906454985,0.0379782825032237,0.399135663691382,36134.3783490307,31989.9974488921,84192.6325826959,0.895564607580982
10.496,0.0235215054833637,0.246881721553385,10.6053009131481,0.0621597216191079,0.431603721487663,0.328982031316368,0.0393407505157032,0.400039958696892,36170.5308005928,32021.6317511844,84283.6600394118,0.896460620120165
10.497,0.0235215054833637,0.246905243058869,10.6053009131481,0.0621656438486829,0.431644842269054,0.330463556368777,0.0407424555830976,0.400944617584248,36206.7194226887,32053.2973360389,84374.7859132651,0.897357529120042
10.498,0.0235215054833637,0.246928764564352,10.6053009131481,0.0621715660782579,0.431685963050446,0.331947460172909,0.0421841389809562,0.401849635455445,36242.944251507,32084.9942343901,84466.0103106622,0.898255335477523
10.499,0.0235215054833637,0.246952286069835,10.6053009131481,0.0621774883078329,0.431727083831838,0.333433721188118,0.0436665414942773,0.402755007409392,36279.2053232727,32116.7224772036,84557.3333381254,0.899154040090416
10.5,0.0235215054833637,0.246975807575319,10.6053009131481,0.0621834105374079,0.43176820461323,0.334922317773409,0.0451904028150462,0.403660728541993,36315.5026742466,32148.4820954751,84648.7551022909,0.900053643857422
10.501,0.0235215054833637,0.246999329080802,10.6053009131481,0.0621893327669829,0.431809325394621,0.336413228188457,0.0467564609246511,0.404566793946234,36351.8363407263,32180.2731202313,84740.2757099115,0.900954147678148
10.502,0.0235215054833637,0.247022850586286,10.6053009131481,0.0621952549965579,0.431850446176013,0.337906430594623,0.0483654514615416,0.405473198712264,36388.2063590454,32212.0955825296,84831.8952678546,0.901855552453097
10.503,0.0235215054833637,0.247046372091769,10.6053009131481,0.0622011772261328,0.431891566957405,0.339401903055964,0.0500181070746011,0.406379937927473,36424.6127655738,32243.9495134577,84923.6138831034,0.902757859083673
10.504,0.0235215054833637,0.247069893597252,10.6053009131481,0.0622070994557078,0.431932687738797,0.340899623540281,0.0517151567627423,0.407287006676581,36461.055596718,32275.8349441345,85015.4316627566,0.903661068472183
10.505,0.0235215054833637,0.247093415102736,10.6053009131481,0.0622130216852828,0.431973808520188,0.342399569920149,0.0534573252011924,0.408194400041718,36497.534888921,32307.7519057095,85107.3487140294,0.904565181521838
10.506,0.0235215054833637,0.247116936608219,10.6053009131481,0.0622189439148578,0.43201492930158,0.34390171997395,0.055245332055044,0.409102113102503,36534.0506786617,32339.7004293631,85199.3651442516,0.905470199136749
10.507,0.0235215054833637,0.247140458113702,10.6053009131481,0.0622248661444328,0.432056050082972,0.345406051386942,0.0570798912806853,0.410010140936131,36570.6030024563,32371.6805463062,85291.4810608704,0.906376122221934
10.508,0.0235215054833637,0.247163979619186,10.6053009131481,0.0622307883740078,0.432097170864363,0.346912541752306,0.0589617104156716,0.410918478617454,36607.1918968568,32403.692287781,85383.6965714483,0.907282951683317
10.509,0.0235215054833637,0.247187501124669,10.6053009131481,0.0622367106035828,0.432138291645755,0.348421168572211,0.0608914898577395,0.411827121219066,36643.8173984524,32435.7356850604,85476.0117836646,0.908190688427729
10.51,0.0235215054833637,0.247211022630152,10.6053009131481,0.0622426328331578,0.432179412427147,0.349931909258876,0.0628699221336106,0.412736063811375,36680.4795438684,32467.8107694481,85568.4268053145,0.909099333362903
10.511,0.0235215054833637,0.247234544135636,10.6053009131481,0.0622485550627328,0.432220533208539,0.351444741135662,0.0648976911583585,0.4136453014627,36717.1783697669,32499.917572279,85660.9417443103,0.910008887397487
10.512,0.0235215054833637,0.247258065641119,10.6053009131481,0.0622544772923078,0.43226165398993,0.352959641438146,0.0669754714860245,0.414554829239347,36753.913912847,32532.0561249188,85753.5567086806,0.910919351441035
10.513,0.0235215054833637,0.247281587146602,10.6053009131481,0.0622603995218828,0.432302774771322,0.354476587315199,0.0691039275522919,0.415464642205683,36790.6862098439,32564.2264587643,85846.2718065709,0.911830726404009
10.514,0.0235215054833637,0.247305108652086,10.6053009131481,0.0622663217514577,0.432343895552714,0.3559955558301,0.0712837129100688,0.416374735424234,36827.4952975302,32596.4286052434,85939.0871462435,0.912743013197786
10.515,0.0235215054833637,0.247328630157569,10.6053009131481,0.0622722439810327,0.432385016334106,0.357516523961626,0.0735154694587528,0.417285103955757,36864.3412127149,32628.6625958149,86032.0028360784,0.913656212734653
10.516,0.0235215054833637,0.247352151663053,10.6053009131481,0.0622781662106077,0.432426137115497,0.359039468605153,0.075799826668083,0.418195742859321,36901.2239922438,32660.9284619688,86125.0189845716,0.914570325927808
10.517,0.0235215054833637,0.247375673168536,10.6053009131481,0.0622840884401827,0.432467257896889,0.360564366573778,0.0781374007975137,0.419106647192398,36938.1436729997,32693.2262352264,86218.1357003375,0.915485353691365
10.518,0.0235215054833637,0.247399194674019,10.6053009131481,0.0622900106697577,0.432508378678281,0.362091194599434,0.0805287941119679,0.420017812010938,36975.1002919025,32725.55594714,86311.3530921074,0.916401296940353
10.519,0.0235215054833637,0.247422716179503,10.6053009131481,0.0622959328993327,0.432549499459673,0.363619929334004,0.0829745940949538,0.420929232369452,37012.0938859086,32757.9176292931,86404.6712687303,0.917318156590713
10.52,0.0235215054833637,0.247446237684986,10.6053009131481,0.0623018551289077,0.432590620241064,0.365150547350464,0.0854753726600639,0.421840903321095,37049.1244920116,32790.3113133003,86498.0903391726,0.918235933559306
10.521,0.0235215054833637,0.247469759190469,10.6053009131481,0.0623077773584827,0.432631741022456,0.366683025144008,0.0880316853617794,0.422752819917754,37086.1921472423,32822.7370308079,86591.6104125193,0.919154628763911
10.522,0.0235215054833637,0.247493280695953,10.6053009131481,0.0623136995880577,0.432672861803848,0.368217339133184,0.0906440706066386,0.423664977210114,37123.2968886682,32855.1948134931,86685.2315979722,0.92007424312322
10.523,0.0235215054833637,0.247516802201436,10.6053009131481,0.0623196218176327,0.43271398258524,0.369753465661048,0.0933130488658561,0.424577370247761,37160.4387533941,32887.6846930645,86778.9540048521,0.920994777556848
10.524,0.0235215054833637,0.24754032370692,10.6053009131481,0.0623255440472077,0.432755103366631,0.371291380996309,0.0960391218903728,0.425489994079249,37197.6177785618,32920.2067012622,86872.7777425976,0.921916232985332
10.525,0.0235215054833637,0.247563845212403,10.6053009131481,0.0623314662767827,0.432796224148023,0.372831061334476,0.098822771929455,0.426402843752182,37234.8340013504,32952.7608698575,86966.7029207656,0.922838610330125
10.526,0.0235215054833637,0.247587366717886,10.6053009131481,0.0623373885063576,0.432837344929415,0.37437248279903,0.101664460953985,0.427315914313307,37272.0874589761,32985.3472306533,87060.7296490316,0.923761910513604
10.527,0.0235215054833637,0.24761088822337,10.6053009131481,0.0623433107359326,0.432878465710807,0.375915621442583,0.104564629885462,0.428229200808587,37309.3781886924,33017.9658154838,87154.8580371898,0.924686134459073
10.528,0.0235215054833637,0.247634409728853,10.6053009131481,0.0623492329655076,0.432919586492198,0.377460453248038,0.107523697831889,0.429142698283281,37346.70622779,33050.6166562147,87249.0881951525,0.925611283090752
10.529,0.0235215054833637,0.247657931234336,10.6053009131481,0.0623551551950826,0.43296070727359,0.379006954129777,0.110542061331707,0.430056401782032,37384.0716135969,33083.2997847433,87343.4202329515,0.926537357333791
10.53,0.0235215054833637,0.24768145273982,10.6053009131481,0.0623610774246576,0.433001828054982,0.380555099934828,0.113620093606837,0.430970306348947,37421.4743834785,33116.0152329984,87437.8542607375,0.927464358114264
10.531,0.0235215054833637,0.247704974245303,10.6053009131481,0.0623669996542326,0.433042948836373,0.382104866444056,0.116758143826062,0.431884407027678,37458.9145748377,33148.7630329404,87532.3903887799,0.928392286359175
10.532,0.0235215054833637,0.247728495750786,10.6053009131481,0.0623729218838076,0.433084069617765,0.383656229373334,0.119956536379819,0.432798698861497,37496.3922251145,33181.5432165611,87627.0287274676,0.929321142996447
10.533,0.0235215054833637,0.24775201725627,10.6053009131481,0.0623788441133826,0.433125190399157,0.385209164374752,0.12321557016767,0.433713176893389,37533.9073717867,33214.3558158842,87721.7693873086,0.93025092895494
10.534,0.0235215054833637,0.247775538761753,10.6053009131481,0.0623847663429576,0.433166311180549,0.386763647037804,0.126535517899483,0.434627836166129,37571.4600523694,33247.2008629652,87816.612478931,0.931181645164441
10.535,0.0235215054833637,0.247799060267236,10.6053009131481,0.0623906885725326,0.43320743196194,0.388319652890578,0.129916625411549,0.435542671722354,37609.0503044153,33280.0783898907,87911.5581130815,0.932113292555664
10.536,0.0235215054833637,0.24782258177272,10.6053009131481,0.0623966108021076,0.433248552743332,0.389877157400975,0.13335911099881,0.436457678604661,37646.6781655145,33312.9884287796,88006.6064006275,0.933045872060256
10.537,0.0235215054833637,0.247846103278203,10.6053009131481,0.0624025330316825,0.433289673524724,0.391436135977904,0.136863164764273,0.437372851855674,37684.3436732951,33345.9310117823,88101.7574525557,0.933979384610798
10.538,0.0235215054833637,0.247869624783687,10.6053009131481,0.0624084552612575,0.433330794306116,0.392996563972499,0.140428947986805,0.438288186518133,37722.0468654226,33378.9061710812,88197.0113799734,0.934913831140805
10.539,0.0235215054833637,0.24789314628917,10.6053009131481,0.0624143774908325,0.433371915087507,0.394558416679317,0.144056592508389,0.43920367763497,37759.7877796,33411.9139388903,88292.3682941069,0.935849212584719
10.54,0.0235215054833637,0.247916667794653,10.6053009131481,0.0624202997204075,0.433413035868899,0.39612166933758,0.147746200142049,0.440119320249395,37797.5664535684,33444.9543474554,88387.8283063041,0.936785529877923
10.541,0.0235215054833637,0.247940189300137,10.6053009131481,0.0624262219499825,0.433454156650291,0.397686297132379,0.151497842101426,0.441035109404972,37835.3829251064,33478.0274290545,88483.3915280322,0.937722783956737
10.542,0.0235215054833637,0.24796371080562,10.6053009131481,0.0624321441795575,0.433495277431683,0.399252275195894,0.155311558453149,0.441951040145701,37873.2372320304,33511.1332159973,88579.0580708796,0.938660975758411
10.543,0.0235215054833637,0.247987232311103,10.6053009131481,0.0624380664091325,0.433536398213074,0.400819578608637,0.159187357593121,0.442867107516102,37911.1294121948,33544.2717406254,88674.8280465549,0.93960010622114
10.544,0.0235215054833637,0.248010753816587,10.6053009131481,0.0624439886387075,0.433577518994466,0.40238818240067,0.163125215747657,0.443783306561293,37949.0595034918,33577.4430353126,88770.7015668882,0.940540176284054
10.545,0.0235215054833637,0.24803427532207,10.6053009131481,0.0624499108682825,0.433618639775858,0.403958061552838,0.167125076500543,0.444699632327065,37987.0275438515,33610.6471324646,88866.6787438292,0.941481186887222
10.546,0.0235215054833637,0.248057796827553,10.6053009131481,0.0624558330978575,0.433659760557249,0.40552919099801,0.171186850347081,0.445616079859974,38025.0335712419,33643.884064519,88962.7596894501,0.942423138971655
10.547,0.0235215054833637,0.248081318333037,10.6053009131481,0.0624617553274325,0.433700881338641,0.407101545622321,0.175310414275963,0.446532644207415,38063.077623669,33677.1538639458,89058.9445159433,0.943366033479307
10.548,0.0235215054833637,0.24810483983852,10.6053009131481,0.0624676775570075,0.433742002120033,0.408675100266396,0.179495611379972,0.447449320417695,38101.1597391769,33710.4565632467,89155.2333356228,0.944309871353069
10.549,0.0235215054833637,0.248128361344004,10.6053009131481,0.0624735997865824,0.433783122901425,0.410249829726615,0.183742250496486,0.448366103540128,38139.2799558477,33743.7921949559,89251.6262609241,0.945254653536782
10.55,0.0235215054833637,0.248151882849487,10.6053009131481,0.0624795220161574,0.433824243682816,0.411825708756348,0.188050105878522,0.449282988625106,38177.4383118017,33777.1607916398,89348.1234044044,0.946200380975228
10.551,0.0235215054833637,0.24817540435497,10.6053009131481,0.0624854442457324,0.433865364464208,0.413402712067201,0.192418916897224,0.450199970724173,38215.6348451972,33810.5623858964,89444.7248787419,0.947147054614133
10.552,0.0235215054833637,0.248198925860454,10.6053009131481,0.0624913664753074,0.4339064852456,0.414980814330275,0.196848387776656,0.451117044890121,38253.8695942306,33843.9970103567,89541.4307967375,0.948094675400171
10.553,0.0235215054833637,0.248222447365937,10.6053009131481,0.0624972887048824,0.433947606026992,0.416559990177418,0.201338187361534,0.452034206177056,38292.1425971369,33877.4646976837,89638.2412713136,0.949043244280966
10.554,0.0235215054833637,0.24824596887142,10.6053009131481,0.0625032109344574,0.433988726808383,0.418140214202467,0.205887948918667,0.45295144964048,38330.453892189,33910.9654805724,89735.1564155148,0.949992762205082
10.555,0.0235215054833637,0.248269490376904,10.6053009131481,0.0625091331640324,0.434029847589775,0.419721460962524,0.210497269972854,0.453868770337377,38368.8035176981,33944.4993917505,89832.1763425077,0.950943230122039
10.556,0.0235215054833637,0.248293011882387,10.6053009131481,0.0625150553936074,0.434070968371167,0.421303704979207,0.215165712177733,0.454786163326285,38407.191512014,33978.0664639779,89929.3011655818,0.951894648982307
10.557,0.0235215054833637,0.24831653338787,10.6053009131481,0.0625209776231824,0.434112089152559,0.422886920739898,0.219892801222213,0.455703623667375,38445.6179135245,34011.6667300469,90026.5309981483,0.952847019737303
10.558,0.0235215054833637,0.248340054893354,10.6053009131481,0.0625268998527574,0.43415320993395,0.424471082699028,0.224678026773108,0.456621146422539,38484.0827606562,34045.3002227824,90123.8659537417,0.953800343339397
10.559,0.0235215054833637,0.248363576398837,10.6053009131481,0.0625328220823324,0.434194330715342,0.426056165279324,0.229520842454304,0.457538726655458,38522.5860918738,34078.9669750415,90221.3061460188,0.954754620741914
10.56,0.0235215054833637,0.248387097904321,10.6053009131481,0.0625387443119074,0.434235451496734,0.427642142873081,0.234420665862992,0.458456359431689,38561.1279456808,34112.667019714,90318.85168876,0.955709852899133
10.561,0.0235215054833637,0.248410619409804,10.6053009131481,0.0625446665414823,0.434276572278125,0.429228989843418,0.239376878623278,0.459374039818737,38599.7083606189,34146.4003897221,90416.5026958675,0.956666040766283
10.562,0.0235215054833637,0.248434140915287,10.6053009131481,0.0625505887710573,0.434317693059517,0.430816680525564,0.244388826477605,0.460291762886138,38638.3273752686,34180.1671180205,90514.2592813676,0.957623185299553
10.563,0.0235215054833637,0.248457662420771,10.6053009131481,0.0625565110006323,0.434358813840909,0.432405189228113,0.249455819416101,0.461209523705539,38676.9850282489,34213.9672375968,90612.1215594101,0.95858128745609
10.564,0.0235215054833637,0.248481183926254,10.6053009131481,0.0625624332302073,0.434399934622301,0.433994490234291,0.254577131844132,0.462127317350768,38715.6813582175,34247.8007814707,90710.089644267,0.959540348193993
10.565,0.0235215054833637,0.248504705431737,10.6053009131481,0.0625683554597823,0.434441055403692,0.435584557803237,0.259752002788309,0.463045138897923,38754.4164038706,34281.6677826951,90808.1636503351,0.960500368472324
10.566,0.0235215054833637,0.248528226937221,10.6053009131481,0.0625742776893573,0.434482176185084,0.437175366171272,0.26497963614087,0.463962983425443,38793.1902039434,34315.5682743553,90906.3436921342,0.961461349251105
10.567,0.0235215054833637,0.248551748442704,10.6053009131481,0.0625801999189323,0.434523296966476,0.438766889553157,0.27025920094256,0.464880846014186,38832.0027972095,34349.5022895693,91004.6298843081,0.962423291491314
10.568,0.0235215054833637,0.248575269948187,10.6053009131481,0.0625861221485073,0.434564417747868,0.440359102143387,0.275589831704068,0.465798721747511,38870.8542224817,34383.4698614878,91103.0223416244,0.963386196154894
10.569,0.0235215054833637,0.248598791453671,10.6053009131481,0.0625920443780823,0.434605538529259,0.441951978117449,0.280970628765771,0.466716605711352,38909.7445186114,34417.4710232946,91201.5211789753,0.964350064204751
10.57,0.0235215054833637,0.248622312959154,10.6053009131481,0.0625979666076573,0.434646659310651,0.443545491633103,0.286400658695783,0.467634492994297,38948.6737244889,34451.5058082061,91300.1265113768,0.965314896604755
10.571,0.0235215054833637,0.248645834464638,10.6053009131481,0.0626038888372323,0.434687780092043,0.445139616831641,0.291878954725992,0.468552378687663,38987.6418790433,34485.5742494713,91398.8384539688,0.966280694319733
10.572,0.0235215054833637,0.248669355970121,10.6053009131481,0.0626098110668072,0.434728900873435,0.446734327839182,0.297404517225993,0.469470257885577,39026.6490212428,34519.6763803726,91497.6571220165,0.967247458315487
10.573,0.0235215054833637,0.248692877475604,10.6053009131481,0.0626157332963822,0.434770021654826,0.448329598767935,0.302976314214387,0.470388125685052,39065.6951900947,34553.8122342249,91596.5826309098,0.968215189558781
10.574,0.0235215054833637,0.248716398981088,10.6053009131481,0.0626216555259572,0.434811142436218,0.449925403717462,0.308593281907173,0.471305977186059,39104.7804246449,34587.9818443763,91695.6150961623,0.969183889017343
10.575,0.0235215054833637,0.248739920486571,10.6053009131481,0.0626275777555322,0.43485226321761,0.451521716775972,0.31425432530286,0.472223807491611,39143.9047639789,34622.1852442076,91794.7546334136,0.970153557659876
10.576,0.0235215054833637,0.248763441992054,10.6053009131481,0.0626334999851072,0.434893383999002,0.453118512021583,0.319958318803637,0.473141611707837,39183.0682472209,34656.4224671329,91894.0013584278,0.971124196456048
10.577,0.0235215054833637,0.248786963497538,10.6053009131481,0.0626394222146822,0.434934504780393,0.454715763523588,0.325704106872115,0.474059384944055,39222.2709135344,34690.6935465992,91993.3553870942,0.972095806376496
10.578,0.0235215054833637,0.248810485003021,10.6053009131481,0.0626453444442572,0.434975625561785,0.456313445343742,0.331490504723119,0.474977122312851,39261.512802122,34724.9985160866,92092.8168354273,0.973068388392832
10.579,0.0235215054833637,0.248834006508505,10.6053009131481,0.0626512666738322,0.435016746343177,0.457911531537528,0.337316299049676,0.47589481893016,39300.7939522258,34759.3374091083,92192.3858195677,0.974041943477639
10.58,0.0235215054833637,0.248857528013988,10.6053009131481,0.0626571889034072,0.435057867124569,0.459509996155417,0.343180248782546,0.476812469915328,39340.1144031268,34793.7102592105,92292.0624557803,0.975016472604469
10.581,0.0235215054833637,0.248881049519471,10.6053009131481,0.0626631111329822,0.43509898790596,0.461108813244155,0.349081085882613,0.477730070391206,39379.4741941454,34828.1170999728,92391.846860457,0.975991976747852
10.582,0.0235215054833637,0.248904571024955,10.6053009131481,0.0626690333625571,0.435140108687352,0.462707956848029,0.355017516165095,0.478647615484212,39418.8733646416,34862.5579650081,92491.7391501149,0.976968456883296
10.583,0.0235215054833637,0.248928092530438,10.6053009131481,0.0626749555921321,0.435181229468744,0.464307401010118,0.360988220154784,0.479565100324409,39458.3119540143,34897.0328879621,92591.739441397,0.977945913987275
10.584,0.0235215054833637,0.248951614035921,10.6053009131481,0.0626808778217071,0.435222350250135,0.465907119773583,0.366991853971448,0.480482520045586,39497.7900017023,34931.5419025142,92691.8478510726,0.978924349037251
10.585,0.0235215054833637,0.248975135541405,10.6053009131481,0.0626868000512821,0.435263471031527,0.467507087182926,0.373027050244216,0.48139986978533,39537.3075471837,34966.0850423769,92792.0644960376,0.979903763011659
10.586,0.0235215054833637,0.248998657046888,10.6053009131481,0.0626927222808571,0.435304591812919,0.46910727728524,0.379092419054001,0.482317144685093,39576.8646299758,35000.6623412959,92892.3894933133,0.98088415688991
10.587,0.0235215054833637,0.249022178552371,10.6053009131481,0.0626986445104321,0.435345712594311,0.470707664131495,0.385186548902942,0.483234339890282,39616.4612896359,35035.2738330507,92992.8229600486,0.981865531652399
10.588,0.0235215054833637,0.249045700057855,10.6053009131481,0.0627045667400071,0.435386833375702,0.472308221777787,0.391308007709558,0.484151450550323,39656.0975657606,35069.9195514539,93093.3650135185,0.982847888280504
10.589,0.0235215054833637,0.249069221563338,10.6053009131481,0.0627104889695821,0.435427954157094,0.473908924286594,0.397455343828512,0.485068471818734,39695.7734979861,35104.5995303514,93194.0157711249,0.983831227756577
10.59,0.0235215054833637,0.249092743068821,10.6053009131481,0.0627164111991571,0.435469074938486,0.475509745728048,0.403627087093868,0.48598539885321,39735.4891259885,35139.3138036229,93294.7753503963,0.984815551063959
10.591,0.0235215054833637,0.249116264574305,10.6053009131481,0.0627223334287321,0.435510195719878,0.47711066018118,0.409821749884365,0.486902226815684,39775.2444894832,35174.0624051814,93395.6438689891,0.985800859186975
10.592,0.0235215054833637,0.249139786079788,10.6053009131481,0.0627282556583071,0.435551316501269,0.478711641735184,0.416037828209588,0.487818950872412,39815.0396282259,35208.8453689736,93496.6214446862,0.986787153110934
10.593,0.0235215054833637,0.249163307585272,10.6053009131481,0.0627341778878821,0.435592437282661,0.480312664490655,0.422273802815568,0.488735566194038,39854.8745820114,35243.6627289795,93597.7081953979,0.987774433822127
10.594,0.0235215054833637,0.249186829090755,10.6053009131481,0.062740100117457,0.435633558064053,0.481913702560858,0.428528140308622,0.489652067955673,39894.7493906748,35278.514519213,93698.9042391622,0.988762702307836
10.595,0.0235215054833637,0.249210350596238,10.6053009131481,0.062746022347032,0.435674678845445,0.483514730072967,0.434799294295818,0.490568451336968,39934.664094091,35313.4007737215,93800.209694145,0.989751959556331
10.596,0.0235215054833637,0.249233872101722,10.6053009131481,0.062751944576607,0.435715799626836,0.485115721169304,0.441085706540756,0.491484711522181,39974.6187321746,35348.321526586,93901.6246786389,0.990742206556866
10.597,0.0235215054833637,0.249257393607205,10.6053009131481,0.062757866806182,0.435756920408228,0.4867166500086,0.447385808133296,0.492400843700259,40014.6133448802,35383.2768119211,94003.1493110657,0.991733444299691
10.598,0.0235215054833637,0.249280915112688,10.6053009131481,0.062763789035757,0.43579804118962,0.488317490767224,0.453698020671573,0.493316843064907,40054.6479722026,35418.2666638757,94104.7837099744,0.992725673776044
10.599,0.0235215054833637,0.249304436618172,10.6053009131481,0.062769711265332,0.435839161971011,0.489918217640417,0.460020757454905,0.494232704814655,40094.7226541762,35453.2911166319,94206.5279940425,0.993718895978152
10.6,0.0235215054833637,0.249327958123655,10.6053009131481,0.062775633494907,0.435880282752403,0.491518804843546,0.466352424686178,0.495148424152939,40134.8374308758,35488.3502044056,94308.3822820755,0.994713111899239
10.601,0.0235215054833637,0.249351479629138,10.6053009131481,0.062781555724482,0.435921403533795,0.49311922661332,0.472691422681977,0.496063996288168,40174.9923424162,35523.4439614469,94410.346693008,0.995708322533521
10.602,0.0235215054833637,0.249375001134622,10.6053009131481,0.062787477954057,0.435962524315187,0.49471945720903,0.479036147089108,0.496979416433801,40215.1874289523,35558.5724220396,94512.4213459024,0.99670452887621
10.603,0.0235215054833637,0.249398522640105,10.6053009131481,0.062793400183632,0.436003645096578,0.496319470913767,0.485384990105823,0.497894679808407,40255.4227306792,35593.7356205012,94614.6063599503,0.997701731923509
10.604,0.0235215054833637,0.249422044145589,10.6053009131481,0.062799322413207,0.43604476587797,0.497919242035658,0.491736341706378,0.498809781635751,40295.6982878321,35628.9335911836,94716.9018544719,0.998699932672623
10.605,0.0235215054833637,0.249445565651072,10.6053009131481,0.0628052446427819,0.436085886659362,0.499518744909082,0.498088590867161,0.49972471714486,40336.0141406867,35664.1663684721,94819.3079489171,0.999699132121755
10.606,0.0235215054833637,0.249469087156555,10.6053009131481,0.0628111668723569,0.436127007440754,0.501117953895876,0.504440126792929,0.500639481570086,40376.3703295588,35699.4339867865,94921.8247628637,1.0006993312701
10.607,0.0235215054833637,0.249492608662039,10.6053009131481,0.0628170891019319,0.436168128222145,0.502716843386573,0.510789340141696,0.501554070151191,40416.7668948046,35734.7364805803,95024.4524160198,1.00170053111786
10.608,0.0235215054833637,0.249516130167522,10.6053009131481,0.0628230113315069,0.436209249003537,0.504315387801596,0.517134624246531,0.502468478133409,40457.2038768207,35770.0738843414,95127.191028223,1.00270273266624
10.609,0.0235215054833637,0.249539651673005,10.6053009131481,0.0628289335610819,0.436250369784929,0.505913561592462,0.523474376332815,0.503382700767514,40497.681316044,35805.4462325913,95230.0407194395,1.00370593691743
10.61,0.0235215054833637,0.249563173178489,10.6053009131481,0.0628348557906569,0.436291490566321,0.507511339243004,0.529806998729526,0.504296733309899,40538.199252952,35840.8535598861,95333.0016097661,1.00471014487464
10.611,0.0235215054833637,0.249586694683972,10.6053009131481,0.0628407780202319,0.436332611347712,0.509108695270558,0.536130900072839,0.505210571022642,40578.7577280627,35876.2959008161,95436.0738194291,1.00571535754208
10.612,0.0235215054833637,0.249610216189456,10.6053009131481,0.0628467002498069,0.436373732129104,0.510705604227152,0.542444496500621,0.50612420917357,40619.3567819344,35911.7732900053,95539.2574687849,1.00672157592496
10.613,0.0235215054833637,0.249633737694939,10.6053009131481,0.0628526224793819,0.436414852910496,0.512302040700719,0.548746212836454,0.507037643036341,40659.9964551663,35947.2857621124,95642.5526783196,1.0077288010295
10.614,0.0235215054833637,0.249657259200422,10.6053009131481,0.0628585447089569,0.436455973691888,0.513897979316273,0.555034483761502,0.507950867890502,40700.6767883981,35982.8333518303,95745.9595686506,1.00873703386293
10.615,0.0235215054833637,0.249680780705906,10.6053009131481,0.0628644669385319,0.436497094473279,0.515493394737085,0.561307754972891,0.508863879021562,40741.39782231,36018.4160938861,95849.4782605242,1.00974627543348
10.616,0.0235215054833637,0.249704302211389,10.6053009131481,0.0628703891681068,0.436538215254671,0.517088261665881,0.567564484327285,0.509776671721066,40782.1595976231,36054.0340230412,95953.1088748187,1.01075652675038
10.617,0.0235215054833637,0.249727823716872,10.6053009131481,0.0628763113976818,0.436579336036063,0.51868255484601,0.573803142968054,0.510689241286656,40822.9621550993,36089.6871740915,96056.8515325423,1.0117677888239
10.618,0.0235215054833637,0.249751345222356,10.6053009131481,0.0628822336272568,0.436620456817454,0.520276249062605,0.580022216434797,0.511601583022143,40863.805535541,36125.3755818672,96160.7063548342,1.01278006266528
10.619,0.0235215054833637,0.249774866727839,10.6053009131481,0.0628881558568318,0.436661577598846,0.521869319143769,0.58622020575398,0.512513692237575,40904.6897797916,36161.0992812332,96264.6734629643,1.01379334928682
10.62,0.0235215054833637,0.249798388233322,10.6053009131481,0.0628940780864068,0.436702698380238,0.523461739961727,0.592395628509193,0.513425564249311,40945.6149287355,36196.8583070886,96368.7529783346,1.01480764970179
10.621,0.0235215054833637,0.249821909738806,10.6053009131481,0.0629000003159818,0.43674381916163,0.525053486433977,0.598547019889893,0.514337194380073,40986.5810232977,36232.6526943669,96472.9450224767,1.01582296492449
10.622,0.0235215054833637,0.249845431244289,10.6053009131481,0.0629059225455568,0.436784939943021,0.526644533524459,0.604672933717489,0.515248577959032,41027.5881044443,36268.4824780366,96577.2497170553,1.01683929597024
10.623,0.0235215054833637,0.249868952749772,10.6053009131481,0.0629118447751318,0.436826060724413,0.528234856244693,0.61077194344741,0.516159710321863,41068.6362131824,36304.3476931004,96681.6671838655,1.01785664385538
10.624,0.0235215054833637,0.249892474255256,10.6053009131481,0.0629177670047068,0.436867181505805,0.529824429654928,0.616842643146178,0.517070586810822,41109.7253905602,36340.2483745959,96786.1975448348,1.01887500959724
10.625,0.0235215054833637,0.249915995760739,10.6053009131481,0.0629236892342818,0.436908302287197,0.531413228865267,0.622883648442286,0.517981202774798,41150.8556776668,36376.1845575948,96890.8409220217,1.0198943942142
10.626,0.0235215054833637,0.249939517266223,10.6053009131481,0.0629296114638568,0.436949423068588,0.533001229036821,0.628893597450002,0.518891553569396,41192.0271156324,36412.1562772043,96995.5974376177,1.02091479872563
10.627,0.0235215054833637,0.249963038771706,10.6053009131481,0.0629355336934318,0.43699054384998,0.534588405382828,0.6348711516649,0.519801634556996,41233.2397456287,36448.1635685657,97100.4672139456,1.02193622415196
10.628,0.0235215054833637,0.249986560277189,10.6053009131481,0.0629414559230067,0.437031664631372,0.536174733169765,0.640814996830277,0.520711441106815,41274.4936088681,36484.2064668551,97205.4503734607,1.02295867151458
10.629,0.0235215054833637,0.250010081782673,10.6053009131481,0.0629473781525817,0.437072785412764,0.537760187718488,0.646723843773651,0.521620968594982,41315.7887466046,36520.2850072836,97310.5470387506,1.02398214183597
10.63,0.0235215054833637,0.250033603288156,10.6053009131481,0.0629533003821567,0.437113906194155,0.539344744405329,0.652596429212308,0.5225302124046,41357.1252001333,36556.3992250972,97415.7573325361,1.02500663613958
10.631,0.0235215054833637,0.250057124793639,10.6053009131481,0.0629592226117317,0.437155026975547,0.540928378663203,0.658431516527204,0.523439167925805,41398.5030107906,36592.5491555764,97521.0813776695,1.02603215544992
10.632,0.0235215054833637,0.250080646299123,10.6053009131481,0.0629651448413067,0.437196147756939,0.542511065982719,0.664227896504576,0.524347830555842,41439.9222199544,36628.7348340368,97626.519297137,1.02705870079249
10.633,0.0235215054833637,0.250104167804606,10.6053009131481,0.0629710670708817,0.43723726853833,0.544092781913272,0.669984388044386,0.525256195699125,41481.3828690438,36664.9562958289,97732.071214057,1.02808627319386
10.634,0.0235215054833637,0.250127689310089,10.6053009131481,0.0629769893004567,0.437278389319722,0.545673502064131,0.675699838835138,0.526164258767301,41522.8849995196,36701.2135763384,97837.7372516819,1.02911487368158
10.635,0.0235215054833637,0.250151210815573,10.6053009131481,0.0629829115300317,0.437319510101114,0.547253202105519,0.681373125994364,0.527072015179311,41564.4286528838,36737.5067109854,97943.5175333961,1.03014450328426
10.636,0.0235215054833637,0.250174732321056,10.6053009131481,0.0629888337596067,0.437360630882506,0.548831857769707,0.687003156674442,0.527979460361465,41606.0138706801,36773.8357352256,98049.4121827187,1.03117516303153
10.637,0.0235215054833637,0.25019825382654,10.6053009131481,0.0629947559891817,0.437401751663897,0.550409444852076,0.692588868633081,0.528886589747498,41647.6406944939,36810.2006845494,98155.4213233016,1.03220685395405
10.638,0.0235215054833637,0.250221775332023,10.6053009131481,0.0630006782187567,0.437442872445289,0.551985939212179,0.698129230768178,0.529793398778631,41689.3091659517,36846.6015944825,98261.5450789304,1.0332395770835
10.639,0.0235215054833637,0.250245296837506,10.6053009131481,0.0630066004483316,0.437483993226681,0.553561316774817,0.703623243616778,0.530699882903642,41731.0193267222,36883.0385005857,98367.7835735246,1.03427333345263
10.64,0.0235215054833637,0.25026881834299,10.6053009131481,0.0630125226779066,0.437525114008073,0.555135553531083,0.709069939817684,0.531606037578928,41772.7712185155,36919.5114384549,98474.1369311384,1.03530812409517
10.641,0.0235215054833637,0.250292339848473,10.6053009131481,0.0630184449074816,0.437566234789464,0.55670862553941,0.714468384537573,0.532511858268561,41814.5648830835,36956.0204437211,98580.6052759586,1.03634395004592
10.642,0.0235215054833637,0.250315861353956,10.6053009131481,0.0630243671370566,0.437607355570856,0.55828050892662,0.719817675860529,0.53341734044436,41856.4003622198,36992.5655520509,98687.1887323076,1.03738081234071
10.643,0.0235215054833637,0.25033938285944,10.6053009131481,0.0630302893666316,0.437648476352248,0.55985117988896,0.725116945140718,0.534322479585948,41898.2776977601,37029.1467991459,98793.8874246421,1.03841871201639
10.644,0.0235215054833637,0.250362904364923,10.6053009131481,0.0630362115962066,0.43768959713364,0.56142061469312,0.730365357318206,0.535227271180812,41940.1969315814,37065.7642207429,98900.7014775524,1.03945765011088
10.645,0.0235215054833637,0.250386425870406,10.6053009131481,0.0630421338257816,0.437730717915031,0.56298878967727,0.73556211119804,0.536131710724373,41982.1581056033,37102.4178526142,99007.6310157646,1.0404976276631
10.646,0.0235215054833637,0.25040994737589,10.6053009131481,0.0630480560553566,0.437771838696423,0.564555681252074,0.740706439692436,0.537035793720042,42024.1612617867,37139.1077305676,99114.676164139,1.04153864571304
10.647,0.0235215054833637,0.250433468881373,10.6053009131481,0.0630539782849316,0.437812959477815,0.56612126590169,0.745797610026293,0.537939515679279,42066.2064421349,37175.833890446,99221.8370476712,1.04258070530171
10.648,0.0235215054833637,0.250456990386857,10.6053009131481,0.0630599005145066,0.437854080259207,0.567685520184786,0.750834923906262,0.538842872121661,42108.293688693,37212.5963681279,99329.1137914915,1.04362380747117
10.649,0.0235215054833637,0.25048051189234,10.6053009131481,0.0630658227440816,0.437895201040598,0.569248420735534,0.755817717653427,0.539745858574942,42150.4230435484,37249.3951995275,99436.5065208664,1.04466795326452
10.65,0.0235215054833637,0.250504033397823,10.6053009131481,0.0630717449736566,0.43793632182199,0.570809944264589,0.760745362299931,0.540648470575101,42192.5945488303,37286.2304205941,99544.0153611966,1.04571314372592
10.651,0.0235215054833637,0.250527554903307,10.6053009131481,0.0630776672032315,0.437977442603382,0.572370067560087,0.765617263649965,0.541550703666424,42234.8082467102,37323.1020673128,99651.6404380195,1.04675937990055
10.652,0.0235215054833637,0.25055107640879,10.6053009131481,0.0630835894328065,0.438018563384774,0.573928767488617,0.770432862305301,0.542452553401547,42277.064179402,37360.0101757043,99759.3818770076,1.04780666283464
10.653,0.0235215054833637,0.250574597914273,10.6053009131481,0.0630895116623815,0.438059684166165,0.575486020996177,0.77519163365588,0.543354015341519,42319.3623891614,37396.9547818247,99867.2398039694,1.04885499357549
10.654,0.0235215054833637,0.250598119419757,10.6053009131481,0.0630954338919565,0.438100804947557,0.577041805109158,0.779893087835981,0.54425508505587,42361.7029182867,37433.9359217661,99975.2143448494,1.04990437317141
10.655,0.0235215054833637,0.25062164092524,10.6053009131481,0.0631013561215315,0.438141925728949,0.578596096935281,0.784536769646321,0.545155758122658,42404.0858091185,37470.953631656,100083.305625729,1.0509548026718
10.656,0.0235215054833637,0.250645162430723,10.6053009131481,0.0631072783511065,0.43818304651034,0.58014887366456,0.789122258442764,0.546056030128542,42446.5111040397,37508.0079476579,100191.513772824,1.05200628312707
10.657,0.0235215054833637,0.250668683936207,10.6053009131481,0.0631132005806815,0.438224167291732,0.581700112570221,0.79364916799214,0.546955896668822,42488.9788454755,37545.0989059705,100299.838912489,1.05305881558872
10.658,0.0235215054833637,0.25069220544169,10.6053009131481,0.0631191228102565,0.438265288073124,0.583249791009658,0.798117146295926,0.547855353347517,42531.4890758936,37582.226542829,100408.281171213,1.05411240110927
10.659,0.0235215054833637,0.250715726947174,10.6053009131481,0.0631250450398315,0.438306408854516,0.584797886425352,0.802525875382315,0.548754395777414,42574.0418378044,37619.3908945042,100516.840675624,1.05516704074231
10.66,0.0235215054833637,0.250739248452657,10.6053009131481,0.0631309672694065,0.438347529635907,0.586344376345777,0.806875071067445,0.549653019580121,42616.6371737606,37656.5919973024,100625.517552486,1.05622273554248
10.661,0.0235215054833637,0.25076276995814,10.6053009131481,0.0631368894989815,0.438388650417299,0.587889238386328,0.811164482686621,0.550551220386134,42659.2751263575,37693.8298875662,100734.311928699,1.05727948656547
10.662,0.0235215054833637,0.250786291463624,10.6053009131481,0.0631428117285565,0.438429771198691,0.589432450250222,0.815393892796136,0.551448993834893,42701.9557382331,37731.1046016742,100843.2239313,1.05833729486803
10.663,0.0235215054833637,0.250809812969107,10.6053009131481,0.0631487339581314,0.438470891980083,0.590973989729377,0.819563116846609,0.552346335574828,42744.6790520679,37768.4161760406,100952.253687467,1.05939616150798
10.664,0.0235215054833637,0.25083333447459,10.6053009131481,0.0631546561877064,0.438512012761474,0.592513834705326,0.82367200282871,0.553243241263432,42787.4451105854,37805.7646471158,101061.401324511,1.06045608754418
10.665,0.0235215054833637,0.250856855980074,10.6053009131481,0.0631605784172814,0.438553133542866,0.594051963150078,0.827720430892025,0.554139706567307,42830.2539565516,37843.1500513863,101170.666969883,1.06151707403656
10.666,0.0235215054833637,0.250880377485557,10.6053009131481,0.0631665006468564,0.438594254324258,0.595588353127006,0.831708312938057,0.555035727162224,42873.1056327753,37880.5724253748,101280.050751172,1.06257912204609
10.667,0.0235215054833637,0.25090389899104,10.6053009131481,0.0631724228764314,0.43863537510565,0.597122982791693,0.8356355921882,0.555931298733175,42916.0001821082,37918.0318056397,101389.552796103,1.06364223263484
10.668,0.0235215054833637,0.250927420496524,10.6053009131481,0.0631783451060064,0.438676495887041,0.598655830392811,0.839502242727734,0.556826416974435,42958.9376474448,37955.528228776,101499.173232541,1.06470640686591
10.669,0.0235215054833637,0.250950942002007,10.6053009131481,0.0631842673355814,0.438717616668433,0.600186874272958,0.843308269026679,0.557721077589612,43001.9180717227,37993.0617314145,101608.912188489,1.06577164580348
10.67,0.0235215054833637,0.250974463507491,10.6053009131481,0.0631901895651564,0.438758737449825,0.601716092869499,0.847053705438529,0.558615276291703,43044.9414979222,38030.6323502226,101718.769792088,1.06683795051277
10.671,0.0235215054833637,0.250997985012974,10.6053009131481,0.0631961117947314,0.438799858231216,0.603243464715407,0.850738615677942,0.559509008803152,43088.0079690668,38068.2401219037,101828.746171617,1.06790532206011
10.672,0.0235215054833637,0.251021506518457,10.6053009131481,0.0632020340243064,0.438840979012608,0.604768968440088,0.854363092278252,0.560402270855902,43131.1175282231,38105.8850831977,101938.841455495,1.06897376151286
10.673,0.0235215054833637,0.251045028023941,10.6053009131481,0.0632079562538814,0.438882099794,0.606292582770187,0.857927256029904,0.561295058191446,43174.2702185004,38143.5672708804,102049.055772278,1.07004326993946
10.674,0.0235215054833637,0.251068549529424,10.6053009131481,0.0632138784834563,0.438923220575392,0.607814286530412,0.861431255400883,0.562187366560889,43217.4660830515,38181.2867217645,102159.389250662,1.07111384840942
10.675,0.0235215054833637,0.251092071034907,10.6053009131481,0.0632198007130313,0.438964341356783,0.609334058644335,0.864875265940064,0.563079191724995,43260.7051650723,38219.0434726989,102269.842019484,1.07218549799332
10.676,0.0235215054833637,0.251115592540391,10.6053009131481,0.0632257229426063,0.439005462138175,0.610851878135167,0.868259489664594,0.563970529454241,43303.9875078019,38256.8375605687,102380.414207717,1.07325821976281
10.677,0.0235215054833637,0.251139114045874,10.6053009131481,0.0632316451721813,0.439046582919567,0.612367724126568,0.871584154432395,0.564861375528872,43347.3131545225,38294.6690222959,102491.105944476,1.0743320147906
10.678,0.0235215054833637,0.251162635551358,10.6053009131481,0.0632375674017563,0.439087703700959,0.613881575843411,0.874849513300742,0.565751725738956,43390.68214856,38332.5378948388,102601.917359014,1.0754068841505
10.679,0.0235215054833637,0.251186157056841,10.6053009131481,0.0632434896313313,0.43912882448235,0.615393412612543,0.878055843872013,0.566641575884427,43434.0945332832,38370.4442151921,102712.848580724,1.07648282891737
10.68,0.0235215054833637,0.251209678562324,10.6053009131481,0.0632494118609063,0.439169945263742,0.616903213863563,0.881203447627716,0.567530921775151,43477.5503521046,38408.3880203873,102823.899739139,1.07755985016716
10.681,0.0235215054833637,0.251233200067808,10.6053009131481,0.0632553340904813,0.439211066045134,0.618410959129564,0.884292649251743,0.568419759230968,43521.04964848,38446.3693474925,102935.070963934,1.07863794897689
10.682,0.0235215054833637,0.251256721573291,10.6053009131481,0.0632612563200563,0.439252186826526,0.619916628047872,0.887323795943931,0.569308084081741,43564.5924659086,38484.3882336122,103046.36238492,1.07971712642466
10.683,0.0235215054833637,0.251280243078774,10.6053009131481,0.0632671785496313,0.439293307607917,0.62142020036079,0.890297256725031,0.57019589216742,43608.1788479333,38522.4447158881,103157.774132053,1.08079738358965
10.684,0.0235215054833637,0.251303764584258,10.6053009131481,0.0632731007792063,0.439334428389309,0.622921655916321,0.893213421733991,0.57108317933808,43651.8088381405,38560.5388314982,103269.306335426,1.0818787215521
10.685,0.0235215054833637,0.251327286089741,10.6053009131481,0.0632790230087813,0.439375549170701,0.624420974668888,0.896072701518678,0.571969941453982,43695.4824801602,38598.6706176574,103380.959125274,1.08296114139338
10.686,0.0235215054833637,0.251350807595224,10.6053009131481,0.0632849452383562,0.439416669952092,0.625918136680033,0.898875526320963,0.57285617438561,43739.199817666,38636.8401116172,103492.732631974,1.08404464419588
10.687,0.0235215054833637,0.251374329100708,10.6053009131481,0.0632908674679312,0.439457790733484,0.627413122119133,0.901622345357253,0.573741874013738,43782.9608943752,38675.0473506664,103604.626986041,1.08512923104312
10.688,0.0235215054833637,0.251397850606191,10.6053009131481,0.0632967896975062,0.439498911514876,0.628905911264088,0.904313626095362,0.574627036229469,43826.7657540491,38713.2923721303,103716.642318135,1.08621490301968
10.689,0.0235215054833637,0.251421372111674,10.6053009131481,0.0633027119270812,0.439540032296268,0.630396484501993,0.906949853528707,0.575511656934281,43870.6144404923,38751.5752133712,103828.778759053,1.08730166121123
10.69,0.0235215054833637,0.251444893617158,10.6053009131481,0.0633086341566562,0.439581153077659,0.631884822329827,0.909531529448847,0.576395732040088,43914.5069975536,38789.8959117883,103941.036439736,1.08838950670453
10.691,0.0235215054833637,0.251468415122641,10.6053009131481,0.0633145563862312,0.439622273859051,0.633370905355119,0.912059171717184,0.577279257469282,43958.4434691256,38828.2545048181,104053.415491267,1.08947844058743
10.692,0.0235215054833637,0.251491936628125,10.6053009131481,0.0633204786158062,0.439663394640443,0.634854714296589,0.914533313536795,0.578162229154777,44002.4238991447,38866.6510299336,104165.91604487,1.09056846394887
10.693,0.0235215054833637,0.251515458133608,10.6053009131481,0.0633264008453812,0.439704515421835,0.636336229984819,0.916954502725314,0.579044643040069,44046.4483315913,38905.0855246452,104278.538231909,1.09165957787885
10.694,0.0235215054833637,0.251538979639091,10.6053009131481,0.0633323230749562,0.439745636203226,0.637815433362877,0.919323300989647,0.579926495079273,44090.5168104899,38943.5580265002,104391.282183893,1.09275178346851
10.695,0.0235215054833637,0.251562501144575,10.6053009131481,0.0633382453045312,0.439786756984618,0.63929230548696,0.921640283203447,0.580807781237179,44134.6293799092,38982.0685730834,104504.148032472,1.09384508181004
10.696,0.0235215054833637,0.251586022650058,10.6053009131481,0.0633441675341062,0.43982787776601,0.640766827526999,0.923906036688095,0.581688497489287,44178.7860839613,39020.6172020163,104617.135909437,1.09493947399674
10.697,0.0235215054833637,0.251609544155541,10.6053009131481,0.0633500897636811,0.439868998547402,0.642238980767292,0.926121160498085,0.582568639821872,44222.9869668033,39059.2039509579,104730.245946725,1.09603496112301
10.698,0.0235215054833637,0.251633065661025,10.6053009131481,0.0633560119932561,0.439910119328793,0.643708746607103,0.928286264711466,0.583448204232017,44267.232072636,39097.8288576044,104843.478276411,1.09713154428434
10.699,0.0235215054833637,0.251656587166508,10.6053009131481,0.0633619342228311,0.439951240110185,0.645176106561242,0.93040196972616,0.584327186727659,44311.5214457043,39136.4919596891,104956.833030717,1.09822922457729
10.7,0.0235215054833637,0.251680108671991,10.6053009131481,0.0633678564524061,0.439992360891577,0.646641042260678,0.932468905562888,0.585205583327646,44355.8551302978,39175.1932949829,105070.310342005,1.09932800309957
10.701,0.0235215054833637,0.251703630177475,10.6053009131481,0.0633737786819811,0.440033481672969,0.6481035354531,0.93448771117534,0.586083390061776,44400.2331707502,39213.9329012938,105183.910342782,1.10042788094994
10.702,0.0235215054833637,0.251727151682958,10.6053009131481,0.0633797009115561,0.44007460245436,0.649563568003482,0.936459033768276,0.586960602970835,44444.6556114394,39252.7108164672,105297.633165697,1.10152885922828
10.703,0.0235215054833637,0.251750673188442,10.6053009131481,0.0633856231411311,0.440115723235752,0.651021121894662,0.938383528124235,0.587837218106659,44489.122496788,39291.5270783861,105411.478943543,1.10263093903557
10.704,0.0235215054833637,0.251774194693925,10.6053009131481,0.0633915453707061,0.440156844017144,0.652476179227876,0.940261855939405,0.588713231532166,44533.6338712628,39330.381724971,105525.447809257,1.10373412147389
10.705,0.0235215054833637,0.251797716199408,10.6053009131481,0.0633974676002811,0.440197964798536,0.653928722223303,0.942094685169238,0.589588639321401,44578.1897793751,39369.2747941796,105639.539895919,1.10483840764643
10.706,0.0235215054833637,0.251821237704892,10.6053009131481,0.0634033898298561,0.440239085579927,0.655378733220606,0.943882689384426,0.590463437559587,44622.7902656809,39408.2063240073,105753.755336752,1.10594379865746
10.707,0.0235215054833637,0.251844759210375,10.6053009131481,0.0634093120594311,0.440280206361319,0.656826194679449,0.945626547137669,0.591337622343168,44667.4353747807,39447.1763524872,105868.094265126,1.10705029561239
10.708,0.0235215054833637,0.251868280715858,10.6053009131481,0.063415234289006,0.440321327142711,0.658271089180009,0.947326941341776,0.592211189779843,44712.1251513196,39486.1849176898,105982.556814552,1.10815789961771
10.709,0.0235215054833637,0.251891802221342,10.6053009131481,0.063421156518581,0.440362447924102,0.659713399423491,0.948984558659587,0.593084135988621,44756.8596399873,39525.2320577233,106097.143118688,1.10926661178101
10.71,0.0235215054833637,0.251915323726825,10.6053009131481,0.063427078748156,0.440403568705494,0.661153108232623,0.95060008890608,0.593956457099859,44801.6388855186,39564.3178107336,106211.853311334,1.11037643321102
10.711,0.0235215054833637,0.251938845232309,10.6053009131481,0.063433000977731,0.440444689486886,0.662590198552131,0.952174224463116,0.594828149255301,44846.4629326923,39603.4422149045,106326.687526436,1.11148736501756
10.712,0.0235215054833637,0.251962366737792,10.6053009131481,0.063438923207306,0.440485810268278,0.664024653449235,0.953707659707207,0.595699208608128,44891.3318263327,39642.6053084573,106441.645898085,1.11259940831155
10.713,0.0235215054833637,0.251985888243275,10.6053009131481,0.063444845436881,0.440526931049669,0.665456456114112,0.955201090450606,0.596569631322996,44936.2456113088,39681.8071296513,106556.728560517,1.11371256420505
10.714,0.0235215054833637,0.252009409748759,10.6053009131481,0.063450767666456,0.440568051831061,0.666885589860347,0.956655213396063,0.597439413576074,44981.2043325341,39721.0477167833,106671.935648113,1.1148268338112
10.715,0.0235215054833637,0.252032931254242,10.6053009131481,0.063456689896031,0.440609172612453,0.668312038125401,0.95807072560556,0.598308551555094,45026.2080349675,39760.3271081883,106787.267295398,1.11594221824428
10.716,0.0235215054833637,0.252056452759725,10.6053009131481,0.063462612125606,0.440650293393845,0.669735784471042,0.959448323983226,0.599177041459383,45071.2567636127,39799.6453422392,106902.723637044,1.11705871861967
10.717,0.0235215054833637,0.252079974265209,10.6053009131481,0.063468534355181,0.440691414175236,0.671156812583783,0.960788704772722,0.600044879499914,45116.3505635185,39839.0024573468,107018.304807868,1.11817633605387
10.718,0.0235215054833637,0.252103495770692,10.6053009131481,0.063474456584756,0.440732534956628,0.672575106275297,0.962092563069252,0.600912061899331,45161.4894797786,39878.3984919596,107134.010942834,1.1192950716645
10.719,0.0235215054833637,0.252127017276175,10.6053009131481,0.0634803788143309,0.44077365573802,0.673990649482847,0.963360592346427,0.601778584892007,45206.6735575319,39917.8334845646,107249.842177049,1.1204149265703
10.72,0.0235215054833637,0.252150538781659,10.6053009131481,0.0634863010439059,0.440814776519412,0.675403426269681,0.96459348399809,0.602644444724073,45251.9028419626,39957.3074736866,107365.79864577,1.12153590189112
10.721,0.0235215054833637,0.252174060287142,10.6053009131481,0.0634922232734809,0.440855897300803,0.676813420825427,0.965791926895236,0.603509637653456,45297.1773782998,39996.8204978883,107481.880484397,1.12265799874793
10.722,0.0235215054833637,0.252197581792625,10.6053009131481,0.0634981455030559,0.440897018082195,0.678220617466489,0.966956606958156,0.604374159949927,45342.4972118182,40036.3725957709,107598.087828477,1.12378121826283
10.723,0.0235215054833637,0.252221103298109,10.6053009131481,0.0635040677326309,0.440938138863587,0.679625000636423,0.968088206743839,0.605238007895133,45387.8623878376,40075.9638059737,107714.420813705,1.12490556155905
10.724,0.0235215054833637,0.252244624803592,10.6053009131481,0.0635099899622059,0.440979259644979,0.681026554906295,0.969187405048697,0.606101177782634,45433.2729517232,40115.594167174,107830.879575921,1.12603102976092
10.725,0.0235215054833637,0.252268146309076,10.6053009131481,0.0635159121917809,0.44102038042637,0.682425264975059,0.970254876526653,0.60696366591795,45478.7289488854,40155.2637180875,107947.464251113,1.12715762399391
10.726,0.0235215054833637,0.252291667814559,10.6053009131481,0.0635218344213559,0.441061501207762,0.683821115669895,0.971291291322577,0.607825468618589,45524.2304247805,40194.9724974682,108064.174975416,1.12828534538462
10.727,0.0235215054833637,0.252315189320042,10.6053009131481,0.0635277566509309,0.441102621989154,0.685214091946559,0.972297314721049,0.608686582214092,45569.7774249098,40234.7205441084,108181.011885113,1.12941419506078
10.728,0.0235215054833637,0.252338710825526,10.6053009131481,0.0635336788805059,0.441143742770545,0.686604178889704,0.973273606810425,0.609547003046064,45615.3699948202,40274.5078968387,108297.97511663,1.13054417415122
10.729,0.0235215054833637,0.252362232331009,10.6053009131481,0.0635396011100809,0.441184863551937,0.687991361713216,0.974220822162134,0.610406727468215,45661.0081801045,40314.3345945282,108415.064806547,1.13167528378593
10.73,0.0235215054833637,0.252385753836492,10.6053009131481,0.0635455233396559,0.441225984333329,0.689375625760527,0.975139609525116,0.611265751846399,45706.6920264008,40354.2006760844,108532.281091586,1.13280752509601
10.731,0.0235215054833637,0.252409275341976,10.6053009131481,0.0635514455692308,0.441267105114721,0.690756956504908,0.976030611535314,0.61212407255864,45752.4215793929,40394.1061804532,108649.624108621,1.13394089921372
10.732,0.0235215054833637,0.252432796847459,10.6053009131481,0.0635573677988058,0.441308225896112,0.692135339549782,0.976894464440094,0.612981685995179,45798.1968848104,40434.0511466191,108767.093994671,1.13507540727242
10.733,0.0235215054833637,0.252456318352943,10.6053009131481,0.0635632900283808,0.441349346677504,0.693510760629003,0.977731797837456,0.613838588558508,45844.0179884286,40474.0356136051,108884.690886906,1.13621105040663
10.734,0.0235215054833637,0.252479839858426,10.6053009131481,0.0635692122579558,0.441390467458896,0.694883205607128,0.978543234429868,0.614694776663396,45889.8849360686,40514.0596204728,109002.41492264,1.13734782975197
10.735,0.0235215054833637,0.252503361363909,10.6053009131481,0.0635751344875308,0.441431588240288,0.696252660479701,0.979329389792583,0.615550246736936,45935.7977735973,40554.1232063225,109120.26623934,1.13848574644524
10.736,0.0235215054833637,0.252526882869393,10.6053009131481,0.0635810567171058,0.441472709021679,0.697619111373502,0.980090872156224,0.616404995218572,45981.7565469277,40594.2264102931,109238.24497462,1.13962480162436
10.737,0.0235215054833637,0.252550404374876,10.6053009131481,0.0635869789466808,0.441513829803071,0.698982544546798,0.980828282203437,0.617259018560135,46027.7613020185,40634.3692715621,109356.351266241,1.14076499642837
10.738,0.0235215054833637,0.252573925880359,10.6053009131481,0.0635929011762558,0.441554950584463,0.70034294638959,0.981542212879427,0.618112313225878,46073.8120848743,40674.551829346,109474.585252115,1.14190633199747
10.739,0.0235215054833637,0.252597447385843,10.6053009131481,0.0635988234058308,0.441596071365855,0.701700303423848,0.982233249216112,0.618964875692512,46119.9089415462,40714.7741228999,109592.947070303,1.143048809473
10.74,0.0235215054833637,0.252620968891326,10.6053009131481,0.0636047456354058,0.441637192147246,0.703054602303722,0.982901968169671,0.619816702449232,46166.0519181307,40755.0361915176,109711.436859015,1.14419242999743
10.741,0.0235215054833637,0.252644490396809,10.6053009131481,0.0636106678649807,0.441678312928638,0.704405829815771,0.983548938471256,0.620667789997758,46212.2410607711,40795.3380745321,109830.05475661,1.14533719471439
10.742,0.0235215054833637,0.252668011902293,10.6053009131481,0.0636165900945558,0.44171943371003,0.705753972879167,0.984174720490561,0.621518134852363,46258.4764156564,40835.679811315,109948.800901597,1.14648310476864
10.743,0.0235215054833637,0.252691533407776,10.6053009131481,0.0636225123241307,0.441760554491421,0.707099018545879,0.984779866112019,0.622367733539906,46304.7580290219,40876.061441277,110067.675432634,1.14763016130609
10.744,0.0235215054833637,0.252715054913259,10.6053009131481,0.0636284345537057,0.441801675272813,0.70844095400088,0.985364918623325,0.623216582599866,46351.0859471493,40916.4830038676,110186.67848853,1.1487783654738
10.745,0.0235215054833637,0.252738576418743,10.6053009131481,0.0636343567832807,0.441842796054205,0.709779766562317,0.985930412616006,0.624064678584373,46397.4602163666,40956.9445385756,110305.810208244,1.14992771841996
10.746,0.0235215054833637,0.252762097924226,10.6053009131481,0.0636402790128557,0.441883916835597,0.711115443681673,0.986476873897727,0.624912018058236,46443.8808830479,40997.4460849284,110425.070730884,1.15107822129395
10.747,0.0235215054833637,0.25278561942971,10.6053009131481,0.0636462012424307,0.441925037616988,0.712447972943945,0.987004819416065,0.625758597598979,46490.3479936139,41037.987682493,110544.46019571,1.15222987524624
10.748,0.0235215054833637,0.252809140935193,10.6053009131481,0.0636521234720057,0.44196615839838,0.713777342067786,0.987514757193394,0.626604413796871,46536.8615945319,41078.5693708752,110663.978742131,1.15338268142851
10.749,0.0235215054833637,0.252832662440676,10.6053009131481,0.0636580457015807,0.442007279179772,0.715103538905654,0.988007186272619,0.627449463254953,46583.4217323153,41119.1911897202,110783.626509708,1.15453664099356
10.75,0.0235215054833637,0.25285618394616,10.6053009131481,0.0636639679311557,0.442048399961164,0.716426551443936,0.988482596673393,0.628293742589069,46630.0284535243,41159.8531787118,110903.403638153,1.15569175509535
10.751,0.0235215054833637,0.252879705451643,10.6053009131481,0.0636698901607307,0.442089520742555,0.717746367803092,0.988941469358548,0.6291372484279,46676.6818047657,41200.555377574,111023.310267328,1.15684802488898
10.752,0.0235215054833637,0.252903226957126,10.6053009131481,0.0636758123903057,0.442130641523947,0.719062976237761,0.989384276210358,0.62997997741299,46723.3818326928,41241.2978260694,111143.346537246,1.15800545153074
10.753,0.0235215054833637,0.25292674846261,10.6053009131481,0.0636817346198807,0.442171762305339,0.720376365136864,0.989811480016356,0.630821926198773,46770.1285840055,41282.080564,111263.512588073,1.15916403617805
10.754,0.0235215054833637,0.252950269968093,10.6053009131481,0.0636876568494556,0.442212883086731,0.72168652302372,0.990223534464351,0.631663091452606,46816.9221054508,41322.9036312073,111383.808560125,1.16032377998948
10.755,0.0235215054833637,0.252973791473577,10.6053009131481,0.0636935790790306,0.442254003868122,0.722993438556127,0.990620884146321,0.632503469854799,46863.7624438221,41363.7670675724,111504.234593872,1.1614846841248
10.756,0.0235215054833637,0.25299731297906,10.6053009131481,0.0636995013086056,0.442295124649514,0.724297100526441,0.99100396457085,0.633343058098632,46910.6496459597,41404.6709130152,111624.790829931,1.1626467497449
10.757,0.0235215054833637,0.253020834484543,10.6053009131481,0.0637054235381806,0.442336245430906,0.725597497861661,0.991373202183785,0.634181852890399,46957.5837587509,41445.6152074957,111745.477409077,1.16380997801184
10.758,0.0235215054833637,0.253044355990027,10.6053009131481,0.0637113457677556,0.442377366212298,0.726894619623486,0.991729014396775,0.635019850949424,47004.5648291297,41486.5999910131,111866.294472234,1.16497437008886
10.759,0.0235215054833637,0.25306787749551,10.6053009131481,0.0637172679973306,0.442418486993689,0.728188455008379,0.992071809623368,0.635857049008091,47051.5929040774,41527.6253036064,111987.242160478,1.16613992714034
10.76,0.0235215054833637,0.253091399000993,10.6053009131481,0.0637231902269056,0.442459607775081,0.729478993347601,0.992401987322337,0.636693443811871,47098.6680306217,41568.6911853539,112108.320615039,1.16730665033185
10.761,0.0235215054833637,0.253114920506477,10.6053009131481,0.0637291124564806,0.442500728556473,0.730766224107268,0.992719938047917,0.637529032119351,47145.7902558381,41609.7976763737,112229.529977298,1.16847454083011
10.762,0.0235215054833637,0.25313844201196,10.6053009131481,0.0637350346860556,0.442541849337865,0.732050136888374,0.993026043506615,0.638363810702257,47192.9596268487,41650.9448168235,112350.870388791,1.169643599803
10.763,0.0235215054833637,0.253161963517443,10.6053009131481,0.0637409569156306,0.442582970119256,0.733330721426809,0.993320676620288,0.639197776345479,47240.1761908228,41692.1326469008,112472.341991206,1.17081382841959
10.764,0.0235215054833637,0.253185485022927,10.6053009131481,0.0637468791452055,0.442624090900648,0.734607967593383,0.993604201595173,0.640030925847101,47287.439994977,41733.3612068428,112593.944926383,1.17198522785011
10.765,0.0235215054833637,0.25320900652841,10.6053009131481,0.0637528013747806,0.44266521168204,0.735881865393829,0.99387697399654,0.640863256018425,47334.7510865753,41774.6305369265,112715.679336318,1.17315779926596
10.766,0.0235215054833637,0.253232528033894,10.6053009131481,0.0637587236043555,0.442706332463431,0.73715240496879,0.99413934082868,0.64169476368399,47382.1095129285,41815.9406774686,112837.545363157,1.1743315438397
10.767,0.0235215054833637,0.253256049539377,10.6053009131481,0.0637646458339305,0.442747453244823,0.738419576593828,0.994391640619919,0.642525445681605,47429.5153213951,41857.291668826,112959.543149203,1.17550646274508
10.768,0.0235215054833637,0.25327957104486,10.6053009131481,0.0637705680635055,0.442788574026215,0.739683370679389,0.994634203512341,0.643355298862371,47476.9685593811,41898.6835513952,113081.672836912,1.17668255715702
10.769,0.0235215054833637,0.253303092550344,10.6053009131481,0.0637764902930805,0.442829694807607,0.740943777770778,0.994867351355961,0.644184320090696,47524.4692743396,41940.1163656126,113203.934568892,1.17785982825162
10.77,0.0235215054833637,0.253326614055827,10.6053009131481,0.0637824125226555,0.442870815588998,0.742200788548131,0.995091397807024,0.645012506244333,47572.0175137713,41981.5901519549,113326.328487908,1.17903827720615
10.771,0.0235215054833637,0.25335013556131,10.6053009131481,0.0637883347522305,0.44291193637039,0.743454393826365,0.995306648430174,0.645839854214396,47619.6133252245,42023.1049509387,113448.854736877,1.18021790519905
10.772,0.0235215054833637,0.253373657066794,10.6053009131481,0.0637942569818055,0.442953057151782,0.744704584555124,0.9955134008042,0.646666360905379,47667.2567562949,42064.6608031205,113571.513458873,1.18139871340995
10.773,0.0235215054833637,0.253397178572277,10.6053009131481,0.0638001792113805,0.442994177933174,0.745951351818727,0.9957119446311,0.647492023235187,47714.9478546261,42106.257749097,113694.304797122,1.18258070301967
10.774,0.0235215054833637,0.25342070007776,10.6053009131481,0.0638061014409555,0.443035298714565,0.747194686836096,0.995902561848187,0.648316838135152,47762.6866679092,42147.8958295053,113817.228895007,1.18376387521018
10.775,0.0235215054833637,0.253444221583244,10.6053009131481,0.0638120236705305,0.443076419495957,0.748434580960672,0.99608552674299,0.649140802550058,47810.4732438829,42189.5750850222,113940.285896065,1.18494823116467
10.776,0.0235215054833637,0.253467743088727,10.6053009131481,0.0638179459001054,0.443117540277349,0.749671025680344,0.996261106070696,0.649963913438161,47858.3076303337,42231.2955563651,114063.475943988,1.18613377206749
10.777,0.0235215054833637,0.253491264594211,10.6053009131481,0.0638238681296805,0.443158661058741,0.750904012617353,0.996429559173884,0.650786167771214,47906.1898750963,42273.0572842916,114186.799182623,1.18732049910419
10.778,0.0235215054833637,0.253514786099694,10.6053009131481,0.0638297903592554,0.443199781840132,0.752133533528182,0.996591138104318,0.65160756253448,47954.1200260527,42314.8603095994,114310.255755975,1.18850841346148
10.779,0.0235215054833637,0.253538307605177,10.6053009131481,0.0638357125888304,0.443240902621524,0.753359580303464,0.996746087746574,0.652428094726764,48002.0981311331,42356.7046731268,114433.845808202,1.18969751632728
10.78,0.0235215054833637,0.253561829110661,10.6053009131481,0.0638416348184054,0.443282023402916,0.754582144967852,0.996894645943261,0.653247761360424,48050.1242383156,42398.5904157524,114557.569483619,1.1908878088907
10.781,0.0235215054833637,0.253585350616144,10.6053009131481,0.0638475570479804,0.443323144184307,0.75580121967991,0.997037043621646,0.654066559461397,48098.1983956265,42440.5175783953,114681.426926697,1.19207929234202
10.782,0.0235215054833637,0.253608872121627,10.6053009131481,0.0638534792775554,0.443364264965699,0.757016796731961,0.997173504921445,0.65488448606921,48146.3206511396,42482.4862020146,114805.418282062,1.19327196787274
10.783,0.0235215054833637,0.253632393627111,10.6053009131481,0.0638594015071304,0.443405385747091,0.758228868549972,0.997304247323605,0.655701538237013,48194.4910529775,42524.4963276107,114929.543694498,1.19446583667553
10.784,0.0235215054833637,0.253655915132594,10.6053009131481,0.0638653237367054,0.443446506528483,0.759437427693391,0.997429481779862,0.656517713031588,48242.7096493104,42566.547996224,115053.803308946,1.19566089994425
10.785,0.0235215054833637,0.253679436638077,10.6053009131481,0.0638712459662804,0.443487627309874,0.760642466854996,0.997549412842906,0.657333007533368,48290.976488357,42608.6412489354,115178.197270501,1.19685715887397
10.786,0.0235215054833637,0.253702958143561,10.6053009131481,0.0638771681958554,0.443528748091266,0.761843978860738,0.997664238796958,0.65814741883646,48339.2916183841,42650.7761268669,115302.725724418,1.19805461466095
10.787,0.0235215054833637,0.253726479649044,10.6053009131481,0.0638830904254304,0.443569868872658,0.763041956669568,0.997774151788596,0.658960944048664,48387.6550877069,42692.9526711807,115427.388816106,1.19925326850264
10.788,0.0235215054833637,0.253750001154528,10.6053009131481,0.0638890126550054,0.44361098965405,0.764236393373256,0.997879337957662,0.659773580291481,48436.0669446888,42735.1709230799,115552.186691133,1.2004531215977
10.789,0.0235215054833637,0.253773522660011,10.6053009131481,0.0638949348845803,0.443652110435441,0.765427282196215,0.997979977568097,0.660585324700143,48484.5272377416,42777.4309238085,115677.119495226,1.20165417514599
10.79,0.0235215054833637,0.253797044165494,10.6053009131481,0.0639008571141553,0.443693231216833,0.766614616495306,0.99807624513854,0.661396174423624,48533.0360153257,42819.732714651,115802.187374265,1.20285643034855
10.791,0.0235215054833637,0.253820565670978,10.6053009131481,0.0639067793437303,0.443734351998225,0.767798389759638,0.998168309572564,0.662206126624656,48581.59332595,42862.0763369328,115927.390474293,1.20405988840764
10.792,0.0235215054833637,0.253844087176461,10.6053009131481,0.0639127015733053,0.443775472779617,0.768978595610356,0.998256334288401,0.663015178479745,48630.1992181715,42904.4618320204,116052.728941506,1.20526455052672
10.793,0.0235215054833637,0.253867608681944,10.6053009131481,0.0639186238028803,0.443816593561008,0.77015522780044,0.998340477348028,0.663823327179194,48678.8537405963,42946.8892413209,116178.202922263,1.20647041791045
10.794,0.0235215054833637,0.253891130187428,10.6053009131481,0.0639245460324553,0.4438577143424,0.771328280214479,0.998420891585496,0.664630569927113,48727.556941879,42989.3586062825,116303.812563076,1.20767749176469
10.795,0.0235215054833637,0.253914651692911,10.6053009131481,0.0639304682620303,0.443898835123792,0.772497746868431,0.99849772473438,0.665436903941431,48776.3088707226,43031.8699683943,116429.55801062,1.20888577329653
10.796,0.0235215054833637,0.253938173198394,10.6053009131481,0.0639363904916053,0.443939955905183,0.773663621909408,0.998571119554243,0.66624232645392,48825.1095758792,43074.4233691865,116555.439411725,1.21009526371425
10.797,0.0235215054833637,0.253961694703878,10.6053009131481,0.0639423127211803,0.443981076686575,0.774825899615424,0.998641213956004,0.667046834710209,48873.9591061495,43117.0188502305,116681.456913384,1.21130596422733
10.798,0.0235215054833637,0.253985216209361,10.6053009131481,0.0639482349507553,0.444022197467967,0.775984574395137,0.998708141126128,0.667850425969788,48922.8575103828,43159.6564531385,116807.610662743,1.21251787604647
10.799,0.0235215054833637,0.254008737714845,10.6053009131481,0.0639541571803302,0.444063318249359,0.777139640787612,0.99877202964953,0.668653097506035,48971.8048374778,43202.336219564,116933.900807112,1.21373100038359
10.8,0.0235215054833637,0.254032259220328,10.6053009131481,0.0639600794099052,0.44410443903075,0.778291093462046,0.998833003631121,0.669454846606226,49020.8011363817,43245.058191202,117060.327493959,1.21494533845182
10.801,0.0235215054833637,0.254055780725811,10.6053009131481,0.0639660016394802,0.444145559812142,0.779438927217491,0.998891182815902,0.670255670571543,49069.8464560909,43287.822409788,117186.890870911,1.21616089146548
10.802,0.0235215054833637,0.254079302231295,10.6053009131481,0.0639719238690552,0.444186680593534,0.780583136982598,0.998946682707555,0.671055566717095,49118.9408456505,43330.6289170995,117313.591085754,1.21737766064013
10.803,0.0235215054833637,0.254102823736778,10.6053009131481,0.0639778460986302,0.444227801374926,0.781723717815317,0.998999614685443,0.671854532371931,49168.0843541552,43373.4777549548,117440.428286435,1.21859564719255
10.804,0.0235215054833637,0.254126345242261,10.6053009131481,0.0639837683282052,0.444268922156317,0.782860664902609,0.999050086119962,0.672652564879042,49217.2770307482,43416.368965214,117567.402621061,1.21981485234072
10.805,0.0235215054833637,0.254149866747745,10.6053009131481,0.0639896905577802,0.444310042937709,0.783993973560156,0.999098200486197,0.67344966159539,49266.5189246224,43459.3025897783,117694.514237897,1.22103527730384
10.806,0.0235215054833637,0.254173388253228,10.6053009131481,0.0639956127873552,0.444351163719101,0.785123639232053,0.99914405747582,0.674245819891906,49315.8100850197,43502.2786705904,117821.763285372,1.22225692330234
10.807,0.0235215054833637,0.254196909758711,10.6053009131481,0.0640015350169302,0.444392284500493,0.786249657490494,0.999187753107182,0.675041037153509,49365.150561231,43545.2972496343,117949.149912071,1.22347979155786
10.808,0.0235215054833637,0.254220431264195,10.6053009131481,0.0640074572465052,0.444433405281884,0.787372024035466,0.999229379833574,0.675835310779115,49414.5404025971,43588.358368936,118076.674266744,1.22470388329328
10.809,0.0235215054833637,0.254243952769678,10.6053009131481,0.0640133794760802,0.444474526063276,0.788490734694419,0.99926902664959,0.676628638181651,49463.9796585077,43631.4620705625,118204.336498299,1.22592919973268
10.81,0.0235215054833637,0.254267474275161,10.6053009131481,0.0640193017056552,0.444515646844668,0.789605785421938,0.999306779195592,0.677421016788064,49513.4683784022,43674.6083966229,118332.136755806,1.22715574210139
10.811,0.0235215054833637,0.254290995780645,10.6053009131481,0.0640252239352301,0.44455676762606,0.790717172299403,0.999342719860218,0.678212444039327,49563.006611769,43717.7973892674,118460.075188496,1.22838351162594
10.812,0.0235215054833637,0.254314517286128,10.6053009131481,0.0640311461648051,0.444597888407451,0.791824891534658,0.999376927880935,0.679002917390458,49612.5944081466,43761.0290906884,118588.15194576,1.2296125095341
10.813,0.0235215054833637,0.254338038791612,10.6053009131481,0.0640370683943801,0.444639009188843,0.792928939461655,0.999409479442596,0.679792434310528,49662.2318171229,43804.3035431197,118716.367177155,1.23084273705488
10.814,0.0235215054833637,0.254361560297095,10.6053009131481,0.0640429906239551,0.444680129970235,0.794029312540099,0.999440447773993,0.680580992282662,49711.918888335,43847.6207888371,118844.721032394,1.23207419541849
10.815,0.0235215054833637,0.254385081802578,10.6053009131481,0.0640489128535301,0.444721250751626,0.795126007355092,0.999469903242397,0.681368588804058,49761.6556714701,43890.9808701577,118973.213661355,1.2333068858564
10.816,0.0235215054833637,0.254408603308062,10.6053009131481,0.0640548350831051,0.444762371533018,0.796219020616769,0.999497913446062,0.682155221385996,49811.4422162652,43934.3838294414,119101.845214078,1.23454080960131
10.817,0.0235215054833637,0.254432124813545,10.6053009131481,0.0640607573126801,0.44480349231441,0.797308349159911,0.999524543304703,0.682940887553837,49861.2785725065,43977.8297090889,119230.615840764,1.23577596788712
10.818,0.0235215054833637,0.254455646319028,10.6053009131481,0.0640666795422551,0.444844613095802,0.798393989943589,0.999549855147935,0.683725584847042,49911.1647900306,44021.3185515436,119359.525691777,1.23701236194901
10.819,0.0235215054833637,0.254479167824512,10.6053009131481,0.0640726017718301,0.444885733877193,0.799475940050761,0.999573908801668,0.684509310819178,49961.1009187236,44064.8503992903,119488.574917645,1.23824999302336
10.82,0.0235215054833637,0.254502689329995,10.6053009131481,0.0640785240014051,0.444926854658585,0.800554196687893,0.999596761672477,0.685292063037921,50011.0870085218,44108.4252948566,119617.763669056,1.2394888623478
10.821,0.0235215054833637,0.254526210835478,10.6053009131481,0.0640844462309801,0.444967975439977,0.801628757184556,0.999618468829935,0.686073839085065,50061.123109411,44152.0432808114,119747.092096863,1.24072897116122
10.822,0.0235215054833637,0.254549732340962,10.6053009131481,0.064090368460555,0.445009096221369,0.80269961899303,0.999639083086929,0.686854636556534,50111.2092714276,44195.7043997659,119876.560352081,1.2419703207037
10.823,0.0235215054833637,0.254573253846445,10.6053009131481,0.06409629069013,0.44505021700276,0.803766779687899,0.999658655077963,0.687634453062386,50161.3455446576,44239.4086943736,120006.16858589,1.24321291221661
10.824,0.0235215054833637,0.254596775351929,10.6053009131481,0.064102212919705,0.445091337784152,0.804830236965625,0.999677233335464,0.688413286226815,50211.5319792374,44283.1562073301,120135.91694963,1.24445674694254
10.825,0.0235215054833637,0.254620296857412,10.6053009131481,0.06410813514928,0.445132458565544,0.805889988644148,0.999694864364102,0.689191133688166,50261.7686253532,44326.9469813732,120265.805594808,1.24570182612532
10.826,0.0235215054833637,0.254643818362895,10.6053009131481,0.064114057378855,0.445173579346936,0.806946032662451,0.999711592713146,0.689967993098935,50312.055533242,44370.781059283,120395.834673095,1.24694815101003
10.827,0.0235215054833637,0.254667339868379,10.6053009131481,0.06411997960843,0.445214700128327,0.80799836708013,0.999727461046869,0.690743862125775,50362.3927531904,44414.6584838816,120526.004336322,1.24819572284299
10.828,0.0235215054833637,0.254690861373862,10.6053009131481,0.064125901838005,0.445255820909719,0.809046990076968,0.999742510213028,0.691518738449504,50412.7803355358,44458.5792980341,120656.314736488,1.24944454287178
10.829,0.0235215054833637,0.254714382879345,10.6053009131481,0.06413182406758,0.445296941691111,0.810091899952489,0.999756779309433,0.69229261976511,50463.2183306658,44502.5435446475,120786.766025755,1.25069461234521
10.83,0.0235215054833637,0.254737904384829,10.6053009131481,0.064137746297155,0.445338062472503,0.811133095125512,0.999770305748641,0.693065503781751,50513.7067890183,44546.5512666713,120917.358356449,1.25194593251336
10.831,0.0235215054833637,0.254761425890312,10.6053009131481,0.06414366852673,0.445379183253894,0.812170574133705,0.999783125320786,0.693837388222767,50564.2457610817,44590.6025070973,121048.091881062,1.25319850462755
10.832,0.0235215054833637,0.254784947395795,10.6053009131481,0.064149590756305,0.445420304035286,0.813204335633132,0.999795272254579,0.694608270825679,50614.8352973952,44634.6973089604,121178.966752251,1.25445232994035
10.833,0.0235215054833637,0.254808468901279,10.6053009131481,0.0641555129858799,0.445461424816678,0.814234378397782,0.999806779276503,0.695378149342192,50665.4754485481,44678.8357153375,121309.983122835,1.25570740970559
10.834,0.0235215054833637,0.254831990406762,10.6053009131481,0.0641614352154549,0.445502545598069,0.815260701319113,0.99981767766824,0.696147021538204,50716.1662651807,44723.0177693482,121441.141145802,1.25696374517833
10.835,0.0235215054833637,0.254855511912246,10.6053009131481,0.0641673574450299,0.445543666379461,0.816283303405585,0.999827997322334,0.696914885193807,50766.9077979839,44767.2435141549,121572.440974304,1.25822133761493
10.836,0.0235215054833637,0.254879033417729,10.6053009131481,0.0641732796746049,0.445584787160853,0.817302183782168,0.999837766796155,0.697681738103284,50817.700097699,44811.5129929627,121703.882761657,1.25948018827297
10.837,0.0235215054833637,0.254902554923212,10.6053009131481,0.0641792019041799,0.445625907942245,0.818317341689884,0.999847013364168,0.698447578075123,50868.5432151185,44855.8262490191,121835.466661345,1.2607402984113
10.838,0.0235215054833637,0.254926076428696,10.6053009131481,0.0641851241337549,0.445667028723636,0.819328776485308,0.999855763068544,0.699212402932011,50919.4372010855,44900.1833256148,121967.192827018,1.26200166929004
10.839,0.0235215054833637,0.254949597934179,10.6053009131481,0.0641910463633299,0.445708149505028,0.820336487640079,0.999864040768162,0.699976210510837,50970.3821064938,44944.5842660829,122099.06141249,1.26326430217055
10.84,0.0235215054833637,0.254973119439662,10.6053009131481,0.0641969685929049,0.44574927028642,0.821340474740413,0.999871870186003,0.700738998662699,51021.3779822886,44989.0291137998,122231.072571743,1.26452819831547
10.841,0.0235215054833637,0.254996640945146,10.6053009131481,0.0642028908224799,0.445790391067812,0.822340737486601,0.999879273955004,0.701500765252899,51072.4248794655,45033.5179121843,122363.226458924,1.26579335898869
10.842,0.0235215054833637,0.255020162450629,10.6053009131481,0.0642088130520549,0.445831511849203,0.823337275692507,0.999886273662374,0.70226150816095,51123.5228490717,45078.0507046986,122495.52322835,1.26705978545538
10.843,0.0235215054833637,0.255043683956112,10.6053009131481,0.0642147352816299,0.445872632630595,0.824330089285053,0.999892889892434,0.703021225280572,51174.6719422048,45122.6275348475,122627.963034501,1.26832747898195
10.844,0.0235215054833637,0.255067205461596,10.6053009131481,0.0642206575112048,0.445913753411987,0.82531917830372,0.999899142267982,0.703779914519696,51225.8722100142,45167.248446179,122760.546032025,1.26959644083612
10.845,0.0235215054833637,0.255090726967079,10.6053009131481,0.0642265797407798,0.445954874193379,0.826304542900023,0.999905049490256,0.704537573800467,51277.1237037002,45211.9134822843,122893.27237574,1.27086667228683
10.846,0.0235215054833637,0.255114248472563,10.6053009131481,0.0642325019703548,0.44599599497477,0.82728618333699,0.999910629377491,0.705294201059233,51328.426474514,45256.6226867974,123026.142220627,1.27213817460431
10.847,0.0235215054833637,0.255137769978046,10.6053009131481,0.0642384241999298,0.446037115756162,0.828264099988644,0.99991589890213,0.706049794246559,51379.7805737586,45301.3761033955,123159.155721837,1.27341094906008
10.848,0.0235215054833637,0.255161291483529,10.6053009131481,0.0642443464295048,0.446078236537554,0.829238293339469,0.999920874226714,0.70680435132722,51431.1860527882,45346.1737757994,123292.313034689,1.2746849969269
10.849,0.0235215054833637,0.255184812989013,10.6053009131481,0.0642502686590798,0.446119357318946,0.830208763983876,0.999925570738477,0.707557870280196,51482.642963008,45391.0157477726,123425.614314669,1.27596031947883
10.85,0.0235215054833637,0.255208334494496,10.6053009131481,0.0642561908886548,0.446160478100337,0.83117551262567,0.999930003082696,0.708310349098679,51534.151355875,45435.9020631222,123559.059717432,1.27723691799118
10.851,0.0235215054833637,0.255231855999979,10.6053009131481,0.0642621131182298,0.446201598881729,0.832138540077508,0.999934185194818,0.709061785790067,51585.7112828977,45480.8327656983,123692.6493988,1.27851479374056
10.852,0.0235215054833637,0.255255377505463,10.6053009131481,0.0642680353478048,0.446242719663121,0.833097847260353,0.999938130331395,0.709812178375965,51637.3227956361,45525.8078993951,123826.383514766,1.27979394800483
10.853,0.0235215054833637,0.255278899010946,10.6053009131481,0.0642739575773798,0.446283840444512,0.834053435202924,0.99994185109987,0.710561524892179,51688.9859457015,45570.8275081492,123960.262221488,1.28107438206316
10.854,0.0235215054833637,0.255302420516429,10.6053009131481,0.0642798798069548,0.446324961225904,0.835005305041147,0.999945359487239,0.711309823388718,51740.7007847571,45615.8916359413,124094.285675295,1.28235609719598
10.855,0.0235215054833637,0.255325942021913,10.6053009131481,0.0642858020365298,0.446366082007296,0.835953458017601,0.999948666887625,0.712057071929793,51792.4673645179,45661.0003267954,124228.454032686,1.28363909468501
10.856,0.0235215054833637,0.255349463527396,10.6053009131481,0.0642917242661047,0.446407202788688,0.836897895480946,0.999951784128791,0.712803268593805,51844.2857367503,45706.1536247792,124362.767450327,1.28492337581323
10.857,0.0235215054833637,0.25537298503288,10.6053009131481,0.0642976464956797,0.446448323570079,0.837838618885376,0.99995472149763,0.713548411473354,51896.1559532728,45751.3515740037,124497.226085054,1.28620894186494
10.858,0.0235215054833637,0.255396506538363,10.6053009131481,0.0643035687252547,0.446489444351471,0.838775629790043,0.999957488764655,0.71429249867523,51948.0780659556,45796.5942186238,124631.830093874,1.2874957941257
10.859,0.0235215054833637,0.255420028043846,10.6053009131481,0.0643094909548297,0.446530565132863,0.839708929858483,0.999960095207531,0.715035528320406,52000.0521267208,45841.8816028377,124766.579633962,1.28878393388236
10.86,0.0235215054833637,0.25544354954933,10.6053009131481,0.0643154131844047,0.446571685914255,0.840638520858052,0.999962549633667,0.715777498544042,52052.0781875424,45887.2137708878,124901.474862664,1.29007336242306
10.861,0.0235215054833637,0.255467071054813,10.6053009131481,0.0643213354139797,0.446612806695646,0.841564404659346,0.999964860401904,0.716518407495478,52104.1563004466,45932.59076706,125036.515937495,1.29136408103723
10.862,0.0235215054833637,0.255490592560296,10.6053009131481,0.0643272576435547,0.446653927477038,0.84248658323561,0.999967035443325,0.717258253338222,52156.2865175114,45978.0126356837,125171.703016141,1.29265609101559
10.863,0.0235215054833637,0.25551411406578,10.6053009131481,0.0643331798731297,0.44669504825843,0.843405058662172,0.999969082281222,0.717997034249958,52208.468890867,46023.4794211325,125307.03625646,1.29394939365015
10.864,0.0235215054833637,0.255537635571263,10.6053009131481,0.0643391021027047,0.446736169039822,0.844319833115844,0.999971008050237,0.718734748422535,52260.7034726959,46068.9911678241,125442.515816478,1.29524399023421
10.865,0.0235215054833637,0.255561157076746,10.6053009131481,0.0643450243322797,0.446777289821213,0.845230908874333,0.999972819514717,0.719471394061958,52312.9903152326,46114.5479202194,125578.141854393,1.29653988206236
10.866,0.0235215054833637,0.25558467858223,10.6053009131481,0.0643509465618547,0.446818410602605,0.846138288315655,0.999974523086299,0.72020696938839,52365.329470764,46160.149722824,125713.914528574,1.29783707043051
10.867,0.0235215054833637,0.255608200087713,10.6053009131481,0.0643568687914297,0.446859531383997,0.847041973917532,0.999976124840754,0.720941472636143,52417.7209916293,46205.796620187,125849.833997563,1.29913555663584
10.868,0.0235215054833637,0.255631721593197,10.6053009131481,0.0643627910210046,0.446900652165389,0.847941968256795,0.999977630534126,0.72167490205367,52470.1649302199,46251.4886569018,125985.900420069,1.30043534197683
10.869,0.0235215054833637,0.25565524309868,10.6053009131481,0.0643687132505796,0.44694177294678,0.848838274008785,0.999979045618169,0.722407255903561,52522.6613389798,46297.225877606,126122.113954977,1.30173642775327
10.87,0.0235215054833637,0.255678764604163,10.6053009131481,0.0643746354801546,0.446982893728172,0.849730893946747,0.999980375255135,0.723138532462539,52575.2102704054,46343.008326981,126258.474761343,1.30303881526625
10.871,0.0235215054833637,0.255702286109647,10.6053009131481,0.0643805577097296,0.447024014509564,0.850619830941218,0.999981624331907,0.723868730021446,52627.8117770457,46388.8360497526,126394.982998392,1.30434250581815
10.872,0.0235215054833637,0.25572580761513,10.6053009131481,0.0643864799393046,0.447065135290955,0.851505087959428,0.999982797473526,0.724597846885245,52680.4659115021,46434.7090906909,126531.638825523,1.30564750071266
10.873,0.0235215054833637,0.255749329120613,10.6053009131481,0.0643924021688796,0.447106256072347,0.852386668064677,0.999983899056121,0.725325881373004,52733.1727264288,46480.6274946101,126668.44240231,1.30695380125479
10.874,0.0235215054833637,0.255772850626097,10.6053009131481,0.0643983243984546,0.447147376853739,0.853264574415726,0.99998493321926,0.726052831817898,52785.9322745327,46526.5913063689,126805.393888496,1.30826140875083
10.875,0.0235215054833637,0.25579637213158,10.6053009131481,0.0644042466280296,0.447188497635131,0.854138810266176,0.999985903877761,0.726778696567189,52838.7446085732,46572.6005708701,126942.493443997,1.30957032450838
10.876,0.0235215054833637,0.255819893637063,10.6053009131481,0.0644101688576046,0.447229618416522,0.855009378963849,0.999986814732965,0.727503473982229,52891.6097813627,46618.6553330611,127079.741228903,1.31088054983636
10.877,0.0235215054833637,0.255843415142547,10.6053009131481,0.0644160910871796,0.447270739197914,0.855876283950171,0.999987669283503,0.72822716243845,52944.5278457665,46664.7556379338,127217.137403477,1.31219208604501
10.878,0.0235215054833637,0.25586693664803,10.6053009131481,0.0644220133167546,0.447311859979306,0.856739528759536,0.999988470835573,0.728949760325347,52997.4988547024,46710.9015305244,127354.682128155,1.31350493444585
10.879,0.0235215054833637,0.255890458153514,10.6053009131481,0.0644279355463295,0.447352980760698,0.857599117018689,0.999989222512747,0.729671266046477,53050.5228611417,46757.0930559137,127492.375563547,1.31481909635174
10.88,0.0235215054833637,0.255913979658997,10.6053009131481,0.0644338577759045,0.447394101542089,0.858455052446096,0.999989927265322,0.730391678019452,53103.5999181083,46803.3302592273,127630.217870436,1.31613457307683
10.881,0.0235215054833637,0.25593750116448,10.6053009131481,0.0644397800054795,0.447435222323481,0.859307338851305,0.999990587879242,0.731110994675919,53156.7300786791,46849.613185635,127768.209209779,1.3174513659366
10.882,0.0235215054833637,0.255961022669964,10.6053009131481,0.0644457022350545,0.447476343104873,0.860155980134322,0.999991206984603,0.731829214461561,53209.9133959845,46895.9418803516,127906.349742706,1.31876947624785
10.883,0.0235215054833637,0.255984544175447,10.6053009131481,0.0644516244646295,0.447517463886265,0.861000980284971,0.999991787063752,0.732546335836083,53263.1499232077,46942.3163886365,128044.639630523,1.32008890532869
10.884,0.0235215054833637,0.25600806568093,10.6053009131481,0.0644575466942045,0.447558584667656,0.86184234338226,0.999992330459013,0.733262357273203,53316.4397135853,46988.7367557939,128183.07903471,1.32140965449854
10.885,0.0235215054833637,0.256031587186414,10.6053009131481,0.0644634689237795,0.447599705449048,0.862680073593731,0.999992839380036,0.733977277260635,53369.782820407,47035.2030271728,128321.668116921,1.32273172507815
10.886,0.0235215054833637,0.256055108691897,10.6053009131481,0.0644693911533545,0.44764082623044,0.863514175174837,0.999993315910802,0.734691094300091,53423.179297016,47081.7152481669,128460.407038985,1.3240551183896
10.887,0.0235215054833637,0.256078630197381,10.6053009131481,0.0644753133829295,0.447681947011832,0.864344652468285,0.999993762016281,0.73540380690726,53476.6291968088,47128.273464215,128599.295962906,1.32537983575629
10.888,0.0235215054833637,0.256102151702864,10.6053009131481,0.0644812356125045,0.447723067793223,0.865171509903396,0.999994179548778,0.736115413611798,53530.1325732352,47174.8777208007,128738.335050863,1.32670587850291
10.889,0.0235215054833637,0.256125673208347,10.6053009131481,0.0644871578420795,0.447764188574615,0.865994751995459,0.999994570253965,0.736825912957322,53583.6894797986,47221.5280634527,128877.52446521,1.32803324795553
10.89,0.0235215054833637,0.256149194713831,10.6053009131481,0.0644930800716545,0.447805309356007,0.866814383345085,0.999994935776612,0.737535303501395,53637.2999700561,47268.2245377445,129016.864368478,1.3293619454415
10.891,0.0235215054833637,0.256172716219314,10.6053009131481,0.0644990023012294,0.447846430137398,0.867630408637553,0.999995277666044,0.738243583815511,53690.9640976179,47314.9671892949,129156.354923372,1.33069197228953
10.892,0.0235215054833637,0.256196237724797,10.6053009131481,0.0645049245308044,0.44788755091879,0.868442832642164,0.999995597381321,0.738950752485089,53744.6819161482,47361.7560637676,129295.996292773,1.33202332982964
10.893,0.0235215054833637,0.256219759230281,10.6053009131481,0.0645108467603794,0.447928671700182,0.869251660211587,0.999995896296164,0.739656808109457,53798.4534793651,47408.5912068717,129435.788639741,1.3333560193932
10.894,0.0235215054833637,0.256243280735764,10.6053009131481,0.0645167689899544,0.447969792481574,0.870056896281201,0.999996175703628,0.740361749301839,53852.2788410398,47455.4726643614,129575.732127508,1.33469004231288
10.895,0.0235215054833637,0.256266802241247,10.6053009131481,0.0645226912195294,0.448010913262965,0.870858545868449,0.999996436820548,0.741065574689345,53906.1580549979,47502.4004820359,129715.826919485,1.33602539992272
10.896,0.0235215054833637,0.256290323746731,10.6053009131481,0.0645286134491044,0.448052034044357,0.871656614072177,0.999996680791747,0.741768282912956,53960.0911751186,47549.3747057401,129856.07317926,1.33736209355807
10.897,0.0235215054833637,0.256313845252214,10.6053009131481,0.0645345356786794,0.448093154825749,0.87245110607197,0.999996908694042,0.742469872627508,54014.0782553348,47596.3953813641,129996.471070596,1.33870012455562
10.898,0.0235215054833637,0.256337366757697,10.6053009131481,0.0645404579082544,0.448134275607141,0.873242027127506,0.999997121540037,0.743170342501686,54068.1193496339,47643.4625548431,130137.020757434,1.34003949425341
10.899,0.0235215054833637,0.256360888263181,10.6053009131481,0.0645463801378294,0.448175396388532,0.874029382577891,0.999997320281719,0.743869691218004,54122.2145120568,47690.5762721582,130277.722403894,1.34138020399081
10.9,0.0235215054833637,0.256384409768664,10.6053009131481,0.0645523023674044,0.448216517169924,0.874813177840992,0.999997505813875,0.744567917472789,54176.3637966988,47737.7365793354,130418.57617427,1.34272225510852
10.901,0.0235215054833637,0.256407931274148,10.6053009131481,0.0645582245969794,0.448257637951316,0.875593418412784,0.999997678977322,0.745265019976174,54230.567257709,47784.9435224468,130559.582233037,1.3440656489486
10.902,0.0235215054833637,0.256431452779631,10.6053009131481,0.0645641468265544,0.448298758732708,0.876370109866686,0.999997840561975,0.745960997452082,54284.8249492911,47832.1971476098,130700.740744845,1.34541038685444
10.903,0.0235215054833637,0.256454974285114,10.6053009131481,0.0645700690561293,0.448339879514099,0.877143257852891,0.999997991309749,0.746655848638202,54339.1369257025,47879.4975009873,130842.051874524,1.34675647017078
10.904,0.0235215054833637,0.256478495790598,10.6053009131481,0.0645759912857043,0.448381000295491,0.87791286809771,0.999998131917305,0.747349572285987,54393.5032412555,47926.8446287878,130983.515787081,1.3481039002437
10.905,0.0235215054833637,0.256502017296081,10.6053009131481,0.0645819135152793,0.448422121076883,0.878678946402901,0.999998263038662,0.74804216716063,54447.9239503162,47974.2385772658,131125.132647702,1.34945267842064
10.906,0.0235215054833637,0.256525538801564,10.6053009131481,0.0645878357448543,0.448463241858275,0.87944149864501,0.999998385287649,0.748733632041055,54502.3991073054,48021.6793927216,131266.902621753,1.35080280605036
10.907,0.0235215054833637,0.256549060307048,10.6053009131481,0.0645937579744293,0.448504362639666,0.880200530774692,0.999998499240245,0.749423965719893,54556.9287666983,48069.1671215006,131408.825874775,1.352154284483
10.908,0.0235215054833637,0.256572581812531,10.6053009131481,0.0645996802040043,0.448545483421058,0.880956048816058,0.999998605436782,0.750113167003474,54611.5129830244,48116.7018099948,131550.902572492,1.35350711507004
10.909,0.0235215054833637,0.256596103318015,10.6053009131481,0.0646056024335793,0.44858660420245,0.881708058866,0.999998704384026,0.750801234711808,54666.1518108682,48164.2835046418,131693.132880804,1.35486129916431
10.91,0.0235215054833637,0.256619624823498,10.6053009131481,0.0646115246631543,0.448627724983841,0.882456567093524,0.999998796557156,0.751488167678566,54720.8453048682,48211.9122519249,131835.516965793,1.35621683811999
10.911,0.0235215054833637,0.256643146328981,10.6053009131481,0.0646174468927293,0.448668845765233,0.883201579739079,0.999998882401619,0.752173964751068,54775.5935197181,48259.5880983737,131978.054993719,1.35757373329263
10.912,0.0235215054833637,0.256666667834465,10.6053009131481,0.0646233691223043,0.448709966546625,0.883943103113897,0.999998962334898,0.752858624790266,54830.3965101662,48307.3110905636,132120.747131023,1.35893198603911
10.913,0.0235215054833637,0.256690189339948,10.6053009131481,0.0646292913518793,0.448751087328017,0.884681143599309,0.99999903674817,0.75354214667072,54885.2543310153,48355.0812751162,132263.593544323,1.36029159771768
10.914,0.0235215054833637,0.256713710845431,10.6053009131481,0.0646352135814542,0.448792208109408,0.88541570764609,0.999999106007879,0.754224529280591,54940.1670371233,48402.8986986991,132406.594400421,1.36165256968797
10.915,0.0235215054833637,0.256737232350915,10.6053009131481,0.0646411358110292,0.4488333288908,0.886146801773781,0.999999170457217,0.754905771521615,54995.1346834029,48450.763408026,132549.749866297,1.36301490331094
10.916,0.0235215054833637,0.256760753856398,10.6053009131481,0.0646470580406042,0.448874449672192,0.886874432570022,0.999999230417525,0.755585872309092,55050.1573248219,48498.6754498571,132693.060109112,1.36437859994893
10.917,0.0235215054833637,0.256784275361881,10.6053009131481,0.0646529802701792,0.448915570453584,0.887598606689876,0.999999286189611,0.756264830571861,55105.2350164026,48546.6348709983,132836.525296208,1.36574366096563
10.918,0.0235215054833637,0.256807796867365,10.6053009131481,0.0646589024997542,0.448956691234975,0.888319330855169,0.999999338054997,0.75694264525229,55160.367813223,48594.6417183024,132980.145595108,1.36711008772611
10.919,0.0235215054833637,0.256831318372848,10.6053009131481,0.0646648247293292,0.448997812016367,0.889036611853814,0.999999386277095,0.757619315306251,55215.5557704159,48642.6960386682,133123.921173516,1.36847788159679
10.92,0.0235215054833637,0.256854839878332,10.6053009131481,0.0646707469589042,0.449038932797759,0.889750456539135,0.99999943110231,0.758294839703104,55270.7989431691,48690.7978790406,133267.852199317,1.36984704394546
10.921,0.0235215054833637,0.256878361383815,10.6053009131481,0.0646766691884792,0.44908005357915,0.890460871829209,0.999999472761086,0.758969217425678,55326.0973867258,48738.9472864115,133411.938840577,1.37121757614129
10.922,0.0235215054833637,0.256901882889298,10.6053009131481,0.0646825914180542,0.449121174360542,0.891167864706189,0.999999511468892,0.759642447470257,55381.4511563846,48787.1443078191,133556.181265546,1.37258947955482
10.923,0.0235215054833637,0.256925404394782,10.6053009131481,0.0646885136476292,0.449162295141934,0.891871442215631,0.999999547427142,0.760314528846547,55436.8603074991,48835.3889903478,133700.579642653,1.37396275555793
10.924,0.0235215054833637,0.256948925900265,10.6053009131481,0.0646944358772042,0.449203415923326,0.892571611465831,0.999999580824072,0.760985460577674,55492.3248954785,48883.6813811287,133845.134140511,1.37533740552392
10.925,0.0235215054833637,0.256972447405748,10.6053009131481,0.0647003581067791,0.449244536704717,0.893268379627153,0.999999611835561,0.761655241700153,55547.8449757875,48932.02152734,133989.844927915,1.37671343082743
10.926,0.0235215054833637,0.256995968911232,10.6053009131481,0.0647062803363541,0.449285657486109,0.893961753931356,0.999999640625902,0.76232387126387,55603.420603946,48980.4094762057,134134.712173841,1.37809083284448
10.927,0.0235215054833637,0.257019490416715,10.6053009131481,0.0647122025659291,0.449326778267501,0.894651741670932,0.999999667348529,0.762991348332065,55659.0518355298,49028.8452749972,134279.736047451,1.37946961295248
10.928,0.0235215054833637,0.257043011922198,10.6053009131481,0.0647181247955041,0.449367899048893,0.895338350198434,0.999999692146703,0.763657671981313,55714.7387261702,49077.3289710323,134424.916718086,1.38084977253021
10.929,0.0235215054833637,0.257066533427682,10.6053009131481,0.0647240470250791,0.449409019830284,0.896021586925806,0.999999715154157,0.764322841301493,55770.4813315538,49125.8606116756,134570.254355273,1.38223131295782
10.93,0.0235215054833637,0.257090054933165,10.6053009131481,0.0647299692546541,0.449450140611676,0.896701459323719,0.999999736495694,0.764986855395781,55826.2797074234,49174.4402443388,134715.749128721,1.38361423561687
10.931,0.0235215054833637,0.257113576438649,10.6053009131481,0.0647358914842291,0.449491261393068,0.897377974920906,0.999999756287765,0.765649713380625,55882.1339095774,49223.0679164802,134861.401208322,1.38499854189026
10.932,0.0235215054833637,0.257137097944132,10.6053009131481,0.0647418137138041,0.44953238217446,0.898051141303485,0.999999774638995,0.766311414385715,55938.0439938699,49271.743675605,135007.210764153,1.38638423316232
10.933,0.0235215054833637,0.257160619449615,10.6053009131481,0.0647477359433791,0.449573502955851,0.898720966114309,0.999999791650692,0.766971957553975,55994.0100162111,49320.4675692657,135153.177966475,1.38777131081872
10.934,0.0235215054833637,0.257184140955099,10.6053009131481,0.0647536581729541,0.449614623737243,0.899387457052289,0.999999807417311,0.767631342041534,56050.032032567,49369.2396450616,135299.302985731,1.38915977624654
10.935,0.0235215054833637,0.257207662460582,10.6053009131481,0.0647595804025291,0.449655744518635,0.900050621871734,0.999999822026905,0.768289567017707,56106.1100989596,49418.0599506391,135445.585992551,1.39054963083426
10.936,0.0235215054833637,0.257231183966065,10.6053009131481,0.0647655026321041,0.449696865300027,0.900710468381686,0.999999835561533,0.768946631664968,56162.244271467,49466.9285336915,135592.027157746,1.39194087597173
10.937,0.0235215054833637,0.257254705471549,10.6053009131481,0.064771424861679,0.449737986081418,0.90136700444526,0.999999848097654,0.769602535178936,56218.4346062232,49515.8454419598,135738.626652316,1.39333351305018
10.938,0.0235215054833637,0.257278226977032,10.6053009131481,0.064777347091254,0.44977910686281,0.902020237978982,0.999999859706492,0.770257276768349,56274.6811594189,49564.8107232318,135885.384647443,1.39472754346227
10.939,0.0235215054833637,0.257301748482515,10.6053009131481,0.064783269320829,0.449820227644202,0.902670176952122,0.999999870454381,0.770910855655039,56330.9839873003,49613.8244253425,136032.301314495,1.39612296860202
10.94,0.0235215054833637,0.257325269987999,10.6053009131481,0.064789191550404,0.449861348425593,0.903316829386042,0.999999880403082,0.771563271073915,56387.3431461705,49662.8865961744,136179.376825024,1.39751978986485
10.941,0.0235215054833637,0.257348791493482,10.6053009131481,0.064795113779979,0.449902469206985,0.903960203353533,0.99999988961009,0.772214522272934,56443.7586923885,49711.9972836575,136326.611350769,1.39891800864759
10.942,0.0235215054833637,0.257372312998966,10.6053009131481,0.064801036009554,0.449943589988377,0.904600306978156,0.999999898128913,0.772864608513083,56500.2306823699,49761.1565357688,136474.005063654,1.40031762634845
10.943,0.0235215054833637,0.257395834504449,10.6053009131481,0.064806958239129,0.449984710769769,0.905237148433588,0.999999906009338,0.773513529068354,56556.7591725866,49810.3644005329,136621.558135791,1.40171864436706
10.944,0.0235215054833637,0.257419356009932,10.6053009131481,0.064812880468704,0.45002583155116,0.905870735942964,0.99999991329768,0.77416128322572,56613.3442195672,49859.620926022,136769.270739473,1.40312106410442
10.945,0.0235215054833637,0.257442877515416,10.6053009131481,0.064818802698279,0.450066952332552,0.906501077778224,0.999999920037013,0.774807870285114,56669.9858798969,49908.9261603559,136917.143047185,1.40452488696297
10.946,0.0235215054833637,0.257466399020899,10.6053009131481,0.064824724927854,0.450108073113944,0.907128182259457,0.99999992626739,0.775453289559399,56726.684210217,49958.2801517017,137065.175231594,1.40593011434653
10.947,0.0235215054833637,0.257489920526382,10.6053009131481,0.064830647157429,0.450149193895336,0.90775205775425,0.999999932026042,0.776097540374352,56783.4392672262,50007.6829482743,137213.367465558,1.40733674766031
10.948,0.0235215054833637,0.257513442031866,10.6053009131481,0.0648365693870039,0.450190314676727,0.908372712677041,0.999999937347574,0.776740622068638,56840.2511076794,50057.1345983363,137361.719922117,1.40874478831096
10.949,0.0235215054833637,0.257536963537349,10.6053009131481,0.0648424916165789,0.450231435458119,0.90899015548846,0.999999942264139,0.777382533993779,56897.1197883883,50106.6351501979,137510.232774502,1.41015423770651
10.95,0.0235215054833637,0.257560485042832,10.6053009131481,0.0648484138461539,0.450272556239511,0.909604394694689,0.999999946805606,0.778023275514139,56954.0453662218,50156.1846522173,137658.906196129,1.41156509725642
10.951,0.0235215054833637,0.257584006548316,10.6053009131481,0.0648543360757289,0.450313677020903,0.910215438846815,0.999999950999719,0.778662846006893,57011.0278981055,50205.7831528005,137807.740360604,1.41297736837155
10.952,0.0235215054833637,0.257607528053799,10.6053009131481,0.0648602583053039,0.450354797802294,0.910823296540175,0.999999954872237,0.779301244862003,57068.0674410217,50255.4307004008,137956.735441717,1.41439105246416
10.953,0.0235215054833637,0.257631049559283,10.6053009131481,0.0648661805348789,0.450395918583686,0.911427976413726,0.999999958447075,0.779938471482198,57125.1640520101,50305.1273435202,138105.891613449,1.41580615094794
10.954,0.0235215054833637,0.257654571064766,10.6053009131481,0.0648721027644539,0.450437039365078,0.912029487149391,0.999999961746427,0.780574525282944,57182.3177881675,50354.8731307084,138255.209049969,1.41722266523799
10.955,0.0235215054833637,0.257678092570249,10.6053009131481,0.0648780249940289,0.45047816014647,0.912627837471423,0.99999996479089,0.781209405692415,57239.5287066473,50404.6681105629,138404.687925632,1.41864059675082
10.956,0.0235215054833637,0.257701614075733,10.6053009131481,0.0648839472236039,0.450519280927861,0.913223036145764,0.999999967599571,0.781843112151478,57296.7968646606,50454.5123317292,138554.328414983,1.42005994690437
10.957,0.0235215054833637,0.257725135581216,10.6053009131481,0.0648898694531789,0.450560401709253,0.91381509197941,0.999999970190191,0.782475644113659,57354.1223194756,50504.4058429015,138704.130692756,1.42148071711799
10.958,0.0235215054833637,0.257748657086699,10.6053009131481,0.0648957916827538,0.450601522490645,0.91440401381977,0.999999972579184,0.783107001045121,57411.5051284176,50554.3486928215,138854.094933874,1.42290290881244
10.959,0.0235215054833637,0.257772178592183,10.6053009131481,0.0649017139123288,0.450642643272036,0.914989810554037,0.999999974781786,0.783737182424633,57468.9453488695,50604.3409302794,139004.221313448,1.42432652340991
10.96,0.0235215054833637,0.257795700097666,10.6053009131481,0.0649076361419038,0.450683764053428,0.915572491108552,0.999999976812116,0.784366187743554,57526.4430382717,50654.3826041136,139154.510006779,1.42575156233403
10.961,0.0235215054833637,0.257819221603149,10.6053009131481,0.0649135583714788,0.45072488483482,0.916152064448171,0.999999978683262,0.784994016505793,57583.9982541216,50704.4737632108,139304.961189358,1.42717802700983
10.962,0.0235215054833637,0.257842743108633,10.6053009131481,0.0649194806010538,0.450766005616212,0.91672853957564,0.999999980407345,0.785620668227794,57641.6110539745,50754.6144565061,139455.575036864,1.42860591886378
10.963,0.0235215054833637,0.257866264614116,10.6053009131481,0.0649254028306288,0.450807126397603,0.917301925530968,0.999999981995595,0.786246142438505,57699.2814954434,50804.8047329829,139606.351725169,1.43003523932376
10.964,0.0235215054833637,0.2578897861196,10.6053009131481,0.0649313250602038,0.450848247178995,0.917872231390795,0.999999983458412,0.786870438679346,57757.0096361985,50855.0446416728,139757.291430332,1.4314659898191
10.965,0.0235215054833637,0.257913307625083,10.6053009131481,0.0649372472897788,0.450889367960387,0.918439466267776,0.999999984805422,0.787493556504194,57814.7955339681,50905.3342316566,139908.394328605,1.43289817178055
10.966,0.0235215054833637,0.257936829130566,10.6053009131481,0.0649431695193538,0.450930488741779,0.919003639309954,0.999999986045537,0.788115495479344,57872.639246538,50955.673552063,140059.660596427,1.4343317866403
10.967,0.0235215054833637,0.25796035063605,10.6053009131481,0.0649490917489288,0.45097160952317,0.919564759700146,0.999999987187003,0.788736255183489,57930.5408317521,51006.0626520695,140211.090410433,1.43576683583195
10.968,0.0235215054833637,0.257983872141533,10.6053009131481,0.0649550139785038,0.451012730304562,0.920122836655316,0.999999988237452,0.789355835207687,57988.5003475117,51056.501580902,140362.683947443,1.43720332079055
10.969,0.0235215054833637,0.258007393647016,10.6053009131481,0.0649609362080788,0.451053851085954,0.920677879425968,0.999999989203941,0.78997423515534,58046.5178517766,51106.9903878355,140514.441384473,1.43864124295259
10.97,0.0235215054833637,0.2580309151525,10.6053009131481,0.0649668584376537,0.451094971867346,0.921229897295529,0.999999990092997,0.79059145464216,58104.5934025642,51157.5291221935,140666.362898729,1.440080603756
10.971,0.0235215054833637,0.258054436657983,10.6053009131481,0.0649727806672287,0.451136092648737,0.921778899579736,0.999999990910655,0.791207493296144,58162.7270579499,51208.1178333483,140818.448667606,1.44152140464013
10.972,0.0235215054833637,0.258077958163466,10.6053009131481,0.0649787028968037,0.451177213430129,0.922324895626028,0.999999991662495,0.791822350757545,58220.9188760676,51258.7565707207,140970.698868695,1.44296364704579
10.973,0.0235215054833637,0.25810147966895,10.6053009131481,0.0649846251263787,0.451218334211521,0.922867894812942,0.999999992353671,0.792436026678846,58279.1689151091,51309.4453837812,141123.113679776,1.44440733241521
10.974,0.0235215054833637,0.258125001174433,10.6053009131481,0.0649905473559537,0.451259454992913,0.923407906549498,0.999999992988948,0.793048520724726,58337.4772333242,51360.1843220483,141275.693278822,1.44585246219209
10.975,0.0235215054833637,0.258148522679917,10.6053009131481,0.0649964695855287,0.451300575774304,0.923944940274607,0.999999993572727,0.79365983257204,58395.8438890215,51410.97343509,141428.437843999,1.44729903782155
10.976,0.0235215054833637,0.2581720441854,10.6053009131481,0.0650023918151037,0.451341696555696,0.924479005456464,0.999999994109072,0.794269961909781,58454.2689405675,51461.8127725231,141581.347553666,1.44874706075016
10.977,0.0235215054833637,0.258195565690883,10.6053009131481,0.0650083140446787,0.451382817337088,0.925010111591954,0.999999994601735,0.794878908439059,58512.7524463874,51512.7023840138,141734.422586372,1.45019653242596
10.978,0.0235215054833637,0.258219087196367,10.6053009131481,0.0650142362742537,0.451423938118479,0.925538268206047,0.999999995054182,0.795486671873065,58571.2944649646,51563.6423192768,141887.663120863,1.45164745429842
10.979,0.0235215054833637,0.25824260870185,10.6053009131481,0.0650201585038287,0.451465058899871,0.926063484851214,0.99999999546961,0.796093251937047,58629.8950548411,51614.6326280766,142041.069336075,1.45309982781844
10.98,0.0235215054833637,0.258266130207333,10.6053009131481,0.0650260807334037,0.451506179681263,0.926585771106832,0.999999995850969,0.796698648368281,58688.5542746176,51665.6733602266,142194.64141114,1.45455365443842
10.981,0.0235215054833637,0.258289651712817,10.6053009131481,0.0650320029629786,0.451547300462655,0.927105136578591,0.999999996200982,0.797302860916034,58747.2721829532,51716.7645655893,142348.379525382,1.45600893561217
10.982,0.0235215054833637,0.2583131732183,10.6053009131481,0.0650379251925536,0.451588421244046,0.927621590897913,0.999999996522159,0.797905889341545,58806.0488385658,51767.906294077,142502.283858319,1.45746567279498
10.983,0.0235215054833637,0.258336694723783,10.6053009131481,0.0650438474221286,0.451629542025438,0.928135143721365,0.999999996816817,0.798507733417989,58864.8843002324,51819.0985956509,142656.354589663,1.45892386744358
10.984,0.0235215054833637,0.258360216229267,10.6053009131481,0.0650497696517036,0.45167066280683,0.928645804730076,0.999999997087088,0.799108392930446,58923.778626788,51870.3415203216,142810.591899323,1.46038352101617
10.985,0.0235215054833637,0.25838373773475,10.6053009131481,0.0650556918812786,0.451711783588222,0.929153583629159,0.999999997334941,0.799707867675876,58982.7318771271,51921.6351181496,142964.995967397,1.46184463497241
10.986,0.0235215054833637,0.258407259240234,10.6053009131481,0.0650616141108536,0.451752904369613,0.929658490147135,0.999999997562188,0.800306157463086,59041.7441102032,51972.9794392446,143119.566974184,1.4633072107734
10.987,0.0235215054833637,0.258430780745717,10.6053009131481,0.0650675363404286,0.451794025151005,0.930160534035355,0.999999997770501,0.800903262112695,59100.8153850282,52024.3745337657,143274.305100174,1.46477124988173
10.988,0.0235215054833637,0.2584543022512,10.6053009131481,0.0650734585700036,0.451835145932397,0.930659725067432,0.999999997961417,0.801499181457115,59159.9457606735,52075.8204519219,143429.210526052,1.46623675376142
10.989,0.0235215054833637,0.258477823756684,10.6053009131481,0.0650793807995786,0.451876266713789,0.931156073038672,0.999999998136355,0.80209391534051,59219.1352962695,52127.3172439717,143584.2834327,1.467703723878
10.99,0.0235215054833637,0.258501345262167,10.6053009131481,0.0650853030291536,0.45191738749518,0.9316495877655,0.999999998296618,0.802687463618769,59278.3840510057,52178.8649602233,143739.524001196,1.46917216169841
10.991,0.0235215054833637,0.25852486676765,10.6053009131481,0.0650912252587286,0.451958508276572,0.932140279084908,0.999999998443407,0.803279826159476,59337.6920841309,52230.4636510348,143894.932412811,1.47064206869111
10.992,0.0235215054833637,0.258548388273134,10.6053009131481,0.0650971474883036,0.451999629057964,0.932628156853882,0.999999998577829,0.803871002841879,59397.0594549533,52282.1133668138,144050.508849016,1.47211344632601
10.993,0.0235215054833637,0.258571909778617,10.6053009131481,0.0651030697178785,0.452040749839356,0.93311323094885,0.999999998700899,0.804460993556855,59456.4862228399,52333.8141580181,144206.253491473,1.47358629607447
10.994,0.0235215054833637,0.2585954312841,10.6053009131481,0.0651089919474535,0.452081870620747,0.933595511265123,0.999999998813554,0.805049798206886,59515.9724472177,52385.5660751551,144362.166522046,1.47506061940935
10.995,0.0235215054833637,0.258618952789584,10.6053009131481,0.0651149141770285,0.452122991402139,0.934075007716345,0.999999998916654,0.805637416706022,59575.518187573,52437.3691687823,144518.248122792,1.47653641780498
10.996,0.0235215054833637,0.258642474295067,10.6053009131481,0.0651208364066035,0.452164112183531,0.934551730233937,0.99999999901099,0.806223848979849,59635.1235034514,52489.2234895072,144674.498475966,1.47801369273714
10.997,0.0235215054833637,0.25866599580055,10.6053009131481,0.0651267586361785,0.452205232964922,0.935025688766553,0.99999999909729,0.806809094965462,59694.7884544583,52541.1290879871,144830.917764019,1.47949244568312
10.998,0.0235215054833637,0.258689517306034,10.6053009131481,0.0651326808657535,0.452246353746314,0.935496893279535,0.999999999176222,0.807393154611431,59754.5131002585,52593.0860149299,144987.506169602,1.48097267812167
10.999,0.0235215054833637,0.258713038811517,10.6053009131481,0.0651386030953285,0.452287474527706,0.935965353754368,0.9999999992484,0.807976027877767,59814.297500577,52645.0943210932,145144.26387556,1.48245439153302
11,0.0235215054833637,0.258736560317001,10.6053009131481,0.0651445253249035,0.452328595309098,0.936431080188142,0.99999999931439,0.808557714735891,59874.1417151978,52697.154057285,145301.191064937,1.48393758739889
11.001,0.0235215054833637,0.258760081822484,10.6053009131481,0.0651504475544785,0.452369716090489,0.936894082593014,0.999999999374709,0.809138215168607,59934.0458039654,52749.2652743632,145458.287920977,1.48542226720247
11.002,0.0235215054833637,0.258783603327967,10.6053009131481,0.0651563697840535,0.452410836871881,0.937354370995678,0.999999999429834,0.809717529170063,59994.0098267838,52801.4280232368,145615.554627119,1.48690843242844
11.003,0.0235215054833637,0.258807124833451,10.6053009131481,0.0651622920136285,0.452451957653273,0.937811955436828,0.999999999480201,0.81029565674572,60054.033843617,52853.6423548642,145772.991367002,1.48839608456296
11.004,0.0235215054833637,0.258830646338934,10.6053009131481,0.0651682142432034,0.452493078434665,0.938266845970635,0.999999999526212,0.810872597912322,60114.117914489,52905.9083202547,145930.598324464,1.48988522509369
11.005,0.0235215054833637,0.258854167844417,10.6053009131481,0.0651741364727784,0.452534199216056,0.938719052664219,0.999999999568236,0.811448352697865,60174.2620994839,52958.2259704679,146088.375683539,1.49137585550977
11.006,0.0235215054833637,0.258877689349901,10.6053009131481,0.0651800587023534,0.452575319997448,0.939168585597127,0.999999999606609,0.812022921141559,60234.4664587461,53010.5953566142,146246.323628464,1.49286797730184
11.007,0.0235215054833637,0.258901210855384,10.6053009131481,0.0651859809319284,0.45261644077884,0.939615454860814,0.999999999641643,0.812596303293796,60294.7310524796,53063.016529854,146404.442343672,1.494361591962
11.008,0.0235215054833637,0.258924732360867,10.6053009131481,0.0651919031615034,0.452657561560232,0.940059670558125,0.999999999673621,0.813168499216122,60355.0559409492,53115.4895413987,146562.732013797,1.49585670098388
11.009,0.0235215054833637,0.258948253866351,10.6053009131481,0.0651978253910784,0.452698682341623,0.940501242802786,0.999999999702803,0.813739508981201,60415.4411844799,53168.0144425102,146721.192823673,1.49735330586259
11.01,0.0235215054833637,0.258971775371834,10.6053009131481,0.0652037476206534,0.452739803123015,0.940940181718887,0.99999999972943,0.814309332672779,60475.8868434567,53220.5912845011,146879.824958331,1.49885140809473
11.011,0.0235215054833637,0.258995296877318,10.6053009131481,0.0652096698502284,0.452780923904407,0.941376497440379,0.999999999753719,0.814877970385656,60536.3929783254,53273.2201187347,147038.628603005,1.50035100917839
11.012,0.0235215054833637,0.259018818382801,10.6053009131481,0.0652155920798034,0.452822044685799,0.941810200110569,0.999999999775872,0.815445422225651,60596.9596495922,53325.9009966254,147197.603943129,1.5018521106132
11.013,0.0235215054833637,0.259042339888284,10.6053009131481,0.0652215143093784,0.45286316546719,0.942241299881614,0.999999999796072,0.816011688309564,60657.5869178236,53378.6339696377,147356.751164336,1.50335471390024
11.014,0.0235215054833637,0.259065861393768,10.6053009131481,0.0652274365389534,0.452904286248582,0.942669806914032,0.999999999814487,0.81657676876515,60718.274843647,53431.4190892879,147516.070452461,1.50485882054212
11.015,0.0235215054833637,0.259089382899251,10.6053009131481,0.0652333587685284,0.452945407029974,0.943095731376195,0.999999999831273,0.817140663731081,60779.0234877504,53484.2564071428,147675.561993539,1.50636443204294
11.016,0.0235215054833637,0.259112904404734,10.6053009131481,0.0652392809981033,0.452986527811365,0.943519083443846,0.99999999984657,0.81770337335691,60839.8329108822,53537.1459748199,147835.225973806,1.50787154990833
11.017,0.0235215054833637,0.259136425910218,10.6053009131481,0.0652452032276783,0.453027648592757,0.943939873299603,0.999999999860508,0.818264897803044,60900.703173852,53590.0878439883,147995.062579702,1.50938017564538
11.018,0.0235215054833637,0.259159947415701,10.6053009131481,0.0652511254572533,0.453068769374149,0.944358111132478,0.999999999873204,0.818825237240705,60961.6343375302,53643.082066368,148155.071997865,1.51089031076274
11.019,0.0235215054833637,0.259183468921184,10.6053009131481,0.0652570476868283,0.453109890155541,0.944773807137391,0.999999999884767,0.819384391851893,61022.6264628476,53696.12869373,148315.254415136,1.51240195677054
11.02,0.0235215054833637,0.259206990426668,10.6053009131481,0.0652629699164033,0.453151010936932,0.945186971514691,0.999999999895296,0.819942361829362,61083.6796107967,53749.2277778966,148475.61001856,1.51391511518042
11.021,0.0235215054833637,0.259230511932151,10.6053009131481,0.0652688921459783,0.453192131718324,0.945597614469677,0.999999999904882,0.820499147376577,61144.7938424305,53802.3793707413,148636.138995381,1.51542978750554
11.022,0.0235215054833637,0.259254033437635,10.6053009131481,0.0652748143755533,0.453233252499716,0.946005746212127,0.999999999913607,0.82105474870768,61205.9692188632,53855.583524189,148796.841533047,1.51694597526057
11.023,0.0235215054833637,0.259277554943118,10.6053009131481,0.0652807366051283,0.453274373281108,0.946411376955828,0.999999999921547,0.821609166047461,61267.2058012702,53908.8402902159,148957.717819209,1.51846367996171
11.024,0.0235215054833637,0.259301076448601,10.6053009131481,0.0652866588347033,0.453315494062499,0.946814516918104,0.999999999928771,0.82216239963132,61328.5036508882,53962.1497208496,149118.768041721,1.51998290312665
11.025,0.0235215054833637,0.259324597954085,10.6053009131481,0.0652925810642783,0.453356614843891,0.947215176319356,0.999999999935342,0.822714449705231,61389.8628290148,54015.5118681689,149279.992388639,1.52150364627462
11.026,0.0235215054833637,0.259348119459568,10.6053009131481,0.0652985032938533,0.453397735625283,0.9476133653826,0.999999999941319,0.823265316525709,61451.2833970094,54068.9267843047,149441.391048224,1.52302591092637
11.027,0.0235215054833637,0.259371640965051,10.6053009131481,0.0653044255234283,0.453438856406675,0.948009094333008,0.999999999946754,0.82381500035978,61512.7654162926,54122.3945214389,149602.964208938,1.52454969860415
11.028,0.0235215054833637,0.259395162470535,10.6053009131481,0.0653103477530032,0.453479977188066,0.948402373397454,0.999999999951694,0.824363501484933,61574.3089483463,54175.9151318051,149764.712059449,1.52607501083176
11.029,0.0235215054833637,0.259418683976018,10.6053009131481,0.0653162699825782,0.453521097969458,0.948793212804062,0.999999999956185,0.8249108201891,61635.914054714,54229.4886676886,149926.634788628,1.52760184913451
11.03,0.0235215054833637,0.259442205481502,10.6053009131481,0.0653221922121532,0.45356221875085,0.94918162278176,0.999999999960266,0.825456956770613,61697.5807970011,54283.1151814268,150088.732585551,1.52913021503923
11.031,0.0235215054833637,0.259465726986985,10.6053009131481,0.0653281144417282,0.453603339532242,0.949567613559829,0.999999999963974,0.826001911538167,61759.3092368739,54336.7947254081,150251.005639498,1.5306601100743
11.032,0.0235215054833637,0.259489248492468,10.6053009131481,0.0653340366713032,0.453644460313633,0.949951195367468,0.999999999967342,0.826545684810792,61821.0994360612,54390.5273520733,150413.454139952,1.5321915357696
11.033,0.0235215054833637,0.259512769997952,10.6053009131481,0.0653399589008782,0.453685581095025,0.950332378433353,0.999999999970401,0.827088276917811,61882.951456353,54444.3131139147,150576.078276605,1.53372449365656
11.034,0.0235215054833637,0.259536291503435,10.6053009131481,0.0653458811304532,0.453726701876417,0.9507111729852,0.999999999973179,0.827629688198809,61944.8653596016,54498.152063477,150738.878239349,1.53525898526815
11.035,0.0235215054833637,0.259559813008918,10.6053009131481,0.0653518033600282,0.453767822657808,0.951087589249333,0.999999999975701,0.828169919003592,62006.8412077206,54552.0442533562,150901.854218285,1.53679501213885
11.036,0.0235215054833637,0.259583334514402,10.6053009131481,0.0653577255896032,0.4538089434392,0.951461637450257,0.99999999997799,0.828708969692161,62068.8790626859,54605.9897362008,151065.006403718,1.53833257580469
11.037,0.0235215054833637,0.259606856019885,10.6053009131481,0.0653636478191782,0.453850064220592,0.951833327810232,0.999999999980067,0.829246840634665,62130.9789865355,54659.9885647111,151228.334986159,1.53987167780324
11.038,0.0235215054833637,0.259630377525368,10.6053009131481,0.0653695700487532,0.453891185001984,0.952202670548849,0.999999999981952,0.829783532211375,62193.1410413693,54714.0407916398,151391.840156325,1.54141231967359
11.039,0.0235215054833637,0.259653899030852,10.6053009131481,0.0653754922783281,0.453932305783375,0.952569675882612,0.999999999983661,0.830319044812641,62255.3652893493,54768.1464697914,151555.52210514,1.54295450295639
11.04,0.0235215054833637,0.259677420536335,10.6053009131481,0.0653814145079031,0.453973426564767,0.952934354024523,0.999999999985212,0.830853378838861,62317.6517926998,54822.3056520228,151719.381023733,1.54449822919382
11.041,0.0235215054833637,0.259700942041819,10.6053009131481,0.0653873367374781,0.454014547346159,0.953296715183668,0.999999999986618,0.831386534700443,62380.0006137073,54876.5183912433,151883.417103441,1.54604349992961
11.042,0.0235215054833637,0.259724463547302,10.6053009131481,0.0653932589670531,0.454055668127551,0.953656769564807,0.999999999987892,0.831918512817768,62442.4118147205,54930.7847404143,152047.630535806,1.54759031670903
11.043,0.0235215054833637,0.259747985052785,10.6053009131481,0.0653991811966281,0.454096788908942,0.954014527367972,0.999999999989048,0.832449313621156,62504.8854581508,54985.1047525497,152212.021512579,1.54913868107889
11.044,0.0235215054833637,0.259771506558269,10.6053009131481,0.0654051034262031,0.454137909690334,0.954369998788062,0.999999999990095,0.832978937550831,62567.4216064718,55039.4784807159,152376.590225718,1.55068859458757
11.045,0.0235215054833637,0.259795028063752,10.6053009131481,0.0654110256557781,0.454179030471726,0.954723194014438,0.999999999991043,0.833507385056878,62630.0203222196,55093.9059780313,152541.336867387,1.55224005878497
11.046,0.0235215054833637,0.259818549569235,10.6053009131481,0.0654169478853531,0.454220151253117,0.955074123230539,0.999999999991903,0.834034656599216,62692.6816679929,55148.3872976675,152706.26162996,1.55379307522255
11.047,0.0235215054833637,0.259842071074719,10.6053009131481,0.0654228701149281,0.454261272034509,0.95542279661348,0.999999999992681,0.834560752647556,62755.4057064532,55202.9224928485,152871.364706018,1.55534764545334
11.048,0.0235215054833637,0.259865592580202,10.6053009131481,0.0654287923445031,0.454302392815901,0.955769224333662,0.999999999993386,0.835085673681363,62818.1925003243,55257.5116168505,153036.646288349,1.55690377103191
11.049,0.0235215054833637,0.259889114085685,10.6053009131481,0.0654347145740781,0.454343513597293,0.956113416554393,0.999999999994024,0.835609420189827,62881.0421123932,55312.1547230027,153202.106569952,1.55846145351437
11.05,0.0235215054833637,0.259912635591169,10.6053009131481,0.065440636803653,0.454384634378685,0.9564553834315,0.999999999994602,0.836131992671818,62943.9546055095,55366.8518646873,153367.745744031,1.56002069445842
11.051,0.0235215054833637,0.259936157096652,10.6053009131481,0.065446559033228,0.454425755160076,0.956795135112949,0.999999999995124,0.836653391635854,63006.9300425856,55421.6030953388,153533.564004004,1.5615814954233
11.052,0.0235215054833637,0.259959678602135,10.6053009131481,0.065452481262803,0.454466875941468,0.957132681738472,0.999999999995597,0.837173617600064,63069.9684865969,55476.4084684448,153699.561543493,1.5631438579698
11.053,0.0235215054833637,0.259983200107619,10.6053009131481,0.065458403492378,0.45450799672286,0.95746803343919,0.999999999996025,0.837692671092152,63133.0700005821,55531.2680375457,153865.738556332,1.56470778366029
11.054,0.0235215054833637,0.260006721613102,10.6053009131481,0.065464325721953,0.454549117504251,0.957801200337249,0.999999999996412,0.838210552649354,63196.2346476425,55586.1818562349,154032.095236565,1.56627327405869
11.055,0.0235215054833637,0.260030243118586,10.6053009131481,0.065470247951528,0.454590238285643,0.958132192545447,0.999999999996762,0.838727262818412,63259.4624909427,55641.1499781589,154198.631778444,1.56784033073049
11.056,0.0235215054833637,0.260053764624069,10.6053009131481,0.065476170181103,0.454631359067035,0.958461020166878,0.999999999997078,0.839242802155528,63322.7535937109,55696.1724570172,154365.348376433,1.56940895524276
11.057,0.0235215054833637,0.260077286129552,10.6053009131481,0.065482092410678,0.454672479848427,0.958787693294564,0.999999999997364,0.839757171226329,63386.1080192378,55751.2493465619,154532.245225204,1.57097914916412
11.058,0.0235215054833637,0.260100807635036,10.6053009131481,0.065488014640253,0.454713600629818,0.959112222011108,0.999999999997622,0.840270370605834,63449.525830878,55806.3807005992,154699.322519641,1.57255091406475
11.059,0.0235215054833637,0.260124329140519,10.6053009131481,0.065493936869828,0.45475472141121,0.959434616388336,0.999999999997856,0.840782400878413,63513.0070920494,55861.5665729879,154866.580454839,1.57412425151643
11.06,0.0235215054833637,0.260147850646002,10.6053009131481,0.065499859099403,0.454795842192602,0.959754886486943,0.999999999998067,0.841293262637751,63576.5518662331,55916.8070176399,155034.019226103,1.57569916309249
11.061,0.0235215054833637,0.260171372151486,10.6053009131481,0.065505781328978,0.454836962973994,0.960073042356157,0.999999999998257,0.841802956486809,63640.160216974,55972.1020885209,155201.639028949,1.57727565036785
11.062,0.0235215054833637,0.260194893656969,10.6053009131481,0.0655117035585529,0.454878083755385,0.960389094033386,0.999999999998429,0.842311483037792,63703.8322078804,56027.4518396497,155369.440059105,1.57885371491898
11.063,0.0235215054833637,0.260218415162453,10.6053009131481,0.0655176257881279,0.454919204536777,0.960703051543885,0.999999999998585,0.842818842912106,63767.5679026244,56082.8563250986,155537.422512512,1.58043335832397
11.064,0.0235215054833637,0.260241936667936,10.6053009131481,0.0655235480177029,0.454960325318169,0.961014924900415,0.999999999998725,0.843325036740322,63831.3673649416,56138.3155989933,155705.586585319,1.58201458216244
11.065,0.0235215054833637,0.260265458173419,10.6053009131481,0.0655294702472779,0.455001446099561,0.961324724102913,0.999999999998851,0.843830065162143,63895.2306586314,56193.8297155129,155873.932473891,1.58359738801563
11.066,0.0235215054833637,0.260288979678903,10.6053009131481,0.0655353924768529,0.455042566880952,0.961632459138158,0.999999999998966,0.844333928826359,63959.1578475572,56249.3987288905,156042.460374803,1.58518177746634
11.067,0.0235215054833637,0.260312501184386,10.6053009131481,0.0655413147064279,0.455083687662344,0.961938139979452,0.999999999999069,0.844836628390818,64023.1489956462,56305.0226934125,156211.170484844,1.58676775209896
11.068,0.0235215054833637,0.260336022689869,10.6053009131481,0.0655472369360029,0.455124808443736,0.962241776586287,0.999999999999162,0.845338164522381,64087.2041668895,56360.7016634189,156380.063001014,1.58835531349946
11.069,0.0235215054833637,0.260359544195353,10.6053009131481,0.0655531591655779,0.455165929225127,0.962543378904031,0.999999999999245,0.845838537896887,64151.3234253424,56416.4356933036,156549.138120527,1.58994446325541
11.07,0.0235215054833637,0.260383065700836,10.6053009131481,0.0655590813951529,0.455207050006519,0.962842956863613,0.999999999999321,0.846337749199121,64215.506835124,56472.2248375145,156718.396040811,1.59153520295595
11.071,0.0235215054833637,0.260406587206319,10.6053009131481,0.0655650036247279,0.455248170787911,0.963140520381201,0.999999999999389,0.846835799122764,64279.7544604178,56528.0691505529,156887.836959507,1.59312753419183
11.072,0.0235215054833637,0.260430108711803,10.6053009131481,0.0655709258543029,0.455289291569303,0.963436079357903,0.99999999999945,0.84733268837037,64344.0663654714,56583.9686869742,157057.461074468,1.59472145855538
11.073,0.0235215054833637,0.260453630217286,10.6053009131481,0.0655768480838778,0.455330412350694,0.963729643679452,0.999999999999506,0.847828417653317,64408.4426145968,56639.9235013878,157227.268583764,1.59631697764052
11.074,0.0235215054833637,0.26047715172277,10.6053009131481,0.0655827703134528,0.455371533132086,0.964021223215903,0.999999999999555,0.848322987691772,64472.8832721701,56695.9336484572,157397.259685675,1.59791409304277
11.075,0.0235215054833637,0.260500673228253,10.6053009131481,0.0655886925430278,0.455412653913478,0.964310827821338,0.9999999999996,0.848816399214659,64537.3884026321,56751.9991828996,157567.4345787,1.59951280635924
11.076,0.0235215054833637,0.260524194733736,10.6053009131481,0.0655946147726028,0.45545377469487,0.964598467333564,0.999999999999641,0.849308652959613,64601.9580704879,56808.1201594867,157737.79346155,1.60111311918866
11.077,0.0235215054833637,0.26054771623922,10.6053009131481,0.0656005370021778,0.455494895476261,0.964884151573819,0.999999999999677,0.849799749672947,64666.5923403071,56864.2966330439,157908.336533151,1.60271503313132
11.078,0.0235215054833637,0.260571237744703,10.6053009131481,0.0656064592317528,0.455536016257653,0.965167890346486,0.99999999999971,0.850289690109613,64731.291276724,56920.5286584514,158079.063992644,1.60431854978916
11.079,0.0235215054833637,0.260594759250186,10.6053009131481,0.0656123814613278,0.455577137039045,0.965449693438799,0.999999999999739,0.850778475033164,64796.0549444376,56976.8162906434,158249.976039386,1.60592367076567
11.08,0.0235215054833637,0.26061828075567,10.6053009131481,0.0656183036909028,0.455618257820437,0.965729570620565,0.999999999999766,0.851266105215714,64860.8834082116,57033.1595846082,158421.072872949,1.607530397666
11.081,0.0235215054833637,0.260641802261153,10.6053009131481,0.0656242259204778,0.455659378601828,0.96600753164388,0.99999999999979,0.851752581437906,64925.7767328743,57089.5585953886,158592.354693121,1.60913873209685
11.082,0.0235215054833637,0.260665323766636,10.6053009131481,0.0656301481500528,0.45570049938322,0.966283586242852,0.999999999999811,0.852237904488866,64990.7349833193,57146.0133780822,158763.821699907,1.61074867566657
11.083,0.0235215054833637,0.26068884527212,10.6053009131481,0.0656360703796278,0.455741620164612,0.966557744133324,0.999999999999831,0.852722075166172,65055.7582245046,57202.5239878406,158935.474093525,1.6123602299851
11.084,0.0235215054833637,0.260712366777603,10.6053009131481,0.0656419926092027,0.455782740946004,0.966830015012609,0.999999999999848,0.85320509427581,65120.8465214535,57259.0904798701,159107.312074413,1.61397339666399
11.085,0.0235215054833637,0.260735888283087,10.6053009131481,0.0656479148387777,0.455823861727395,0.967100408559217,0.999999999999864,0.853686962632141,65185.9999392545,57315.7129094318,159279.335843225,1.61558817731642
11.086,0.0235215054833637,0.26075940978857,10.6053009131481,0.0656538370683527,0.455864982508787,0.967368934432587,0.999999999999878,0.85416768105786,65251.2185430607,57372.391331841,159451.545600831,1.61720457355716
11.087,0.0235215054833637,0.260782931294053,10.6053009131481,0.0656597592979277,0.455906103290179,0.967635602272836,0.99999999999989,0.854647250383958,65316.5023980909,57429.1258024682,159623.941548317,1.6188225870026
11.088,0.0235215054833637,0.260806452799537,10.6053009131481,0.0656656815275027,0.455947224071571,0.967900421700491,0.999999999999902,0.855125671449686,65381.8515696291,57485.9163767384,159796.52388699,1.62044221927077
11.089,0.0235215054833637,0.26082997430502,10.6053009131481,0.0656716037570777,0.455988344852962,0.968163402316236,0.999999999999912,0.855602945102511,65447.2661230242,57542.7631101311,159969.292818371,1.62206347198129
11.09,0.0235215054833637,0.260853495810503,10.6053009131481,0.0656775259866527,0.456029465634354,0.968424553700662,0.999999999999921,0.856079072198086,65512.7461236908,57599.6660581815,160142.248544201,1.62368634675542
11.091,0.0235215054833637,0.260877017315987,10.6053009131481,0.0656834482162277,0.456070586415746,0.968683885414016,0.999999999999929,0.856554053600207,65578.2916371092,57656.6252764789,160315.39126644,1.62531084521603
11.092,0.0235215054833637,0.26090053882147,10.6053009131481,0.0656893704458027,0.456111707197137,0.968941406995955,0.999999999999936,0.857027890180773,65643.9027288245,57713.640820668,160488.721187263,1.62693696898762
11.093,0.0235215054833637,0.260924060326953,10.6053009131481,0.0656952926753777,0.456152827978529,0.969197127965307,0.999999999999943,0.857500582819753,65709.579464448,57770.7127464482,160662.238509066,1.62856471969632
11.094,0.0235215054833637,0.260947581832437,10.6053009131481,0.0657012149049527,0.456193948759921,0.969451057819826,0.999999999999949,0.857972132405142,65775.3219096565,57827.8411095743,160835.943434463,1.63019409896987
11.095,0.0235215054833637,0.26097110333792,10.6053009131481,0.0657071371345277,0.456235069541313,0.969703206035959,0.999999999999954,0.858442539832928,65841.1301301925,57885.0259658564,161009.836166288,1.63182510843766
11.096,0.0235215054833637,0.260994624843404,10.6053009131481,0.0657130593641026,0.456276190322704,0.96995358206861,0.999999999999959,0.85891180600705,65907.004191864,57942.2673711591,161183.916907594,1.63345774973069
11.097,0.0235215054833637,0.261018146348887,10.6053009131481,0.0657189815936776,0.456317311104096,0.970202195350914,0.999999999999963,0.859379931839359,65972.9441605452,57999.5653814029,161358.185861652,1.6350920244816
11.098,0.0235215054833637,0.26104166785437,10.6053009131481,0.0657249038232526,0.456358431885488,0.970449055294006,0.999999999999967,0.859846918249584,66038.950102176,58056.9200525631,161532.643231956,1.63672793432468
11.099,0.0235215054833637,0.261065189359854,10.6053009131481,0.0657308260528276,0.45639955266688,0.970694171286799,0.999999999999971,0.860312766165292,66105.0220827626,58114.331440671,161707.289222216,1.63836548089583
11.1,0.0235215054833637,0.261088710865337,10.6053009131481,0.0657367482824026,0.456440673448271,0.97093755269576,0.999999999999974,0.860777476521844,66171.1601683766,58171.7996018127,161882.124036365,1.64000466583259
11.101,0.0235215054833637,0.26111223237082,10.6053009131481,0.0657426705119776,0.456481794229663,0.971179208864698,0.999999999999976,0.861241050262366,66237.3644251563,58229.3245921299,162057.147878557,1.64164549077416
11.102,0.0235215054833637,0.261135753876304,10.6053009131481,0.0657485927415526,0.456522915011055,0.971419149114542,0.999999999999979,0.861703488337703,66303.6349193061,58286.9064678199,162232.360953163,1.64328795736136
11.103,0.0235215054833637,0.261159275381787,10.6053009131481,0.0657545149711276,0.456564035792446,0.971657382743134,0.999999999999981,0.862164791706384,66369.9717170962,58344.5452851357,162407.76346478,1.64493206723665
11.104,0.0235215054833637,0.26118279688727,10.6053009131481,0.0657604372007026,0.456605156573838,0.971893919025019,0.999999999999983,0.862624961334584,66436.3748848635,58402.2411003858,162583.355618222,1.64657782204414
11.105,0.0235215054833637,0.261206318392754,10.6053009131481,0.0657663594302776,0.45664627735523,0.972128767211239,0.999999999999985,0.863083998196084,66502.8444890114,58459.9939699343,162759.137618526,1.64822522342959
11.106,0.0235215054833637,0.261229839898237,10.6053009131481,0.0657722816598525,0.456687398136622,0.972361936529129,0.999999999999987,0.863541903272232,66569.3805960092,58517.803950201,162935.109670952,1.64987427304041
11.107,0.0235215054833637,0.261253361403721,10.6053009131481,0.0657782038894275,0.456728518918013,0.972593436182119,0.999999999999988,0.863998677551906,66635.9832723931,58575.6710976618,163111.27198098,1.65152497252563
11.108,0.0235215054833637,0.261276882909204,10.6053009131481,0.0657841261190025,0.456769639699405,0.972823275349538,0.999999999999989,0.864454322031479,66702.652584766,58633.5954688483,163287.624754313,1.65317732353597
11.109,0.0235215054833637,0.261300404414687,10.6053009131481,0.0657900483485775,0.456810760480797,0.973051463186416,0.99999999999999,0.864908837714769,66769.3885997969,58691.5771203478,163464.168196876,1.65483132772376
11.11,0.0235215054833637,0.261323925920171,10.6053009131481,0.0657959705781525,0.456851881262189,0.973278008823297,0.999999999999991,0.865362225613016,66836.191384222,58749.6161088036,163640.902514817,1.65648698674302
11.111,0.0235215054833637,0.261347447425654,10.6053009131481,0.0658018928077275,0.45689300204358,0.973502921366052,0.999999999999992,0.865814486744833,66903.0610048441,58807.7124909155,163817.827914507,1.65814430224941
11.112,0.0235215054833637,0.261370968931137,10.6053009131481,0.0658078150373025,0.456934122824972,0.973726209895688,0.999999999999993,0.866265622136167,66969.9975285328,58865.8663234387,163994.944602539,1.65980327590024
11.113,0.0235215054833637,0.261394490436621,10.6053009131481,0.0658137372668775,0.456975243606364,0.973947883468172,0.999999999999994,0.86671563282027,67037.0010222245,58924.0776631849,164172.252785732,1.66146390935448
11.114,0.0235215054833637,0.261418011942104,10.6053009131481,0.0658196594964525,0.457016364387756,0.974167951114252,0.999999999999995,0.867164519837651,67104.0715529229,58982.3465670219,164349.752671126,1.66312620427277
11.115,0.0235215054833637,0.261441533447587,10.6053009131481,0.0658255817260275,0.457057485169147,0.974386421839273,0.999999999999995,0.867612284236039,67171.2091876984,59040.6730918738,164527.444465986,1.6647901623174
11.116,0.0235215054833637,0.261465054953071,10.6053009131481,0.0658315039556025,0.457098605950539,0.974603304623013,0.999999999999996,0.868058927070351,67238.4139936886,59099.0572947209,164705.328377799,1.66645578515233
11.117,0.0235215054833637,0.261488576458554,10.6053009131481,0.0658374261851775,0.457139726731931,0.974818608419509,0.999999999999996,0.868504449402648,67305.6860380986,59157.4992325999,164883.404614281,1.66812307444319
11.118,0.0235215054833637,0.261512097964038,10.6053009131481,0.0658433484147525,0.457180847513323,0.975032342156887,0.999999999999997,0.868948852302094,67373.0253882001,59215.9989626037,165061.673383368,1.66979203185726
11.119,0.0235215054833637,0.261535619469521,10.6053009131481,0.0658492706443274,0.457221968294714,0.9752445147372,0.999999999999997,0.869392136844925,67440.4321113326,59274.556541882,165240.134893223,1.6714626590635
11.12,0.0235215054833637,0.261559140975004,10.6053009131481,0.0658551928739024,0.457263089076106,0.975455135036265,0.999999999999997,0.869834304114407,67507.906274903,59333.172027641,165418.789352234,1.67313495773254
11.121,0.0235215054833637,0.261582662480488,10.6053009131481,0.0658611151034774,0.457304209857498,0.975664211903505,0.999999999999998,0.870275355200793,67575.4479463851,59391.845477143,165597.636969013,1.67480892953668
11.122,0.0235215054833637,0.261606183985971,10.6053009131481,0.0658670373330524,0.457345330638889,0.975871754161792,0.999999999999998,0.870715291201295,67643.0571933208,59450.5769477073,165776.677952399,1.67648457614989
11.123,0.0235215054833637,0.261629705491454,10.6053009131481,0.0658729595626274,0.457386451420281,0.976077770607293,0.999999999999998,0.871154113220034,67710.7340833195,59509.3664967102,165955.912511457,1.67816189924781
11.124,0.0235215054833637,0.261653226996938,10.6053009131481,0.0658788817922024,0.457427572201673,0.976282270009318,0.999999999999998,0.87159182236801,67778.4786840577,59568.2141815839,166135.340855476,1.67984090050777
11.125,0.0235215054833637,0.261676748502421,10.6053009131481,0.0658848040217774,0.457468692983065,0.976485261110176,0.999999999999998,0.872028419763061,67846.2910632803,59627.1200598181,166314.963193972,1.68152158160877
11.126,0.0235215054833637,0.261700270007904,10.6053009131481,0.0658907262513524,0.457509813764456,0.976686752625029,0.999999999999999,0.872463906529822,67914.1712887997,59686.084188959,166494.779736691,1.68320394423149
11.127,0.0235215054833637,0.261723791513388,10.6053009131481,0.0658966484809274,0.457550934545848,0.976886753241744,0.999999999999999,0.872898283799691,67982.1194284961,59745.10662661,166674.7906936,1.6848879900583
11.128,0.0235215054833637,0.261747313018871,10.6053009131481,0.0659025707105024,0.45759205532724,0.97708527162076,0.999999999999999,0.873331552710788,68050.1355503174,59804.1874304311,166854.996274898,1.68657372077324
11.129,0.0235215054833637,0.261770834524355,10.6053009131481,0.0659084929400773,0.457633176108632,0.977282316394949,0.999999999999999,0.873763714407917,68118.21972228,59863.3266581396,167035.396691007,1.68826113806204
11.13,0.0235215054833637,0.261794356029838,10.6053009131481,0.0659144151696523,0.457674296890023,0.977477896169479,0.999999999999999,0.874194770042527,68186.372012468,59922.5243675096,167215.99215258,1.68995024361212
11.131,0.0235215054833637,0.261817877535321,10.6053009131481,0.0659203373992273,0.457715417671415,0.977672019521686,0.999999999999999,0.874624720772679,68254.5924890338,59981.7806163729,167396.782870497,1.69164103911258
11.132,0.0235215054833637,0.261841399040805,10.6053009131481,0.0659262596288023,0.457756538452807,0.977864695000944,0.999999999999999,0.875053567762996,68322.8812201976,60041.0954626177,167577.769055864,1.69333352625422
11.133,0.0235215054833637,0.261864920546288,10.6053009131481,0.0659321818583773,0.457797659234199,0.978055931128538,0.999999999999999,0.875481312184637,68391.2382742484,60100.46896419,167758.950920017,1.69502770672953
11.134,0.0235215054833637,0.261888442051771,10.6053009131481,0.0659381040879523,0.45783878001559,0.978245736397539,0.999999999999999,0.875907955215255,68459.6637195432,60159.9011790929,167940.328674521,1.69672358223269
11.135,0.0235215054833637,0.261911963557255,10.6053009131481,0.0659440263175273,0.457879900796982,0.978434119272687,1,0.876333498038952,68528.1576245074,60219.3921653869,168121.902531167,1.69842115445957
11.136,0.0235215054833637,0.261935485062738,10.6053009131481,0.0659499485471023,0.457921021578374,0.978621088190268,1,0.876757941846251,68596.7200576349,60278.94198119,168303.672701979,1.70012042510775
11.137,0.0235215054833637,0.261959006568221,10.6053009131481,0.0659558707766773,0.457962142359766,0.978806651558004,1,0.877181287834053,68665.3510874883,60338.5506846776,168485.639399208,1.7018213958765
11.138,0.0235215054833637,0.261982528073705,10.6053009131481,0.0659617930062523,0.458003263141157,0.978990817754933,1,0.877603537205594,68734.0507826984,60398.2183340824,168667.802835333,1.70352406846678
11.139,0.0235215054833637,0.262006049579188,10.6053009131481,0.0659677152358273,0.458044383922549,0.979173595131302,1,0.878024691170419,68802.819211965,60457.944987695,168850.163223065,1.70522844458127
11.14,0.0235215054833637,0.262029571084672,10.6053009131481,0.0659736374654023,0.458085504703941,0.979354992008461,1,0.878444750944331,68871.6564440566,60517.7307038638,169032.720775345,1.70693452592435
11.141,0.0235215054833637,0.262053092590155,10.6053009131481,0.0659795596949772,0.458126625485332,0.979535016678752,1,0.87886371774936,68940.5625478103,60577.5755409943,169215.475705343,1.7086423142021
11.142,0.0235215054833637,0.262076614095638,10.6053009131481,0.0659854819245522,0.458167746266724,0.979713677405411,1,0.879281592813724,69009.5375921323,60637.4795575501,169398.428226459,1.7103518111223
11.143,0.0235215054833637,0.262100135601122,10.6053009131481,0.0659914041541272,0.458208867048116,0.979890982422465,1,0.879698377371792,69078.5816459978,60697.442812053,169581.578552327,1.71206301839446
11.144,0.0235215054833637,0.262123657106605,10.6053009131481,0.0659973263837022,0.458249987829508,0.980066939934633,1,0.88011407266404,69147.6947784506,60757.4653630819,169764.926896807,1.71377593772978
11.145,0.0235215054833637,0.262147178612088,10.6053009131481,0.0660032486132772,0.458291108610899,0.980241558117235,1,0.880528679937021,69216.8770586039,60817.5472692741,169948.473473995,1.71549057084118
11.146,0.0235215054833637,0.262170700117572,10.6053009131481,0.0660091708428522,0.458332229392291,0.980414845116093,1,0.880942200443322,69286.1285556401,60877.6885893249,170132.218498216,1.71720691944329
11.147,0.0235215054833637,0.262194221623055,10.6053009131481,0.0660150930724272,0.458373350173683,0.980586809047445,1,0.881354635441527,69355.4493388106,60937.8893819874,170316.162184026,1.71892498525247
11.148,0.0235215054833637,0.262217743128538,10.6053009131481,0.0660210153020022,0.458414470955075,0.980757457997853,1,0.88176598619618,69424.8394774362,60998.149706073,170500.304746216,1.72064476998677
11.149,0.0235215054833637,0.262241264634022,10.6053009131481,0.0660269375315772,0.458455591736466,0.980926800024121,1,0.882176253977747,69494.2990409071,61058.4696204514,170684.646399806,1.72236627536599
11.15,0.0235215054833637,0.262264786139505,10.6053009131481,0.0660328597611522,0.458496712517858,0.98109484315321,1,0.882585440062577,69563.8280986828,61118.8491840498,170869.187360049,1.72408950311163
11.151,0.0235215054833637,0.262288307644989,10.6053009131481,0.0660387819907272,0.45853783329925,0.981261595382155,1,0.882993545732864,69633.4267202924,61179.2884558546,171053.927842433,1.72581445494691
11.152,0.0235215054833637,0.262311829150472,10.6053009131481,0.0660447042203022,0.458578954080642,0.98142706467799,1,0.883400572276613,69703.0949753346,61239.7874949102,171238.868062678,1.72754113259679
11.153,0.0235215054833637,0.262335350655955,10.6053009131481,0.0660506264498772,0.458620074862033,0.98159125897767,1,0.883806520987595,69772.8329334774,61300.346360319,171424.008236735,1.72926953778795
11.154,0.0235215054833637,0.262358872161439,10.6053009131481,0.0660565486794521,0.458661195643425,0.981754186187994,1,0.884211393165317,69842.640664459,61360.9651112421,171609.348580791,1.73099967224879
11.155,0.0235215054833637,0.262382393666922,10.6053009131481,0.0660624709090271,0.458702316424817,0.981915854185541,1,0.884615190114981,69912.5182380873,61421.6438068995,171794.889311266,1.73273153770945
11.156,0.0235215054833637,0.262405915172405,10.6053009131481,0.0660683931386021,0.458743437206209,0.982076270816592,1,0.885017913147443,69982.4657242394,61482.3825065692,171980.630644814,1.73446513590179
11.157,0.0235215054833637,0.262429436677889,10.6053009131481,0.0660743153681771,0.4587845579876,0.982235443897069,1,0.885419563579181,70052.4831928632,61543.181269588,172166.572798322,1.7362004685594
11.158,0.0235215054833637,0.262452958183372,10.6053009131481,0.0660802375977521,0.458825678768992,0.982393381212467,1,0.885820142732255,70122.5707139759,61604.0401553514,172352.715988915,1.73793753741764
11.159,0.0235215054833637,0.262476479688855,10.6053009131481,0.0660861598273271,0.458866799550384,0.982550090517795,1,0.886219651934269,70192.7283576654,61664.9592233139,172539.060433949,1.73967634421355
11.16,0.0235215054833637,0.262500001194339,10.6053009131481,0.0660920820569021,0.458907920331775,0.982705579537511,1,0.886618092518333,70262.9561940889,61725.9385329882,172725.606351017,1.74141689068596
11.161,0.0235215054833637,0.262523522699822,10.6053009131481,0.0660980042864771,0.458949041113167,0.982859855965468,1,0.887015465823028,70333.2542934744,61786.9781439464,172912.353957946,1.7431591785754
11.162,0.0235215054833637,0.262547044205306,10.6053009131481,0.0661039265160521,0.458990161894559,0.983012927464855,1,0.887411773192366,70403.6227261202,61848.078115819,173099.303472799,1.74490320962416
11.163,0.0235215054833637,0.262570565710789,10.6053009131481,0.0661098487456271,0.459031282675951,0.983164801668148,1,0.887807015975754,70474.0615623946,61909.2385082963,173286.455113876,1.74664898557628
11.164,0.0235215054833637,0.262594087216272,10.6053009131481,0.066115770975202,0.459072403457342,0.98331548617705,1,0.888201195527955,70544.5708727364,61970.4593811266,173473.809099712,1.74839650817753
11.165,0.0235215054833637,0.262617608721756,10.6053009131481,0.066121693204777,0.459113524238734,0.983464988562454,1,0.888594313209055,70615.1507276549,62031.740794118,173661.365649077,1.75014577917543
11.166,0.0235215054833637,0.262641130227239,10.6053009131481,0.066127615434352,0.459154645020126,0.983613316364384,1,0.888986370384419,70685.8011977301,62093.0828071375,173849.12498098,1.75189680031926
11.167,0.0235215054833637,0.262664651732722,10.6053009131481,0.066133537663927,0.459195765801518,0.983760477091957,1,0.88937736842466,70756.5223536123,62154.4854801113,174037.087314665,1.75364957336004
11.168,0.0235215054833637,0.262688173238206,10.6053009131481,0.066139459893502,0.459236886582909,0.983906478223338,1,0.889767308705597,70827.3142660228,62215.9488730248,174225.252869613,1.75540410005053
11.169,0.0235215054833637,0.262711694743689,10.6053009131481,0.066145382123077,0.459278007364301,0.984051327205698,1,0.890156192608223,70898.1770057535,62277.473045923,174413.621865545,1.75716038214527
11.17,0.0235215054833637,0.262735216249172,10.6053009131481,0.066151304352652,0.459319128145693,0.984195031455178,1,0.890544021518663,70969.110643667,62339.0580589098,174602.194522416,1.75891842140054
11.171,0.0235215054833637,0.262758737754656,10.6053009131481,0.066157226582227,0.459360248927085,0.984337598356851,1,0.890930796828138,71040.1152506971,62400.703972149,174790.97106042,1.76067821957438
11.172,0.0235215054833637,0.262782259260139,10.6053009131481,0.066163148811802,0.459401369708476,0.984479035264685,1,0.891316519932932,71111.1908978485,62462.4108458638,174979.95169999,1.76243977842659
11.173,0.0235215054833637,0.262805780765622,10.6053009131481,0.066169071041377,0.459442490489868,0.984619349501514,1,0.89170119223435,71182.3376561966,62524.1787403366,175169.136661796,1.76420309971871
11.174,0.0235215054833637,0.262829302271106,10.6053009131481,0.066174993270952,0.45948361127126,0.984758548359006,1,0.892084815138682,71253.5555968883,62586.0077159097,175358.526166749,1.76596818521409
11.175,0.0235215054833637,0.262852823776589,10.6053009131481,0.0661809155005269,0.459524732052652,0.984896639097634,1,0.892467390057171,71324.8447911416,62647.8978329853,175548.120435995,1.7677350366778
11.176,0.0235215054833637,0.262876345282073,10.6053009131481,0.0661868377301019,0.459565852834043,0.985033628946649,1,0.892848918405967,71396.2053102456,62709.8491520248,175737.919690922,1.76950365587669
11.177,0.0235215054833637,0.262899866787556,10.6053009131481,0.0661927599596769,0.459606973615435,0.985169525104057,1,0.893229401606101,71467.6372255608,62771.8617335498,175927.924153157,1.77127404457939
11.178,0.0235215054833637,0.262923388293039,10.6053009131481,0.0661986821892519,0.459648094396827,0.985304334736595,1,0.893608841083441,71539.1406085193,62833.9356381416,176118.134044566,1.77304620455628
11.179,0.0235215054833637,0.262946909798523,10.6053009131481,0.0662046044188269,0.459689215178218,0.985438064979708,1,0.893987238268655,71610.7155306242,62896.0709264414,176308.549587256,1.77482013757951
11.18,0.0235215054833637,0.262970431304006,10.6053009131481,0.0662105266484019,0.45973033595961,0.985570722937536,1,0.894364594597179,71682.3620634507,62958.2676591503,176499.171003571,1.77659584542304
11.181,0.0235215054833637,0.262993952809489,10.6053009131481,0.0662164488779769,0.459771456741002,0.985702315682892,1,0.894740911509178,71754.0802786453,63020.5258970298,176689.998516099,1.77837332986256
11.182,0.0235215054833637,0.263017474314973,10.6053009131481,0.0662223711075519,0.459812577522394,0.985832850257248,1,0.89511619044951,71825.8702479261,63082.8457009007,176881.032347667,1.78015259267556
11.183,0.0235215054833637,0.263040995820456,10.6053009131481,0.0662282933371269,0.459853698303785,0.985962333670722,1,0.895490432867687,71897.732043083,63145.2271316449,177072.272721343,1.78193363564129
11.184,0.0235215054833637,0.26306451732594,10.6053009131481,0.0662342155667019,0.459894819085177,0.986090772902068,1,0.895863640217843,71969.6657359782,63207.670250204,177263.719860437,1.78371646054082
11.185,0.0235215054833637,0.263088038831423,10.6053009131481,0.0662401377962769,0.459935939866569,0.986218174898663,1,0.896235813958694,72041.6713985449,63270.1751175797,177455.3739885,1.78550106915695
11.186,0.0235215054833637,0.263111560336906,10.6053009131481,0.0662460600258519,0.459977060647961,0.986344546576503,1,0.896606955553505,72113.7491027891,63332.7417948342,177647.235329323,1.7872874632743
11.187,0.0235215054833637,0.26313508184239,10.6053009131481,0.0662519822554268,0.460018181429352,0.986469894820195,1,0.896977066470049,72185.8989207883,63395.3703430904,177839.304106942,1.78907564467926
11.188,0.0235215054833637,0.263158603347873,10.6053009131481,0.0662579044850018,0.460059302210744,0.986594226482953,1,0.897346148180577,72258.1209246927,63458.0608235312,178031.580545633,1.79086561516002
11.189,0.0235215054833637,0.263182124853356,10.6053009131481,0.0662638267145768,0.460100422992136,0.986717548386595,1,0.897714202161776,72330.4151867238,63520.8132974002,178224.064869915,1.79265737650653
11.19,0.0235215054833637,0.26320564635884,10.6053009131481,0.0662697489441518,0.460141543773528,0.986839867321543,1,0.898081229894737,72402.7817791762,63583.6278260013,178416.75730455,1.79445093051058
11.191,0.0235215054833637,0.263229167864323,10.6053009131481,0.0662756711737268,0.460182664554919,0.986961190046826,1,0.898447232864917,72475.2207744164,63646.5044706996,178609.658074543,1.7962462789657
11.192,0.0235215054833637,0.263252689369806,10.6053009131481,0.0662815934033018,0.460223785336311,0.98708152329008,1,0.898812212562104,72547.7322448835,63709.4432929205,178802.767405142,1.79804342366726
11.193,0.0235215054833637,0.26327621087529,10.6053009131481,0.0662875156328768,0.460264906117703,0.98720087374755,1,0.899176170480379,72620.3162630888,63772.4443541499,178996.08552184,1.79984236641239
11.194,0.0235215054833637,0.263299732380773,10.6053009131481,0.0662934378624518,0.460306026899094,0.987319248084105,1,0.899539108118085,72692.9729016163,63835.5077159348,179189.61265037,1.80164310900003
11.195,0.0235215054833637,0.263323253886257,10.6053009131481,0.0662993600920268,0.460347147680486,0.987436652933235,1,0.899901026977787,72765.702233123,63898.6334398835,179383.349016715,1.80344565323094
11.196,0.0235215054833637,0.26334677539174,10.6053009131481,0.0663052823216018,0.460388268461878,0.98755309489707,1,0.900261928566235,72838.5043303379,63961.8215876642,179577.294847095,1.80525000090764
11.197,0.0235215054833637,0.263370296897223,10.6053009131481,0.0663112045511768,0.46042938924327,0.987668580546382,1,0.900621814394334,72911.3792660631,64025.0722210069,179771.450367982,1.8070561538345
11.198,0.0235215054833637,0.263393818402707,10.6053009131481,0.0663171267807517,0.460470510024661,0.987783116420607,1,0.900980685977104,72984.3271131738,64088.3854017025,179965.815806087,1.80886411381766
11.199,0.0235215054833637,0.26341733990819,10.6053009131481,0.0663230490103267,0.460511630806053,0.987896709027852,1,0.901338544833646,73057.3479446176,64151.7611916026,180160.391388369,1.81067388266509
11.2,0.0235215054833637,0.263440861413673,10.6053009131481,0.0663289712399017,0.460552751587445,0.988009364844915,1,0.901695392487105,73130.4418334154,64215.1996526204,180355.177342032,1.81248546218655
11.201,0.0235215054833637,0.263464382919157,10.6053009131481,0.0663348934694767,0.460593872368837,0.988121090317298,1,0.902051230464639,73203.6088526613,64278.7008467304,180550.173894526,1.81429885419363
11.202,0.0235215054833637,0.26348790442464,10.6053009131481,0.0663408156990517,0.460634993150228,0.988231891859234,1,0.902406060297377,73276.849075522,64342.2648359678,180745.381273546,1.81611406049971
11.203,0.0235215054833637,0.263511425930123,10.6053009131481,0.0663467379286267,0.46067611393162,0.988341775853697,1,0.902759883520388,73350.1625752379,64405.8916824296,180940.799707033,1.81793108292
11.204,0.0235215054833637,0.263534947435607,10.6053009131481,0.0663526601582017,0.460717234713012,0.988450748652435,1,0.903112701672649,73423.5494251226,64469.5814482743,181136.429423177,1.81974992327152
11.205,0.0235215054833637,0.26355846894109,10.6053009131481,0.0663585823877767,0.460758355494404,0.988558816575983,1,0.903464516297,73497.0096985627,64533.3341957216,181332.27065041,1.82157058337312
11.206,0.0235215054833637,0.263581990446573,10.6053009131481,0.0663645046173517,0.460799476275795,0.988665985913696,1,0.90381532894012,73570.5434690187,64597.1499870527,181528.323617416,1.82339306504546
11.207,0.0235215054833637,0.263605511952057,10.6053009131481,0.0663704268469267,0.460840597057187,0.988772262923774,1,0.904165141152483,73644.1508100243,64661.0288846106,181724.588553123,1.82521737011101
11.208,0.0235215054833637,0.26362903345754,10.6053009131481,0.0663763490765017,0.460881717838579,0.988877653833284,1,0.904513954488331,73717.8317951868,64724.9709507999,181921.065686707,1.82704350039409
11.209,0.0235215054833637,0.263652554963024,10.6053009131481,0.0663822713060766,0.460922838619971,0.988982164838199,1,0.904861770505631,73791.5864981872,64788.9762480867,182117.755247593,1.82887145772081
11.21,0.0235215054833637,0.263676076468507,10.6053009131481,0.0663881935356516,0.460963959401362,0.989085802103421,1,0.905208590766049,73865.4149927804,64853.0448389994,182314.657465453,1.83070124391915
11.211,0.0235215054833637,0.26369959797399,10.6053009131481,0.0663941157652266,0.461005080182754,0.989188571762816,1,0.905554416834907,73939.3173527946,64917.1767861272,182511.772570208,1.83253286081889
11.212,0.0235215054833637,0.263723119479474,10.6053009131481,0.0664000379948016,0.461046200964146,0.989290479919249,1,0.905899250281152,74013.2936521324,64981.3721521225,182709.100792027,1.83436631025163
11.213,0.0235215054833637,0.263746640984957,10.6053009131481,0.0664059602243766,0.461087321745538,0.989391532644616,1,0.906243092677326,74087.34396477,65045.6309996989,182906.642361328,1.83620159405085
11.214,0.0235215054833637,0.26377016249044,10.6053009131481,0.0664118824539516,0.461128442526929,0.989491735979884,1,0.90658594559952,74161.4683647577,65109.9533916319,183104.397508779,1.8380387140518
11.215,0.0235215054833637,0.263793683995924,10.6053009131481,0.0664178046835266,0.461169563308321,0.989591095935125,1,0.906927810627353,74235.66692622,65174.3393907592,183302.366465294,1.83987767209163
11.216,0.0235215054833637,0.263817205501407,10.6053009131481,0.0664237269131016,0.461210684089713,0.989689618489558,1,0.907268689343927,74309.9397233554,65238.7890599813,183500.549462043,1.84171847000928
11.217,0.0235215054833637,0.263840727006891,10.6053009131481,0.0664296491426766,0.461251804871104,0.989787309591587,1,0.907608583335799,74384.2868304367,65303.3024622599,183698.946730439,1.84356110964555
11.218,0.0235215054833637,0.263864248512374,10.6053009131481,0.0664355713722516,0.461292925652496,0.989884175158844,1,0.907947494192943,74458.708321811,65367.8796606195,183897.558502151,1.84540559284309
11.219,0.0235215054833637,0.263887770017857,10.6053009131481,0.0664414936018266,0.461334046433888,0.989980221078231,1,0.90828542350872,74533.2042718998,65432.5207181468,184096.385009093,1.84725192144637
11.22,0.0235215054833637,0.263911291523341,10.6053009131481,0.0664474158314016,0.46137516721528,0.990075453205967,1,0.908622372879839,74607.7747551993,65497.2256979912,184295.426483436,1.84910009730174
11.221,0.0235215054833637,0.263934813028824,10.6053009131481,0.0664533380609765,0.461416287996671,0.990169877367628,1,0.908958343906326,74682.4198462795,65561.994663364,184494.683157595,1.85095012225735
11.222,0.0235215054833637,0.263958334534307,10.6053009131481,0.0664592602905515,0.461457408778063,0.990263499358199,1,0.909293338191491,74757.1396197859,65626.8276775392,184694.155264243,1.85280199816323
11.223,0.0235215054833637,0.263981856039791,10.6053009131481,0.0664651825201265,0.461498529559455,0.99035632494212,1,0.909627357341891,74831.9341504381,65691.7248038536,184893.843036299,1.85465572687127
11.224,0.0235215054833637,0.264005377545274,10.6053009131481,0.0664711047497015,0.461539650340847,0.990448359853333,1,0.9099604029673,74906.8035130308,65756.6861057066,185093.746706939,1.85651131023519
11.225,0.0235215054833637,0.264028899050757,10.6053009131481,0.0664770269792765,0.461580771122238,0.990539609795336,1,0.910292476680669,74981.7477824331,65821.71164656,185293.866509585,1.85836875011058
11.226,0.0235215054833637,0.264052420556241,10.6053009131481,0.0664829492088515,0.46162189190363,0.990630080441232,1,0.910623580098101,75056.7670335895,65886.8014899386,185494.202677918,1.86022804835487
11.227,0.0235215054833637,0.264075942061724,10.6053009131481,0.0664888714384265,0.461663012685022,0.99071977743378,1,0.910953714838812,75131.8613415193,65951.9556994298,185694.755445867,1.86208920682737
11.228,0.0235215054833637,0.264099463567208,10.6053009131481,0.0664947936680015,0.461704133466414,0.990808706385455,1,0.911282882525097,75207.0307813165,66017.1743386842,185895.525047615,1.86395222738922
11.229,0.0235215054833637,0.264122985072691,10.6053009131481,0.0665007158975765,0.461745254247805,0.990896872878495,1,0.911611084782299,75282.2754281508,66082.4574714151,186096.511717598,1.86581711190346
11.23,0.0235215054833637,0.264146506578174,10.6053009131481,0.0665066381271515,0.461786375029197,0.990984282464964,1,0.911938323238777,75357.595357267,66147.8051613991,186297.715690509,1.86768386223497
11.231,0.0235215054833637,0.264170028083658,10.6053009131481,0.0665125603567265,0.461827495810589,0.991070940666802,1,0.912264599525867,75432.9906439846,66213.2174724751,186499.137201288,1.86955248025049
11.232,0.0235215054833637,0.264193549589141,10.6053009131481,0.0665184825863014,0.46186861659198,0.991156852975891,1,0.912589915277855,75508.4613636992,66278.6944685462,186700.776485135,1.87142296781865
11.233,0.0235215054833637,0.264217071094624,10.6053009131481,0.0665244048158764,0.461909737373372,0.991242024854109,1,0.912914272131942,75584.0075918816,66344.236213578,186902.633777502,1.87329532680994
11.234,0.0235215054833637,0.264240592600108,10.6053009131481,0.0665303270454514,0.461950858154764,0.991326461733391,1,0.913237671728208,75659.6294040777,66409.8427715995,187104.709314094,1.87516955909671
11.235,0.0235215054833637,0.264264114105591,10.6053009131481,0.0665362492750264,0.461991978936156,0.99141016901579,1,0.913560115709583,75735.3268759095,66475.5142067028,187307.003330874,1.87704566655319
11.236,0.0235215054833637,0.264287635611074,10.6053009131481,0.0665421715046014,0.462033099717547,0.991493152073544,1,0.913881605721813,75811.1000830746,66541.2505830442,187509.516064059,1.87892365105549
11.237,0.0235215054833637,0.264311157116558,10.6053009131481,0.0665480937341764,0.462074220498939,0.991575416249132,1,0.914202143413426,75886.9491013461,66607.0519648423,187712.247750119,1.88080351448161
11.238,0.0235215054833637,0.264334678622041,10.6053009131481,0.0665540159637514,0.462115341280331,0.991656966855343,1,0.914521730435701,75962.8740065729,66672.9184163801,187915.198625783,1.88268525871139
11.239,0.0235215054833637,0.264358200127525,10.6053009131481,0.0665599381933264,0.462156462061723,0.991737809175343,1,0.914840368442636,76038.8748746802,66738.8500020036,188118.368928036,1.88456888562659
11.24,0.0235215054833637,0.264381721633008,10.6053009131481,0.0665658604229014,0.462197582843114,0.991817948462736,1,0.915158059090912,76114.9517816686,66804.8467861228,188321.758894114,1.88645439711083
11.241,0.0235215054833637,0.264405243138491,10.6053009131481,0.0665717826524764,0.462238703624506,0.991897389941635,1,0.915474804039863,76191.1048036151,66870.9088332112,188525.368761517,1.88834179504963
11.242,0.0235215054833637,0.264428764643975,10.6053009131481,0.0665777048820514,0.462279824405898,0.991976138806729,1,0.915790604951445,76267.3340166729,66937.0362078063,188729.198767996,1.89023108133038
11.243,0.0235215054833637,0.264452286149458,10.6053009131481,0.0665836271116264,0.46232094518729,0.992054200223354,1,0.9161054634902,76343.639497071,67003.2289745088,188933.249151561,1.89212225784237
11.244,0.0235215054833637,0.264475807654941,10.6053009131481,0.0665895493412013,0.462362065968681,0.99213157932756,1,0.916419381323229,76420.0213211149,67069.4871979842,189137.520150481,1.89401532647677
11.245,0.0235215054833637,0.264499329160425,10.6053009131481,0.0665954715707763,0.462403186750073,0.992208281226184,1,0.916732360120155,76496.4795651866,67135.8109429613,189342.012003281,1.89591028912666
11.246,0.0235215054833637,0.264522850665908,10.6053009131481,0.0666013938003513,0.462444307531465,0.992284310996921,1,0.917044401553092,76573.0143057441,67202.2002742329,189546.724948742,1.897807147687
11.247,0.0235215054833637,0.264546372171391,10.6053009131481,0.0666073160299263,0.462485428312856,0.992359673688399,1,0.917355507296617,76649.6256193223,67268.6552566561,189751.659225907,1.89970590405464
11.248,0.0235215054833637,0.264569893676875,10.6053009131481,0.0666132382595013,0.462526549094248,0.992434374320249,1,0.917665679027732,76726.3135825327,67335.1759551523,189956.815074075,1.90160656012834
11.249,0.0235215054833637,0.264593415182358,10.6053009131481,0.0666191604890763,0.46256766987564,0.992508417883181,1,0.917974918425838,76803.0782720629,67401.7624347067,190162.192732804,1.90350911780876
11.25,0.0235215054833637,0.264616936687842,10.6053009131481,0.0666250827186513,0.462608790657032,0.992581809339059,1,0.918283227172699,76879.9197646778,67468.4147603689,190367.792441911,1.90541357899846
11.251,0.0235215054833637,0.264640458193325,10.6053009131481,0.0666310049482263,0.462649911438423,0.992654553620981,1,0.918590606952413,76956.8381372188,67535.1329972529,190573.614441474,1.9073199456019
11.252,0.0235215054833637,0.264663979698808,10.6053009131481,0.0666369271778013,0.462691032219815,0.992726655633348,1,0.918897059451381,77033.8334666045,67601.9172105373,190779.658971828,1.90922821952544
11.253,0.0235215054833637,0.264687501204292,10.6053009131481,0.0666428494073763,0.462732153001207,0.992798120251948,1,0.919202586358271,77110.90582983,67668.7674654646,190985.92627357,1.91113840267736
11.254,0.0235215054833637,0.264711022709775,10.6053009131481,0.0666487716369513,0.462773273782599,0.992868952324032,1,0.919507189363993,77188.0553039677,67735.6838273422,191192.416587555,1.91305049696784
11.255,0.0235215054833637,0.264734544215258,10.6053009131481,0.0666546938665262,0.46281439456399,0.992939156668394,1,0.919810870161663,77265.2819661672,67802.666361542,191399.1301549,1.91496450430898
11.256,0.0235215054833637,0.264758065720742,10.6053009131481,0.0666606160961012,0.462855515345382,0.993008738075452,1,0.920113630446576,77342.5858936552,67869.7151335008,191606.067216983,1.91688042661478
11.257,0.0235215054833637,0.264781587226225,10.6053009131481,0.0666665383256762,0.462896636126774,0.993077701307324,1,0.920415471916169,77419.9671637354,67936.8302087195,191813.228015441,1.91879826580117
11.258,0.0235215054833637,0.264805108731708,10.6053009131481,0.0666724605552512,0.462937756908166,0.993146051097915,1,0.920716396269997,77497.4258537893,68004.0116527644,192020.612792174,1.92071802378598
11.259,0.0235215054833637,0.264828630237192,10.6053009131481,0.0666783827848262,0.462978877689557,0.993213792152997,1,0.921016405209697,77574.9620412755,68071.2595312662,192228.221789344,1.92263970248898
11.26,0.0235215054833637,0.264852151742675,10.6053009131481,0.0666843050144012,0.463019998470949,0.99328092915029,1,0.921315500438959,77652.5758037302,68138.5739099208,192436.055249372,1.92456330383184
11.261,0.0235215054833637,0.264875673248159,10.6053009131481,0.0666902272439762,0.463061119252341,0.99334746673955,1,0.921613683663496,77730.2672187671,68205.9548544889,192644.113414943,1.92648882973816
11.262,0.0235215054833637,0.264899194753642,10.6053009131481,0.0666961494735512,0.463102240033733,0.993413409542648,1,0.921910956591012,77808.0363640779,68273.4024307964,192852.396529006,1.92841628213348
11.263,0.0235215054833637,0.264922716259125,10.6053009131481,0.0667020717031262,0.463143360815124,0.993478762153658,1,0.922207320931173,77885.8833174313,68340.9167047338,193060.90483477,1.93034566294524
11.264,0.0235215054833637,0.264946237764609,10.6053009131481,0.0667079939327012,0.463184481596516,0.993543529138941,1,0.922502778395574,77963.8081566746,68408.4977422574,193269.638575708,1.93227697410282
11.265,0.0235215054833637,0.264969759270092,10.6053009131481,0.0667139161622762,0.463225602377908,0.993607715037234,1,0.922797330697713,78041.8109597327,68476.1456093886,193478.597995557,1.93421021753753
11.266,0.0235215054833637,0.264993280775575,10.6053009131481,0.0667198383918512,0.4632667231593,0.993671324359732,1,0.923090979552955,78119.8918046081,68543.8603722136,193687.783338315,1.93614539518263
11.267,0.0235215054833637,0.265016802281059,10.6053009131481,0.0667257606214261,0.463307843940691,0.993734361590179,1,0.923383726678508,78198.0507693818,68611.6420968842,193897.194848246,1.93808250897328
11.268,0.0235215054833637,0.265040323786542,10.6053009131481,0.0667316828510011,0.463348964722083,0.993796831184957,1,0.923675573793388,78276.2879322129,68679.4908496183,194106.832769879,1.9400215608466
11.269,0.0235215054833637,0.265063845292025,10.6053009131481,0.0667376050805761,0.463390085503475,0.99385873757317,1,0.923966522618392,78354.6033713383,68747.4066966981,194316.697348004,1.94196255274165
11.27,0.0235215054833637,0.265087366797509,10.6053009131481,0.0667435273101511,0.463431206284866,0.993920085156735,1,0.924256574876066,78432.9971650737,68815.3897044722,194526.788827679,1.94390548659941
11.271,0.0235215054833637,0.265110888302992,10.6053009131481,0.0667494495397261,0.463472327066258,0.993980878310475,1,0.924545732290678,78511.4693918129,68883.4399393544,194737.107454226,1.94585036436282
11.272,0.0235215054833637,0.265134409808476,10.6053009131481,0.0667553717693011,0.46351344784765,0.994041121382204,1,0.924833996588185,78590.0201300279,68951.5574678243,194947.65347323,1.94779718797675
11.273,0.0235215054833637,0.265157931313959,10.6053009131481,0.0667612939988761,0.463554568629042,0.994100818692824,1,0.925121369496205,78668.6494582695,69019.7423564275,195158.427130545,1.94974595938803
11.274,0.0235215054833637,0.265181452819442,10.6053009131481,0.0667672162284511,0.463595689410433,0.994159974536407,1,0.92540785274399,78747.3574551673,69087.994671775,195369.428672289,1.95169668054544
11.275,0.0235215054833637,0.265204974324926,10.6053009131481,0.0667731384580261,0.463636810191825,0.994218593180299,1,0.92569344806239,78826.144199429,69156.3144805436,195580.658344845,1.95364935339969
11.276,0.0235215054833637,0.265228495830409,10.6053009131481,0.0667790606876011,0.463677930973217,0.994276678865201,1,0.92597815718383,78905.0097698415,69224.7018494766,195792.116394865,1.95560397990346
11.277,0.0235215054833637,0.265252017335892,10.6053009131481,0.0667849829171761,0.463719051754609,0.994334235805267,1,0.926261981842281,78983.9542452704,69293.156845383,196003.803069266,1.95756056201137
11.278,0.0235215054833637,0.265275538841376,10.6053009131481,0.0667909051467511,0.463760172536,0.994391268188201,1,0.926544923773224,79062.9777046601,69361.6795351375,196215.718615232,1.95951910168
11.279,0.0235215054833637,0.265299060346859,10.6053009131481,0.066796827376326,0.463801293317392,0.994447780175342,1,0.926826984713627,79142.080227034,69430.2699856814,196427.863280214,1.9614796008679
11.28,0.0235215054833637,0.265322581852342,10.6053009131481,0.066802749605901,0.463842414098784,0.994503775901765,1,0.927108166401916,79221.2618914949,69498.9282640223,196640.237311933,1.96344206153556
11.281,0.0235215054833637,0.265346103357826,10.6053009131481,0.066808671835476,0.463883534880176,0.994559259476374,1,0.927388470577942,79300.5227772241,69567.6544372336,196852.840958374,1.96540648564545
11.282,0.0235215054833637,0.265369624863309,10.6053009131481,0.066814594065051,0.463924655661567,0.994614234981996,1,0.927667898982957,79379.8629634828,69636.4485724552,197065.674467792,1.96737287516199
11.283,0.0235215054833637,0.265393146368793,10.6053009131481,0.066820516294626,0.463965776442959,0.994668706475477,1,0.927946453359583,79459.282529611,69705.3107368934,197278.738088712,1.96934123205156
11.284,0.0235215054833637,0.265416667874276,10.6053009131481,0.066826438524201,0.464006897224351,0.994722677987781,1,0.928224135451782,79538.7815550285,69774.2409978214,197492.032069925,1.97131155828254
11.285,0.0235215054833637,0.265440189379759,10.6053009131481,0.066832360753776,0.464048018005742,0.994776153524079,1,0.928500947004829,79618.360119234,69843.2394225782,197705.556660492,1.97328385582523
11.286,0.0235215054833637,0.265463710885243,10.6053009131481,0.066838282983351,0.464089138787134,0.994829137063854,1,0.928776889765286,79698.0183018063,69912.3060785697,197919.312109744,1.97525812665195
11.287,0.0235215054833637,0.265487232390726,10.6053009131481,0.066844205212926,0.464130259568526,0.994881632560993,1,0.929051965480971,79777.7561824035,69981.4410332684,198133.298667281,1.97723437273696
11.288,0.0235215054833637,0.265510753896209,10.6053009131481,0.066850127442501,0.464171380349918,0.994933643943887,1,0.92932617590093,79857.5738407637,70050.644354214,198347.516582973,1.9792125960565
11.289,0.0235215054833637,0.265534275401693,10.6053009131481,0.066856049672076,0.464212501131309,0.994985175115528,1,0.929599522775407,79937.4713567043,70119.9161090123,198561.966106959,1.98119279858881
11.29,0.0235215054833637,0.265557796907176,10.6053009131481,0.0668619719016509,0.464253621912701,0.995036229953605,1,0.929872007855821,80017.4488101229,70189.2563653362,198776.64748965,1.98317498231408
11.291,0.0235215054833637,0.265581318412659,10.6053009131481,0.0668678941312259,0.464294742694093,0.995086812310607,1,0.930143632894735,80097.5062809971,70258.6651909257,198991.560981727,1.9851591492145
11.292,0.0235215054833637,0.265604839918143,10.6053009131481,0.0668738163608009,0.464335863475485,0.995136926013919,1,0.930414399645827,80177.6438493841,70328.1426535875,199206.706834143,1.98714530127423
11.293,0.0235215054833637,0.265628361423626,10.6053009131481,0.0668797385903759,0.464376984256876,0.995186574865922,1,0.930684309863865,80257.8615954217,70397.6888211957,199422.08529812,1.98913344047942
11.294,0.0235215054833637,0.26565188292911,10.6053009131481,0.0668856608199509,0.464418105038268,0.995235762644092,1,0.93095336530468,80338.1595993276,70467.3037616912,199637.696625155,1.99112356881823
11.295,0.0235215054833637,0.265675404434593,10.6053009131481,0.0668915830495259,0.46445922581966,0.9952844931011,1,0.931221567725133,80418.5379413997,70536.987543082,199853.541067014,1.99311568828077
11.296,0.0235215054833637,0.265698925940076,10.6053009131481,0.0668975052791009,0.464500346601052,0.995332769964914,1,0.931488918883094,80498.9967020165,70606.7402334439,200069.618875736,1.99510980085916
11.297,0.0235215054833637,0.26572244744556,10.6053009131481,0.0669034275086759,0.464541467382443,0.995380596938896,1,0.931755420537413,80579.5359616368,70676.5619009197,200285.930303633,1.99710590854753
11.298,0.0235215054833637,0.265745968951043,10.6053009131481,0.0669093497382509,0.464582588163835,0.995427977701904,1,0.932021074447887,80660.1558007997,70746.4526137193,200502.475603291,1.99910401334196
11.299,0.0235215054833637,0.265769490456526,10.6053009131481,0.0669152719678259,0.464623708945227,0.995474915908396,1,0.932285882375243,80740.8563001251,70816.4124401202,200719.255027565,2.00110411724058
11.3,0.0235215054833637,0.26579301196201,10.6053009131481,0.0669211941974009,0.464664829726619,0.995521415188526,1,0.932549846081104,80821.6375403136,70886.441448468,200936.268829588,2.00310622224348
11.301,0.0235215054833637,0.265816533467493,10.6053009131481,0.0669271164269758,0.46470595050801,0.99556747914825,1,0.932812967327963,80902.4996021463,70956.5397071751,201153.517262764,2.00511033035277
11.302,0.0235215054833637,0.265840054972976,10.6053009131481,0.0669330386565508,0.464747071289402,0.995613111369424,1,0.933075247879158,80983.4425664853,71026.7072847219,201371.000580772,2.00711644357255
11.303,0.0235215054833637,0.26586357647846,10.6053009131481,0.0669389608861258,0.464788192070794,0.995658315409908,1,0.933336689498844,81064.4665142738,71096.9442496567,201588.719037565,2.00912456390895
11.304,0.0235215054833637,0.265887097983943,10.6053009131481,0.0669448831157008,0.464829312852185,0.995703094803669,1,0.933597293951966,81145.5715265354,71167.2506705948,201806.672887371,2.01113469337008
11.305,0.0235215054833637,0.265910619489427,10.6053009131481,0.0669508053452758,0.464870433633577,0.995747453060881,1,0.933857063004234,81226.7576843753,71237.6266162206,202024.86238469,2.01314683396607
11.306,0.0235215054833637,0.26593414099491,10.6053009131481,0.0669567275748508,0.464911554414969,0.995791393668028,1,0.934115998422096,81308.0250689798,71308.0721552855,202243.287784303,2.01516098770906
11.307,0.0235215054833637,0.265957662500393,10.6053009131481,0.0669626498044258,0.464952675196361,0.995834920088009,1,0.93437410197271,81389.373761616,71378.587356609,202461.94934126,2.01717715661321
11.308,0.0235215054833637,0.265981184005877,10.6053009131481,0.0669685720340008,0.464993795977752,0.995878035760238,1,0.934631375423922,81470.8038436327,71449.1722890787,202680.847310892,2.01919534269468
11.309,0.0235215054833637,0.26600470551136,10.6053009131481,0.0669744942635758,0.465034916759144,0.995920744100748,1,0.934887820544234,81552.3153964603,71519.8270216509,202899.981948803,2.02121554797166
11.31,0.0235215054833637,0.266028227016843,10.6053009131481,0.0669804164931508,0.465076037540536,0.995963048502294,1,0.935143439102782,81633.9085016098,71590.5516233491,203119.353510874,2.02323777446436
11.311,0.0235215054833637,0.266051748522327,10.6053009131481,0.0669863387227258,0.465117158321928,0.99600495233446,1,0.935398232869311,81715.5832406747,71661.3461632658,203338.962253263,2.025262024195
11.312,0.0235215054833637,0.26607527002781,10.6053009131481,0.0669922609523008,0.465158279103319,0.996046458943754,1,0.935652203614144,81797.3396953296,71732.2107105614,203558.808432404,2.02728829918784
11.313,0.0235215054833637,0.266098791533293,10.6053009131481,0.0669981831818757,0.465199399884711,0.996087571653723,1,0.935905353108165,81879.1779473312,71803.1453344652,203778.892305011,2.02931660146914
11.314,0.0235215054833637,0.266122313038777,10.6053009131481,0.0670041054114507,0.465240520666103,0.996128293765045,1,0.936157683122781,81961.0980785174,71874.1501042743,203999.214128072,2.03134693306721
11.315,0.0235215054833637,0.26614583454426,10.6053009131481,0.0670100276410257,0.465281641447495,0.996168628555643,1,0.936409195429909,82043.1001708085,71945.2250893549,204219.774158855,2.03337929601239
11.316,0.0235215054833637,0.266169356049744,10.6053009131481,0.0670159498706007,0.465322762228886,0.996208579280782,1,0.936659891801943,82125.1843062066,72016.3703591412,204440.572654906,2.03541369233703
11.317,0.0235215054833637,0.266192877555227,10.6053009131481,0.0670218721001757,0.465363883010278,0.996248149173178,1,0.936909774011731,82207.350566796,72087.5859831369,204661.609874048,2.03745012407554
11.318,0.0235215054833637,0.26621639906071,10.6053009131481,0.0670277943297507,0.46540500379167,0.996287341443099,1,0.937158843832549,82289.5990347427,72158.8720309136,204882.886074385,2.03948859326433
11.319,0.0235215054833637,0.266239920566194,10.6053009131481,0.0670337165593257,0.465446124573061,0.996326159278469,1,0.937407103038078,82371.9297922953,72230.2285721121,205104.401514298,2.04152910194189
11.32,0.0235215054833637,0.266263442071677,10.6053009131481,0.0670396387889007,0.465487245354453,0.996364605844975,1,0.937654553402377,82454.3429217847,72301.655676442,205326.156452448,2.04357165214873
11.321,0.0235215054833637,0.26628696357716,10.6053009131481,0.0670455610184757,0.465528366135845,0.996402684286171,1,0.937901196699856,82536.8385056237,72373.153413682,205548.151147778,2.04561624592738
11.322,0.0235215054833637,0.266310485082644,10.6053009131481,0.0670514832480507,0.465569486917237,0.99644039772358,1,0.938147034705257,82619.4166263081,72444.7218536794,205770.385859506,2.04766288532245
11.323,0.0235215054833637,0.266334006588127,10.6053009131481,0.0670574054776256,0.465610607698628,0.996477749256802,1,0.938392069193624,82702.0773664162,72516.3610663512,205992.860847135,2.04971157238058
11.324,0.0235215054833637,0.26635752809361,10.6053009131481,0.0670633277072006,0.46565172848002,0.996514741963614,1,0.938636301940282,82784.8208086083,72588.0711216826,206215.576370445,2.05176230915045
11.325,0.0235215054833637,0.266381049599094,10.6053009131481,0.0670692499367756,0.465692849261412,0.996551378900081,1,0.93887973472081,82867.6470356282,72659.852089729,206438.532689501,2.0538150976828
11.326,0.0235215054833637,0.266404571104577,10.6053009131481,0.0670751721663506,0.465733970042804,0.996587663100656,1,0.939122369311018,82950.5561303022,72731.7040406146,206661.730064645,2.05586994003042
11.327,0.0235215054833637,0.266428092610061,10.6053009131481,0.0670810943959256,0.465775090824195,0.996623597578284,1,0.93936420748692,83033.5481755391,72803.6270445328,206885.168756503,2.05792683824815
11.328,0.0235215054833637,0.266451614115544,10.6053009131481,0.0670870166255006,0.465816211605587,0.996659185324511,1,0.939605251024715,83116.623254331,72875.6211717466,207108.849025981,2.05998579439289
11.329,0.0235215054833637,0.266475135621027,10.6053009131481,0.0670929388550756,0.465857332386979,0.996694429309585,1,0.939845501700759,83199.7814497533,72947.6864925887,207332.771134269,2.0620468105236
11.33,0.0235215054833637,0.266498657126511,10.6053009131481,0.0670988610846506,0.465898453168371,0.996729332482564,1,0.94008496129154,83283.0228449639,73019.823077461,207556.935342838,2.06410988870129
11.331,0.0235215054833637,0.266522178631994,10.6053009131481,0.0671047833142256,0.465939573949762,0.996763897771418,1,0.940323631573659,83366.3475232042,73092.0309968351,207781.341913442,2.06617503098904
11.332,0.0235215054833637,0.266545700137477,10.6053009131481,0.0671107055438006,0.465980694731154,0.996798128083135,1,0.940561514323802,83449.7555677991,73164.3103212524,208005.991108119,2.068242239452
11.333,0.0235215054833637,0.266569221642961,10.6053009131481,0.0671166277733756,0.466021815512546,0.996832026303823,1,0.940798611318715,83533.2470621564,73236.661121324,208230.883189189,2.07031151615736
11.334,0.0235215054833637,0.266592743148444,10.6053009131481,0.0671225500029505,0.466062936293938,0.996865595298822,1,0.941034924335187,83616.8220897678,73309.0834677308,208456.018419255,2.07238286317441
11.335,0.0235215054833637,0.266616264653927,10.6053009131481,0.0671284722325255,0.466104057075329,0.9968988379128,1,0.94127045515002,83700.4807342083,73381.5774312237,208681.397061208,2.0744562825745
11.336,0.0235215054833637,0.266639786159411,10.6053009131481,0.0671343944621005,0.466145177856721,0.996931756969862,1,0.941505205540009,83784.2230791364,73454.1430826232,208907.019378217,2.07653177643105
11.337,0.0235215054833637,0.266663307664894,10.6053009131481,0.0671403166916755,0.466186298638113,0.996964355273656,1,0.941739177281917,83868.0492082945,73526.7804928204,209132.885633741,2.07860934681954
11.338,0.0235215054833637,0.266686829170378,10.6053009131481,0.0671462389212505,0.466227419419505,0.996996635607475,1,0.941972372152453,83951.959205509,73599.4897327762,209358.99609152,2.08068899581756
11.339,0.0235215054833637,0.266710350675861,10.6053009131481,0.0671521611508255,0.466268540200896,0.997028600734361,1,0.942204791928249,84035.9531546896,73672.2708735215,209585.351015582,2.08277072550474
11.34,0.0235215054833637,0.266733872181344,10.6053009131481,0.0671580833804005,0.466309660982288,0.997060253397211,1,0.942436438385835,84120.0311398303,73745.1239861577,209811.950670239,2.08485453796282
11.341,0.0235215054833637,0.266757393686828,10.6053009131481,0.0671640056099755,0.46635078176368,0.997091596318883,1,0.942667313301621,84204.1932450093,73818.0491418567,210038.795320089,2.08694043527562
11.342,0.0235215054833637,0.266780915192311,10.6053009131481,0.0671699278395505,0.466391902545071,0.997122632202295,1,0.942897418451865,84288.4395543885,73891.0464118601,210265.885230015,2.08902841952902
11.343,0.0235215054833637,0.266804436697794,10.6053009131481,0.0671758500691255,0.466433023326463,0.997153363730537,1,0.943126755612663,84372.7701522142,73964.1158674806,210493.220665189,2.09111849281102
11.344,0.0235215054833637,0.266827958203278,10.6053009131481,0.0671817722987005,0.466474144107855,0.997183793566965,1,0.943355326559914,84457.1851228171,74037.2575801011,210720.801891068,2.09321065721168
11.345,0.0235215054833637,0.266851479708761,10.6053009131481,0.0671876945282755,0.466515264889247,0.997213924355316,1,0.943583133069308,84541.6845506123,74110.4716211754,210948.629173395,2.09530491482318
11.346,0.0235215054833637,0.266875001214244,10.6053009131481,0.0671936167578504,0.466556385670638,0.997243758719804,1,0.943810176916294,84626.2685200989,74183.7580622275,211176.702778203,2.09740126773976
11.347,0.0235215054833637,0.266898522719728,10.6053009131481,0.0671995389874254,0.46659750645203,0.997273299265227,1,0.944036459876067,84710.9371158611,74257.1169748524,211405.02297181,2.09949971805779
11.348,0.0235215054833637,0.266922044225211,10.6053009131481,0.0672054612170004,0.466638627233422,0.997302548577071,1,0.944261983723537,84795.6904225675,74330.5484307157,211633.590020823,2.10160026787571
11.349,0.0235215054833637,0.266945565730695,10.6053009131481,0.0672113834465754,0.466679748014814,0.997331509221612,1,0.944486750233317,84880.5285249715,74404.0525015546,211862.404192139,2.10370291929408
11.35,0.0235215054833637,0.266969087236178,10.6053009131481,0.0672173056761504,0.466720868796205,0.99736018374602,1,0.944710761179689,84965.451507911,74477.6292591762,212091.46575294,2.10580767441553
11.351,0.0235215054833637,0.266992608741661,10.6053009131481,0.0672232279057254,0.466761989577597,0.997388574678464,1,0.944934018336593,85050.4594563091,74551.2787754591,212320.7749707,2.10791453534484
11.352,0.0235215054833637,0.267016130247145,10.6053009131481,0.0672291501353004,0.466803110358989,0.997416684528215,1,0.9451565234776,85135.5524551738,74625.0011223531,212550.33211318,2.11002350418886
11.353,0.0235215054833637,0.267039651752628,10.6053009131481,0.0672350723648754,0.466844231140381,0.997444515785744,1,0.94537827837589,85220.730589598,74698.796371879,212780.137448432,2.11213458305656
11.354,0.0235215054833637,0.267063173258111,10.6053009131481,0.0672409945944504,0.466885351921772,0.997472070922835,1,0.945599284804232,85305.9939447599,74772.6645961287,213010.191244797,2.11424777405902
11.355,0.0235215054833637,0.267086694763595,10.6053009131481,0.0672469168240254,0.466926472703164,0.997499352392676,1,0.945819544534962,85391.3426059229,74846.6058672659,213240.493770907,2.11636307930943
11.356,0.0235215054833637,0.267110216269078,10.6053009131481,0.0672528390536004,0.466967593484556,0.997526362629973,1,0.946039059339963,85476.7766584356,74920.6202575246,213471.045295683,2.11848050092309
11.357,0.0235215054833637,0.267133737774561,10.6053009131481,0.0672587612831753,0.467008714265947,0.997553104051043,1,0.946257830990641,85562.296187732,74994.7078392115,213701.846088337,2.12060004101743
11.358,0.0235215054833637,0.267157259280045,10.6053009131481,0.0672646835127503,0.467049835047339,0.997579579053924,1,0.946475861257907,85647.9012793318,75068.8686847041,213932.896418375,2.122721701712
11.359,0.0235215054833637,0.267180780785528,10.6053009131481,0.0672706057423253,0.467090955828731,0.99760579001847,1,0.946693151912153,85733.59201884,75143.1028664515,214164.19655559,2.12484548512843
11.36,0.0235215054833637,0.267204302291011,10.6053009131481,0.0672765279719003,0.467132076610123,0.997631739306459,1,0.946909704723234,85819.3684919473,75217.4104569743,214395.746770069,2.12697139339053
11.361,0.0235215054833637,0.267227823796495,10.6053009131481,0.0672824502014753,0.467173197391514,0.997657429261693,1,0.947125521460444,85905.2307844304,75291.7915288657,214627.547332191,2.12909942862421
11.362,0.0235215054833637,0.267251345301978,10.6053009131481,0.0672883724310503,0.467214318172906,0.997682862210099,1,0.947340603892498,85991.1789821513,75366.2461547894,214859.598512627,2.13122959295748
11.363,0.0235215054833637,0.267274866807462,10.6053009131481,0.0672942946606253,0.467255438954298,0.997708040459828,1,0.94755495378751,86077.2131710583,75440.7744074818,215091.900582341,2.13336188852053
11.364,0.0235215054833637,0.267298388312945,10.6053009131481,0.0673002168902003,0.46729655973569,0.997732966301363,1,0.947768572912974,86163.3334371859,75515.3763597511,215324.45381259,2.13549631744565
11.365,0.0235215054833637,0.267321909818428,10.6053009131481,0.0673061391197753,0.467337680517081,0.997757642007613,1,0.947981463035739,86249.5398666539,75590.0520844773,215557.258474923,2.13763288186725
11.366,0.0235215054833637,0.267345431323912,10.6053009131481,0.0673120613493503,0.467378801298473,0.997782069834019,1,0.948193625921997,86335.8325456689,75664.8016546127,215790.314841184,2.13977158392192
11.367,0.0235215054833637,0.267368952829395,10.6053009131481,0.0673179835789253,0.467419922079865,0.997806252018652,1,0.948405063337253,86422.2115605239,75739.6251431816,216023.62318351,2.14191242574836
11.368,0.0235215054833637,0.267392474334878,10.6053009131481,0.0673239058085003,0.467461042861257,0.997830190782313,1,0.948615777046314,86508.6769975974,75814.5226232803,216257.183774333,2.14405540948739
11.369,0.0235215054833637,0.267415995840362,10.6053009131481,0.0673298280380752,0.467502163642648,0.997853888328637,1,0.948825768813261,86595.2289433552,75889.494168078,216490.996886379,2.14620053728201
11.37,0.0235215054833637,0.267439517345845,10.6053009131481,0.0673357502676502,0.46754328442404,0.997877346844187,1,0.949035040401435,86681.8674843493,75964.5398508158,216725.062792671,2.14834781127736
11.371,0.0235215054833637,0.267463038851329,10.6053009131481,0.0673416724972252,0.467584405205432,0.99790056849856,1,0.949243593573416,86768.5927072179,76039.659744807,216959.381766522,2.15049723362069
11.372,0.0235215054833637,0.267486560356812,10.6053009131481,0.0673475947268002,0.467625525986823,0.997923555444483,1,0.949451430090999,86855.4046986865,76114.8539234379,217193.954081546,2.15264880646143
11.373,0.0235215054833637,0.267510081862295,10.6053009131481,0.0673535169563752,0.467666646768215,0.997946309817914,1,0.949658551715181,86942.3035455671,76190.1224601673,217428.78001165,2.15480253195116
11.374,0.0235215054833637,0.267533603367779,10.6053009131481,0.0673594391859502,0.467707767549607,0.99796883373814,1,0.949864960206136,87029.2893347584,76265.4654285264,217663.859831038,2.1569584122436
11.375,0.0235215054833637,0.267557124873262,10.6053009131481,0.0673653614155252,0.467748888330999,0.997991129307874,1,0.9500706573232,87116.3621532463,76340.8829021191,217899.19381421,2.15911644949463
11.376,0.0235215054833637,0.267580646378745,10.6053009131481,0.0673712836451002,0.46779000911239,0.998013198613361,1,0.950275644824848,87203.5220881036,76416.3749546223,218134.782235963,2.16127664586229
11.377,0.0235215054833637,0.267604167884229,10.6053009131481,0.0673772058746752,0.467831129893782,0.998035043724467,1,0.950479924468676,87290.7692264904,76491.9416597859,218370.625371391,2.16343900350678
11.378,0.0235215054833637,0.267627689389712,10.6053009131481,0.0673831281042502,0.467872250675174,0.998056666694784,1,0.950683498011383,87378.1036556536,76567.5830914322,218606.723495886,2.16560352459045
11.379,0.0235215054833637,0.267651210895195,10.6053009131481,0.0673890503338252,0.467913371456566,0.998078069561724,1,0.950886367208752,87465.5254629277,76643.2993234569,218843.076885136,2.16777021127783
11.38,0.0235215054833637,0.267674732400679,10.6053009131481,0.0673949725634001,0.467954492237957,0.99809925434662,1,0.951088533815629,87553.0347357345,76719.0904298286,219079.68581513,2.1699390657356
11.381,0.0235215054833637,0.267698253906162,10.6053009131481,0.0674008947929751,0.467995613019349,0.998120223054821,1,0.951289999585906,87640.6315615836,76794.9564845894,219316.550562153,2.17211009013262
11.382,0.0235215054833637,0.267721775411646,10.6053009131481,0.0674068170225501,0.468036733800741,0.998140977675789,1,0.951490766272503,87728.3160280713,76870.8975618541,219553.67140279,2.1742832866399
11.383,0.0235215054833637,0.267745296917129,10.6053009131481,0.0674127392521251,0.468077854582133,0.998161520183198,1,0.951690835627346,87816.0882228824,76946.913735811,219791.048613923,2.17645865743065
11.384,0.0235215054833637,0.267768818422612,10.6053009131481,0.0674186614817001,0.468118975363524,0.998181852535028,1,0.951890209401354,87903.9482337892,77023.005080722,220028.682472737,2.17863620468025
11.385,0.0235215054833637,0.267792339928096,10.6053009131481,0.0674245837112751,0.468160096144916,0.998201976673665,1,0.952088889344415,87991.8961486513,77099.171670922,220266.573256712,2.18081593056623
11.386,0.0235215054833637,0.267815861433579,10.6053009131481,0.0674305059408501,0.468201216926308,0.998221894525992,1,0.95228687720537,88079.932055417,77175.4135808198,220504.721243632,2.18299783726832
11.387,0.0235215054833637,0.267839382939062,10.6053009131481,0.0674364281704251,0.4682423377077,0.998241608003489,1,0.952484174731998,88168.0560421222,77251.7308848977,220743.126711581,2.18518192696843
11.388,0.0235215054833637,0.267862904444546,10.6053009131481,0.0674423504000001,0.468283458489091,0.998261119002328,1,0.952680783670991,88256.2681968907,77328.1236577112,220981.789938941,2.18736820185065
11.389,0.0235215054833637,0.267886425950029,10.6053009131481,0.0674482726295751,0.468324579270483,0.998280429403466,1,0.952876705767942,88344.5686079346,77404.5919738902,221220.711204396,2.18955666410125
11.39,0.0235215054833637,0.267909947455512,10.6053009131481,0.0674541948591501,0.468365700051875,0.998299541072742,1,0.953071942767326,88432.9573635548,77481.1359081383,221459.890786934,2.19174731590871
11.391,0.0235215054833637,0.267933468960996,10.6053009131481,0.0674601170887251,0.468406820833267,0.99831845586097,1,0.953266496412479,88521.4345521395,77557.7555352324,221699.32896584,2.19394015946366
11.392,0.0235215054833637,0.267956990466479,10.6053009131481,0.0674660393183,0.468447941614658,0.998337175604037,1,0.953460368445584,88610.0002621661,77634.4509300236,221939.026020705,2.19613519695895
11.393,0.0235215054833637,0.267980511971963,10.6053009131481,0.067471961547875,0.46848906239605,0.998355702122992,1,0.953653560607653,88698.6545822005,77711.2221674378,222178.982231421,2.19833243058962
11.394,0.0235215054833637,0.268004033477446,10.6053009131481,0.06747788377745,0.468530183177442,0.998374037224142,1,0.953846074638506,88787.3976008968,77788.0693224737,222419.197878181,2.2005318625529
11.395,0.0235215054833637,0.268027554982929,10.6053009131481,0.067483806007025,0.468571303958833,0.998392182699148,1,0.954037912276757,88876.229406998,77864.9924702051,222659.673241483,2.20273349504823
11.396,0.0235215054833637,0.268051076488413,10.6053009131481,0.0674897282366,0.468612424740225,0.998410140325114,1,0.954229075259798,88965.1500893362,77941.9916857796,222900.408602127,2.20493733027725
11.397,0.0235215054833637,0.268074597993896,10.6053009131481,0.067495650466175,0.468653545521617,0.998427911864683,1,0.954419565323778,89054.1597368318,78019.0670444193,223141.404241218,2.20714337044377
11.398,0.0235215054833637,0.268098119499379,10.6053009131481,0.06750157269575,0.468694666303009,0.998445499066129,1,0.954609384203587,89143.2584384945,78096.2186214207,223382.660440164,2.20935161775385
11.399,0.0235215054833637,0.268121641004863,10.6053009131481,0.067507494925325,0.4687357870844,0.998462903663445,1,0.954798533632842,89232.4462834233,78173.4464921547,223624.177480677,2.21156207441573
11.4,0.0235215054833637,0.268145162510346,10.6053009131481,0.0675134171549,0.468776907865792,0.998480127376444,1,0.954987015343864,89321.7233608056,78250.7507320664,223865.955644773,2.21377474263987
11.401,0.0235215054833637,0.268168684015829,10.6053009131481,0.067519339384475,0.468818028647184,0.998497171910841,1,0.955174831067669,89411.0897599187,78328.1314166763,224107.995214775,2.21598962463893
11.402,0.0235215054833637,0.268192205521313,10.6053009131481,0.06752526161405,0.468859149428576,0.99851403895835,1,0.955361982533946,89500.5455701292,78405.588621579,224350.296473309,2.21820672262781
11.403,0.0235215054833637,0.268215727026796,10.6053009131481,0.067531183843625,0.468900270209967,0.998530730196773,1,0.95554847147104,89590.0908808925,78483.1224224437,224592.859703309,2.22042603882359
11.404,0.0235215054833637,0.26823924853228,10.6053009131481,0.0675371060731999,0.468941390991359,0.998547247290094,1,0.95573429960594,89679.7257817542,78560.7328950148,224835.685188013,2.22264757544559
11.405,0.0235215054833637,0.268262770037763,10.6053009131481,0.0675430283027749,0.468982511772751,0.998563591888562,1,0.955919468664258,89769.4503623494,78638.4201151118,225078.773210966,2.22487133471537
11.406,0.0235215054833637,0.268286291543246,10.6053009131481,0.0675489505323499,0.469023632554143,0.99857976562879,1,0.956103980370216,89859.2647124021,78716.1841586285,225322.124056017,2.22709731885665
11.407,0.0235215054833637,0.26830981304873,10.6053009131481,0.0675548727619249,0.469064753335534,0.998595770133837,1,0.956287836446627,89949.1689217271,78794.0251015343,225565.738007328,2.22932553009544
11.408,0.0235215054833637,0.268333334554213,10.6053009131481,0.0675607949914999,0.469105874116926,0.998611607013302,1,0.956471038614882,90039.1630802286,78871.9430198735,225809.615349361,2.23155597065995
11.409,0.0235215054833637,0.268356856059696,10.6053009131481,0.0675667172210749,0.469146994898318,0.998627277863413,1,0.956653588594931,90129.2472779007,78949.9379897657,226053.756366891,2.23378864278062
11.41,0.0235215054833637,0.26838037756518,10.6053009131481,0.0675726394506499,0.46918811567971,0.998642784267113,1,0.956835488105268,90219.4216048275,79028.0100874057,226298.161344999,2.23602354869011
11.411,0.0235215054833637,0.268403899070663,10.6053009131481,0.0675785616802249,0.469229236461101,0.998658127794149,1,0.957016738862919,90309.6861511834,79106.1593890636,226542.830569073,2.23826069062333
11.412,0.0235215054833637,0.268427420576146,10.6053009131481,0.0675844839097999,0.469270357242493,0.998673310001163,1,0.957197342583418,90400.041007233,79184.385971085,226787.76432481,2.24050007081744
11.413,0.0235215054833637,0.26845094208163,10.6053009131481,0.0675904061393749,0.469311478023885,0.998688332431776,1,0.957377300980802,90490.4862633313,79262.6899098911,227032.96289822,2.2427416915118
11.414,0.0235215054833637,0.268474463587113,10.6053009131481,0.0675963283689499,0.469352598805276,0.998703196616678,1,0.957556615767585,90581.0220099232,79341.0712819785,227278.426575614,2.24498555494804
11.415,0.0235215054833637,0.268497985092597,10.6053009131481,0.0676022505985248,0.469393719586668,0.998717904073713,1,0.95773528865475,90671.6483375447,79419.5301639195,227524.155643622,2.24723166337003
11.416,0.0235215054833637,0.26852150659808,10.6053009131481,0.0676081728280998,0.46943484036806,0.998732456307967,1,0.957913321351731,90762.3653368223,79498.0666323622,227770.150389176,2.24948001902386
11.417,0.0235215054833637,0.268545028103563,10.6053009131481,0.0676140950576748,0.469475961149452,0.998746854811853,1,0.958090715566398,90853.1730984725,79576.6807640301,228016.411099522,2.2517306241579
11.418,0.0235215054833637,0.268568549609047,10.6053009131481,0.0676200172872498,0.469517081930843,0.998761101065201,1,0.958267473005041,90944.0717133035,79655.3726357232,228262.938062217,2.25398348102275
11.419,0.0235215054833637,0.26859207111453,10.6053009131481,0.0676259395168248,0.469558202712235,0.998775196535336,1,0.958443595372358,91035.0612722139,79734.1423243173,228509.731565128,2.25623859187128
11.42,0.0235215054833637,0.268615592620013,10.6053009131481,0.0676318617463998,0.469599323493627,0.998789142677172,1,0.958619084371436,91126.141866193,79812.9899067636,228756.791896431,2.25849595895858
11.421,0.0235215054833637,0.268639114125497,10.6053009131481,0.0676377839759748,0.469640444275019,0.99880294093329,1,0.958793941703738,91217.3135863216,79891.91546009,229004.119344618,2.26075558454202
11.422,0.0235215054833637,0.26866263563098,10.6053009131481,0.0676437062055498,0.46968156505641,0.998816592734026,1,0.958968169069091,91308.5765237715,79970.9190614008,229251.714198491,2.26301747088125
11.423,0.0235215054833637,0.268686157136463,10.6053009131481,0.0676496284351248,0.469722685837802,0.998830099497556,1,0.959141768165666,91399.9307698054,80050.0007878757,229499.576747162,2.26528162023813
11.424,0.0235215054833637,0.268709678641947,10.6053009131481,0.0676555506646998,0.469763806619194,0.998843462629977,1,0.959314740689968,91491.3764157776,80129.1607167714,229747.707280059,2.26754803487681
11.425,0.0235215054833637,0.26873320014743,10.6053009131481,0.0676614728942748,0.469804927400586,0.998856683525392,1,0.959487088336819,91582.9135531341,80208.3989254208,229996.10608692,2.26981671706373
11.426,0.0235215054833637,0.268756721652914,10.6053009131481,0.0676673951238497,0.469846048181977,0.998869763565993,1,0.959658812799346,91674.5422734116,80287.7154912332,230244.773457799,2.27208766906755
11.427,0.0235215054833637,0.268780243158397,10.6053009131481,0.0676733173534247,0.469887168963369,0.998882704122146,1,0.959829915768962,91766.262668239,80367.1104916945,230493.70968306,2.27436089315923
11.428,0.0235215054833637,0.26880376466388,10.6053009131481,0.0676792395829997,0.469928289744761,0.998895506552468,1,0.960000398935361,91858.0748293369,80446.5840043675,230742.915053387,2.27663639161199
11.429,0.0235215054833637,0.268827286169364,10.6053009131481,0.0676851618125747,0.469969410526152,0.998908172203915,1,0.960170263986492,91949.9788485171,80526.1361068909,230992.389859771,2.27891416670133
11.43,0.0235215054833637,0.268850807674847,10.6053009131481,0.0676910840421497,0.470010531307544,0.998920702411861,1,0.960339512608554,92041.9748176838,80605.7668769812,231242.134393523,2.28119422070503
11.431,0.0235215054833637,0.26887432918033,10.6053009131481,0.0676970062717247,0.470051652088936,0.998933098500178,1,0.960508146485981,92134.0628288332,80685.4763924312,231492.148946266,2.28347655590314
11.432,0.0235215054833637,0.268897850685814,10.6053009131481,0.0677029285012997,0.470092772870328,0.998945361781321,1,0.960676167301423,92226.2429740529,80765.2647311105,231742.43380994,2.28576117457799
11.433,0.0235215054833637,0.268921372191297,10.6053009131481,0.0677088507308747,0.470133893651719,0.998957493556403,1,0.960843576735738,92318.5153455233,80845.1319709659,231992.989276799,2.28804807901421
11.434,0.0235215054833637,0.26894489369678,10.6053009131481,0.0677147729604497,0.470175014433111,0.99896949511528,1,0.961010376467977,92410.8800355168,80925.0781900216,232243.815639416,2.29033727149871
11.435,0.0235215054833637,0.268968415202264,10.6053009131481,0.0677206951900247,0.470216135214503,0.998981367736631,1,0.961176568175368,92503.337136398,81005.1034663782,232494.913190676,2.29262875432066
11.436,0.0235215054833637,0.268991936707747,10.6053009131481,0.0677266174195997,0.470257255995895,0.998993112688034,1,0.961342153533306,92595.886740624,81085.2078782143,232746.282223785,2.29492252977156
11.437,0.0235215054833637,0.269015458213231,10.6053009131481,0.0677325396491747,0.470298376777286,0.999004731226048,1,0.961507134215337,92688.5289407445,81165.3915037851,232997.923032262,2.29721860014517
11.438,0.0235215054833637,0.269038979718714,10.6053009131481,0.0677384618787496,0.470339497558678,0.999016224596289,1,0.961671511893147,92781.2638294017,81245.6544214242,233249.835909947,2.29951696773759
11.439,0.0235215054833637,0.269062501224197,10.6053009131481,0.0677443841083246,0.47038061834007,0.999027594033512,1,0.961835288236548,92874.0914993304,81325.9967095414,233502.021150994,2.30181763484716
11.44,0.0235215054833637,0.269086022729681,10.6053009131481,0.0677503063378996,0.470421739121462,0.999038840761689,1,0.961998464913463,92967.0120433583,81406.4184466249,233754.479049879,2.30412060377455
11.441,0.0235215054833637,0.269109544235164,10.6053009131481,0.0677562285674746,0.470462859902853,0.99904996599408,1,0.962161043589918,93060.025554406,81486.9197112402,234007.209901394,2.30642587682274
11.442,0.0235215054833637,0.269133065740647,10.6053009131481,0.0677621507970496,0.470503980684245,0.999060970933322,1,0.962323025930024,93153.1321254872,81567.5005820309,234260.21400065,2.30873345629701
11.443,0.0235215054833637,0.269156587246131,10.6053009131481,0.0677680730266246,0.470545101465637,0.999071856771493,1,0.962484413595967,93246.3318497081,81648.1611377176,234513.491643076,2.31104334450492
11.444,0.0235215054833637,0.269180108751614,10.6053009131481,0.0677739952561996,0.470586222247029,0.9990826246902,1,0.962645208247995,93339.6248202686,81728.9014570994,234767.043124424,2.31335554375636
11.445,0.0235215054833637,0.269203630257097,10.6053009131481,0.0677799174857746,0.47062734302842,0.999093275860647,1,0.962805411544406,93433.0111304619,81809.7216190531,235020.868740761,2.31567005636355
11.446,0.0235215054833637,0.269227151762581,10.6053009131481,0.0677858397153496,0.470668463809812,0.999103811443715,1,0.962965025141532,93526.4908736739,81890.6217025334,235274.968788478,2.31798688464098
11.447,0.0235215054833637,0.269250673268064,10.6053009131481,0.0677917619449246,0.470709584591204,0.999114232590037,1,0.963124050693734,93620.0641433846,81971.6017865733,235529.343564284,2.32030603090549
11.448,0.0235215054833637,0.269274194773548,10.6053009131481,0.0677976841744996,0.470750705372596,0.999124540440073,1,0.96328248985338,93713.7310331675,82052.661950284,235783.993365211,2.32262749747623
11.449,0.0235215054833637,0.269297716279031,10.6053009131481,0.0678036064040745,0.470791826153987,0.999134736124182,1,0.963440344270843,93807.491636689,82133.8022728542,236038.918488609,2.32495128667465
11.45,0.0235215054833637,0.269321237784514,10.6053009131481,0.0678095286336495,0.470832946935379,0.999144820762702,1,0.96359761559448,93901.3460477099,82215.0228335521,236294.119232153,2.32727740082456
11.451,0.0235215054833637,0.269344759289998,10.6053009131481,0.0678154508632245,0.470874067716771,0.999154795466017,1,0.963754305470627,93995.2943600849,82296.3237117234,236549.595893837,2.32960584225206
11.452,0.0235215054833637,0.269368280795481,10.6053009131481,0.0678213730927995,0.470915188498162,0.999164661334638,1,0.963910415543582,94089.3366677619,82377.7049867925,236805.34877198,2.3319366132856
11.453,0.0235215054833637,0.269391802300964,10.6053009131481,0.0678272953223745,0.470956309279554,0.999174419459269,1,0.964065947455596,94183.4730647834,82459.1667382622,237061.37816522,2.33426971625594
11.454,0.0235215054833637,0.269415323806448,10.6053009131481,0.0678332175519495,0.470997430060946,0.999184070920886,1,0.964220902846862,94277.703645286,82540.7090457147,237317.684372522,2.3366051534962
11.455,0.0235215054833637,0.269438845311931,10.6053009131481,0.0678391397815245,0.471038550842338,0.999193616790806,1,0.964375283355498,94372.0285035,82622.3319888096,237574.26769317,2.33894292734181
11.456,0.0235215054833637,0.269462366817414,10.6053009131481,0.0678450620110995,0.471079671623729,0.999203058130759,1,0.964529090617543,94466.4477337503,82704.0356472863,237831.128426774,2.34128304013053
11.457,0.0235215054833637,0.269485888322898,10.6053009131481,0.0678509842406745,0.471120792405121,0.999212395992963,1,0.964682326266942,94560.9614304563,82785.8201009626,238088.266873269,2.3436254942025
11.458,0.0235215054833637,0.269509409828381,10.6053009131481,0.0678569064702495,0.471161913186513,0.999221631420191,1,0.964834991935532,94655.5696881316,82867.6854297354,238345.683332911,2.34597029190015
11.459,0.0235215054833637,0.269532931333865,10.6053009131481,0.0678628286998244,0.471203033967905,0.999230765445845,1,0.964987089253035,94750.2726013844,82949.6317135806,238603.378106283,2.34831743556829
11.46,0.0235215054833637,0.269556452839348,10.6053009131481,0.0678687509293995,0.471244154749296,0.999239799094025,1,0.965138619847046,94845.0702649178,83031.6590325532,238861.351494294,2.35066692755406
11.461,0.0235215054833637,0.269579974344831,10.6053009131481,0.0678746731589744,0.471285275530688,0.999248733379601,1,0.965289585343018,94939.9627735293,83113.7674667869,239119.603798175,2.35301877020695
11.462,0.0235215054833637,0.269603495850315,10.6053009131481,0.0678805953885494,0.47132639631208,0.999257569308281,1,0.965439987364258,95034.9502221114,83195.9570964954,239378.135319485,2.35537296587881
11.463,0.0235215054833637,0.269627017355798,10.6053009131481,0.0678865176181244,0.471367517093472,0.999266307876683,1,0.965589827531909,95130.0327056519,83278.2280019715,239636.946360108,2.35772951692383
11.464,0.0235215054833637,0.269650538861281,10.6053009131481,0.0678924398476994,0.471408637874863,0.999274950072399,1,0.965739107464945,95225.2103192328,83360.5802635869,239896.037222256,2.36008842569857
11.465,0.0235215054833637,0.269674060366765,10.6053009131481,0.0678983620772744,0.471449758656255,0.99928349687407,1,0.965887828780154,95320.483158032,83443.0139617932,240155.408208466,2.36244969456193
11.466,0.0235215054833637,0.269697581872248,10.6053009131481,0.0679042843068494,0.471490879437647,0.999291949251451,1,0.966035993092136,95415.8513173224,83525.5291771218,240415.059621604,2.36481332587518
11.467,0.0235215054833637,0.269721103377731,10.6053009131481,0.0679102065364244,0.471532000219038,0.99930030816548,1,0.966183602013283,95511.314892472,83608.1259901832,240674.991764859,2.36717932200195
11.468,0.0235215054833637,0.269744624883215,10.6053009131481,0.0679161287659994,0.47157312100043,0.999308574568344,1,0.966330657153775,95606.8739789444,83690.8044816678,240935.204941754,2.36954768530824
11.469,0.0235215054833637,0.269768146388698,10.6053009131481,0.0679220509955744,0.471614241781822,0.999316749403549,1,0.966477160121567,95702.5286722987,83773.5647323458,241195.699456137,2.37191841816241
11.47,0.0235215054833637,0.269791667894182,10.6053009131481,0.0679279732251494,0.471655362563214,0.999324833605984,1,0.96662311252238,95798.2790681899,83856.4068230678,241456.475612183,2.3742915229352
11.471,0.0235215054833637,0.269815189399665,10.6053009131481,0.0679338954547243,0.471696483344605,0.99933282810199,1,0.96676851595969,95894.1252623679,83939.3308347633,241717.533714399,2.37666700199971
11.472,0.0235215054833637,0.269838710905148,10.6053009131481,0.0679398176842993,0.471737604125997,0.999340733809424,1,0.966913372034717,95990.0673506792,84022.3368484427,241978.874067619,2.37904485773142
11.473,0.0235215054833637,0.269862232410632,10.6053009131481,0.0679457399138743,0.471778724907389,0.999348551637727,1,0.967057682346416,96086.1054290659,84105.424945196,242240.496977008,2.38142509250819
11.474,0.0235215054833637,0.269885753916115,10.6053009131481,0.0679516621434493,0.471819845688781,0.999356282487987,1,0.967201448491469,96182.2395935661,84188.595206194,242502.40274806,2.38380770871025
11.475,0.0235215054833637,0.269909275421598,10.6053009131481,0.0679575843730243,0.471860966470172,0.999363927253006,1,0.967344672064271,96278.4699403138,84271.8477126869,242764.591686599,2.38619270872021
11.476,0.0235215054833637,0.269932796927082,10.6053009131481,0.0679635066025993,0.471902087251564,0.999371486817365,1,0.967487354656924,96374.7965655395,84355.1825460059,243027.064098781,2.38858009492309
11.477,0.0235215054833637,0.269956318432565,10.6053009131481,0.0679694288321743,0.471943208032956,0.999378962057486,1,0.967629497859224,96471.2195655699,84438.5997875625,243289.820291092,2.39096986970626
11.478,0.0235215054833637,0.269979839938048,10.6053009131481,0.0679753510617493,0.471984328814348,0.999386353841696,1,0.967771103258654,96567.7390368278,84522.0995188485,243552.86057035,2.39336203545949
11.479,0.0235215054833637,0.270003361443532,10.6053009131481,0.0679812732913243,0.472025449595739,0.999393663030294,1,0.967912172440374,96664.3550758327,84605.6818214366,243816.185243704,2.39575659457496
11.48,0.0235215054833637,0.270026882949015,10.6053009131481,0.0679871955208993,0.472066570377131,0.999400890475612,1,0.968052706987211,96761.0677792009,84689.34677698,244079.794618635,2.39815354944723
11.481,0.0235215054833637,0.270050404454499,10.6053009131481,0.0679931177504743,0.472107691158523,0.999408037022075,1,0.968192708479649,96857.8772436448,84773.0944672123,244343.689002958,2.40055290247324
11.482,0.0235215054833637,0.270073925959982,10.6053009131481,0.0679990399800492,0.472148811939914,0.99941510350627,1,0.968332178495822,96954.7835659741,84856.9249739486,244607.868704818,2.40295465605235
11.483,0.0235215054833637,0.270097447465465,10.6053009131481,0.0680049622096243,0.472189932721306,0.999422090757001,1,0.968471118611502,97051.7868430951,84940.8383790847,244872.334032697,2.40535881258633
11.484,0.0235215054833637,0.270120968970949,10.6053009131481,0.0680108844391992,0.472231053502698,0.999428999595356,1,0.968609530400093,97148.8871720109,85024.8347645969,245137.085295406,2.40776537447932
11.485,0.0235215054833637,0.270144490476432,10.6053009131481,0.0680168066687742,0.47227217428409,0.999435830834767,1,0.968747415432617,97246.084649822,85108.9142125429,245402.122802094,2.41017434413788
11.486,0.0235215054833637,0.270168011981915,10.6053009131481,0.0680227288983492,0.472313295065481,0.999442585281067,1,0.968884775277713,97343.379373726,85193.0768050621,245667.446862242,2.41258572397098
11.487,0.0235215054833637,0.270191533487399,10.6053009131481,0.0680286511279242,0.472354415846873,0.999449263732559,1,0.96902161150162,97440.7714410173,85277.322624374,245933.057785666,2.41499951639001
11.488,0.0235215054833637,0.270215054992882,10.6053009131481,0.0680345733574992,0.472395536628265,0.999455866980067,1,0.969157925668174,97538.2609490882,85361.6517527802,246198.955882517,2.41741572380876
11.489,0.0235215054833637,0.270238576498365,10.6053009131481,0.0680404955870742,0.472436657409657,0.999462395807004,1,0.969293719338795,97635.8479954283,85446.0642726636,246465.141463282,2.41983434864344
11.49,0.0235215054833637,0.270262098003849,10.6053009131481,0.0680464178166492,0.472477778191048,0.999468850989424,1,0.969428994072481,97733.5326776244,85530.5602664883,246731.614838782,2.42225539331266
11.491,0.0235215054833637,0.270285619509332,10.6053009131481,0.0680523400462242,0.47251889897244,0.999475233296088,1,0.969563751425802,97831.3150933613,85615.1398168002,246998.376320176,2.42467886023748
11.492,0.0235215054833637,0.270309141014816,10.6053009131481,0.0680582622757992,0.472560019753832,0.999481543488519,1,0.969697992952885,97929.1953404216,85699.8030062268,247265.426218959,2.42710475184136
11.493,0.0235215054833637,0.270332662520299,10.6053009131481,0.0680641845053742,0.472601140535224,0.999487782321061,1,0.96983172020541,98027.1735166853,85784.5499174769,247532.764846961,2.4295330705502
11.494,0.0235215054833637,0.270356184025782,10.6053009131481,0.0680701067349491,0.472642261316615,0.999493950540938,1,0.969964934732603,98125.2497201306,85869.3806333417,247800.39251635,2.43196381879231
11.495,0.0235215054833637,0.270379705531266,10.6053009131481,0.0680760289645242,0.472683382098007,0.999500048888311,1,0.970097638081224,98223.424048834,85954.2952366942,248068.309539635,2.43439699899844
11.496,0.0235215054833637,0.270403227036749,10.6053009131481,0.0680819511940991,0.472724502879399,0.999506078096336,1,0.970229831795561,98321.6966009695,86039.2938104886,248336.516229656,2.43683261360177
11.497,0.0235215054833637,0.270426748542232,10.6053009131481,0.0680878734236741,0.472765623660791,0.999512038891219,1,0.970361517417422,98420.0674748098,86124.376437762,248605.012899598,2.43927066503792
11.498,0.0235215054833637,0.270450270047716,10.6053009131481,0.0680937956532491,0.472806744442182,0.999517931992276,1,0.970492696486127,98518.5367687259,86209.5432016334,248873.799862981,2.44171115574494
11.499,0.0235215054833637,0.270473791553199,10.6053009131481,0.0680997178828241,0.472847865223574,0.999523758111988,1,0.970623370538499,98617.1045811868,86294.7941853037,249142.877433665,2.44415408816331
11.5,0.0235215054833637,0.270497313058682,10.6053009131481,0.0681056401123991,0.472888986004966,0.999529517956056,1,0.970753541108859,98715.7710107605,86380.1294720563,249412.245925847,2.44659946473598
11.501,0.0235215054833637,0.270520834564166,10.6053009131481,0.0681115623419741,0.472930106786357,0.999535212223458,1,0.970883209729014,98814.5361561134,86465.5491452567,249681.905654068,2.44904728790832
11.502,0.0235215054833637,0.270544356069649,10.6053009131481,0.0681174845715491,0.472971227567749,0.999540841606503,1,0.971012377928255,98913.400116011,86551.0532883537,249951.856933206,2.45149756012815
11.503,0.0235215054833637,0.270567877575133,10.6053009131481,0.0681234068011241,0.473012348349141,0.999546406790886,1,0.971141047233343,99012.3629893167,86636.6419848774,250222.10007848,2.45395028384574
11.504,0.0235215054833637,0.270591399080616,10.6053009131481,0.0681293290306991,0.473053469130533,0.999551908455744,1,0.971269219168507,99111.4248749936,86722.3153184412,250492.635405451,2.45640546151382
11.505,0.0235215054833637,0.270614920586099,10.6053009131481,0.068135251260274,0.473094589911924,0.99955734727371,1,0.971396895255433,99210.5858721037,86808.0733727412,250763.463230019,2.45886309558757
11.506,0.0235215054833637,0.270638442091583,10.6053009131481,0.068141173489849,0.473135710693316,0.999562723910966,1,0.971524077013262,99309.8460798081,86893.916231556,251034.583868429,2.46132318852462
11.507,0.0235215054833637,0.270661963597066,10.6053009131481,0.068147095719424,0.473176831474708,0.999568039027297,1,0.971650765958573,99409.2055973667,86979.8439787472,251305.997637262,2.46378574278506
11.508,0.0235215054833637,0.270685485102549,10.6053009131481,0.068153017948999,0.4732179522561,0.999573293276142,1,0.971776963605386,99508.6645241391,87065.8566982594,251577.704853448,2.46625076083145
11.509,0.0235215054833637,0.270709006608033,10.6053009131481,0.068158940178574,0.473259073037491,0.999578487304651,1,0.971902671465151,99608.2229595846,87151.95447412,251849.705834256,2.46871824512881
11.51,0.0235215054833637,0.270732528113516,10.6053009131481,0.068164862408149,0.473300193818883,0.999583621753737,1,0.972027891046738,99707.8810032611,87238.1373904397,252122.000897298,2.47118819814461
11.511,0.0235215054833637,0.270756049618999,10.6053009131481,0.068170784637724,0.473341314600275,0.999588697258122,1,0.972152623856436,99807.6387548269,87324.4055314122,252394.59036053,2.47366062234882
11.512,0.0235215054833637,0.270779571124483,10.6053009131481,0.068176706867299,0.473382435381667,0.999593714446399,1,0.972276871397941,99907.49631404,87410.7589813148,252667.474542253,2.47613552021387
11.513,0.0235215054833637,0.270803092629966,10.6053009131481,0.068182629096874,0.473423556163058,0.999598673941072,1,0.972400635172352,100007.453780758,87497.1978245075,252940.65376111,2.47861289421463
11.514,0.0235215054833637,0.27082661413545,10.6053009131481,0.068188551326449,0.47346467694445,0.99960357635862,1,0.972523916678163,100107.511254937,87583.7221454342,253214.128336089,2.4810927468285
11.515,0.0235215054833637,0.270850135640933,10.6053009131481,0.068194473556024,0.473505797725842,0.999608422309534,1,0.972646717411259,100207.668836637,87670.3320286225,253487.898586525,2.48357508053532
11.516,0.0235215054833637,0.270873657146416,10.6053009131481,0.068200395785599,0.473546918507234,0.99961321239838,1,0.972769038864905,100307.926626013,87757.027558683,253761.964832095,2.48605989781743
11.517,0.0235215054833637,0.2708971786519,10.6053009131481,0.0682063180151739,0.473588039288625,0.999617947223839,1,0.972890882529744,100408.284723325,87843.8088203104,254036.327392824,2.48854720115964
11.518,0.0235215054833637,0.270920700157383,10.6053009131481,0.0682122402447489,0.473629160070017,0.999622627378766,1,0.973012249893788,100508.743228929,87930.6758982829,254310.986589083,2.49103699304926
11.519,0.0235215054833637,0.270944221662866,10.6053009131481,0.0682181624743239,0.473670280851409,0.999627253450232,1,0.973133142442412,100609.302243285,88017.6288774628,254585.942741587,2.49352927597608
11.52,0.0235215054833637,0.27096774316835,10.6053009131481,0.0682240847038989,0.4737114016328,0.999631826019575,1,0.97325356165835,100709.961866952,88104.6678427961,254861.196171401,2.49602405243239
11.521,0.0235215054833637,0.270991264673833,10.6053009131481,0.0682300069334739,0.473752522414192,0.999636345662453,1,0.973373509021685,100810.722200589,88191.7928793131,255136.747199935,2.49852132491296
11.522,0.0235215054833637,0.271014786179316,10.6053009131481,0.0682359291630489,0.473793643195584,0.999640812948888,1,0.973492986009846,100911.583344957,88279.0040721274,255412.596148946,2.50102109591506
11.523,0.0235215054833637,0.2710383076848,10.6053009131481,0.0682418513926239,0.473834763976976,0.999645228443314,1,0.973611994097601,101012.545400916,88366.3015064379,255688.74334054,2.50352336793846
11.524,0.0235215054833637,0.271061829190283,10.6053009131481,0.0682477736221989,0.473875884758367,0.999649592704628,1,0.973730534757051,101113.60846943,88453.6852675271,255965.189097173,2.50602814348544
11.525,0.0235215054833637,0.271085350695767,10.6053009131481,0.0682536958517739,0.473917005539759,0.999653906286236,1,0.973848609457623,101214.77265156,88541.1554407616,256241.933741646,2.50853542506078
11.526,0.0235215054833637,0.27110887220125,10.6053009131481,0.0682596180813489,0.473958126321151,0.999658169736099,1,0.973966219666069,101316.038048471,88628.7121115928,256518.977597112,2.51104521517174
11.527,0.0235215054833637,0.271132393706733,10.6053009131481,0.0682655403109239,0.473999247102543,0.999662383596782,1,0.974083366846453,101417.404761429,88716.355365557,256796.320987071,2.51355751632814
11.528,0.0235215054833637,0.271155915212217,10.6053009131481,0.0682714625404989,0.474040367883934,0.999666548405499,1,0.97420005246015,101518.8728918,88804.0852882741,257073.964235374,2.51607233104225
11.529,0.0235215054833637,0.2711794367177,10.6053009131481,0.0682773847700738,0.474081488665326,0.999670664694158,1,0.974316277965842,101620.442541052,88891.9019654493,257351.907666223,2.51858966182891
11.53,0.0235215054833637,0.271202958223183,10.6053009131481,0.0682833069996488,0.474122609446718,0.999674732989411,1,0.974432044819508,101722.113810755,88979.8054828726,257630.15160417,2.52110951120544
11.531,0.0235215054833637,0.271226479728667,10.6053009131481,0.0682892292292238,0.47416373022811,0.999678753812697,1,0.97454735447442,101823.886802581,89067.7959264185,257908.696374116,2.52363188169169
11.532,0.0235215054833637,0.27125000123415,10.6053009131481,0.0682951514587988,0.474204851009501,0.999682727680286,1,0.974662208381141,101925.761618302,89155.8733820467,258187.542301315,2.52615677581003
11.533,0.0235215054833637,0.271273522739633,10.6053009131481,0.0683010736883738,0.474245971790893,0.999686655103325,1,0.974776607987515,102027.738359793,89244.0379358018,258466.689711373,2.52868419608536
11.534,0.0235215054833637,0.271297044245117,10.6053009131481,0.0683069959179488,0.474287092572285,0.999690536587885,1,0.974890554738664,102129.817129031,89332.2896738134,258746.138930248,2.5312141450451
11.535,0.0235215054833637,0.2713205657506,10.6053009131481,0.0683129181475238,0.474328213353677,0.999694372635002,1,0.975004050076984,102231.998028094,89420.6286822965,259025.890284249,2.53374662521919
11.536,0.0235215054833637,0.271344087256084,10.6053009131481,0.0683188403770988,0.474369334135068,0.999698163740722,1,0.975117095442138,102334.281159164,89509.0550475511,259305.944100039,2.53628163914012
11.537,0.0235215054833637,0.271367608761567,10.6053009131481,0.0683247626066738,0.47441045491646,0.999701910396146,1,0.975229692271053,102436.666624524,89597.5688559627,259586.300704633,2.5388191893429
11.538,0.0235215054833637,0.27139113026705,10.6053009131481,0.0683306848362488,0.474451575697852,0.999705613087472,1,0.975341841997912,102539.154526559,89686.1701940021,259866.960425402,2.54135927836508
11.539,0.0235215054833637,0.271414651772534,10.6053009131481,0.0683366070658238,0.474492696479243,0.999709272296038,1,0.975453546054151,102641.744967757,89774.8591482259,260147.923590069,2.54390190874675
11.54,0.0235215054833637,0.271438173278017,10.6053009131481,0.0683425292953987,0.474533817260635,0.999712888498366,1,0.975564805868457,102744.438050708,89863.6358052758,260429.190526711,2.54644708303054
11.541,0.0235215054833637,0.2714616947835,10.6053009131481,0.0683484515249737,0.474574938042027,0.999716462166203,1,0.975675622866758,102847.233878106,89952.5002518799,260710.761563761,2.54899480376163
11.542,0.0235215054833637,0.271485216288984,10.6053009131481,0.0683543737545487,0.474616058823419,0.999719993766565,1,0.975785998472222,102950.132552747,90041.4525748509,260992.637030006,2.55154507348773
11.543,0.0235215054833637,0.271508737794467,10.6053009131481,0.0683602959841237,0.47465717960481,0.999723483761776,1,0.97589593410525,103053.134177528,90130.4928610887,261274.817254589,2.55409789475911
11.544,0.0235215054833637,0.27153225929995,10.6053009131481,0.0683662182136987,0.474698300386202,0.999726932609513,1,0.976005431183476,103156.238855453,90219.6211975786,261557.30256701,2.55665327012861
11.545,0.0235215054833637,0.271555780805434,10.6053009131481,0.0683721404432737,0.474739421167594,0.999730340762844,1,0.976114491121756,103259.446689625,90308.8376713912,261840.093297123,2.55921120215159
11.546,0.0235215054833637,0.271579302310917,10.6053009131481,0.0683780626728487,0.474780541948986,0.999733708670272,1,0.976223115332169,103362.757783252,90398.1423696841,262123.18977514,2.56177169338598
11.547,0.0235215054833637,0.271602823816401,10.6053009131481,0.0683839849024237,0.474821662730377,0.999737036775773,1,0.976331305224011,103466.172239646,90487.5353797013,262406.59233163,2.56433474639229
11.548,0.0235215054833637,0.271626345321884,10.6053009131481,0.0683899071319987,0.474862783511769,0.999740325518839,1,0.97643906220379,103569.69016222,90577.0167887719,262690.301297518,2.56690036373355
11.549,0.0235215054833637,0.271649866827367,10.6053009131481,0.0683958293615737,0.474903904293161,0.999743575334514,1,0.976546387675223,103673.311654493,90666.5866843123,262974.317004089,2.56946854797539
11.55,0.0235215054833637,0.271673388332851,10.6053009131481,0.0684017515911487,0.474945025074553,0.99974678665344,1,0.97665328303923,103777.036820087,90756.2451538252,263258.639782986,2.57203930168599
11.551,0.0235215054833637,0.271696909838334,10.6053009131481,0.0684076738207236,0.474986145855944,0.999749959901889,1,0.976759749693934,103880.865762726,90845.9922848997,263543.269966208,2.57461262743611
11.552,0.0235215054833637,0.271720431343817,10.6053009131481,0.0684135960502986,0.475027266637336,0.99975309550181,1,0.976865789034651,103984.798586239,90935.8281652114,263828.207886115,2.57718852779906
11.553,0.0235215054833637,0.271743952849301,10.6053009131481,0.0684195182798736,0.475068387418728,0.99975619387086,1,0.976971402453894,104088.83539456,91025.752882523,264113.453875428,2.57976700535077
11.554,0.0235215054833637,0.271767474354784,10.6053009131481,0.0684254405094486,0.475109508200119,0.999759255422449,1,0.97707659134136,104192.976291725,91115.7665246832,264399.008267222,2.58234806266969
11.555,0.0235215054833637,0.271790995860267,10.6053009131481,0.0684313627390236,0.475150628981511,0.999762280565777,1,0.977181357083935,104297.221381874,91205.8691796286,264684.871394939,2.58493170233689
11.556,0.0235215054833637,0.271814517365751,10.6053009131481,0.0684372849685986,0.475191749762903,0.999765269705868,1,0.977285701065683,104401.570769254,91296.0609353823,264971.043592378,2.58751792693601
11.557,0.0235215054833637,0.271838038871234,10.6053009131481,0.0684432071981736,0.475232870544295,0.999768223243612,1,0.977389624667848,104506.024558213,91386.341880054,265257.525193697,2.59010673905327
11.558,0.0235215054833637,0.271861560376718,10.6053009131481,0.0684491294277486,0.475273991325686,0.999771141575802,1,0.977493129268847,104610.582853206,91476.712101841,265544.31653342,2.59269814127748
11.559,0.0235215054833637,0.271885081882201,10.6053009131481,0.0684550516573236,0.475315112107078,0.999774025095171,1,0.977596216244269,104715.24575879,91567.1716890282,265831.417946429,2.59529213620006
11.56,0.0235215054833637,0.271908603387684,10.6053009131481,0.0684609738868986,0.47535623288847,0.999776874190425,1,0.977698886966868,104820.013379629,91657.7207299869,266118.829767969,2.59788872641498
11.561,0.0235215054833637,0.271932124893168,10.6053009131481,0.0684668961164736,0.475397353669862,0.999779689246287,1,0.977801142806565,104924.885820489,91748.3593131764,266406.552333649,2.60048791451885
11.562,0.0235215054833637,0.271955646398651,10.6053009131481,0.0684728183460486,0.475438474451253,0.999782470643526,1,0.977902985130437,105029.863186244,91839.087527143,266694.585979438,2.60308970311084
11.563,0.0235215054833637,0.271979167904134,10.6053009131481,0.0684787405756235,0.475479595232645,0.999785218758999,1,0.978004415302724,105134.945581872,91929.9054605216,266982.931041672,2.60569409479277
11.564,0.0235215054833637,0.272002689409618,10.6053009131481,0.0684846628051985,0.475520716014037,0.999787933965683,1,0.978105434684816,105240.133112453,92020.8132020334,267271.587857046,2.608301092169
11.565,0.0235215054833637,0.272026210915101,10.6053009131481,0.0684905850347735,0.475561836795429,0.999790616632712,1,0.978206044635255,105345.425883176,92111.8108404881,267560.556762624,2.61091069784654
11.566,0.0235215054833637,0.272049732420584,10.6053009131481,0.0684965072643485,0.47560295757682,0.999793267125411,1,0.978306246509731,105450.823999335,92202.8984647831,267849.838095829,2.61352291443499
11.567,0.0235215054833637,0.272073253926068,10.6053009131481,0.0685024294939235,0.475644078358212,0.999795885805335,1,0.978406041661081,105556.327566326,92294.0761639039,268139.432194455,2.61613774454658
11.568,0.0235215054833637,0.272096775431551,10.6053009131481,0.0685083517234985,0.475685199139604,0.999798473030297,1,0.978505431439282,105661.936689653,92385.3440269236,268429.339396655,2.61875519079613
11.569,0.0235215054833637,0.272120296937035,10.6053009131481,0.0685142739530735,0.475726319920996,0.99980102915441,1,0.97860441719145,105767.651474925,92476.7021430035,268719.560040952,2.62137525580109
11.57,0.0235215054833637,0.272143818442518,10.6053009131481,0.0685201961826485,0.475767440702387,0.999803554528114,1,0.978703000261839,105873.472027858,92568.1506013932,269010.094466234,2.62399794218153
11.571,0.0235215054833637,0.272167339948001,10.6053009131481,0.0685261184122235,0.475808561483779,0.999806049498216,1,0.978801181991837,105979.398454272,92659.6894914306,269300.943011755,2.62662325256012
11.572,0.0235215054833637,0.272190861453485,10.6053009131481,0.0685320406417985,0.475849682265171,0.99980851440792,1,0.97889896371996,106085.430860093,92751.3189025417,269592.106017134,2.62925118956219
11.573,0.0235215054833637,0.272214382958968,10.6053009131481,0.0685379628713735,0.475890803046563,0.999810949596861,1,0.978996346781858,106191.569351354,92843.0389242414,269883.583822361,2.63188175581566
11.574,0.0235215054833637,0.272237904464451,10.6053009131481,0.0685438851009484,0.475931923827954,0.99981335540114,1,0.9790933325103,106297.814034193,92934.8496461321,270175.37676779,2.63451495395111
11.575,0.0235215054833637,0.272261425969935,10.6053009131481,0.0685498073305234,0.475973044609346,0.999815732153354,1,0.979189922235185,106404.165014855,93026.7511579062,270467.485194145,2.63715078660173
11.576,0.0235215054833637,0.272284947475418,10.6053009131481,0.0685557295600984,0.476014165390738,0.999818080182632,1,0.979286117283529,106510.622399691,93118.7435493439,270759.90944252,2.63978925640337
11.577,0.0235215054833637,0.272308468980901,10.6053009131481,0.0685616517896734,0.476055286172129,0.999820399814663,1,0.979381918979467,106617.186295158,93210.8269103142,271052.649854372,2.64243036599447
11.578,0.0235215054833637,0.272331990486385,10.6053009131481,0.0685675740192484,0.476096406953521,0.999822691371734,1,0.979477328644252,106723.85680782,93303.0013307751,271345.706771533,2.64507411801616
11.579,0.0235215054833637,0.272355511991868,10.6053009131481,0.0685734962488234,0.476137527734913,0.999824955172755,1,0.979572347596251,106830.634044349,93395.2669007741,271639.080536203,2.6477205151122
11.58,0.0235215054833637,0.272379033497352,10.6053009131481,0.0685794184783984,0.476178648516305,0.999827191533297,1,0.979666977150941,106937.518111519,93487.6237104467,271932.77149095,2.65036955992896
11.581,0.0235215054833637,0.272402555002835,10.6053009131481,0.0685853407079734,0.476219769297696,0.999829400765619,1,0.979761218620909,107044.509116217,93580.0718500184,272226.779978715,2.65302125511551
11.582,0.0235215054833637,0.272426076508318,10.6053009131481,0.0685912629375484,0.476260890079088,0.999831583178702,1,0.979855073315854,107151.607165433,93672.6114098034,272521.106342808,2.65567560332354
11.583,0.0235215054833637,0.272449598013802,10.6053009131481,0.0685971851671234,0.47630201086048,0.999833739078276,1,0.979948542542573,107258.812366265,93765.2424802056,272815.75092691,2.65833260720738
11.584,0.0235215054833637,0.272473119519285,10.6053009131481,0.0686031073966984,0.476343131641872,0.999835868766856,1,0.980041627604975,107366.124825919,93857.965151718,273110.714075076,2.66099226942406
11.585,0.0235215054833637,0.272496641024768,10.6053009131481,0.0686090296262734,0.476384252423263,0.999837972543768,1,0.980134329804064,107473.544651706,93950.7795149234,273405.99613173,2.66365459263323
11.586,0.0235215054833637,0.272520162530252,10.6053009131481,0.0686149518558483,0.476425373204655,0.999840050705181,1,0.980226650437949,107581.071951047,94043.6856604934,273701.597441671,2.66631957949721
11.587,0.0235215054833637,0.272543684035735,10.6053009131481,0.0686208740854233,0.476466493986047,0.999842103544137,1,0.980318590801834,107688.706831468,94136.6836791906,273997.518350068,2.668987232681
11.588,0.0235215054833637,0.272567205541218,10.6053009131481,0.0686267963149983,0.476507614767439,0.99984413135058,1,0.980410152188021,107796.449400606,94229.7736618663,274293.759202466,2.67165755485224
11.589,0.0235215054833637,0.272590727046702,10.6053009131481,0.0686327185445733,0.47654873554883,0.999846134411385,1,0.980501335885906,107904.299766202,94322.9556994617,274590.320344782,2.67433054868125
11.59,0.0235215054833637,0.272614248552185,10.6053009131481,0.0686386407741483,0.476589856330222,0.99984811301039,1,0.98059214318198,108012.258036106,94416.2298830082,274887.202123306,2.67700621684104
11.591,0.0235215054833637,0.272637770057669,10.6053009131481,0.0686445630037233,0.476630977111614,0.99985006742842,1,0.980682575359823,108120.324318278,94509.5963036278,275184.404884706,2.67968456200727
11.592,0.0235215054833637,0.272661291563152,10.6053009131481,0.0686504852332983,0.476672097893006,0.999851997943321,1,0.980772633700106,108228.498720783,94603.0550525312,275481.928976021,2.68236558685829
11.593,0.0235215054833637,0.272684813068635,10.6053009131481,0.0686564074628733,0.476713218674397,0.999853904829983,1,0.980862319480592,108336.781351796,94696.6062210205,275779.774744666,2.68504929407511
11.594,0.0235215054833637,0.272708334574119,10.6053009131481,0.0686623296924483,0.476754339455789,0.999855788360376,1,0.980951633976126,108445.172319599,94790.2499004874,276077.942538435,2.68773568634145
11.595,0.0235215054833637,0.272731856079602,10.6053009131481,0.0686682519220233,0.476795460237181,0.999857648803568,1,0.981040578458642,108553.671732584,94883.9861824148,276376.432705493,2.69042476634371
11.596,0.0235215054833637,0.272755377585085,10.6053009131481,0.0686741741515983,0.476836581018572,0.999859486425761,1,0.981129154197159,108662.279699249,94977.815158375,276675.245594385,2.69311653677095
11.597,0.0235215054833637,0.272778899090569,10.6053009131481,0.0686800963811732,0.476877701799964,0.999861301490316,1,0.981217362457778,108770.996328203,95071.7369200316,276974.38155403,2.69581100031495
11.598,0.0235215054833637,0.272802420596052,10.6053009131481,0.0686860186107482,0.476918822581356,0.999863094257779,1,0.981305204503684,108879.821728162,95165.7515591383,277273.840933728,2.69850815967018
11.599,0.0235215054833637,0.272825942101535,10.6053009131481,0.0686919408403232,0.476959943362748,0.999864864985909,1,0.981392681595141,108988.756007952,95259.8591675405,277573.624083154,2.7012080175338
11.6,0.0235215054833637,0.272849463607019,10.6053009131481,0.0686978630698982,0.477001064144139,0.999866613929704,1,0.981479794989496,109097.799276508,95354.0598371732,277873.731352361,2.70391057660565
11.601,0.0235215054833637,0.272872985112502,10.6053009131481,0.0687037852994732,0.477042184925531,0.999868341341432,1,0.981566545941172,109206.951642871,95448.3536600631,278174.163091781,2.70661583958831
11.602,0.0235215054833637,0.272896506617986,10.6053009131481,0.0687097075290482,0.477083305706923,0.999870047470651,1,0.981652935701673,109316.213216196,95542.7407283277,278474.919652227,2.70932380918703
11.603,0.0235215054833637,0.272920028123469,10.6053009131481,0.0687156297586232,0.477124426488315,0.999871732564238,1,0.981738965519577,109425.584105742,95637.2211341755,278776.001384886,2.71203448810979
11.604,0.0235215054833637,0.272943549628952,10.6053009131481,0.0687215519881982,0.477165547269706,0.999873396866418,1,0.981824636640543,109535.064420882,95731.7949699063,279077.40864133,2.71474787906726
11.605,0.0235215054833637,0.272967071134436,10.6053009131481,0.0687274742177732,0.477206668051098,0.999875040618786,1,0.981909950307301,109644.654271096,95826.4623279113,279379.141773508,2.71746398477284
11.606,0.0235215054833637,0.272990592639919,10.6053009131481,0.0687333964473482,0.47724778883249,0.999876664060331,1,0.981994907759659,109754.353765973,95921.2233006726,279681.201133752,2.72018280794263
11.607,0.0235215054833637,0.273014114145402,10.6053009131481,0.0687393186769232,0.477288909613881,0.999878267427468,1,0.982079510234497,109864.163015212,96016.0779807641,279983.587074772,2.72290435129545
11.608,0.0235215054833637,0.273037635650886,10.6053009131481,0.0687452409064982,0.477330030395273,0.999879850954057,1,0.98216375896577,109974.082128625,96111.0264608516,280286.299949662,2.72562861755286
11.609,0.0235215054833637,0.273061157156369,10.6053009131481,0.0687511631360731,0.477371151176665,0.999881414871431,1,0.982247655184506,110084.111216128,96206.0688336918,280589.340111896,2.7283556094391
11.61,0.0235215054833637,0.273084678661852,10.6053009131481,0.0687570853656481,0.477412271958057,0.999882959408418,1,0.982331200118805,110194.250387751,96301.2051921334,280892.70791533,2.73108532968119
11.611,0.0235215054833637,0.273108200167336,10.6053009131481,0.0687630075952231,0.477453392739448,0.99988448479137,1,0.982414394993838,110304.499753635,96396.4356291172,281196.403714206,2.73381778100883
11.612,0.0235215054833637,0.273131721672819,10.6053009131481,0.0687689298247981,0.47749451352084,0.999885991244184,1,0.982497241031848,110414.859424027,96491.7602376755,281500.427863144,2.73655296615448
11.613,0.0235215054833637,0.273155243178303,10.6053009131481,0.0687748520543731,0.477535634302232,0.999887478988324,1,0.982579739452151,110525.329509288,96587.1791109329,281804.78071715,2.73929088785332
11.614,0.0235215054833637,0.273178764683786,10.6053009131481,0.0687807742839481,0.477576755083624,0.999888948242852,1,0.98266189147113,110635.910119887,96682.692342106,282109.462631615,2.74203154884328
11.615,0.0235215054833637,0.273202286189269,10.6053009131481,0.0687866965135231,0.477617875865015,0.999890399224444,1,0.982743698302242,110746.601366406,96778.3000245035,282414.473962311,2.74477495186502
11.616,0.0235215054833637,0.273225807694753,10.6053009131481,0.0687926187430981,0.477658996646407,0.999891832147419,1,0.982825161156013,110857.403359536,96874.0022515264,282719.815065398,2.74752109966194
11.617,0.0235215054833637,0.273249329200236,10.6053009131481,0.0687985409726731,0.477700117427799,0.999893247223758,1,0.982906281240038,110968.316210078,96969.7991166683,283025.486297419,2.75026999498019
11.618,0.0235215054833637,0.273272850705719,10.6053009131481,0.0688044632022481,0.477741238209191,0.999894644663132,1,0.982987059758982,111079.340028945,97065.6907135147,283331.488015303,2.75302164056865
11.619,0.0235215054833637,0.273296372211203,10.6053009131481,0.0688103854318231,0.477782358990582,0.999896024672919,1,0.983067497914581,111190.474927162,97161.677135744,283637.820576365,2.75577603917899
11.62,0.0235215054833637,0.273319893716686,10.6053009131481,0.0688163076613981,0.477823479771974,0.999897387458232,1,0.983147596905641,111301.721015863,97257.7584771277,283944.484338306,2.75853319356561
11.621,0.0235215054833637,0.273343415222169,10.6053009131481,0.068822229890973,0.477864600553366,0.999898733221939,1,0.983227357928037,111413.078406294,97353.9348315291,284251.479659215,2.76129310648564
11.622,0.0235215054833637,0.273366936727653,10.6053009131481,0.068828152120548,0.477905721334758,0.999900062164686,1,0.983306782174712,111524.547209813,97450.2062929049,284558.806897565,2.76405578069901
11.623,0.0235215054833637,0.273390458233136,10.6053009131481,0.068834074350123,0.477946842116149,0.999901374484917,1,0.983385870835681,111636.127537889,97546.5729553045,284866.466412222,2.76682121896839
11.624,0.0235215054833637,0.27341397973862,10.6053009131481,0.068839996579698,0.477987962897541,0.9999026703789,1,0.98346462509803,111747.819502101,97643.0349128706,285174.458562434,2.76958942405922
11.625,0.0235215054833637,0.273437501244103,10.6053009131481,0.068845918809273,0.478029083678933,0.999903950040746,1,0.983543046145912,111859.623214142,97739.5922598386,285482.783707842,2.7723603987397
11.626,0.0235215054833637,0.273461022749586,10.6053009131481,0.068851841038848,0.478070204460324,0.999905213662428,1,0.983621135160554,111971.538785816,97836.2450905373,285791.442208473,2.77513414578081
11.627,0.0235215054833637,0.27348454425507,10.6053009131481,0.068857763268423,0.478111325241716,0.99990646143381,1,0.983698893320251,112083.566329038,97932.9934993888,286100.434424744,2.77791066795631
11.628,0.0235215054833637,0.273508065760553,10.6053009131481,0.068863685497998,0.478152446023108,0.99990769354266,1,0.98377632180037,112195.705955835,98029.8375809085,286409.760717463,2.7806899680427
11.629,0.0235215054833637,0.273531587266036,10.6053009131481,0.068869607727573,0.4781935668045,0.999908910174677,1,0.98385342177335,112307.957778348,98126.7774297053,286719.421447826,2.78347204881929
11.63,0.0235215054833637,0.27355510877152,10.6053009131481,0.0688755299571479,0.478234687585891,0.999910111513507,1,0.983930194408701,112420.321908828,98223.8131404817,287029.416977421,2.78625691306816
11.631,0.0235215054833637,0.273578630277003,10.6053009131481,0.068881452186723,0.478275808367283,0.999911297740767,1,0.984006640873007,112532.798459639,98320.9448080337,287339.747668227,2.78904456357418
11.632,0.0235215054833637,0.273602151782486,10.6053009131481,0.0688873744162979,0.478316929148675,0.999912469036065,1,0.984082762329922,112645.387543258,98418.1725272512,287650.413882613,2.79183500312499
11.633,0.0235215054833637,0.27362567328797,10.6053009131481,0.0688932966458729,0.478358049930067,0.999913625577019,1,0.984158559940176,112758.089272274,98515.4963931178,287961.415983341,2.79462823451104
11.634,0.0235215054833637,0.273649194793453,10.6053009131481,0.0688992188754479,0.478399170711458,0.999914767539278,1,0.984234034861572,112870.903759389,98612.9165007113,288272.754333565,2.79742426052556
11.635,0.0235215054833637,0.273672716298937,10.6053009131481,0.0689051411050229,0.47844029149285,0.999915895096541,1,0.984309188248987,112983.831117416,98710.4329452029,288584.429296832,2.80022308396457
11.636,0.0235215054833637,0.27369623780442,10.6053009131481,0.0689110633345979,0.478481412274242,0.999917008420578,1,0.984384021254375,113096.871459285,98808.0458218587,288896.44123708,2.80302470762689
11.637,0.0235215054833637,0.273719759309903,10.6053009131481,0.0689169855641729,0.478522533055634,0.999918107681249,1,0.984458535026766,113210.024898034,98905.7552260387,289208.790518644,2.80582913431416
11.638,0.0235215054833637,0.273743280815387,10.6053009131481,0.0689229077937479,0.478563653837025,0.999919193046522,1,0.984532730712264,113323.291546818,99003.5612531969,289521.477506248,2.8086363668308
11.639,0.0235215054833637,0.27376680232087,10.6053009131481,0.0689288300233229,0.478604774618417,0.999920264682496,1,0.984606609454055,113436.671518902,99101.4639988818,289834.502565017,2.81144640798403
11.64,0.0235215054833637,0.273790323826353,10.6053009131481,0.0689347522528979,0.478645895399809,0.999921322753415,1,0.9846801723924,113550.164927668,99199.463558737,290147.866060465,2.81425926058392
11.641,0.0235215054833637,0.273813845331837,10.6053009131481,0.0689406744824729,0.478687016181201,0.999922367421691,1,0.984753420664641,113663.771886608,99297.5600284998,290461.568358503,2.81707492744329
11.642,0.0235215054833637,0.27383736683732,10.6053009131481,0.0689465967120479,0.478728136962592,0.99992339884792,1,0.984826355405201,113777.492509329,99395.7535040027,290775.609825438,2.81989341137782
11.643,0.0235215054833637,0.273860888342803,10.6053009131481,0.0689525189416229,0.478769257743984,0.999924417190904,1,0.984898977745583,113891.326909552,99494.0440811729,291089.990827974,2.82271471520601
11.644,0.0235215054833637,0.273884409848287,10.6053009131481,0.0689584411711978,0.478810378525376,0.999925422607663,1,0.984971288814373,114005.275201112,99592.4318560323,291404.711733209,2.82553884174914
11.645,0.0235215054833637,0.27390793135377,10.6053009131481,0.0689643634007728,0.478851499306767,0.999926415253461,1,0.985043289737242,114119.337497956,99690.9169246979,291719.77290864,2.82836579383135
11.646,0.0235215054833637,0.273931452859254,10.6053009131481,0.0689702856303478,0.478892620088159,0.999927395281819,1,0.985114981636943,114233.513914147,99789.4993833818,292035.174722161,2.8311955742796
11.647,0.0235215054833637,0.273954974364737,10.6053009131481,0.0689762078599228,0.478933740869551,0.999928362844532,1,0.985186365633318,114347.804563862,99888.1793283907,292350.917542062,2.83402818592365
11.648,0.0235215054833637,0.27397849587022,10.6053009131481,0.0689821300894978,0.478974861650943,0.999929318091693,1,0.985257442843292,114462.209561391,99986.9568561275,292667.001737034,2.83686363159612
11.649,0.0235215054833637,0.274002017375704,10.6053009131481,0.0689880523190728,0.479015982432334,0.999930261171702,1,0.985328214380882,114576.729021139,100085.83206309,292983.427676165,2.83970191413246
11.65,0.0235215054833637,0.274025538881187,10.6053009131481,0.0689939745486478,0.479057103213726,0.999931192231291,1,0.985398681357192,114691.363057626,100184.805045871,293300.19572894,2.84254303637095
11.651,0.0235215054833637,0.27404906038667,10.6053009131481,0.0689998967782228,0.479098223995118,0.999932111415537,1,0.985468844880419,114806.111785485,100283.875901159,293617.306265248,2.84538700115271
11.652,0.0235215054833637,0.274072581892154,10.6053009131481,0.0690058190077978,0.47913934477651,0.999933018867879,1,0.985538706055851,114920.975319465,100383.044725738,293934.759655376,2.84823381132172
11.653,0.0235215054833637,0.274096103397637,10.6053009131481,0.0690117412373728,0.479180465557901,0.999933914730138,1,0.985608265985869,115035.953774431,100482.311616489,294252.55627001,2.85108346972477
11.654,0.0235215054833637,0.27411962490312,10.6053009131481,0.0690176634669478,0.479221586339293,0.999934799142531,1,0.985677525769951,115151.047265359,100581.676670387,294570.696480237,2.85393597921153
11.655,0.0235215054833637,0.274143146408604,10.6053009131481,0.0690235856965227,0.479262707120685,0.999935672243686,1,0.98574648650467,115266.255907345,100681.139984504,294889.180657547,2.85679134263451
11.656,0.0235215054833637,0.274166667914087,10.6053009131481,0.0690295079260977,0.479303827902077,0.999936534170665,1,0.985815149283697,115381.579815596,100780.701656008,295208.009173831,2.85964956284906
11.657,0.0235215054833637,0.274190189419571,10.6053009131481,0.0690354301556727,0.479344948683468,0.999937385058974,1,0.985883515197804,115497.019105437,100880.361782162,295527.18240138,2.86251064271342
11.658,0.0235215054833637,0.274213710925054,10.6053009131481,0.0690413523852477,0.47938606946486,0.99993822504258,1,0.985951585334862,115612.573892306,100980.120460326,295846.70071289,2.86537458508866
11.659,0.0235215054833637,0.274237232430537,10.6053009131481,0.0690472746148227,0.479427190246252,0.999939054253931,1,0.986019360779848,115728.244291759,101079.977787957,296166.56448146,2.86824139283872
11.66,0.0235215054833637,0.274260753936021,10.6053009131481,0.0690531968443977,0.479468311027644,0.999939872823967,1,0.986086842614842,115844.030419466,101179.933862607,296486.774080591,2.87111106883042
11.661,0.0235215054833637,0.274284275441504,10.6053009131481,0.0690591190739727,0.479509431809035,0.99994068088214,1,0.986154031919029,115959.932391212,101279.988781925,296807.329884188,2.87398361593342
11.662,0.0235215054833637,0.274307796946987,10.6053009131481,0.0690650413035477,0.479550552590427,0.999941478556426,1,0.986220929768703,116075.950322901,101380.142643657,297128.232266561,2.87685903702028
11.663,0.0235215054833637,0.274331318452471,10.6053009131481,0.0690709635331227,0.479591673371819,0.999942265973341,1,0.986287537237269,116192.08433055,101480.395545645,297449.481602424,2.87973733496641
11.664,0.0235215054833637,0.274354839957954,10.6053009131481,0.0690768857626977,0.47963279415321,0.99994304325796,1,0.986353855395242,116308.334530293,101580.747585827,297771.078266897,2.88261851265012
11.665,0.0235215054833637,0.274378361463437,10.6053009131481,0.0690828079922726,0.479673914934602,0.999943810533927,1,0.986419885310252,116424.70103838,101681.198862241,298093.022635504,2.88550257295258
11.666,0.0235215054833637,0.274401882968921,10.6053009131481,0.0690887302218476,0.479715035715994,0.999944567923473,1,0.986485628047042,116541.183971178,101781.749473019,298415.315084178,2.88838951875786
11.667,0.0235215054833637,0.274425404474404,10.6053009131481,0.0690946524514226,0.479756156497386,0.99994531554743,1,0.986551084667476,116657.78344517,101882.39951639,298737.955989253,2.8912793529529
11.668,0.0235215054833637,0.274448925979888,10.6053009131481,0.0691005746809976,0.479797277278777,0.999946053525248,1,0.986616256230533,116774.499576954,101983.149090682,299060.945727477,2.89417207842753
11.669,0.0235215054833637,0.274472447485371,10.6053009131481,0.0691064969105726,0.479838398060169,0.999946781975003,1,0.986681143792317,116891.332483249,102083.998294319,299384.284676,2.89706769807448
11.67,0.0235215054833637,0.274495968990854,10.6053009131481,0.0691124191401476,0.479879518841561,0.99994750101342,1,0.986745748406052,117008.282280885,102184.947225822,299707.973212382,2.89996621478937
11.671,0.0235215054833637,0.274519490496338,10.6053009131481,0.0691183413697226,0.479920639622953,0.999948210755882,1,0.986810071122092,117125.349086813,102285.99598381,300032.011714589,2.90286763147071
11.672,0.0235215054833637,0.274543012001821,10.6053009131481,0.0691242635992976,0.479961760404344,0.999948911316446,1,0.986874112987913,117242.5330181,102387.144667001,300356.400561001,2.90577195101993
11.673,0.0235215054833637,0.274566533507304,10.6053009131481,0.0691301858288726,0.480002881185736,0.999949602807853,1,0.986937875048126,117359.83419193,102488.393374208,300681.140130399,2.90867917634134
11.674,0.0235215054833637,0.274590055012788,10.6053009131481,0.0691361080584476,0.480044001967128,0.999950285341551,1,0.98700135834447,117477.252725604,102589.742204343,301006.230801981,2.91158931034217
11.675,0.0235215054833637,0.274613576518271,10.6053009131481,0.0691420302880226,0.48008512274852,0.999950959027699,1,0.987064563915819,117594.78873654,102691.191256415,301331.672955351,2.91450235593256
11.676,0.0235215054833637,0.274637098023754,10.6053009131481,0.0691479525175976,0.480126243529911,0.999951623975187,1,0.987127492798185,117712.442342275,102792.740629533,301657.466970524,2.91741831602554
11.677,0.0235215054833637,0.274660619529238,10.6053009131481,0.0691538747471725,0.480167364311303,0.999952280291645,1,0.987190146024717,117830.213660462,102894.390422901,301983.613227926,2.92033719353708
11.678,0.0235215054833637,0.274684141034721,10.6053009131481,0.0691597969767475,0.480208485092695,0.999952928083461,1,0.987252524625706,117948.102808873,102996.140735824,302310.112108397,2.92325899138606
11.679,0.0235215054833637,0.274707662540205,10.6053009131481,0.0691657192063225,0.480249605874087,0.999953567455792,1,0.987314629628584,118066.109905396,103097.991667703,302636.963993183,2.92618371249427
11.68,0.0235215054833637,0.274731184045688,10.6053009131481,0.0691716414358975,0.480290726655478,0.999954198512574,1,0.987376462057932,118184.235068039,103199.943318039,302964.169263947,2.92911135978644
11.681,0.0235215054833637,0.274754705551171,10.6053009131481,0.0691775636654725,0.48033184743687,0.999954821356542,1,0.987438022935477,118302.478414927,103301.99578643,303291.728302763,2.93204193619022
11.682,0.0235215054833637,0.274778227056655,10.6053009131481,0.0691834858950475,0.480372968218262,0.999955436089238,1,0.987499313280097,118420.840064303,103404.149172573,303619.641492118,2.93497544463617
11.683,0.0235215054833637,0.274801748562138,10.6053009131481,0.0691894081246225,0.480414088999653,0.999956042811022,1,0.987560334107823,118539.320134529,103506.403576264,303947.909214913,2.93791188805781
11.684,0.0235215054833637,0.274825270067621,10.6053009131481,0.0691953303541975,0.480455209781045,0.999956641621091,1,0.987621086431842,118657.918744085,103608.759097397,304276.531854464,2.94085126939159
11.685,0.0235215054833637,0.274848791573105,10.6053009131481,0.0692012525837725,0.480496330562437,0.999957232617486,1,0.987681571262498,118776.63601157,103711.215835966,304605.509794497,2.94379359157688
11.686,0.0235215054833637,0.274872313078588,10.6053009131481,0.0692071748133475,0.480537451343829,0.999957815897108,1,0.987741789607297,118895.472055701,103813.773892061,304934.843419159,2.94673885755601
11.687,0.0235215054833637,0.274895834584071,10.6053009131481,0.0692130970429225,0.48057857212522,0.999958391555726,1,0.987801742470908,119014.426995313,103916.433365875,305264.533113009,2.94968707027424
11.688,0.0235215054833637,0.274919356089555,10.6053009131481,0.0692190192724974,0.480619692906612,0.999958959687994,1,0.987861430855165,119133.500949363,104019.194357697,305594.57926102,2.95263823267979
11.689,0.0235215054833637,0.274942877595038,10.6053009131481,0.0692249415020724,0.480660813688004,0.999959520387459,1,0.987920855759072,119252.694036923,104122.056967917,305924.982248586,2.95559234772381
11.69,0.0235215054833637,0.274966399100522,10.6053009131481,0.0692308637316474,0.480701934469396,0.999960073746578,1,0.987980018178803,119372.006377187,104225.021297023,306255.742461513,2.95854941836043
11.691,0.0235215054833637,0.274989920606005,10.6053009131481,0.0692367859612224,0.480743055250787,0.999960619856722,1,0.988038919107707,119491.438089468,104328.087445603,306586.860286028,2.96150944754671
11.692,0.0235215054833637,0.275013442111488,10.6053009131481,0.0692427081907974,0.480784176032179,0.999961158808196,1,0.98809755953631,119610.989293197,104431.255514344,306918.336108773,2.96447243824269
11.693,0.0235215054833637,0.275036963616972,10.6053009131481,0.0692486304203724,0.480825296813571,0.999961690690245,1,0.988155940452316,119730.660107925,104534.525604034,307250.170316808,2.96743839341136
11.694,0.0235215054833637,0.275060485122455,10.6053009131481,0.0692545526499474,0.480866417594963,0.999962215591068,1,0.988214062840614,119850.450653323,104637.897815558,307582.363297613,2.97040731601866
11.695,0.0235215054833637,0.275084006627938,10.6053009131481,0.0692604748795224,0.480907538376354,0.999962733597828,1,0.988271927683275,119970.361049182,104741.372249903,307914.915439088,2.97337920903353
11.696,0.0235215054833637,0.275107528133422,10.6053009131481,0.0692663971090974,0.480948659157746,0.999963244796664,1,0.988329535959561,120090.391415411,104844.949008156,308247.827129547,2.97635407542786
11.697,0.0235215054833637,0.275131049638905,10.6053009131481,0.0692723193386724,0.480989779939138,0.999963749272704,1,0.988386888645924,120210.541872043,104948.628191503,308581.09875773,2.9793319181765
11.698,0.0235215054833637,0.275154571144388,10.6053009131481,0.0692782415682474,0.48103090072053,0.999964247110071,1,0.988443986716011,120330.812539226,105052.409901229,308914.730712794,2.98231274025732
11.699,0.0235215054833637,0.275178092649872,10.6053009131481,0.0692841637978223,0.481072021501921,0.999964738391899,1,0.988500831140664,120451.203537231,105156.294238721,309248.723384318,2.98529654465112
11.7,0.0235215054833637,0.275201614155355,10.6053009131481,0.0692900860273973,0.481113142283313,0.999965223200342,1,0.988557422887927,120571.714986451,105260.281305466,309583.077162301,2.98828333434172
11.701,0.0235215054833637,0.275225135660839,10.6053009131481,0.0692960082569723,0.481154263064705,0.999965701616582,1,0.988613762923045,120692.347007395,105364.371203051,309917.792437165,2.9912731123159
11.702,0.0235215054833637,0.275248657166322,10.6053009131481,0.0693019304865473,0.481195383846096,0.999966173720846,1,0.988669852208472,120813.099720696,105468.564033163,310252.869599752,2.99426588156344
11.703,0.0235215054833637,0.275272178671805,10.6053009131481,0.0693078527161223,0.481236504627488,0.999966639592409,1,0.988725691703869,120933.973247107,105572.859897591,310588.30904133,2.99726164507712
11.704,0.0235215054833637,0.275295700177289,10.6053009131481,0.0693137749456973,0.48127762540888,0.99996709930961,1,0.98878128236611,121054.967707502,105677.258898222,310924.111153588,3.00026040585269
11.705,0.0235215054833637,0.275319221682772,10.6053009131481,0.0693196971752723,0.481318746190272,0.999967552949861,1,0.988836625149284,121176.083222874,105781.761137047,311260.276328637,3.00326216688891
11.706,0.0235215054833637,0.275342743188255,10.6053009131481,0.0693256194048473,0.481359866971663,0.999968000589654,1,0.988891721004699,121297.319914339,105886.366716156,311596.804959014,3.00626693118755
11.707,0.0235215054833637,0.275366264693739,10.6053009131481,0.0693315416344223,0.481400987753055,0.999968442304575,1,0.988946570880885,121418.677903135,105991.07573774,311933.697437681,3.00927470175338
11.708,0.0235215054833637,0.275389786199222,10.6053009131481,0.0693374638639973,0.481442108534447,0.999968878169314,1,0.989001175723596,121540.157310619,106095.888304091,312270.954158022,3.01228548159415
11.709,0.0235215054833637,0.275413307704705,10.6053009131481,0.0693433860935723,0.481483229315839,0.999969308257671,1,0.989055536475816,121661.75825827,106200.804517603,312608.575513851,3.01529927372066
11.71,0.0235215054833637,0.275436829210189,10.6053009131481,0.0693493083231473,0.48152435009723,0.999969732642568,1,0.989109654077759,121783.480867689,106305.82448077,312946.561899402,3.01831608114669
11.711,0.0235215054833637,0.275460350715672,10.6053009131481,0.0693552305527222,0.481565470878622,0.999970151396063,1,0.989163529466875,121905.3252606,106410.948296189,313284.913709339,3.02133590688906
11.712,0.0235215054833637,0.275483872221156,10.6053009131481,0.0693611527822972,0.481606591660014,0.99997056458935,1,0.989217163577851,122027.291558845,106516.176066556,313623.631338752,3.02435875396758
11.713,0.0235215054833637,0.275507393726639,10.6053009131481,0.0693670750118722,0.481647712441406,0.999970972292779,1,0.989270557342617,122149.379884393,106621.507894673,313962.715183159,3.02738462540511
11.714,0.0235215054833637,0.275530915232122,10.6053009131481,0.0693729972414472,0.481688833222797,0.999971374575856,1,0.989323711690346,122271.590359331,106726.943883437,314302.165638502,3.03041352422752
11.715,0.0235215054833637,0.275554436737606,10.6053009131481,0.0693789194710222,0.481729954004189,0.999971771507261,1,0.989376627547462,122393.923105869,106832.484135854,314641.983101156,3.0334454534637
11.716,0.0235215054833637,0.275577958243089,10.6053009131481,0.0693848417005972,0.481771074785581,0.99997216315485,1,0.989429305837638,122516.378246341,106938.128755025,314982.167967922,3.0364804161456
11.717,0.0235215054833637,0.275601479748572,10.6053009131481,0.0693907639301722,0.481812195566973,0.999972549585667,1,0.989481747481804,122638.9559032,107043.877844159,315322.720636029,3.03951841530816
11.718,0.0235215054833637,0.275625001254056,10.6053009131481,0.0693966861597472,0.481853316348364,0.999972930865956,1,0.989533953398147,122761.656199026,107149.731506564,315663.641503138,3.04255945398938
11.719,0.0235215054833637,0.275648522759539,10.6053009131481,0.0694026083893222,0.481894437129756,0.999973307061164,1,0.989585924502119,122884.479256519,107255.689845649,316004.930967337,3.04560353523032
11.72,0.0235215054833637,0.275672044265022,10.6053009131481,0.0694085306188972,0.481935557911148,0.999973678235954,1,0.989637661706435,123007.425198501,107361.752964928,316346.58942715,3.04865066207505
11.721,0.0235215054833637,0.275695565770506,10.6053009131481,0.0694144528484722,0.481976678692539,0.999974044454213,1,0.989689165921081,123130.494147918,107467.920968016,316688.617281524,3.05170083757069
11.722,0.0235215054833637,0.275719087275989,10.6053009131481,0.0694203750780471,0.482017799473931,0.999974405779059,1,0.989740438053314,123253.68622784,107574.19395863,317031.014929842,3.05475406476742
11.723,0.0235215054833637,0.275742608781472,10.6053009131481,0.0694262973076221,0.482058920255323,0.999974762272854,1,0.989791479007669,123377.001561459,107680.572040591,317373.782771918,3.05781034671847
11.724,0.0235215054833637,0.275766130286956,10.6053009131481,0.0694322195371971,0.482100041036715,0.999975113997207,1,0.989842289685961,123500.440272089,107787.055317821,317716.921208001,3.06086968648013
11.725,0.0235215054833637,0.275789651792439,10.6053009131481,0.0694381417667721,0.482141161818106,0.999975461012984,1,0.989892870987288,123624.00248317,107893.643894346,318060.430638768,3.06393208711172
11.726,0.0235215054833637,0.275813173297923,10.6053009131481,0.0694440639963471,0.482182282599498,0.999975803380319,1,0.989943223808036,123747.688318263,108000.337874295,318404.31146533,3.06699755167566
11.727,0.0235215054833637,0.275836694803406,10.6053009131481,0.0694499862259221,0.48222340338089,0.99997614115862,1,0.989993349041881,123871.497901055,108107.137361899,318748.564089236,3.07006608323741
11.728,0.0235215054833637,0.275860216308889,10.6053009131481,0.0694559084554971,0.482264524162282,0.999976474406576,1,0.990043247579796,123995.431355356,108214.042461493,319093.188912465,3.07313768486549
11.729,0.0235215054833637,0.275883737814373,10.6053009131481,0.0694618306850721,0.482305644943673,0.99997680318217,1,0.99009292031005,124119.488805098,108321.053277513,319438.18633743,3.07621235963152
11.73,0.0235215054833637,0.275907259319856,10.6053009131481,0.0694677529146471,0.482346765725065,0.999977127542681,1,0.990142368118216,124243.670374339,108428.169914502,319783.556766983,3.07929011061016
11.731,0.0235215054833637,0.275930780825339,10.6053009131481,0.0694736751442221,0.482387886506457,0.999977447544694,1,0.990191591887172,124367.976187261,108535.392477104,320129.300604409,3.08237094087917
11.732,0.0235215054833637,0.275954302330823,10.6053009131481,0.0694795973737971,0.482429007287848,0.99997776324411,1,0.990240592497106,124492.40636817,108642.721070065,320475.418253428,3.08545485351937
11.733,0.0235215054833637,0.275977823836306,10.6053009131481,0.0694855196033721,0.48247012806924,0.999978074696151,1,0.990289370825521,124616.961041495,108750.155798239,320821.9101182,3.08854185161469
11.734,0.0235215054833637,0.27600134534179,10.6053009131481,0.069491441832947,0.482511248850632,0.99997838195537,1,0.990337927747236,124741.640331792,108857.69676658,321168.776603319,3.09163193825212
11.735,0.0235215054833637,0.276024866847273,10.6053009131481,0.069497364062522,0.482552369632024,0.999978685075657,1,0.990386264134392,124866.444363739,108965.344080146,321516.018113816,3.09472511652174
11.736,0.0235215054833637,0.276048388352756,10.6053009131481,0.069503286292097,0.482593490413416,0.999978984110245,1,0.990434380856455,124991.373262141,109073.097844101,321863.635055164,3.09782138951674
11.737,0.0235215054833637,0.27607190985824,10.6053009131481,0.069509208521672,0.482634611194807,0.999979279111722,1,0.990482278780221,125116.427151927,109180.958163711,322211.627833269,3.10092076033338
11.738,0.0235215054833637,0.276095431363723,10.6053009131481,0.069515130751247,0.482675731976199,0.999979570132033,1,0.990529958769819,125241.606158151,109288.925144347,322559.99685448,3.10402323207104
11.739,0.0235215054833637,0.276118952869206,10.6053009131481,0.069521052980822,0.482716852757591,0.999979857222492,1,0.990577421686713,125366.910405991,109396.998891485,322908.742525583,3.1071288078322
11.74,0.0235215054833637,0.27614247437469,10.6053009131481,0.069526975210397,0.482757973538982,0.999980140433787,1,0.990624668389711,125492.340020752,109505.179510703,323257.865253806,3.11023749072242
11.741,0.0235215054833637,0.276165995880173,10.6053009131481,0.069532897439972,0.482799094320374,0.999980419815986,1,0.990671699734965,125617.895127863,109613.467107686,323607.365446813,3.11334928385039
11.742,0.0235215054833637,0.276189517385657,10.6053009131481,0.069538819669547,0.482840215101766,0.999980695418545,1,0.990718516575975,125743.57585288,109721.861788221,323957.243512715,3.11646419032791
11.743,0.0235215054833637,0.27621303889114,10.6053009131481,0.069544741899122,0.482881335883158,0.999980967290318,1,0.990765119763595,125869.382321483,109830.363658202,324307.499860059,3.11958221326987
11.744,0.0235215054833637,0.276236560396623,10.6053009131481,0.069550664128697,0.482922456664549,0.999981235479557,1,0.990811510146036,125995.314659479,109938.972823626,324658.134897836,3.1227033557943
11.745,0.0235215054833637,0.276260081902107,10.6053009131481,0.069556586358272,0.482963577445941,0.999981500033928,1,0.99085768856887,126121.372992801,110047.689390596,325009.14903548,3.12582762102236
11.746,0.0235215054833637,0.27628360340759,10.6053009131481,0.0695625085878469,0.483004698227333,0.999981761000508,1,0.990903655875035,126247.557447506,110156.513465319,325360.542682864,3.12895501207829
11.747,0.0235215054833637,0.276307124913073,10.6053009131481,0.0695684308174219,0.483045819008725,0.999982018425799,1,0.990949412904838,126373.868149778,110265.445154107,325712.316250309,3.1320855320895
11.748,0.0235215054833637,0.276330646418557,10.6053009131481,0.0695743530469969,0.483086939790116,0.999982272355733,1,0.990994960495958,126500.30522593,110374.484563378,326064.470148576,3.1352191841865
11.749,0.0235215054833637,0.27635416792404,10.6053009131481,0.0695802752765719,0.483128060571508,0.999982522835675,1,0.991040299483455,126626.868802397,110483.631799655,326417.004788872,3.13835597150294
11.75,0.0235215054833637,0.276377689429523,10.6053009131481,0.0695861975061469,0.4831691813529,0.999982769910434,1,0.991085430699768,126753.559005743,110592.886969565,326769.920582847,3.14149589717562
11.751,0.0235215054833637,0.276401210935007,10.6053009131481,0.0695921197357219,0.483210302134292,0.999983013624267,1,0.991130354974722,126880.375962659,110702.250179842,327123.217942598,3.14463896434446
11.752,0.0235215054833637,0.27642473244049,10.6053009131481,0.0695980419652969,0.483251422915683,0.999983254020886,1,0.991175073135535,127007.319799962,110811.721537326,327476.897280667,3.14778517615253
11.753,0.0235215054833637,0.276448253945973,10.6053009131481,0.0696039641948719,0.483292543697075,0.999983491143463,1,0.991219586006815,127134.390644595,110921.301148961,327830.959010039,3.15093453574603
11.754,0.0235215054833637,0.276471775451457,10.6053009131481,0.0696098864244469,0.483333664478467,0.999983725034641,1,0.991263894410573,127261.588623629,111030.989121797,328185.403544152,3.15408704627433
11.755,0.0235215054833637,0.27649529695694,10.6053009131481,0.0696158086540219,0.483374785259858,0.999983955736531,1,0.99130799916622,127388.913864263,111140.785562992,328540.231296884,3.15724271088994
11.756,0.0235215054833637,0.276518818462424,10.6053009131481,0.0696217308835969,0.48341590604125,0.999984183290729,1,0.991351901090575,127516.366493821,111250.690579806,328895.442682566,3.16040153274852
11.757,0.0235215054833637,0.276542339967907,10.6053009131481,0.0696276531131718,0.483457026822642,0.999984407738313,1,0.991395600997869,127643.946639756,111360.704279609,329251.038115972,3.1635635150089
11.758,0.0235215054833637,0.27656586147339,10.6053009131481,0.0696335753427468,0.483498147604034,0.999984629119854,1,0.991439099699748,127771.654429648,111470.826769875,329607.018012329,3.16672866083306
11.759,0.0235215054833637,0.276589382978874,10.6053009131481,0.0696394975723218,0.483539268385425,0.999984847475421,1,0.991482398005279,127899.489991206,111581.058158185,329963.382787311,3.16989697338615
11.76,0.0235215054833637,0.276612904484357,10.6053009131481,0.0696454198018968,0.483580389166817,0.999985062844586,1,0.991525496720952,128027.453452264,111691.398552225,330320.13285704,3.17306845583647
11.761,0.0235215054833637,0.27663642598984,10.6053009131481,0.0696513420314718,0.483621509948209,0.999985275266429,1,0.991568396650687,128155.544940786,111801.848059791,330677.268638089,3.1762431113555
11.762,0.0235215054833637,0.276659947495324,10.6053009131481,0.0696572642610468,0.483662630729601,0.999985484779545,1,0.991611098595837,128283.764584864,111912.406788782,331034.790547485,3.17942094311793
11.763,0.0235215054833637,0.276683469000807,10.6053009131481,0.0696631864906218,0.483703751510992,0.999985691422051,1,0.99165360335519,128412.112512717,112023.074847205,331392.699002698,3.18260195430155
11.764,0.0235215054833637,0.27670699050629,10.6053009131481,0.0696691087201968,0.483744872292384,0.99998589523159,1,0.99169591172498,128540.588852694,112133.852343174,331750.994421657,3.18578614808739
11.765,0.0235215054833637,0.276730512011774,10.6053009131481,0.0696750309497718,0.483785993073776,0.999986096245333,1,0.991738024498885,128669.19373327,112244.739384909,332109.677222739,3.18897352765966
11.766,0.0235215054833637,0.276754033517257,10.6053009131481,0.0696809531793468,0.483827113855168,0.999986294499993,1,0.991779942468033,128797.92728305,112355.736080739,332468.747824774,3.19216409620571
11.767,0.0235215054833637,0.276777555022741,10.6053009131481,0.0696868754089218,0.483868234636559,0.999986490031822,1,0.991821666421009,128926.789630768,112466.842539098,332828.206647045,3.19535785691612
11.768,0.0235215054833637,0.276801076528224,10.6053009131481,0.0696927976384968,0.483909355417951,0.999986682876621,1,0.991863197143856,129055.780905287,112578.058868528,333188.054109288,3.19855481298466
11.769,0.0235215054833637,0.276824598033707,10.6053009131481,0.0696987198680717,0.483950476199343,0.999986873069744,1,0.991904535420082,129184.901235597,112689.385177679,333548.290631693,3.20175496760827
11.77,0.0235215054833637,0.276848119539191,10.6053009131481,0.0697046420976467,0.483991596980735,0.999987060646103,1,0.991945682030664,129314.15075082,112800.821575308,333908.916634905,3.20495832398712
11.771,0.0235215054833637,0.276871641044674,10.6053009131481,0.0697105643272217,0.484032717762126,0.999987245640174,1,0.991986637754051,129443.529580204,112912.368170279,334269.932540023,3.20816488532457
11.772,0.0235215054833637,0.276895162550157,10.6053009131481,0.0697164865567967,0.484073838543518,0.999987428086001,1,0.992027403366171,129573.037853128,113024.025071563,334631.3387686,3.21137465482716
11.773,0.0235215054833637,0.276918684055641,10.6053009131481,0.0697224087863717,0.48411495932491,0.999987608017201,1,0.992067979640432,129702.675699101,113135.792388241,334993.135742649,3.21458763570468
11.774,0.0235215054833637,0.276942205561124,10.6053009131481,0.0697283310159467,0.484156080106302,0.999987785466973,1,0.992108367347731,129832.443247761,113247.670229502,335355.323884634,3.2178038311701
11.775,0.0235215054833637,0.276965727066607,10.6053009131481,0.0697342532455217,0.484197200887693,0.999987960468095,1,0.992148567256454,129962.340628874,113359.658704639,335717.90361748,3.22102324443962
11.776,0.0235215054833637,0.276989248572091,10.6053009131481,0.0697401754750967,0.484238321669085,0.999988133052937,1,0.992188580132485,130092.367972339,113471.757923057,336080.875364566,3.22424587873265
11.777,0.0235215054833637,0.277012770077574,10.6053009131481,0.0697460977046717,0.484279442450477,0.99998830325346,1,0.992228406739207,130222.525408183,113583.967994268,336444.239549732,3.22747173727184
11.778,0.0235215054833637,0.277036291583058,10.6053009131481,0.0697520199342467,0.484320563231868,0.999988471101226,1,0.992268047837509,130352.813066563,113696.289027893,336807.996597272,3.23070082328302
11.779,0.0235215054833637,0.277059813088541,10.6053009131481,0.0697579421638217,0.48436168401326,0.999988636627397,1,0.992307504185787,130483.231077767,113808.721133659,337172.146931944,3.2339331399953
11.78,0.0235215054833637,0.277083334594024,10.6053009131481,0.0697638643933966,0.484402804794652,0.999988799862745,1,0.992346776539955,130613.779572213,113921.264421404,337536.690978961,3.23716869064099
11.781,0.0235215054833637,0.277106856099508,10.6053009131481,0.0697697866229716,0.484443925576044,0.999988960837652,1,0.992385865653444,130744.458680449,114033.919001073,337901.629163998,3.24040747845564
11.782,0.0235215054833637,0.277130377604991,10.6053009131481,0.0697757088525466,0.484485046357435,0.999989119582119,1,0.992424772277208,130875.268533155,114146.684982722,338266.961913187,3.24364950667804
11.783,0.0235215054833637,0.277153899110474,10.6053009131481,0.0697816310821216,0.484526167138827,0.999989276125767,1,0.992463497159729,131006.209261141,114259.562476513,338632.689653127,3.24689477855021
11.784,0.0235215054833637,0.277177420615958,10.6053009131481,0.0697875533116966,0.484567287920219,0.999989430497843,1,0.992502041047024,131137.280995346,114372.551592719,338998.812810872,3.25014329731744
11.785,0.0235215054833637,0.277200942121441,10.6053009131481,0.0697934755412716,0.484608408701611,0.999989582727225,1,0.992540404682646,131268.483866844,114485.65244172,339365.331813941,3.25339506622823
11.786,0.0235215054833637,0.277224463626924,10.6053009131481,0.0697993977708466,0.484649529483002,0.999989732842426,1,0.992578588807689,131399.818006836,114598.865134009,339732.247090313,3.25665008853436
11.787,0.0235215054833637,0.277247985132408,10.6053009131481,0.0698053200004216,0.484690650264394,0.999989880871598,1,0.992616594160796,131531.283546657,114712.189780183,340099.559068433,3.25990836749085
11.788,0.0235215054833637,0.277271506637891,10.6053009131481,0.0698112422299966,0.484731771045786,0.999990026842534,1,0.992654421478161,131662.880617773,114825.626490952,340467.268177206,3.26316990635598
11.789,0.0235215054833637,0.277295028143375,10.6053009131481,0.0698171644595716,0.484772891827177,0.999990170782677,1,0.992692071493534,131794.609351781,114939.175377135,340835.374846003,3.26643470839128
11.79,0.0235215054833637,0.277318549648858,10.6053009131481,0.0698230866891466,0.484814012608569,0.999990312719123,1,0.992729544938228,131926.469880408,115052.836549661,341203.879504656,3.26970277686157
11.791,0.0235215054833637,0.277342071154341,10.6053009131481,0.0698290089187215,0.484855133389961,0.99999045267862,1,0.992766842541118,132058.462335517,115166.610119566,341572.782583468,3.27297411503491
11.792,0.0235215054833637,0.277365592659825,10.6053009131481,0.0698349311482965,0.484896254171353,0.99999059068758,1,0.992803965028654,132190.586849099,115280.496197998,341942.084513199,3.27624872618263
11.793,0.0235215054833637,0.277389114165308,10.6053009131481,0.0698408533778715,0.484937374952744,0.999990726772078,1,0.992840913124858,132322.843553279,115394.494896215,342311.785725082,3.27952661357935
11.794,0.0235215054833637,0.277412635670791,10.6053009131481,0.0698467756074465,0.484978495734136,0.999990860957855,1,0.992877687551334,132455.232580313,115508.606325584,342681.886650812,3.28280778050297
11.795,0.0235215054833637,0.277436157176275,10.6053009131481,0.0698526978370215,0.485019616515528,0.999990993270327,1,0.992914289027271,132587.754062591,115622.830597584,343052.387722552,3.28609223023463
11.796,0.0235215054833637,0.277459678681758,10.6053009131481,0.0698586200665965,0.48506073729692,0.999991123734585,1,0.992950718269448,132720.408132634,115737.167823802,343423.289372931,3.2893799660588
11.797,0.0235215054833637,0.277483200187241,10.6053009131481,0.0698645422961715,0.485101858078311,0.9999912523754,1,0.992986975992237,132853.194923097,115851.618115936,343794.59203505,3.29267099126321
11.798,0.0235215054833637,0.277506721692725,10.6053009131481,0.0698704645257465,0.485142978859703,0.999991379217227,1,0.993023062907612,132986.114566765,115966.181585796,344166.296142472,3.29596530913888
11.799,0.0235215054833637,0.277530243198208,10.6053009131481,0.0698763867553215,0.485184099641095,0.999991504284208,1,0.993058979725149,133119.167196559,116080.8583453,344538.402129233,3.29926292298014
11.8,0.0235215054833637,0.277553764703692,10.6053009131481,0.0698823089848965,0.485225220422487,0.999991627600178,1,0.993094727152034,133252.352945531,116195.648506478,344910.910429838,3.3025638360846
11.801,0.0235215054833637,0.277577286209175,10.6053009131481,0.0698882312144715,0.485266341203878,0.999991749188664,1,0.993130305893068,133385.671946867,116310.552181472,345283.82147926,3.30586805175317
11.802,0.0235215054833637,0.277600807714658,10.6053009131481,0.0698941534440464,0.48530746198527,0.999991869072896,1,0.993165716650669,133519.124333887,116425.569482532,345657.135712944,3.30917557329006
11.803,0.0235215054833637,0.277624329220142,10.6053009131481,0.0699000756736214,0.485348582766662,0.999991987275803,1,0.993200960124881,133652.710240041,116540.700522022,346030.853566805,3.31248640400281
11.804,0.0235215054833637,0.277647850725625,10.6053009131481,0.0699059979031964,0.485389703548054,0.999992103820021,1,0.993236037013374,133786.429798918,116655.945412415,346404.975477229,3.31580054720223
11.805,0.0235215054833637,0.277671372231108,10.6053009131481,0.0699119201327714,0.485430824329445,0.999992218727896,1,0.993270948011454,133920.283144235,116771.304266297,346779.501881074,3.31911800620247
11.806,0.0235215054833637,0.277694893736592,10.6053009131481,0.0699178423623464,0.485471945110837,0.999992332021487,1,0.993305693812064,134054.270409846,116886.777196363,347154.433215672,3.32243878432101
11.807,0.0235215054833637,0.277718415242075,10.6053009131481,0.0699237645919214,0.485513065892229,0.99999244372257,1,0.993340275105792,134188.391729739,117002.364315422,347529.769918824,3.3257628848786
11.808,0.0235215054833637,0.277741936747558,10.6053009131481,0.0699296868214964,0.48555418667362,0.999992553852639,1,0.993374692580871,134322.647238035,117118.065736392,347905.512428809,3.32909031119935
11.809,0.0235215054833637,0.277765458253042,10.6053009131481,0.0699356090510714,0.485595307455012,0.999992662432914,1,0.99340894692319,134457.03706899,117233.881572305,348281.661184376,3.3324210666107
11.81,0.0235215054833637,0.277788979758525,10.6053009131481,0.0699415312806464,0.485636428236404,0.99999276948434,1,0.993443038816296,134591.561356992,117349.811936304,348658.21662475,3.33575515444338
11.811,0.0235215054833637,0.277812501264009,10.6053009131481,0.0699474535102214,0.485677549017796,0.999992875027594,1,0.993476968941398,134726.220236567,117465.856941643,349035.179189631,3.3390925780315
11.812,0.0235215054833637,0.277836022769492,10.6053009131481,0.0699533757397964,0.485718669799187,0.999992979083083,1,0.993510737977374,134861.013842374,117582.016701688,349412.549319196,3.34243334071248
11.813,0.0235215054833637,0.277859544274975,10.6053009131481,0.0699592979693714,0.485759790580579,0.999993081670953,1,0.993544346600774,134995.942309206,117698.29132992,349790.327454093,3.34577744582707
11.814,0.0235215054833637,0.277883065780459,10.6053009131481,0.0699652201989463,0.485800911361971,0.99999318281109,1,0.993577795485826,135131.005771991,117814.680939927,350168.514035451,3.34912489671939
11.815,0.0235215054833637,0.277906587285942,10.6053009131481,0.0699711424285213,0.485842032143363,0.999993282523123,1,0.993611085304443,135266.204365793,117931.185645415,350547.109504875,3.35247569673688
11.816,0.0235215054833637,0.277930108791425,10.6053009131481,0.0699770646580963,0.485883152924754,0.999993380826425,1,0.993644216726222,135401.538225811,118047.805560198,350926.114304446,3.35582984923035
11.817,0.0235215054833637,0.277953630296909,10.6053009131481,0.0699829868876713,0.485924273706146,0.999993477740121,1,0.993677190418458,135537.007487379,118164.540798205,351305.528876725,3.35918735755395
11.818,0.0235215054833637,0.277977151802392,10.6053009131481,0.0699889091172463,0.485965394487538,0.999993573283087,1,0.993710007046139,135672.612285965,118281.391473477,351685.353664749,3.36254822506519
11.819,0.0235215054833637,0.278000673307875,10.6053009131481,0.0699948313468213,0.48600651526893,0.999993667473953,1,0.993742667271958,135808.352757175,118398.357700167,352065.589112036,3.36591245512493
11.82,0.0235215054833637,0.278024194813359,10.6053009131481,0.0700007535763963,0.486047636050321,0.99999376033111,1,0.993775171756318,135944.229036749,118515.439592543,352446.235662584,3.36928005109741
11.821,0.0235215054833637,0.278047716318842,10.6053009131481,0.0700066758059713,0.486088756831713,0.999993851872709,1,0.993807521157331,136080.241260563,118632.637264983,352827.293760868,3.37265101635022
11.822,0.0235215054833637,0.278071237824326,10.6053009131481,0.0700125980355463,0.486129877613105,0.999993942116665,1,0.99383971613083,136216.38956463,118749.950831981,353208.763851847,3.37602535425432
11.823,0.0235215054833637,0.278094759329809,10.6053009131481,0.0700185202651213,0.486170998394497,0.999994031080659,1,0.99387175733037,136352.674085098,118867.380408143,353590.646380959,3.37940306818407
11.824,0.0235215054833637,0.278118280835292,10.6053009131481,0.0700244424946962,0.486212119175888,0.999994118782145,1,0.993903645407233,136489.094958251,118984.926108187,353972.941794124,3.38278416151716
11.825,0.0235215054833637,0.278141802340776,10.6053009131481,0.0700303647242712,0.48625323995728,0.999994205238347,1,0.993935381010435,136625.652320511,119102.588046946,354355.650537744,3.3861686376347
11.826,0.0235215054833637,0.278165323846259,10.6053009131481,0.0700362869538462,0.486294360738672,0.999994290466266,1,0.99396696478673,136762.346308434,119220.366339367,354738.773058705,3.38955649992116
11.827,0.0235215054833637,0.278188845351742,10.6053009131481,0.0700422091834212,0.486335481520063,0.999994374482681,1,0.993998397380617,136899.177058715,119338.261100509,355122.309804374,3.39294775176439
11.828,0.0235215054833637,0.278212366857226,10.6053009131481,0.0700481314129962,0.486376602301455,0.999994457304152,1,0.99402967943434,137036.144708184,119456.272445547,355506.261222604,3.39634239655566
11.829,0.0235215054833637,0.278235888362709,10.6053009131481,0.0700540536425712,0.486417723082847,0.999994538947024,1,0.994060811587897,137173.24939381,119574.400489768,355890.62776173,3.39974043768962
11.83,0.0235215054833637,0.278259409868192,10.6053009131481,0.0700599758721462,0.486458843864239,0.999994619427425,1,0.994091794479047,137310.491252697,119692.645348573,356275.409870573,3.40314187856429
11.831,0.0235215054833637,0.278282931373676,10.6053009131481,0.0700658981017212,0.48649996464563,0.999994698761277,1,0.99412262874331,137447.870422086,119811.007137478,356660.607998439,3.40654672258113
11.832,0.0235215054833637,0.278306452879159,10.6053009131481,0.0700718203312962,0.486541085427022,0.999994776964289,1,0.994153315013975,137585.387039357,119929.485972114,357046.222595121,3.40995497314497
11.833,0.0235215054833637,0.278329974384643,10.6053009131481,0.0700777425608712,0.486582206208414,0.999994854051968,1,0.994183853922105,137723.041242026,120048.081968224,357432.254110894,3.41336663366407
11.834,0.0235215054833637,0.278353495890126,10.6053009131481,0.0700836647904462,0.486623326989806,0.999994930039616,1,0.994214246096541,137860.833167748,120166.795241667,357818.702996526,3.41678170755009
11.835,0.0235215054833637,0.278377017395609,10.6053009131481,0.0700895870200212,0.486664447771197,0.999995004942334,1,0.994244492163908,137998.762954315,120285.625908417,358205.569703268,3.4202001982181
11.836,0.0235215054833637,0.278400538901093,10.6053009131481,0.0700955092495961,0.486705568552589,0.999995078775027,1,0.994274592748621,138136.830739657,120404.574084562,358592.85468286,3.42362210908659
11.837,0.0235215054833637,0.278424060406576,10.6053009131481,0.0701014314791711,0.486746689333981,0.999995151552401,1,0.994304548472888,138275.03666184,120523.639886304,358980.558387531,3.42704744357748
11.838,0.0235215054833637,0.278447581912059,10.6053009131481,0.0701073537087461,0.486787810115373,0.999995223288972,1,0.994334359956716,138413.380859072,120642.823429961,359368.681269999,3.4304762051161
11.839,0.0235215054833637,0.278471103417543,10.6053009131481,0.0701132759383211,0.486828930896764,0.999995293999064,1,0.994364027817917,138551.863469696,120762.124831966,359757.22378347,3.4339083971312
11.84,0.0235215054833637,0.278494624923026,10.6053009131481,0.0701191981678961,0.486870051678156,0.999995363696811,1,0.994393552672111,138690.484632195,120881.544208867,360146.18638164,3.43734402305499
11.841,0.0235215054833637,0.278518146428509,10.6053009131481,0.0701251203974711,0.486911172459548,0.999995432396163,1,0.994422935132734,138829.244485191,121001.081677326,360535.5695187,3.4407830863231
11.842,0.0235215054833637,0.278541667933993,10.6053009131481,0.0701310426270461,0.48695229324094,0.999995500110885,1,0.994452175811041,138968.143167442,121120.737354123,360925.373649325,3.44422559037457
11.843,0.0235215054833637,0.278565189439476,10.6053009131481,0.0701369648566211,0.486993414022331,0.999995566854561,1,0.994481275316111,139107.180817848,121240.511356152,361315.599228687,3.44767153865192
11.844,0.0235215054833637,0.27858871094496,10.6053009131481,0.0701428870861961,0.487034534803723,0.999995632640596,1,0.994510234254853,139246.357575447,121360.403800421,361706.246712447,3.45112093460109
11.845,0.0235215054833637,0.278612232450443,10.6053009131481,0.0701488093157711,0.487075655585115,0.999995697482218,1,0.994539053232013,139385.673579415,121480.414804057,362097.316556762,3.4545737816715
11.846,0.0235215054833637,0.278635753955926,10.6053009131481,0.0701547315453461,0.487116776366506,0.999995761392479,1,0.994567732850175,139525.128969068,121600.5444843,362488.809218278,3.45803008331596
11.847,0.0235215054833637,0.27865927546141,10.6053009131481,0.070160653774921,0.487157897147898,0.99999582438426,1,0.994596273709768,139664.723883861,121720.792958508,362880.725154138,3.4614898429908
11.848,0.0235215054833637,0.278682796966893,10.6053009131481,0.070166576004496,0.48719901792929,0.99999588647027,1,0.994624676409074,139804.45846339,121841.160344153,363273.064821977,3.46495306415577
11.849,0.0235215054833637,0.278706318472376,10.6053009131481,0.070172498234071,0.487240138710682,0.999995947663052,1,0.994652941544227,139944.33284739,121961.646758825,363665.828679929,3.4684197502741
11.85,0.0235215054833637,0.27872983997786,10.6053009131481,0.070178420463646,0.487281259492073,0.999996007974981,1,0.994681069709225,140084.347175733,122082.252320229,364059.017186615,3.47188990481246
11.851,0.0235215054833637,0.278753361483343,10.6053009131481,0.070184342693221,0.487322380273465,0.999996067418267,1,0.99470906149593,140224.501588436,122202.977146188,364452.630801162,3.47536353124102
11.852,0.0235215054833637,0.278776882988826,10.6053009131481,0.070190264922796,0.487363501054857,0.999996126004961,1,0.994736917494075,140364.796225652,122323.821354639,364846.669983186,3.4788406330334
11.853,0.0235215054833637,0.27880040449431,10.6053009131481,0.070196187152371,0.487404621836249,0.999996183746952,1,0.99476463829127,140505.231227675,122444.785063638,365241.135192802,3.4823212136667
11.854,0.0235215054833637,0.278823925999793,10.6053009131481,0.070202109381946,0.48744574261764,0.999996240655971,1,0.994792224473006,140645.806734942,122565.868391357,365636.026890623,3.4858052766215
11.855,0.0235215054833637,0.278847447505277,10.6053009131481,0.070208031611521,0.487486863399032,0.999996296743593,1,0.994819676622661,140786.522888027,122687.071456084,366031.345537763,3.48929282538188
11.856,0.0235215054833637,0.27887096901076,10.6053009131481,0.070213953841096,0.487527984180424,0.999996352021241,1,0.994846995321505,140927.379827647,122808.394376225,366427.091595826,3.49278386343537
11.857,0.0235215054833637,0.278894490516243,10.6053009131481,0.070219876070671,0.487569104961816,0.999996406500183,1,0.994874181148702,141068.377694658,122929.837270303,366823.265526925,3.49627839427301
11.858,0.0235215054833637,0.278918012021727,10.6053009131481,0.070225798300246,0.487610225743207,0.999996460191538,1,0.994901234681321,141209.516630059,123051.400256958,367219.867793666,3.49977642138934
11.859,0.0235215054833637,0.27894153352721,10.6053009131481,0.0702317205298209,0.487651346524599,0.999996513106279,1,0.994928156494338,141350.796774988,123173.083454946,367616.898859158,3.50327794828238
11.86,0.0235215054833637,0.278965055032693,10.6053009131481,0.0702376427593959,0.487692467305991,0.999996565255229,1,0.99495494716064,141492.218270726,123294.886983143,368014.359187009,3.50678297845366
11.861,0.0235215054833637,0.278988576538177,10.6053009131481,0.0702435649889709,0.487733588087383,0.999996616649068,1,0.994981607251033,141633.781258694,123416.810960542,368412.249241331,3.51029151540822
11.862,0.0235215054833637,0.27901209804366,10.6053009131481,0.0702494872185459,0.487774708868774,0.999996667298334,1,0.995008137334244,141775.485880455,123538.855506251,368810.569486733,3.51380356265458
11.863,0.0235215054833637,0.279035619549143,10.6053009131481,0.0702554094481209,0.487815829650166,0.999996717213423,1,0.99503453797693,141917.332277713,123661.020739499,369209.320388333,3.51731912370479
11.864,0.0235215054833637,0.279059141054627,10.6053009131481,0.0702613316776959,0.487856950431558,0.999996766404594,1,0.99506080974368,142059.320592316,123783.306779631,369608.502411746,3.52083820207443
11.865,0.0235215054833637,0.27908266256011,10.6053009131481,0.0702672539072709,0.487898071212949,0.999996814881966,1,0.99508695319702,142201.450966251,123905.71374611,370008.116023093,3.52436080128256
11.866,0.0235215054833637,0.279106184065594,10.6053009131481,0.0702731761368459,0.487939191994341,0.999996862655524,1,0.995112968897422,142343.723541649,124028.24175852,370408.161688997,3.52788692485178
11.867,0.0235215054833637,0.279129705571077,10.6053009131481,0.0702790983664209,0.487980312775733,0.999996909735119,1,0.995138857403306,142486.138460782,124150.890936559,370808.639876591,3.53141657630823
11.868,0.0235215054833637,0.27915322707656,10.6053009131481,0.0702850205959959,0.488021433557125,0.999996956130469,1,0.995164619271043,142628.695866066,124273.661400046,371209.551053506,3.53494975918154
11.869,0.0235215054833637,0.279176748582044,10.6053009131481,0.0702909428255709,0.488062554338516,0.999997001851163,1,0.995190255054967,142771.395900057,124396.553268918,371610.895687882,3.5384864770049
11.87,0.0235215054833637,0.279200270087527,10.6053009131481,0.0702968650551459,0.488103675119908,0.999997046906661,1,0.995215765307374,142914.238705456,124519.566663231,372012.674248367,3.54202673331504
11.871,0.0235215054833637,0.27922379159301,10.6053009131481,0.0703027872847208,0.4881447959013,0.999997091306294,1,0.99524115057853,143057.224425106,124642.701703158,372414.887204111,3.54557053165221
11.872,0.0235215054833637,0.279247313098494,10.6053009131481,0.0703087095142958,0.488185916682692,0.999997135059269,1,0.995266411416675,143200.353201992,124765.958508993,372817.535024774,3.5491178755602
11.873,0.0235215054833637,0.279270834603977,10.6053009131481,0.0703146317438708,0.488227037464083,0.99999717817467,1,0.995291548368029,143343.625179244,124889.337201147,373220.618180526,3.55266876858637
11.874,0.0235215054833637,0.27929435610946,10.6053009131481,0.0703205539734458,0.488268158245475,0.999997220661456,1,0.995316561976799,143487.040500132,125012.837900153,373624.137142041,3.5562232142816
11.875,0.0235215054833637,0.279317877614944,10.6053009131481,0.0703264762030208,0.488309279026867,0.999997262528469,1,0.995341452785178,143630.599308073,125136.460726659,374028.092380504,3.55978121620034
11.876,0.0235215054833637,0.279341399120427,10.6053009131481,0.0703323984325958,0.488350399808259,0.999997303784427,1,0.995366221333357,143774.301746625,125260.205801436,374432.484367609,3.56334277790059
11.877,0.0235215054833637,0.279364920625911,10.6053009131481,0.0703383206621708,0.48839152058965,0.999997344437936,1,0.995390868159529,143918.147959491,125384.073245372,374837.313575561,3.56690790294392
11.878,0.0235215054833637,0.279388442131394,10.6053009131481,0.0703442428917458,0.488432641371042,0.99999738449748,1,0.995415393799889,144062.138090517,125508.063179477,375242.580477074,3.57047659489545
11.879,0.0235215054833637,0.279411963636877,10.6053009131481,0.0703501651213208,0.488473762152434,0.999997423971433,1,0.995439798788646,144206.272283693,125632.175724878,375648.285545375,3.57404885732387
11.88,0.0235215054833637,0.279435485142361,10.6053009131481,0.0703560873508958,0.488514882933825,0.999997462868053,1,0.995464083658022,144350.550683153,125756.411002823,376054.429254201,3.57762469380144
11.881,0.0235215054833637,0.279459006647844,10.6053009131481,0.0703620095804708,0.488556003715217,0.999997501195487,1,0.995488248938265,144494.973433176,125880.76913468,376461.012077801,3.58120410790402
11.882,0.0235215054833637,0.279482528153327,10.6053009131481,0.0703679318100457,0.488597124496609,0.999997538961773,1,0.995512295157644,144639.540678184,126005.250241938,376868.034490938,3.58478710321099
11.883,0.0235215054833637,0.279506049658811,10.6053009131481,0.0703738540396207,0.488638245278001,0.999997576174839,1,0.995536222842463,144784.252562745,126129.854446203,377275.496968888,3.58837368330536
11.884,0.0235215054833637,0.279529571164294,10.6053009131481,0.0703797762691957,0.488679366059392,0.999997612842504,1,0.995560032517063,144929.109231571,126254.581869206,377683.399987441,3.59196385177373
11.885,0.0235215054833637,0.279553092669777,10.6053009131481,0.0703856984987707,0.488720486840784,0.999997648972484,1,0.995583724703825,145074.110829518,126379.432632792,378091.744022899,3.59555761220623
11.886,0.0235215054833637,0.279576614175261,10.6053009131481,0.0703916207283457,0.488761607622176,0.999997684572387,1,0.995607299923179,145219.257501588,126504.406858934,378500.529552084,3.59915496819665
11.887,0.0235215054833637,0.279600135680744,10.6053009131481,0.0703975429579207,0.488802728403568,0.999997719649722,1,0.995630758693607,145364.549392928,126629.50466972,378909.757052328,3.60275592334235
11.888,0.0235215054833637,0.279623657186228,10.6053009131481,0.0704034651874957,0.488843849184959,0.999997754211891,1,0.995654101531647,145509.986648829,126754.72618736,379319.427001483,3.60636048124426
11.889,0.0235215054833637,0.279647178691711,10.6053009131481,0.0704093874170707,0.488884969966351,0.999997788266198,1,0.995677328951902,145655.569414729,126880.071534186,379729.539877915,3.60996864550695
11.89,0.0235215054833637,0.279670700197194,10.6053009131481,0.0704153096466457,0.488926090747743,0.999997821819848,1,0.995700441467041,145801.29783621,127005.54083265,380140.096160511,3.6135804197386
11.891,0.0235215054833637,0.279694221702678,10.6053009131481,0.0704212318762207,0.488967211529135,0.999997854879947,1,0.995723439587809,145947.172059002,127131.134205326,380551.09632867,3.61719580755096
11.892,0.0235215054833637,0.279717743208161,10.6053009131481,0.0704271541057957,0.489008332310526,0.999997887453504,1,0.995746323823025,146093.192228977,127256.851774909,380962.540862315,3.62081481255943
11.893,0.0235215054833637,0.279741264713644,10.6053009131481,0.0704330763353707,0.489049453091918,0.999997919547433,1,0.995769094679596,146239.358492157,127382.693664214,381374.430241884,3.62443743838302
11.894,0.0235215054833637,0.279764786219128,10.6053009131481,0.0704389985649456,0.48909057387331,0.999997951168553,1,0.995791752662514,146385.670994708,127508.659996178,381786.764948337,3.62806368864434
11.895,0.0235215054833637,0.279788307724611,10.6053009131481,0.0704449207945206,0.489131694654702,0.99999798232359,1,0.995814298274867,146532.129882942,127634.750893861,382199.545463151,3.63169356696966
11.896,0.0235215054833637,0.279811829230095,10.6053009131481,0.0704508430240956,0.489172815436093,0.999998013019179,1,0.995836732017841,146678.735303318,127760.966480444,382612.772268328,3.63532707698885
11.897,0.0235215054833637,0.279835350735578,10.6053009131481,0.0704567652536706,0.489213936217485,0.999998043261864,1,0.995859054390727,146825.487402442,127887.306879228,383026.445846386,3.63896422233541
11.898,0.0235215054833637,0.279858872241061,10.6053009131481,0.0704626874832456,0.489255056998877,0.999998073058098,1,0.995881265890923,146972.386327065,128013.772213639,383440.566680369,3.6426050066465
11.899,0.0235215054833637,0.279882393746545,10.6053009131481,0.0704686097128206,0.489296177780269,0.999998102414247,1,0.995903367013945,147119.432224087,128140.362607223,383855.135253842,3.64624943356291
11.9,0.0235215054833637,0.279905915252028,10.6053009131481,0.0704745319423956,0.48933729856166,0.99999813133659,1,0.995925358253426,147266.625240553,128267.078183648,384270.15205089,3.64989750672905
11.901,0.0235215054833637,0.279929436757511,10.6053009131481,0.0704804541719706,0.489378419343052,0.999998159831319,1,0.995947240101125,147413.965523656,128393.919066705,384685.617556125,3.653549229793
11.902,0.0235215054833637,0.279952958262995,10.6053009131481,0.0704863764015456,0.489419540124444,0.999998187904542,1,0.995969013046931,147561.453220738,128520.885380308,385101.532254683,3.65720460640649
11.903,0.0235215054833637,0.279976479768478,10.6053009131481,0.0704922986311206,0.489460660905835,0.999998215562283,1,0.995990677578866,147709.088479285,128647.977248493,385517.896632221,3.66086364022488
11.904,0.0235215054833637,0.280000001273961,10.6053009131481,0.0704982208606956,0.489501781687227,0.999998242810483,1,0.996012234183096,147856.871446933,128775.194795418,385934.711174924,3.66452633490722
11.905,0.0235215054833637,0.280023522779445,10.6053009131481,0.0705041430902705,0.489542902468619,0.999998269655001,1,0.996033683343929,148004.802271465,128902.538145364,386351.976369503,3.66819269411621
11.906,0.0235215054833637,0.280047044284928,10.6053009131481,0.0705100653198455,0.489584023250011,0.999998296101615,1,0.996055025543826,148152.881100811,129030.007422736,386769.692703193,3.67186272151819
11.907,0.0235215054833637,0.280070565790411,10.6053009131481,0.0705159875494205,0.489625144031402,0.999998322156026,1,0.996076261263403,148301.10808305,129157.602752061,387187.860663756,3.67553642078319
11.908,0.0235215054833637,0.280094087295895,10.6053009131481,0.0705219097789955,0.489666264812794,0.999998347823854,1,0.996097390981435,148449.48336641,129285.32425799,387606.480739485,3.67921379558493
11.909,0.0235215054833637,0.280117608801378,10.6053009131481,0.0705278320085705,0.489707385594186,0.999998373110642,1,0.996118415174865,148598.007099267,129413.172065295,388025.553419196,3.68289484960077
11.91,0.0235215054833637,0.280141130306862,10.6053009131481,0.0705337542381455,0.489748506375578,0.999998398021858,1,0.996139334318808,148746.679430142,129541.146298874,388445.079192237,3.68657958651176
11.911,0.0235215054833637,0.280164651812345,10.6053009131481,0.0705396764677205,0.489789627156969,0.999998422562892,1,0.996160148886552,148895.500507709,129669.247083748,388865.058548482,3.69026801000265
11.912,0.0235215054833637,0.280188173317828,10.6053009131481,0.0705455986972955,0.489830747938361,0.999998446739063,1,0.99618085934957,149044.470480789,129797.474545061,389285.491978338,3.69396012376185
11.913,0.0235215054833637,0.280211694823312,10.6053009131481,0.0705515209268705,0.489871868719753,0.999998470555613,1,0.996201466177519,149193.589498352,129925.82880808,389706.379972742,3.6976559314815
11.914,0.0235215054833637,0.280235216328795,10.6053009131481,0.0705574431564455,0.489912989501145,0.999998494017714,1,0.996221969838249,149342.857709517,130054.309998198,390127.723023157,3.70135543685737
11.915,0.0235215054833637,0.280258737834278,10.6053009131481,0.0705633653860205,0.489954110282536,0.999998517130466,1,0.996242370797805,149492.275263552,130182.91824093,390549.521621584,3.70505864358899
11.916,0.0235215054833637,0.280282259339762,10.6053009131481,0.0705692876155954,0.489995231063928,0.999998539898898,1,0.996262669520436,149641.842309875,130311.653661917,390971.776260551,3.70876555537957
11.917,0.0235215054833637,0.280305780845245,10.6053009131481,0.0705752098451704,0.49003635184532,0.999998562327969,1,0.996282866468598,149791.558998052,130440.516386921,391394.487433121,3.71247617593601
11.918,0.0235215054833637,0.280329302350728,10.6053009131481,0.0705811320747454,0.490077472626711,0.99999858442257,1,0.996302962102957,149941.425477801,130569.506541833,391817.655632888,3.71619050896893
11.919,0.0235215054833637,0.280352823856212,10.6053009131481,0.0705870543043204,0.490118593408103,0.999998606187524,1,0.996322956882398,150091.441898989,130698.624252665,392241.281353983,3.71990855819268
11.92,0.0235215054833637,0.280376345361695,10.6053009131481,0.0705929765338954,0.490159714189495,0.999998627627587,1,0.996342851264027,150241.60841163,130827.869645554,392665.365091068,3.72363032732529
11.921,0.0235215054833637,0.280399866867179,10.6053009131481,0.0705988987634704,0.490200834970887,0.999998648747449,1,0.996362645703179,150391.925165892,130957.242846763,393089.907339341,3.72735582008854
11.922,0.0235215054833637,0.280423388372662,10.6053009131481,0.0706048209930454,0.490241955752278,0.999998669551735,1,0.99638234065342,150542.392312092,131086.743982679,393514.908594537,3.73108504020792
11.923,0.0235215054833637,0.280446909878145,10.6053009131481,0.0706107432226204,0.49028307653367,0.999998690045006,1,0.996401936566555,150693.010000697,131216.373179815,393940.369352923,3.73481799141265
11.924,0.0235215054833637,0.280470431383629,10.6053009131481,0.0706166654521954,0.490324197315062,0.999998710231758,1,0.996421433892631,150843.778382325,131346.130564807,394366.290111307,3.73855467743568
11.925,0.0235215054833637,0.280493952889112,10.6053009131481,0.0706225876817704,0.490365318096454,0.999998730116427,1,0.996440833079942,150994.697607743,131476.016264419,394792.671367032,3.74229510201371
11.926,0.0235215054833637,0.280517474394595,10.6053009131481,0.0706285099113454,0.490406438877845,0.999998749703385,1,0.996460134575035,151145.767827872,131606.030405537,395219.513617978,3.74603926888714
11.927,0.0235215054833637,0.280540995900079,10.6053009131481,0.0706344321409203,0.490447559659237,0.999998768996945,1,0.996479338822717,151296.989193781,131736.173115177,395646.817362565,3.74978718180016
11.928,0.0235215054833637,0.280564517405562,10.6053009131481,0.0706403543704953,0.490488680440629,0.999998788001357,1,0.996498446266056,151448.361856692,131866.444520475,396074.58309975,3.75353884450067
11.929,0.0235215054833637,0.280588038911046,10.6053009131481,0.0706462766000703,0.490529801222021,0.999998806720815,1,0.996517457346388,151599.885967977,131996.844748698,396502.811329032,3.75729426074034
11.93,0.0235215054833637,0.280611560416529,10.6053009131481,0.0706521988296453,0.490570922003412,0.999998825159452,1,0.996536372503322,151751.561679161,132127.373927235,396931.502550446,3.76105343427458
11.931,0.0235215054833637,0.280635081922012,10.6053009131481,0.0706581210592203,0.490612042784804,0.999998843321345,1,0.996555192174748,151903.389141919,132258.032183604,397360.657264574,3.76481636886258
11.932,0.0235215054833637,0.280658603427496,10.6053009131481,0.0706640432887953,0.490653163566196,0.999998861210512,1,0.996573916796834,152055.368508079,132388.819645447,397790.275972532,3.76858306826725
11.933,0.0235215054833637,0.280682124932979,10.6053009131481,0.0706699655183703,0.490694284347587,0.999998878830918,1,0.996592546804042,152207.49992962,132519.736440532,398220.359175984,3.7723535362553
11.934,0.0235215054833637,0.280705646438462,10.6053009131481,0.0706758877479453,0.490735405128979,0.999998896186469,1,0.996611082629123,152359.783558674,132650.782696755,398650.907377131,3.77612777659721
11.935,0.0235215054833637,0.280729167943946,10.6053009131481,0.0706818099775203,0.490776525910371,0.999998913281019,1,0.996629524703129,152512.219547524,132781.958542138,399081.921078721,3.77990579306721
11.936,0.0235215054833637,0.280752689449429,10.6053009131481,0.0706877322070953,0.490817646691763,0.999998930118365,1,0.996647873455414,152664.808048607,132913.264104828,399513.400784044,3.78368758944331
11.937,0.0235215054833637,0.280776210954912,10.6053009131481,0.0706936544366703,0.490858767473154,0.999998946702255,1,0.996666129313639,152817.54921451,133044.699513102,399945.346996935,3.78747316950733
11.938,0.0235215054833637,0.280799732460396,10.6053009131481,0.0706995766662453,0.490899888254546,0.99999896303638,1,0.996684292703783,152970.443197975,133176.26489536,400377.76022177,3.79126253704482
11.939,0.0235215054833637,0.280823253965879,10.6053009131481,0.0707054988958202,0.490941009035938,0.999998979124383,1,0.996702364050138,153123.490151896,133307.960380131,400810.640963478,3.79505569584517
11.94,0.0235215054833637,0.280846775471362,10.6053009131481,0.0707114211253952,0.49098212981733,0.999998994969853,1,0.996720343775324,153276.69022932,133439.786096072,401243.989727525,3.79885264970153
11.941,0.0235215054833637,0.280870296976846,10.6053009131481,0.0707173433549702,0.491023250598721,0.99999901057633,1,0.996738232300286,153430.043583447,133571.742171965,401677.807019931,3.80265340241086
11.942,0.0235215054833637,0.280893818482329,10.6053009131481,0.0707232655845452,0.491064371380113,0.999999025947304,1,0.996756030044305,153583.55036763,133703.828736721,402112.093347257,3.8064579577739
11.943,0.0235215054833637,0.280917339987813,10.6053009131481,0.0707291878141202,0.491105492161505,0.999999041086215,1,0.996773737425,153737.210735377,133836.045919379,402546.849216616,3.81026631959522
11.944,0.0235215054833637,0.280940861493296,10.6053009131481,0.0707351100436952,0.491146612942897,0.999999055996456,1,0.996791354858331,153891.024840347,133968.393849102,402982.075135668,3.81407849168318
11.945,0.0235215054833637,0.280964382998779,10.6053009131481,0.0707410322732702,0.491187733724288,0.999999070681372,1,0.996808882758611,154044.992836354,134100.872655186,403417.771612623,3.81789447784995
11.946,0.0235215054833637,0.280987904504263,10.6053009131481,0.0707469545028452,0.49122885450568,0.999999085144259,1,0.996826321538501,154199.114877368,134233.48246705,403853.939156236,3.82171428191151
11.947,0.0235215054833637,0.281011426009746,10.6053009131481,0.0707528767324202,0.491269975287072,0.99999909938837,1,0.996843671609025,154353.391117509,134366.223414245,404290.578275817,3.82553790768767
11.948,0.0235215054833637,0.281034947515229,10.6053009131481,0.0707587989619952,0.491311096068464,0.999999113416907,1,0.996860933379568,154507.821711054,134499.095626447,404727.689481226,3.82936535900207
11.949,0.0235215054833637,0.281058469020713,10.6053009131481,0.0707647211915702,0.491352216849855,0.999999127233033,1,0.996878107257884,154662.406812433,134632.099233462,405165.27328287,3.83319663968213
11.95,0.0235215054833637,0.281081990526196,10.6053009131481,0.0707706434211451,0.491393337631247,0.999999140839861,1,0.9968951936501,154817.146576233,134765.234365223,405603.330191714,3.83703175355916
11.951,0.0235215054833637,0.281105512031679,10.6053009131481,0.0707765656507201,0.491434458412639,0.999999154240462,1,0.996912192960723,154972.041157192,134898.501151794,406041.860719271,3.84087070446827
11.952,0.0235215054833637,0.281129033537163,10.6053009131481,0.0707824878802951,0.491475579194031,0.999999167437865,1,0.996929105592639,155127.090710205,135031.899723364,406480.865377609,3.84471349624839
11.953,0.0235215054833637,0.281152555042646,10.6053009131481,0.0707884101098701,0.491516699975422,0.999999180435053,1,0.996945931947127,155282.295390321,135165.430210254,406920.344679348,3.84856013274233
11.954,0.0235215054833637,0.28117607654813,10.6053009131481,0.0707943323394451,0.491557820756814,0.99999919323497,1,0.996962672423855,155437.655352746,135299.092742913,407360.299137666,3.85241061779673
11.955,0.0235215054833637,0.281199598053613,10.6053009131481,0.0708002545690201,0.491598941538206,0.999999205840516,1,0.996979327420893,155593.170752839,135432.887451917,407800.729266289,3.85626495526206
11.956,0.0235215054833637,0.281223119559096,10.6053009131481,0.0708061767985951,0.491640062319597,0.999999218254551,1,0.99699589733471,155748.841746116,135566.814467973,408241.635579506,3.86012314899267
11.957,0.0235215054833637,0.28124664106458,10.6053009131481,0.0708120990281701,0.491681183100989,0.999999230479894,1,0.997012382560185,155904.668488248,135700.873921918,408683.018592157,3.86398520284676
11.958,0.0235215054833637,0.281270162570063,10.6053009131481,0.0708180212577451,0.491722303882381,0.999999242519323,1,0.99702878349061,156060.651135061,135835.065944716,409124.878819642,3.86785112068636
11.959,0.0235215054833637,0.281293684075546,10.6053009131481,0.0708239434873201,0.491763424663773,0.99999925437558,1,0.997045100517694,156216.789842538,135969.390667463,409567.216777914,3.87172090637741
11.96,0.0235215054833637,0.28131720558103,10.6053009131481,0.0708298657168951,0.491804545445164,0.999999266051363,1,0.997061334031568,156373.084766818,136103.848221383,410010.032983488,3.87559456378969
11.961,0.0235215054833637,0.281340727086513,10.6053009131481,0.0708357879464701,0.491845666226556,0.999999277549335,1,0.997077484420791,156529.536064196,136238.438737831,410453.327953435,3.87947209679686
11.962,0.0235215054833637,0.281364248591996,10.6053009131481,0.070841710176045,0.491886787007948,0.999999288872121,1,0.997093552072355,156686.143891123,136373.162348289,410897.102205387,3.88335350927644
11.963,0.0235215054833637,0.28138777009748,10.6053009131481,0.07084763240562,0.49192790778934,0.999999300022307,1,0.997109537371688,156842.908404207,136508.019184373,411341.356257534,3.88723880510986
11.964,0.0235215054833637,0.281411291602963,10.6053009131481,0.070853554635195,0.491969028570731,0.999999311002444,1,0.997125440702661,156999.829760212,136643.009377827,411786.090628626,3.89112798818241
11.965,0.0235215054833637,0.281434813108447,10.6053009131481,0.07085947686477,0.492010149352123,0.999999321815045,1,0.997141262447591,157156.908116061,136778.133060525,412231.305837975,3.89502106238327
11.966,0.0235215054833637,0.28145833461393,10.6053009131481,0.070865399094345,0.492051270133515,0.999999332462588,1,0.997157002987249,157314.14362883,136913.390364472,412677.002405455,3.89891803160552
11.967,0.0235215054833637,0.281481856119413,10.6053009131481,0.07087132132392,0.492092390914907,0.999999342947516,1,0.997172662700858,157471.536455756,137048.781421805,413123.180851499,3.90281889974612
11.968,0.0235215054833637,0.281505377624897,10.6053009131481,0.070877243553495,0.492133511696298,0.999999353272236,1,0.997188241966109,157629.086754232,137184.306364788,413569.841697107,3.90672367070595
11.969,0.0235215054833637,0.28152889913038,10.6053009131481,0.07088316578307,0.49217463247769,0.999999363439122,1,0.997203741159154,157786.794681808,137319.965325819,414016.985463839,3.91063234838977
11.97,0.0235215054833637,0.281552420635863,10.6053009131481,0.070889088012645,0.492215753259082,0.999999373450512,1,0.997219160654618,157944.660396192,137455.758437427,414464.612673822,3.91454493670627
11.971,0.0235215054833637,0.281575942141347,10.6053009131481,0.07089501024222,0.492256874040473,0.999999383308713,1,0.997234500825602,158102.684055249,137591.685832269,414912.723849742,3.91846143956803
11.972,0.0235215054833637,0.28159946364683,10.6053009131481,0.070900932471795,0.492297994821865,0.999999393015998,1,0.997249762043689,158260.865817003,137727.747643136,415361.319514856,3.92238186089156
11.973,0.0235215054833637,0.281622985152313,10.6053009131481,0.0709068547013699,0.492339115603257,0.999999402574606,1,0.997264944678946,158419.205839636,137863.94400295,415810.400192984,3.92630620459727
11.974,0.0235215054833637,0.281646506657797,10.6053009131481,0.0709127769309449,0.492380236384649,0.999999411986745,1,0.997280049099932,158577.704281489,138000.275044763,416259.966408514,3.93023447460952
11.975,0.0235215054833637,0.28167002816328,10.6053009131481,0.0709186991605199,0.49242135716604,0.999999421254593,1,0.997295075673698,158736.361301058,138136.74090176,416710.018686398,3.93416667485657
11.976,0.0235215054833637,0.281693549668764,10.6053009131481,0.0709246213900949,0.492462477947432,0.999999430380294,1,0.997310024765798,158895.177057003,138273.341707257,417160.557552157,3.93810280927062
11.977,0.0235215054833637,0.281717071174247,10.6053009131481,0.0709305436196699,0.492503598728824,0.999999439365964,1,0.997324896740292,159054.151708137,138410.077594702,417611.583531882,3.94204288178782
11.978,0.0235215054833637,0.28174059267973,10.6053009131481,0.0709364658492449,0.492544719510216,0.999999448213685,1,0.997339691959745,159213.285413437,138546.948697675,418063.097152231,3.94598689634821
11.979,0.0235215054833637,0.281764114185214,10.6053009131481,0.0709423880788199,0.492585840291607,0.999999456925512,1,0.997354410785241,159372.578332035,138683.955149889,418515.098940429,3.94993485689584
11.98,0.0235215054833637,0.281787635690697,10.6053009131481,0.0709483103083949,0.492626961072999,0.99999946550347,1,0.99736905357638,159532.030623225,138821.097085187,418967.589424279,3.95388676737865
11.981,0.0235215054833637,0.28181115719618,10.6053009131481,0.0709542325379699,0.492668081854391,0.999999473949554,1,0.997383620691287,159691.642446459,138958.374637546,419420.569132144,3.95784263174856
11.982,0.0235215054833637,0.281834678701664,10.6053009131481,0.0709601547675449,0.492709202635783,0.999999482265731,1,0.997398112486616,159851.413961349,139095.787941075,419874.038592965,3.96180245396143
11.983,0.0235215054833637,0.281858200207147,10.6053009131481,0.0709660769971199,0.492750323417174,0.999999490453939,1,0.997412529317555,160011.345327666,139233.337130016,420327.998336257,3.96576623797709
11.984,0.0235215054833637,0.28188172171263,10.6053009131481,0.0709719992266949,0.492791444198566,0.999999498516089,1,0.997426871537828,160171.436705341,139371.022338743,420782.448892099,3.96973398775931
11.985,0.0235215054833637,0.281905243218114,10.6053009131481,0.0709779214562698,0.492832564979958,0.999999506454063,1,0.997441139499703,160331.688254467,139508.843701765,421237.390791152,3.97370570727584
11.986,0.0235215054833637,0.281928764723597,10.6053009131481,0.0709838436858448,0.49287368576135,0.999999514269718,1,0.997455333553996,160492.100135294,139646.801353721,421692.824564645,3.97768140049843
11.987,0.0235215054833637,0.281952286229081,10.6053009131481,0.0709897659154198,0.492914806542741,0.999999521964881,1,0.997469454050074,160652.672508235,139784.895429384,422148.750744383,3.98166107140274
11.988,0.0235215054833637,0.281975807734564,10.6053009131481,0.0709956881449948,0.492955927324133,0.999999529541356,1,0.997483501335862,160813.405533861,139923.126063663,422605.169862746,3.98564472396845
11.989,0.0235215054833637,0.281999329240047,10.6053009131481,0.0710016103745698,0.492997048105525,0.99999953700092,1,0.997497475757847,160974.299372907,140061.493391596,423062.082452692,3.98963236217923
11.99,0.0235215054833637,0.282022850745531,10.6053009131481,0.0710075326041448,0.493038168886916,0.999999544345322,1,0.997511377661082,161135.354186265,140199.997548358,423519.48904775,3.99362399002269
11.991,0.0235215054833637,0.282046372251014,10.6053009131481,0.0710134548337198,0.493079289668308,0.999999551576288,1,0.997525207389189,161296.570134991,140338.638669255,423977.390182031,3.99761961149048
11.992,0.0235215054833637,0.282069893756497,10.6053009131481,0.0710193770632948,0.4931204104497,0.999999558695518,1,0.997538965284369,161457.947380301,140477.416889731,424435.78639022,4.00161923057821
11.993,0.0235215054833637,0.282093415261981,10.6053009131481,0.0710252992928698,0.493161531231092,0.99999956570469,1,0.997552651687401,161619.486083571,140616.332345358,424894.678207582,4.00562285128551
11.994,0.0235215054833637,0.282116936767464,10.6053009131481,0.0710312215224448,0.493202652012483,0.999999572605453,1,0.99756626693765,161781.186406341,140755.385171848,425354.06616996,4.00963047761599
11.995,0.0235215054833637,0.282140458272947,10.6053009131481,0.0710371437520198,0.493243772793875,0.999999579399435,1,0.997579811373071,161943.048510311,140894.575505042,425813.950813777,4.01364211357729
11.996,0.0235215054833637,0.282163979778431,10.6053009131481,0.0710430659815948,0.493284893575267,0.999999586088241,1,0.997593285330213,162105.072557343,141033.90348092,426274.332676034,4.01765776318103
11.997,0.0235215054833637,0.282187501283914,10.6053009131481,0.0710489882111697,0.493326014356659,0.99999959267345,1,0.997606689144222,162267.258709461,141173.369235593,426735.212294316,4.02167743044286
11.998,0.0235215054833637,0.282211022789398,10.6053009131481,0.0710549104407447,0.49336713513805,0.999999599156621,1,0.997620023148852,162429.607128851,141312.972905307,427196.590206786,4.02570111938247
11.999,0.0235215054833637,0.282234544294881,10.6053009131481,0.0710608326703197,0.493408255919442,0.999999605539289,1,0.99763328767646,162592.117977862,141452.714626446,427658.46695219,4.02972883402353
12,0.0235215054833637,0.282258065800364,10.6053009131481,0.0710667548998947,0.493449376700834,0.999999611822966,1,0.99764648305802,162754.791419004,141592.594535524,428120.843069856,4.03376057839376
12.001,0.0235215054833637,0.282281587305848,10.6053009131481,0.0710726771294697,0.493490497482226,0.999999618009142,1,0.99765960962312,162917.627614951,141732.612769194,428583.719099698,4.0377963565249
12.002,0.0235215054833637,0.282305108811331,10.6053009131481,0.0710785993590447,0.493531618263617,0.999999624099288,1,0.997672667699974,163080.62672854,141872.769464242,429047.095582209,4.04183617245274
12.003,0.0235215054833637,0.282328630316814,10.6053009131481,0.0710845215886197,0.493572739045009,0.999999630094849,1,0.997685657615419,163243.788922769,142013.06475759,429510.973058471,4.04588003021709
12.004,0.0235215054833637,0.282352151822298,10.6053009131481,0.0710904438181947,0.493613859826401,0.999999635997254,1,0.997698579694924,163407.1143608,142153.498786295,429975.352070146,4.0499279338618
12.005,0.0235215054833637,0.282375673327781,10.6053009131481,0.0710963660477697,0.493654980607792,0.999999641807907,1,0.997711434262595,163570.603205959,142294.071687549,430440.233159487,4.05397988743478
12.006,0.0235215054833637,0.282399194833264,10.6053009131481,0.0711022882773447,0.493696101389184,0.999999647528194,1,0.997724221641177,163734.255621735,142434.783598682,430905.61686933,4.058035894988
12.007,0.0235215054833637,0.282422716338748,10.6053009131481,0.0711082105069197,0.493737222170576,0.999999653159479,1,0.997736942152061,163898.071771781,142575.634657158,431371.503743098,4.06209596057744
12.008,0.0235215054833637,0.282446237844231,10.6053009131481,0.0711141327364946,0.493778342951968,0.999999658703107,1,0.997749596115286,164062.051819911,142716.625000576,431837.894324803,4.06616008826318
12.009,0.0235215054833637,0.282469759349715,10.6053009131481,0.0711200549660696,0.493819463733359,0.999999664160404,1,0.997762183849546,164226.195930108,142857.754766674,432304.789159044,4.07022828210936
12.01,0.0235215054833637,0.282493280855198,10.6053009131481,0.0711259771956446,0.493860584514751,0.999999669532676,1,0.997774705672192,164390.504266514,142999.024093322,432772.188791009,4.07430054618415
12.011,0.0235215054833637,0.282516802360681,10.6053009131481,0.0711318994252196,0.493901705296143,0.999999674821209,1,0.997787161899241,164554.976993438,143140.433118531,433240.093766475,4.07837688455982
12.012,0.0235215054833637,0.282540323866165,10.6053009131481,0.0711378216547946,0.493942826077535,0.999999680027271,1,0.997799552845374,164719.614275352,143281.981980446,433708.504631812,4.08245730131273
12.013,0.0235215054833637,0.282563845371648,10.6053009131481,0.0711437438843696,0.493983946858926,0.999999685152112,1,0.997811878823946,164884.416276895,143423.670817347,434177.421933976,4.08654180052327
12.014,0.0235215054833637,0.282587366877131,10.6053009131481,0.0711496661139446,0.494025067640318,0.999999690196963,1,0.997824140146988,165049.383162868,143565.499767655,434646.846220516,4.09063038627595
12.015,0.0235215054833637,0.282610888382615,10.6053009131481,0.0711555883435196,0.49406618842171,0.999999695163036,1,0.997836337125212,165214.515098237,143707.468969924,435116.778039578,4.09472306265937
12.016,0.0235215054833637,0.282634409888098,10.6053009131481,0.0711615105730946,0.494107309203102,0.999999700051527,1,0.997848470068015,165379.812248136,143849.578562847,435587.217939892,4.09881983376618
12.017,0.0235215054833637,0.282657931393581,10.6053009131481,0.0711674328026696,0.494148429984493,0.999999704863614,1,0.997860539283485,165545.27477786,143991.828685253,436058.166470787,4.10292070369317
12.018,0.0235215054833637,0.282681452899065,10.6053009131481,0.0711733550322446,0.494189550765885,0.999999709600456,1,0.997872545078403,165710.902852873,144134.21947611,436529.624182187,4.10702567654121
12.019,0.0235215054833637,0.282704974404548,10.6053009131481,0.0711792772618195,0.494230671547277,0.999999714263198,1,0.99788448775825,165876.696638803,144276.751074522,437001.591624606,4.11113475641526
12.02,0.0235215054833637,0.282728495910032,10.6053009131481,0.0711851994913945,0.494271792328669,0.999999718852965,1,0.997896367627209,166042.656301443,144419.423619731,437474.069349154,4.11524794742441
12.021,0.0235215054833637,0.282752017415515,10.6053009131481,0.0711911217209695,0.49431291311006,0.999999723370868,1,0.997908184988173,166208.782006753,144562.237251116,437947.057907541,4.11936525368186
12.022,0.0235215054833637,0.282775538920998,10.6053009131481,0.0711970439505445,0.494354033891452,0.999999727817999,1,0.997919940142744,166375.073920859,144705.192108195,438420.557852069,4.1234866793049
12.023,0.0235215054833637,0.282799060426482,10.6053009131481,0.0712029661801195,0.494395154672844,0.999999732195437,1,0.997931633391242,166541.532210053,144848.288330623,438894.569735639,4.12761222841496
12.024,0.0235215054833637,0.282822581931965,10.6053009131481,0.0712088884096945,0.494436275454236,0.999999736504243,1,0.99794326503271,166708.157040793,144991.526058194,439369.094111752,4.1317419051376
12.025,0.0235215054833637,0.282846103437448,10.6053009131481,0.0712148106392695,0.494477396235627,0.999999740745463,1,0.997954835364913,166874.948579704,145134.90543084,439844.131534502,4.13587571360249
12.026,0.0235215054833637,0.282869624942932,10.6053009131481,0.0712207328688445,0.494518517017019,0.999999744920127,1,0.997966344684348,167041.906993578,145278.42658863,440319.682558586,4.14001365794343
12.027,0.0235215054833637,0.282893146448415,10.6053009131481,0.0712266550984195,0.494559637798411,0.999999749029251,1,0.997977793286244,167209.032449372,145422.089671774,440795.747739301,4.14415574229838
12.028,0.0235215054833637,0.282916667953898,10.6053009131481,0.0712325773279945,0.494600758579802,0.999999753073835,1,0.997989181464572,167376.325114213,145565.894820618,441272.327632542,4.14830197080942
12.029,0.0235215054833637,0.282940189459382,10.6053009131481,0.0712384995575695,0.494641879361194,0.999999757054864,1,0.998000509512041,167543.785155393,145709.842175649,441749.422794806,4.15245234762276
12.03,0.0235215054833637,0.282963710964865,10.6053009131481,0.0712444217871444,0.494683000142586,0.999999760973309,1,0.998011777720113,167711.412740372,145853.931877492,442227.033783195,4.15660687688881
12.031,0.0235215054833637,0.282987232470349,10.6053009131481,0.0712503440167194,0.494724120923978,0.999999764830126,1,0.998022986378996,167879.208036777,145998.16406691,442705.161155406,4.16076556276208
12.032,0.0235215054833637,0.283010753975832,10.6053009131481,0.0712562662462944,0.494765241705369,0.999999768626259,1,0.998034135777657,168047.171212405,146142.538884807,443183.805469747,4.16492840940125
12.033,0.0235215054833637,0.283034275481315,10.6053009131481,0.0712621884758694,0.494806362486761,0.999999772362635,1,0.998045226203823,168215.302435218,146287.056472226,443662.967285122,4.16909542096919
12.034,0.0235215054833637,0.283057796986799,10.6053009131481,0.0712681107054444,0.494847483268153,0.999999776040169,1,0.998056257943985,168383.601873347,146431.716970349,444142.647161048,4.1732666016329
12.035,0.0235215054833637,0.283081318492282,10.6053009131481,0.0712740329350194,0.494888604049545,0.999999779659762,1,0.998067231283404,168552.069695092,146576.520520497,444622.845657638,4.17744195556355
12.036,0.0235215054833637,0.283104839997765,10.6053009131481,0.0712799551645944,0.494929724830936,0.999999783222303,1,0.998078146506111,168720.706068921,146721.467264132,445103.563335617,4.1816214869365
12.037,0.0235215054833637,0.283128361503249,10.6053009131481,0.0712858773941694,0.494970845612328,0.999999786728664,1,0.99808900389492,168889.51116347,146866.557342855,445584.800756312,4.18580519993129
12.038,0.0235215054833637,0.283151883008732,10.6053009131481,0.0712917996237444,0.49501196639372,0.999999790179708,1,0.99809980373142,169058.485147545,147011.790898408,446066.558481662,4.18999309873163
12.039,0.0235215054833637,0.283175404514215,10.6053009131481,0.0712977218533194,0.495053087175112,0.999999793576284,1,0.998110546295992,169227.628190118,147157.168072672,446548.837074206,4.19418518752542
12.04,0.0235215054833637,0.283198926019699,10.6053009131481,0.0713036440828944,0.495094207956503,0.999999796919228,1,0.998121231867803,169396.940460334,147302.689007668,447031.6370971,4.19838147050474
12.041,0.0235215054833637,0.283222447525182,10.6053009131481,0.0713095663124693,0.495135328737895,0.999999800209364,1,0.998131860724818,169566.422127505,147448.35384556,447514.959114102,4.20258195186589
12.042,0.0235215054833637,0.283245969030666,10.6053009131481,0.0713154885420443,0.495176449519287,0.999999803447502,1,0.998142433143798,169736.073361111,147594.16272865,447998.803689582,4.20678663580934
12.043,0.0235215054833637,0.283269490536149,10.6053009131481,0.0713214107716193,0.495217570300678,0.999999806634442,1,0.998152949400308,169905.894330805,147740.115799381,448483.17138852,4.21099552653977
12.044,0.0235215054833637,0.283293012041632,10.6053009131481,0.0713273330011943,0.49525869108207,0.999999809770972,1,0.998163409768722,170075.885206408,147886.213200338,448968.06277651,4.21520862826608
12.045,0.0235215054833637,0.283316533547116,10.6053009131481,0.0713332552307693,0.495299811863462,0.999999812857867,1,0.998173814522222,170246.04615791,148032.455074247,449453.47841975,4.21942594520137
12.046,0.0235215054833637,0.283340055052599,10.6053009131481,0.0713391774603443,0.495340932644854,0.999999815895892,1,0.998184163932808,170416.377355473,148178.841563973,449939.418885058,4.22364748156296
12.047,0.0235215054833637,0.283363576558082,10.6053009131481,0.0713450996899193,0.495382053426245,0.999999818885798,1,0.9981944582713,170586.878969427,148325.372812525,450425.884739861,4.22787324157238
12.048,0.0235215054833637,0.283387098063566,10.6053009131481,0.0713510219194943,0.495423174207637,0.999999821828329,1,0.998204697807342,170757.551170274,148472.048963052,450912.876552198,4.2321032294554
12.049,0.0235215054833637,0.283410619569049,10.6053009131481,0.0713569441490693,0.495464294989029,0.999999824724213,1,0.998214882809405,170928.394128686,148618.870158845,451400.394890726,4.23633744944199
12.05,0.0235215054833637,0.283434141074533,10.6053009131481,0.0713628663786443,0.495505415770421,0.999999827574171,1,0.998225013544793,171099.408015507,148765.836543337,451888.440324717,4.24057590576639
12.051,0.0235215054833637,0.283457662580016,10.6053009131481,0.0713687886082193,0.495546536551812,0.999999830378911,1,0.998235090279648,171270.593001751,148912.948260101,452377.013424051,4.24481860266705
12.052,0.0235215054833637,0.283481184085499,10.6053009131481,0.0713747108377942,0.495587657333204,0.999999833139132,1,0.998245113278951,171441.949258601,149060.205452854,452866.114759235,4.24906554438666
12.053,0.0235215054833637,0.283504705590983,10.6053009131481,0.0713806330673692,0.495628778114596,0.99999983585552,1,0.998255082806529,171613.476957415,149207.608265455,453355.744901384,4.25331673517218
12.054,0.0235215054833637,0.283528227096466,10.6053009131481,0.0713865552969442,0.495669898895988,0.999999838528754,1,0.998264999125057,171785.17626972,149355.156841904,453845.904422236,4.25757217927478
12.055,0.0235215054833637,0.283551748601949,10.6053009131481,0.0713924775265192,0.495711019677379,0.9999998411595,1,0.998274862496065,171957.047367216,149502.851326344,454336.593894144,4.26183188094992
12.056,0.0235215054833637,0.283575270107433,10.6053009131481,0.0713983997560942,0.495752140458771,0.999999843748416,1,0.998284673179938,172129.090421774,149650.691863062,454827.813890082,4.2660958444573
12.057,0.0235215054833637,0.283598791612916,10.6053009131481,0.0714043219856692,0.495793261240163,0.999999846296149,1,0.998294431435925,172301.305605436,149798.678596485,455319.56498364,4.27036407406087
12.058,0.0235215054833637,0.283622313118399,10.6053009131481,0.0714102442152442,0.495834382021554,0.999999848803337,1,0.998304137522137,172473.693090418,149946.811671184,455811.847749033,4.27463657402887
12.059,0.0235215054833637,0.283645834623883,10.6053009131481,0.0714161664448192,0.495875502802946,0.999999851270607,1,0.998313791695559,172646.253049108,150095.091231873,456304.662761093,4.27891334863381
12.06,0.0235215054833637,0.283669356129366,10.6053009131481,0.0714220886743942,0.495916623584338,0.999999853698579,1,0.998323394212045,172818.985654066,150243.517423411,456798.010595276,4.28319440215244
12.061,0.0235215054833637,0.283692877634849,10.6053009131481,0.0714280109039692,0.49595774436573,0.999999856087862,1,0.998332945326331,172991.891078023,150392.090390796,457291.891827658,4.28747973886584
12.062,0.0235215054833637,0.283716399140333,10.6053009131481,0.0714339331335442,0.495998865147121,0.999999858439055,1,0.998342445292032,173164.969493886,150540.810279174,457786.30703494,4.29176936305934
12.063,0.0235215054833637,0.283739920645816,10.6053009131481,0.0714398553631192,0.496039985928513,0.99999986075275,1,0.99835189436165,173338.221074732,150689.677233831,458281.256794443,4.29606327902255
12.064,0.0235215054833637,0.2837634421513,10.6053009131481,0.0714457775926941,0.496081106709905,0.99999986302953,1,0.998361292786577,173511.645993814,150838.691400199,458776.741684117,4.3003614910494
12.065,0.0235215054833637,0.283786963656783,10.6053009131481,0.0714516998222691,0.496122227491297,0.999999865269967,1,0.998370640817098,173685.244424557,150987.852923852,459272.762282534,4.3046640034381
12.066,0.0235215054833637,0.283810485162266,10.6053009131481,0.0714576220518441,0.496163348272688,0.999999867474627,1,0.998379938702398,173859.016540559,151137.16195051,459769.319168892,4.30897082049117
12.067,0.0235215054833637,0.28383400666775,10.6053009131481,0.0714635442814191,0.49620446905408,0.999999869644065,1,0.998389186690561,174032.962515591,151286.618626034,460266.412923015,4.31328194651541
12.068,0.0235215054833637,0.283857528173233,10.6053009131481,0.0714694665109941,0.496245589835472,0.99999987177883,1,0.99839838502858,174207.082523601,151436.223096433,460764.044125353,4.31759738582195
12.069,0.0235215054833637,0.283881049678716,10.6053009131481,0.0714753887405691,0.496286710616864,0.999999873879461,1,0.998407533962355,174381.376738707,151585.975507858,461262.213356987,4.32191714272625
12.07,0.0235215054833637,0.2839045711842,10.6053009131481,0.0714813109701441,0.496327831398255,0.99999987594649,1,0.998416633736704,174555.845335205,151735.876006605,461760.921199622,4.32624122154805
12.071,0.0235215054833637,0.283928092689683,10.6053009131481,0.0714872331997191,0.496368952179647,0.999999877980439,1,0.998425684595358,174730.488487563,151885.924739114,462260.168235595,4.33056962661142
12.072,0.0235215054833637,0.283951614195166,10.6053009131481,0.0714931554292941,0.496410072961039,0.999999879981826,1,0.998434686780974,174905.306370424,152036.121851972,462759.95504787,4.33490236224479
12.073,0.0235215054833637,0.28397513570065,10.6053009131481,0.0714990776588691,0.496451193742431,0.999999881951157,1,0.998443640535132,175080.299158606,152186.467491909,463260.282220046,4.33923943278088
12.074,0.0235215054833637,0.283998657206133,10.6053009131481,0.0715049998884441,0.496492314523822,0.999999883888932,1,0.998452546098345,175255.467027101,152336.9618058,463761.150336345,4.34358084255677
12.075,0.0235215054833637,0.284022178711617,10.6053009131481,0.071510922118019,0.496533435305214,0.999999885795644,1,0.998461403710057,175430.810151078,152487.604940666,464262.55998163,4.34792659591385
12.076,0.0235215054833637,0.2840457002171,10.6053009131481,0.071516844347594,0.496574556086606,0.999999887671778,1,0.998470213608651,175606.32870588,152638.397043674,464764.511741389,4.35227669719791
12.077,0.0235215054833637,0.284069221722583,10.6053009131481,0.071522766577169,0.496615676867998,0.999999889517811,1,0.99847897603145,175782.022867026,152789.338262135,465267.006201746,4.35663115075901
12.078,0.0235215054833637,0.284092743228067,10.6053009131481,0.071528688806744,0.496656797649389,0.999999891334215,1,0.998487691214726,175957.892810208,152940.428743507,465770.043949458,4.36098996095163
12.079,0.0235215054833637,0.28411626473355,10.6053009131481,0.071534611036319,0.496697918430781,0.999999893121451,1,0.998496359393696,176133.938711299,153091.668635393,466273.62557192,4.36535313213458
12.08,0.0235215054833637,0.284139786239033,10.6053009131481,0.071540533265894,0.496739039212173,0.999999894879977,1,0.998504980802534,176310.160746342,153243.058085542,466777.751657155,4.36972066867102
12.081,0.0235215054833637,0.284163307744517,10.6053009131481,0.071546455495469,0.496780159993564,0.999999896610242,1,0.998513555674369,176486.559091561,153394.597241849,467282.422793828,4.37409257492849
12.082,0.0235215054833637,0.28418682925,10.6053009131481,0.071552377725044,0.496821280774956,0.999999898312688,1,0.998522084241292,176663.133923354,153546.286252357,467787.639571237,4.37846885527891
12.083,0.0235215054833637,0.284210350755484,10.6053009131481,0.071558299954619,0.496862401556348,0.999999899987751,1,0.998530566734358,176839.885418296,153698.125265253,468293.402579319,4.38284951409854
12.084,0.0235215054833637,0.284233872260967,10.6053009131481,0.071564222184194,0.49690352233774,0.99999990163586,1,0.998539003383593,177016.813753137,153850.114428871,468799.712408647,4.38723455576805
12.085,0.0235215054833637,0.28425739376645,10.6053009131481,0.071570144413769,0.496944643119131,0.999999903257438,1,0.998547394417994,177193.919104808,154002.253891694,469306.569650437,4.39162398467249
12.086,0.0235215054833637,0.284280915271934,10.6053009131481,0.071576066643344,0.496985763900523,0.9999999048529,1,0.998555740065533,177371.201650412,154154.543802348,469813.974896536,4.39601780520128
12.087,0.0235215054833637,0.284304436777417,10.6053009131481,0.0715819888729189,0.497026884681915,0.999999906422658,1,0.998564040553165,177548.661567232,154306.984309608,470321.928739439,4.40041602174823
12.088,0.0235215054833637,0.2843279582829,10.6053009131481,0.0715879111024939,0.497068005463307,0.999999907967113,1,0.998572296106829,177726.299032729,154459.575562399,470830.431772277,4.40481863871158
12.089,0.0235215054833637,0.284351479788384,10.6053009131481,0.0715938333320689,0.497109126244698,0.999999909486664,1,0.998580506951449,177904.11422454,154612.317709787,471339.484588825,4.40922566049393
12.09,0.0235215054833637,0.284375001293867,10.6053009131481,0.0715997555616439,0.49715024702609,0.999999910981702,1,0.998588673310943,178082.107320479,154765.21090099,471849.087783496,4.4136370915023
12.091,0.0235215054833637,0.28439852279935,10.6053009131481,0.0716056777912189,0.497191367807482,0.999999912452613,1,0.998596795408225,178260.278498542,154918.255285374,472359.241951351,4.41805293614815
12.092,0.0235215054833637,0.284422044304834,10.6053009131481,0.0716116000207939,0.497232488588874,0.999999913899775,1,0.998604873465207,178438.627936897,155071.451012448,472869.94768809,4.42247319884729
12.093,0.0235215054833637,0.284445565810317,10.6053009131481,0.0716175222503689,0.497273609370265,0.999999915323563,1,0.998612907702804,178617.155813895,155224.798231875,473381.205590059,4.42689788402
12.094,0.0235215054833637,0.2844690873158,10.6053009131481,0.0716234444799439,0.497314730151657,0.999999916724345,1,0.998620898340938,178795.862308063,155378.297093461,473893.016254248,4.43132699609096
12.095,0.0235215054833637,0.284492608821284,10.6053009131481,0.0716293667095189,0.497355850933049,0.999999918102482,1,0.998628845598543,178974.74759811,155531.947747162,474405.380278295,4.43576053948929
12.096,0.0235215054833637,0.284516130326767,10.6053009131481,0.0716352889390939,0.497396971714441,0.999999919458333,1,0.998636749693564,179153.811862918,155685.750343083,474918.298260479,4.44019851864853
12.097,0.0235215054833637,0.284539651832251,10.6053009131481,0.0716412111686689,0.497438092495832,0.999999920792247,1,0.998644610842968,179333.055281553,155839.705031477,475431.770799731,4.44464093800665
12.098,0.0235215054833637,0.284563173337734,10.6053009131481,0.0716471333982438,0.497479213277224,0.999999922104571,1,0.99865242926274,179512.478033259,155993.811962745,475945.798495627,4.44908780200608
12.099,0.0235215054833637,0.284586694843217,10.6053009131481,0.0716530556278188,0.497520334058616,0.999999923395646,1,0.998660205167892,179692.080297457,156148.071287437,476460.381948392,4.45353911509369
12.1,0.0235215054833637,0.284610216348701,10.6053009131481,0.0716589778573938,0.497561454840007,0.999999924665807,1,0.998667938772467,179871.862253751,156302.483156252,476975.521758899,4.45799488172078
12.101,0.0235215054833637,0.284633737854184,10.6053009131481,0.0716649000869688,0.497602575621399,0.999999925915384,1,0.998675630289537,180051.824081922,156457.047720039,477491.21852867,4.46245510634313
12.102,0.0235215054833637,0.284657259359667,10.6053009131481,0.0716708223165438,0.497643696402791,0.999999927144703,1,0.998683279931213,180231.965961932,156611.765129794,478007.472859883,4.46691979342096
12.103,0.0235215054833637,0.284680780865151,10.6053009131481,0.0716767445461188,0.497684817184183,0.999999928354084,1,0.998690887908646,180412.288073923,156766.635536663,478524.285355357,4.47138894741895
12.104,0.0235215054833637,0.284704302370634,10.6053009131481,0.0716826667756938,0.497725937965574,0.999999929543842,1,0.99869845443203,180592.790598217,156921.659091942,479041.656618573,4.47586257280626
12.105,0.0235215054833637,0.284727823876118,10.6053009131481,0.0716885890052688,0.497767058746966,0.999999930714287,1,0.998705979710608,180773.473715317,157076.835947079,479559.587253658,4.48034067405652
12.106,0.0235215054833637,0.284751345381601,10.6053009131481,0.0716945112348438,0.497808179528358,0.999999931865726,1,0.998713463952671,180954.337605906,157232.166253667,480078.077865395,4.48482325564782
12.107,0.0235215054833637,0.284774866887084,10.6053009131481,0.0717004334644188,0.49784930030975,0.999999932998458,1,0.998720907365568,181135.382450847,157387.650163451,480597.129059218,4.48931032206275
12.108,0.0235215054833637,0.284798388392568,10.6053009131481,0.0717063556939938,0.497890421091141,0.999999934112782,1,0.998728310155705,181316.608431186,157543.287828328,481116.74144122,4.49380187778838
12.109,0.0235215054833637,0.284821909898051,10.6053009131481,0.0717122779235688,0.497931541872533,0.999999935208987,1,0.99873567252855,181498.015728149,157699.079400342,481636.915618145,4.49829792731626
12.11,0.0235215054833637,0.284845431403534,10.6053009131481,0.0717182001531437,0.497972662653925,0.999999936287363,1,0.998742994688636,181679.604523142,157855.02503169,482157.652197397,4.50279847514244
12.111,0.0235215054833637,0.284868952909018,10.6053009131481,0.0717241223827187,0.498013783435317,0.999999937348191,1,0.998750276839566,181861.374997755,158011.124874717,482678.951787033,4.50730352576748
12.112,0.0235215054833637,0.284892474414501,10.6053009131481,0.0717300446122937,0.498054904216708,0.999999938391749,1,0.998757519184015,182043.327333758,158167.379081922,483200.814995769,4.51181308369642
12.113,0.0235215054833637,0.284915995919984,10.6053009131481,0.0717359668418687,0.4980960249981,0.999999939418313,1,0.998764721923735,182225.461713103,158323.787805951,483723.242432979,4.51632715343881
12.114,0.0235215054833637,0.284939517425468,10.6053009131481,0.0717418890714437,0.498137145779492,0.999999940428152,1,0.998771885259559,182407.778317926,158480.351199603,484246.234708698,4.52084573950874
12.115,0.0235215054833637,0.284963038930951,10.6053009131481,0.0717478113010187,0.498178266560883,0.999999941421532,1,0.9987790093914,182590.277330542,158637.069415828,484769.792433615,4.52536884642478
12.116,0.0235215054833637,0.284986560436434,10.6053009131481,0.0717537335305937,0.498219387342275,0.999999942398715,1,0.99878609451826,182772.95893345,158793.942607728,485293.916219086,4.52989647871004
12.117,0.0235215054833637,0.285010081941918,10.6053009131481,0.0717596557601687,0.498260508123667,0.999999943359957,1,0.998793140838233,182955.823309333,158950.970928555,485818.606677123,4.53442864089217
12.118,0.0235215054833637,0.285033603447401,10.6053009131481,0.0717655779897437,0.498301628905059,0.999999944305514,1,0.998800148548504,183138.870641054,159108.154531713,486343.864420403,4.5389653375033
12.119,0.0235215054833637,0.285057124952885,10.6053009131481,0.0717715002193187,0.49834274968645,0.999999945235634,1,0.998807117845358,183322.101111661,159265.493570757,486869.690062262,4.54350657308016
12.12,0.0235215054833637,0.285080646458368,10.6053009131481,0.0717774224488937,0.498383870467842,0.999999946150564,1,0.99881404892418,183505.514904385,159422.988199396,487396.084216703,4.54805235216397
12.121,0.0235215054833637,0.285104167963851,10.6053009131481,0.0717833446784687,0.498424991249234,0.999999947050545,1,0.998820941979459,183689.112202639,159580.638571488,487923.047498389,4.5526026793005
12.122,0.0235215054833637,0.285127689469335,10.6053009131481,0.0717892669080436,0.498466112030626,0.999999947935815,1,0.998827797204792,183872.89319002,159738.444841046,488450.580522651,4.5571575590401
12.123,0.0235215054833637,0.285151210974818,10.6053009131481,0.0717951891376186,0.498507232812017,0.99999994880661,1,0.998834614792889,184056.85805031,159896.407162234,488978.683905483,4.56171699593764
12.124,0.0235215054833637,0.285174732480301,10.6053009131481,0.0718011113671936,0.498548353593409,0.999999949663161,1,0.998841394935574,184241.006967473,160054.525689367,489507.358263546,4.56628099455255
12.125,0.0235215054833637,0.285198253985785,10.6053009131481,0.0718070335967686,0.498589474374801,0.999999950505694,1,0.998848137823789,184425.340125658,160212.800576916,490036.604214167,4.57084955944883
12.126,0.0235215054833637,0.285221775491268,10.6053009131481,0.0718129558263436,0.498630595156193,0.999999951334433,1,0.998854843647599,184609.857709199,160371.231979503,490566.422375341,4.57542269519506
12.127,0.0235215054833637,0.285245296996751,10.6053009131481,0.0718188780559186,0.498671715937584,0.9999999521496,1,0.998861512596192,184794.559902613,160529.820051901,491096.813365732,4.58000040636437
12.128,0.0235215054833637,0.285268818502235,10.6053009131481,0.0718248002854936,0.498712836718976,0.99999995295141,1,0.998868144857888,184979.446890603,160688.564949038,491627.77780467,4.58458269753446
12.129,0.0235215054833637,0.285292340007718,10.6053009131481,0.0718307225150686,0.498753957500368,0.999999953740078,1,0.998874740620135,185164.518858054,160847.466825997,492159.316312158,4.58916957328763
12.13,0.0235215054833637,0.285315861513202,10.6053009131481,0.0718366447446436,0.49879507828176,0.999999954515813,1,0.998881300069522,185349.77599004,161006.52583801,492691.429508867,4.59376103821075
12.131,0.0235215054833637,0.285339383018685,10.6053009131481,0.0718425669742186,0.498836199063151,0.999999955278823,1,0.998887823391771,185535.218471818,161165.742140467,493224.118016143,4.59835709689531
12.132,0.0235215054833637,0.285362904524168,10.6053009131481,0.0718484892037936,0.498877319844543,0.999999956029311,1,0.99889431077175,185720.846488829,161325.115888908,493757.382455996,4.60295775393733
12.133,0.0235215054833637,0.285386426029652,10.6053009131481,0.0718544114333685,0.498918440625935,0.999999956767478,1,0.998900762393473,185906.660226702,161484.647239029,494291.223451116,4.60756301393749
12.134,0.0235215054833637,0.285409947535135,10.6053009131481,0.0718603336629435,0.498959561407327,0.999999957493521,1,0.9989071784401,186092.659871251,161644.336346679,494825.641624863,4.61217288150106
12.135,0.0235215054833637,0.285433469040618,10.6053009131481,0.0718662558925185,0.499000682188718,0.999999958207635,1,0.998913559093947,186278.845608476,161804.183367861,495360.637601272,4.61678736123789
12.136,0.0235215054833637,0.285456990546102,10.6053009131481,0.0718721781220935,0.49904180297011,0.999999958910012,1,0.998919904536483,186465.217624561,161964.188458734,495896.212005051,4.62140645776246
12.137,0.0235215054833637,0.285480512051585,10.6053009131481,0.0718781003516685,0.499082923751502,0.999999959600838,1,0.998926214948338,186651.77610588,162124.351775609,496432.365461586,4.62603017569389
12.138,0.0235215054833637,0.285504033557068,10.6053009131481,0.0718840225812435,0.499124044532893,0.9999999602803,1,0.998932490509302,186838.52123899,162284.673474953,496969.098596936,4.63065851965586
12.139,0.0235215054833637,0.285527555062552,10.6053009131481,0.0718899448108185,0.499165165314285,0.999999960948581,1,0.998938731398334,187025.453210637,162445.153713388,497506.412037839,4.63529149427675
12.14,0.0235215054833637,0.285551076568035,10.6053009131481,0.0718958670403935,0.499206286095677,0.999999961605859,1,0.99894493779356,187212.572207753,162605.792647689,498044.306411712,4.63992910418952
12.141,0.0235215054833637,0.285574598073519,10.6053009131481,0.0719017892699685,0.499247406877069,0.999999962252313,1,0.998951109872279,187399.878417457,162766.590434789,498582.782346646,4.64457135403177
12.142,0.0235215054833637,0.285598119579002,10.6053009131481,0.0719077114995435,0.49928852765846,0.999999962888115,1,0.998957247810965,187587.372027055,162927.547231774,499121.840471415,4.64921824844577
12.143,0.0235215054833637,0.285621641084485,10.6053009131481,0.0719136337291185,0.499329648439852,0.999999963513437,1,0.998963351785271,187775.05322404,163088.663195885,499661.481415473,4.65386979207841
12.144,0.0235215054833637,0.285645162589969,10.6053009131481,0.0719195559586935,0.499370769221244,0.999999964128448,1,0.998969421970033,187962.922196095,163249.938484519,500201.705808949,4.65852598958122
12.145,0.0235215054833637,0.285668684095452,10.6053009131481,0.0719254781882684,0.499411890002636,0.999999964733314,1,0.998975458539273,188150.979131087,163411.373255231,500742.514282661,4.66318684561041
12.146,0.0235215054833637,0.285692205600935,10.6053009131481,0.0719314004178434,0.499453010784027,0.999999965328198,1,0.9989814616662,188339.224217074,163572.967665729,501283.907468104,4.66785236482684
12.147,0.0235215054833637,0.285715727106419,10.6053009131481,0.0719373226474184,0.499494131565419,0.999999965913261,1,0.998987431523215,188527.657642301,163734.721873877,501825.885997456,4.67252255189601
12.148,0.0235215054833637,0.285739248611902,10.6053009131481,0.0719432448769934,0.499535252346811,0.999999966488662,1,0.998993368281916,188716.279595201,163896.636037695,502368.450503581,4.67719741148813
12.149,0.0235215054833637,0.285762770117385,10.6053009131481,0.0719491671065684,0.499576373128203,0.999999967054556,1,0.998999272113098,188905.090264397,164058.710315363,502911.601620027,4.68187694827806
12.15,0.0235215054833637,0.285786291622869,10.6053009131481,0.0719550893361434,0.499617493909594,0.999999967611097,1,0.999005143186758,189094.089838698,164220.944865213,503455.339981022,4.68656116694532
12.151,0.0235215054833637,0.285809813128352,10.6053009131481,0.0719610115657184,0.499658614690986,0.999999968158435,1,0.999010981672099,189283.278507105,164383.339845735,503999.666221487,4.69125007217413
12.152,0.0235215054833637,0.285833334633836,10.6053009131481,0.0719669337952934,0.499699735472378,0.999999968696719,1,0.999016787737529,189472.656458807,164545.895415575,504544.580977025,4.69594366865342
12.153,0.0235215054833637,0.285856856139319,10.6053009131481,0.0719728560248684,0.499740856253769,0.999999969226097,1,0.99902256155067,189662.223883181,164708.611733539,505090.084883927,4.70064196107676
12.154,0.0235215054833637,0.285880377644802,10.6053009131481,0.0719787782544434,0.499781977035161,0.99999996974671,1,0.999028303278357,189851.980969794,164871.488958586,505636.178579171,4.70534495414245
12.155,0.0235215054833637,0.285903899150286,10.6053009131481,0.0719847004840184,0.499823097816553,0.999999970258702,1,0.999034013086644,190041.927908404,165034.527249835,506182.862700428,4.71005265255349
12.156,0.0235215054833637,0.285927420655769,10.6053009131481,0.0719906227135933,0.499864218597945,0.999999970762212,1,0.999039691140805,190232.064888958,165197.726766559,506730.137886051,4.71476506101757
12.157,0.0235215054833637,0.285950942161252,10.6053009131481,0.0719965449431683,0.499905339379336,0.999999971257376,1,0.999045337605336,190422.392101593,165361.087668194,507278.004775091,4.71948218424711
12.158,0.0235215054833637,0.285974463666736,10.6053009131481,0.0720024671727433,0.499946460160728,0.999999971744331,1,0.999050952643963,190612.909736635,165524.610114329,507826.464007284,4.72420402695922
12.159,0.0235215054833637,0.285997985172219,10.6053009131481,0.0720083894023183,0.49998758094212,0.999999972223209,1,0.999056536419641,190803.617984604,165688.294264713,508375.516223063,4.72893059387577
12.16,0.0235215054833637,0.286021506677702,10.6053009131481,0.0720143116318933,0.500028701723512,0.99999997269414,1,0.999062089094557,190994.517036206,165852.14027925,508925.162063546,4.73366188972329
12.161,0.0235215054833637,0.286045028183186,10.6053009131481,0.0720202338614683,0.500069822504903,0.999999973157255,1,0.999067610830136,191185.607082341,166016.148318007,509475.402170552,4.73839791923309
12.162,0.0235215054833637,0.286068549688669,10.6053009131481,0.0720261560910433,0.500110943286295,0.999999973612679,1,0.999073101787041,191376.888314099,166180.318541206,510026.23718659,4.74313868714122
12.163,0.0235215054833637,0.286092071194153,10.6053009131481,0.0720320783206183,0.500152064067687,0.999999974060537,1,0.99907856212518,191568.360922761,166344.651109227,510577.667754864,4.74788419818843
12.164,0.0235215054833637,0.286115592699636,10.6053009131481,0.0720380005501933,0.500193184849079,0.999999974500952,1,0.999083992003704,191760.0250998,166509.146182611,511129.694519273,4.75263445712022
12.165,0.0235215054833637,0.286139114205119,10.6053009131481,0.0720439227797683,0.50023430563047,0.999999974934045,1,0.999089391581014,191951.881036881,166673.803922056,511682.318124413,4.75738946868687
12.166,0.0235215054833637,0.286162635710603,10.6053009131481,0.0720498450093432,0.500275426411862,0.999999975359935,1,0.999094761014763,192143.928925858,166838.62448842,512235.539215579,4.7621492376434
12.167,0.0235215054833637,0.286186157216086,10.6053009131481,0.0720557672389182,0.500316547193254,0.999999975778739,1,0.999100100461857,192336.168958781,167003.608042718,512789.358438758,4.76691376874955
12.168,0.0235215054833637,0.286209678721569,10.6053009131481,0.0720616894684932,0.500357667974645,0.999999976190573,1,0.999105410078462,192528.601327888,167168.754746126,513343.77644064,4.77168306676986
12.169,0.0235215054833637,0.286233200227053,10.6053009131481,0.0720676116980682,0.500398788756037,0.999999976595548,1,0.999110690020005,192721.226225613,167334.064759981,513898.793868615,4.77645713647365
12.17,0.0235215054833637,0.286256721732536,10.6053009131481,0.0720735339276432,0.500439909537429,0.999999976993778,1,0.999115940441174,192914.04384458,167499.538245776,514454.411370768,4.78123598263497
12.171,0.0235215054833637,0.286280243238019,10.6053009131481,0.0720794561572182,0.500481030318821,0.999999977385372,1,0.999121161495927,193107.054377606,167665.175365165,515010.629595889,4.78601961003266
12.172,0.0235215054833637,0.286303764743503,10.6053009131481,0.0720853783867932,0.500522151100212,0.999999977770438,1,0.999126353337491,193300.258017704,167830.976279962,515567.449193468,4.79080802345037
12.173,0.0235215054833637,0.286327286248986,10.6053009131481,0.0720913006163682,0.500563271881604,0.999999978149082,1,0.999131516118366,193493.654958075,167996.941152143,516124.870813698,4.7956012276765
12.174,0.0235215054833637,0.28635080775447,10.6053009131481,0.0720972228459432,0.500604392662996,0.999999978521409,1,0.999136649990327,193687.245392118,168163.070143841,516682.895107473,4.80039922750426
12.175,0.0235215054833637,0.286374329259953,10.6053009131481,0.0721031450755182,0.500645513444388,0.999999978887523,1,0.999141755104429,193881.029513422,168329.363417351,517241.522726394,4.80520202773165
12.176,0.0235215054833637,0.286397850765436,10.6053009131481,0.0721090673050932,0.500686634225779,0.999999979247524,1,0.999146831611008,194075.007515772,168495.821135127,517800.754322763,4.81000963316146
12.177,0.0235215054833637,0.28642137227092,10.6053009131481,0.0721149895346682,0.500727755007171,0.999999979601512,1,0.999151879659685,194269.179593145,168662.443459787,518360.590549588,4.8148220486013
12.178,0.0235215054833637,0.286444893776403,10.6053009131481,0.0721209117642432,0.500768875788563,0.999999979949585,1,0.999156899399371,194463.545939715,168829.230554106,518921.032060587,4.8196392788636
12.179,0.0235215054833637,0.286468415281886,10.6053009131481,0.0721268339938181,0.500809996569955,0.99999998029184,1,0.999161890978263,194658.106749846,168996.182581022,519482.079510178,4.82446132876558
12.18,0.0235215054833637,0.28649193678737,10.6053009131481,0.0721327562233931,0.500851117351346,0.999999980628372,1,0.999166854543857,194852.8622181,169163.299703634,520043.733553493,4.82928820312928
12.181,0.0235215054833637,0.286515458292853,10.6053009131481,0.0721386784529681,0.500892238132738,0.999999980959275,1,0.999171790242941,195047.812539233,169330.582085202,520605.994846368,4.8341199067816
12.182,0.0235215054833637,0.286538979798336,10.6053009131481,0.0721446006825431,0.50093335891413,0.99999998128464,1,0.999176698221605,195242.957908195,169498.029889147,521168.86404535,4.83895644455422
12.183,0.0235215054833637,0.28656250130382,10.6053009131481,0.0721505229121181,0.500974479695522,0.999999981604559,1,0.999181578625242,195438.29852013,169665.643279053,521732.341807694,4.84379782128369
12.184,0.0235215054833637,0.286586022809303,10.6053009131481,0.0721564451416931,0.501015600476913,0.99999998191912,1,0.999186431598547,195633.834570381,169833.422418663,522296.428791371,4.84864404181139
12.185,0.0235215054833637,0.286609544314787,10.6053009131481,0.0721623673712681,0.501056721258305,0.999999982228411,1,0.999191257285527,195829.566254482,170001.367471886,522861.125655054,4.85349511098353
12.186,0.0235215054833637,0.28663306582027,10.6053009131481,0.0721682896008431,0.501097842039697,0.999999982532519,1,0.999196055829497,196025.493768166,170169.478602789,523426.433058137,4.85835103365119
12.187,0.0235215054833637,0.286656587325753,10.6053009131481,0.0721742118304181,0.501138962821088,0.999999982831527,1,0.999200827373089,196221.617307361,170337.755975604,523992.351660724,4.86321181467029
12.188,0.0235215054833637,0.286680108831237,10.6053009131481,0.0721801340599931,0.50118008360248,0.999999983125521,1,0.999205572058247,196417.937068188,170506.199754724,524558.88212363,4.8680774589016
12.189,0.0235215054833637,0.28670363033672,10.6053009131481,0.072186056289568,0.501221204383872,0.999999983414582,1,0.999210290026241,196614.45324697,170674.810104705,525126.025108386,4.87294797121078
12.19,0.0235215054833637,0.286727151842203,10.6053009131481,0.072191978519143,0.501262325165264,0.999999983698791,1,0.999214981417657,196811.16604022,170843.587190267,525693.781277242,4.87782335646833
12.191,0.0235215054833637,0.286750673347687,10.6053009131481,0.072197900748718,0.501303445946655,0.999999983978228,1,0.99921964637241,197008.075644654,171012.53117629,526262.151293159,4.88270361954966
12.192,0.0235215054833637,0.28677419485317,10.6053009131481,0.072203822978293,0.501344566728047,0.999999984252971,1,0.999224285029743,197205.182257179,171181.64222782,526831.135819817,4.887588765335
12.193,0.0235215054833637,0.286797716358653,10.6053009131481,0.072209745207868,0.501385687509439,0.999999984523097,1,0.99922889752823,197402.486074903,171350.920510064,527400.735521612,4.89247879870952
12.194,0.0235215054833637,0.286821237864137,10.6053009131481,0.072215667437443,0.501426808290831,0.999999984788682,1,0.999233484005775,197599.987295129,171520.366188393,527970.951063661,4.89737372456324
12.195,0.0235215054833637,0.28684475936962,10.6053009131481,0.072221589667018,0.501467929072222,0.999999985049801,1,0.999238044599625,197797.68611536,171689.979428344,528541.783111799,4.90227354779111
12.196,0.0235215054833637,0.286868280875104,10.6053009131481,0.072227511896593,0.501509049853614,0.999999985306528,1,0.99924257944636,197995.582733293,171859.760395612,529113.232332579,4.90717827329292
12.197,0.0235215054833637,0.286891802380587,10.6053009131481,0.072233434126168,0.501550170635006,0.999999985558933,1,0.999247088681905,198193.677346825,172029.709256063,529685.299393277,4.91208790597341
12.198,0.0235215054833637,0.28691532388607,10.6053009131481,0.072239356355743,0.501591291416398,0.99999998580709,1,0.999251572441531,198391.970154051,172199.826175721,530257.984961891,4.91700245074223
12.199,0.0235215054833637,0.286938845391554,10.6053009131481,0.072245278585318,0.501632412197789,0.999999986051067,1,0.999256030859853,198590.461353264,172370.111320777,530831.289707137,4.9219219125139
12.2,0.0235215054833637,0.286962366897037,10.6053009131481,0.0722512008148929,0.501673532979181,0.999999986290933,1,0.999260464070841,198789.151142954,172540.564857587,531405.214298459,4.92684629620789
12.201,0.0235215054833637,0.28698588840252,10.6053009131481,0.0722571230444679,0.501714653760573,0.999999986526757,1,0.999264872207814,198988.039721813,172711.186952669,531979.759406022,4.9317756067486
12.202,0.0235215054833637,0.287009409908004,10.6053009131481,0.0722630452740429,0.501755774541965,0.999999986758604,1,0.999269255403448,199187.127288727,172881.977772708,532554.925700716,4.93670984906532
12.203,0.0235215054833637,0.287032931413487,10.6053009131481,0.0722689675036179,0.501796895323356,0.999999986986541,1,0.999273613789778,199386.414042786,173052.937484552,533130.713854157,4.9416490280923
12.204,0.0235215054833637,0.28705645291897,10.6053009131481,0.0722748897331929,0.501838016104748,0.999999987210632,1,0.9992779474982,199585.900183275,173224.066255216,533707.124538686,4.94659314876873
12.205,0.0235215054833637,0.287079974424454,10.6053009131481,0.0722808119627679,0.50187913688614,0.99999998743094,1,0.999282256659474,199785.585909681,173395.364251878,534284.158427374,4.9515422160387
12.206,0.0235215054833637,0.287103495929937,10.6053009131481,0.0722867341923429,0.501920257667531,0.999999987647528,1,0.999286541403727,199985.47142169,173566.831641884,534861.816194014,4.95649623485131
12.207,0.0235215054833637,0.287127017435421,10.6053009131481,0.0722926564219179,0.501961378448923,0.999999987860457,1,0.999290801860455,200185.556919187,173738.468592742,535440.098513134,4.96145521016058
12.208,0.0235215054833637,0.287150538940904,10.6053009131481,0.0722985786514929,0.502002499230315,0.999999988069789,1,0.999295038158524,200385.842602257,173910.275272128,536019.006059985,4.96641914692545
12.209,0.0235215054833637,0.287174060446387,10.6053009131481,0.0723045008810679,0.502043620011707,0.999999988275581,1,0.999299250426178,200586.328671186,174082.251847884,536598.539510553,4.97138805010989
12.21,0.0235215054833637,0.287197581951871,10.6053009131481,0.0723104231106429,0.502084740793099,0.999999988477894,1,0.999303438791037,200787.015326461,174254.398488018,537178.699541555,4.97636192468281
12.211,0.0235215054833637,0.287221103457354,10.6053009131481,0.0723163453402179,0.50212586157449,0.999999988676784,1,0.999307603380099,200987.902768768,174426.715360701,537759.486830433,4.98134077561805
12.212,0.0235215054833637,0.287244624962837,10.6053009131481,0.0723222675697928,0.502166982355882,0.999999988872308,1,0.999311744319748,201188.991198995,174599.202634275,538340.902055369,4.98632460789448
12.213,0.0235215054833637,0.287268146468321,10.6053009131481,0.0723281897993679,0.502208103137274,0.999999989064521,1,0.99931586173575,201390.280818229,174771.860477245,538922.945895278,4.99131342649595
12.214,0.0235215054833637,0.287291667973804,10.6053009131481,0.0723341120289428,0.502249223918665,0.99999998925348,1,0.999319955753261,201591.771827761,174944.689058284,539505.6190298,4.99630723641125
12.215,0.0235215054833637,0.287315189479287,10.6053009131481,0.0723400342585178,0.502290344700057,0.999999989439237,1,0.999324026496827,201793.464429082,175117.688546232,540088.922139322,5.0013060426342
12.216,0.0235215054833637,0.287338710984771,10.6053009131481,0.0723459564880928,0.502331465481449,0.999999989621846,1,0.999328074090387,201995.358823884,175290.859110095,540672.855904959,5.00630985016362
12.217,0.0235215054833637,0.287362232490254,10.6053009131481,0.0723518787176678,0.502372586262841,0.999999989801359,1,0.999332098657274,202197.455214062,175464.200919048,541257.421008563,5.0113186640033
12.218,0.0235215054833637,0.287385753995738,10.6053009131481,0.0723578009472428,0.502413707044232,0.999999989977827,1,0.999336100320222,202399.753801711,175637.71414243,541842.618132725,5.01633248916207
12.219,0.0235215054833637,0.287409275501221,10.6053009131481,0.0723637231768178,0.502454827825624,0.999999990151301,1,0.999340079201364,202602.254789131,175811.398949752,542428.447960775,5.02135133065373
12.22,0.0235215054833637,0.287432797006704,10.6053009131481,0.0723696454063928,0.502495948607016,0.99999999032183,1,0.999344035422237,202804.958378824,175985.255510688,543014.91117678,5.02637519349716
12.221,0.0235215054833637,0.287456318512188,10.6053009131481,0.0723755676359678,0.502537069388407,0.999999990489464,1,0.999347969103784,203007.864773491,176159.283995083,543602.008465545,5.03140408271619
12.222,0.0235215054833637,0.287479840017671,10.6053009131481,0.0723814898655428,0.502578190169799,0.99999999065425,1,0.999351880366355,203210.97417604,176333.484572948,544189.740512618,5.03643800333972
12.223,0.0235215054833637,0.287503361523154,10.6053009131481,0.0723874120951177,0.502619310951191,0.999999990816237,1,0.999355769329715,203414.28678958,176507.857414464,544778.108004289,5.04147696040168
12.224,0.0235215054833637,0.287526883028638,10.6053009131481,0.0723933343246927,0.502660431732583,0.99999999097547,1,0.999359636113037,203617.802817424,176682.402689978,545367.111627587,5.04652095894102
12.225,0.0235215054833637,0.287550404534121,10.6053009131481,0.0723992565542677,0.502701552513974,0.999999991131995,1,0.999363480834915,203821.522463087,176857.120570008,545956.752070286,5.05157000400174
12.226,0.0235215054833637,0.287573926039604,10.6053009131481,0.0724051787838427,0.502742673295366,0.999999991285858,1,0.999367303613358,204025.44593029,177032.011225239,546547.030020901,5.05662410063288
12.227,0.0235215054833637,0.287597447545088,10.6053009131481,0.0724111010134177,0.502783794076758,0.999999991437102,1,0.999371104565799,204229.573422956,177207.074826525,547137.946168698,5.06168325388855
12.228,0.0235215054833637,0.287620969050571,10.6053009131481,0.0724170232429927,0.50282491485815,0.999999991585772,1,0.999374883809093,204433.905145213,177382.311544889,547729.501203678,5.06674746882788
12.229,0.0235215054833637,0.287644490556055,10.6053009131481,0.0724229454725677,0.502866035639541,0.99999999173191,1,0.999378641459522,204638.441301391,177557.721551523,548321.695816597,5.07181675051511
12.23,0.0235215054833637,0.287668012061538,10.6053009131481,0.0724288677021427,0.502907156420933,0.999999991875559,1,0.999382377632795,204843.182096029,177733.305017789,548914.530698953,5.07689110401952
12.231,0.0235215054833637,0.287691533567021,10.6053009131481,0.0724347899317177,0.502948277202325,0.999999992016759,1,0.999386092444054,205048.127733865,177909.062115217,549508.006542993,5.08197053441545
12.232,0.0235215054833637,0.287715055072505,10.6053009131481,0.0724407121612927,0.502989397983717,0.999999992155553,1,0.999389786007872,205253.278419845,178084.993015508,550102.124041713,5.08705504678234
12.233,0.0235215054833637,0.287738576577988,10.6053009131481,0.0724466343908677,0.503030518765108,0.999999992291979,1,0.999393458438262,205458.634359122,178261.097890533,550696.883888859,5.09214464620471
12.234,0.0235215054833637,0.287762098083471,10.6053009131481,0.0724525566204427,0.5030716395465,0.999999992426078,1,0.999397109848672,205664.19575705,178437.376912332,551292.286778922,5.09723933777213
12.235,0.0235215054833637,0.287785619588955,10.6053009131481,0.0724584788500176,0.503112760327892,0.999999992557888,1,0.999400740351991,205869.962819191,178613.830253115,551888.333407152,5.10233912657932
12.236,0.0235215054833637,0.287809141094438,10.6053009131481,0.0724644010795926,0.503153881109284,0.999999992687448,1,0.999404350060554,206075.935751312,178790.458085264,552485.024469543,5.10744401772607
12.237,0.0235215054833637,0.287832662599921,10.6053009131481,0.0724703233091676,0.503195001890675,0.999999992814796,1,0.999407939086139,206282.114759385,178967.260581328,553082.360662847,5.11255401631726
12.238,0.0235215054833637,0.287856184105405,10.6053009131481,0.0724762455387426,0.503236122672067,0.999999992939967,1,0.999411507539973,206488.500049591,179144.237914031,553680.342684565,5.11766912746289
12.239,0.0235215054833637,0.287879705610888,10.6053009131481,0.0724821677683176,0.503277243453459,0.999999993063,1,0.999415055532734,206695.091828314,179321.390256264,554278.971232958,5.12278935627808
12.24,0.0235215054833637,0.287903227116372,10.6053009131481,0.0724880899978926,0.503318364234851,0.999999993183929,1,0.999418583174553,206901.890302146,179498.717781092,554878.247007034,5.12791470788305
12.241,0.0235215054833637,0.287926748621855,10.6053009131481,0.0724940122274676,0.503359485016242,0.999999993302789,1,0.999422090575015,207108.895677886,179676.220661748,555478.170706563,5.13304518740314
12.242,0.0235215054833637,0.287950270127338,10.6053009131481,0.0724999344570426,0.503400605797634,0.999999993419616,1,0.999425577843164,207316.108162538,179853.89907164,556078.743032069,5.13818079996887
12.243,0.0235215054833637,0.287973791632822,10.6053009131481,0.0725058566866176,0.503441726579026,0.999999993534443,1,0.999429045087504,207523.527963316,180031.753184345,556679.964684835,5.14332155071581
12.244,0.0235215054833637,0.287997313138305,10.6053009131481,0.0725117789161926,0.503482847360417,0.999999993647305,1,0.999432492416002,207731.155287639,180209.783173611,557281.8363669,5.14846744478474
12.245,0.0235215054833637,0.288020834643788,10.6053009131481,0.0725177011457676,0.503523968141809,0.999999993758233,1,0.999435919936087,207938.990343135,180387.989213361,557884.358781065,5.15361848732154
12.246,0.0235215054833637,0.288044356149272,10.6053009131481,0.0725236233753426,0.503565088923201,0.999999993867261,1,0.999439327754659,208147.033337639,180566.371477686,558487.532630885,5.15877468347726
12.247,0.0235215054833637,0.288067877654755,10.6053009131481,0.0725295456049175,0.503606209704593,0.99999999397442,1,0.999442715978084,208355.284479193,180744.930140852,559091.358620683,5.16393603840808
12.248,0.0235215054833637,0.288091399160239,10.6053009131481,0.0725354678344925,0.503647330485984,0.999999994079741,1,0.999446084712203,208563.743976049,180923.665377297,559695.837455541,5.16910255727539
12.249,0.0235215054833637,0.288114920665722,10.6053009131481,0.0725413900640675,0.503688451267376,0.999999994183256,1,0.999449434062329,208772.412036666,181102.577361629,560300.9698413,5.17427424524567
12.25,0.0235215054833637,0.288138442171205,10.6053009131481,0.0725473122936425,0.503729572048768,0.999999994284995,1,0.999452764133252,208981.288869713,181281.666268633,560906.756484568,5.17945110749063
12.251,0.0235215054833637,0.288161963676689,10.6053009131481,0.0725532345232175,0.50377069283016,0.999999994384988,1,0.99945607502924,209190.374684066,181460.932273264,561513.198092715,5.18463314918713
12.252,0.0235215054833637,0.288185485182172,10.6053009131481,0.0725591567527925,0.503811813611551,0.999999994483263,1,0.999459366854045,209399.669688811,181640.37555065,562120.295373879,5.18982037551722
12.253,0.0235215054833637,0.288209006687655,10.6053009131481,0.0725650789823675,0.503852934392943,0.999999994579851,1,0.999462639710898,209609.174093244,181819.996276092,562728.049036957,5.19501279166811
12.254,0.0235215054833637,0.288232528193139,10.6053009131481,0.0725710012119425,0.503894055174335,0.999999994674779,1,0.999465893702519,209818.888106867,181999.794625066,563336.459791619,5.20021040283222
12.255,0.0235215054833637,0.288256049698622,10.6053009131481,0.0725769234415175,0.503935175955726,0.999999994768075,1,0.999469128931114,210028.811939397,182179.77077322,563945.528348298,5.20541321420717
12.256,0.0235215054833637,0.288279571204105,10.6053009131481,0.0725828456710925,0.503976296737118,0.999999994859767,1,0.999472345498381,210238.945800756,182359.924896377,564555.255418201,5.21062123099578
12.257,0.0235215054833637,0.288303092709589,10.6053009131481,0.0725887679006675,0.50401741751851,0.999999994949882,1,0.999475543505508,210449.289901078,182540.257170533,565165.641713294,5.21583445840604
12.258,0.0235215054833637,0.288326614215072,10.6053009131481,0.0725946901302424,0.504058538299902,0.999999995038446,1,0.999478723053181,210659.844450708,182720.767771857,565776.687946323,5.22105290165119
12.259,0.0235215054833637,0.288350135720556,10.6053009131481,0.0726006123598174,0.504099659081294,0.999999995125486,1,0.999481884241578,210870.6096602,182901.456876694,566388.394830799,5.2262765659497
12.26,0.0235215054833637,0.288373657226039,10.6053009131481,0.0726065345893924,0.504140779862685,0.999999995211027,1,0.999485027170381,211081.585740318,183082.324661564,567000.763081006,5.23150545652519
12.261,0.0235215054833637,0.288397178731522,10.6053009131481,0.0726124568189674,0.504181900644077,0.999999995295094,1,0.999488151938772,211292.77290204,183263.371303158,567613.793411998,5.23673957860658
12.262,0.0235215054833637,0.288420700237006,10.6053009131481,0.0726183790485424,0.504223021425469,0.999999995377713,1,0.999491258645434,211504.171356553,183444.596978345,568227.486539607,5.24197893742799
12.263,0.0235215054833637,0.288444221742489,10.6053009131481,0.0726243012781174,0.50426414220686,0.999999995458908,1,0.999494347388558,211715.781315255,183626.001864169,568841.843180433,5.24722353822876
12.264,0.0235215054833637,0.288467743247972,10.6053009131481,0.0726302235076924,0.504305262988252,0.999999995538702,1,0.999497418265844,211927.602989756,183807.586137847,569456.864051856,5.25247338625351
12.265,0.0235215054833637,0.288491264753456,10.6053009131481,0.0726361457372674,0.504346383769644,0.999999995617121,1,0.999500471374501,212139.636591877,183989.349976772,570072.549872028,5.2577284867521
12.266,0.0235215054833637,0.288514786258939,10.6053009131481,0.0726420679668424,0.504387504551036,0.999999995694186,1,0.999503506811249,212351.882333653,184171.293558513,570688.90135988,5.2629888449796
12.267,0.0235215054833637,0.288538307764422,10.6053009131481,0.0726479901964174,0.504428625332427,0.99999999576992,1,0.999506524672324,212564.340427328,184353.417060814,571305.919235117,5.26825446619638
12.268,0.0235215054833637,0.288561829269906,10.6053009131481,0.0726539124259924,0.504469746113819,0.999999995844347,1,0.999509525053479,212777.011085362,184535.720661597,571923.604218227,5.27352535566808
12.269,0.0235215054833637,0.288585350775389,10.6053009131481,0.0726598346555674,0.504510866895211,0.999999995917489,1,0.999512508049985,212989.894520425,184718.204538954,572541.957030472,5.27880151866556
12.27,0.0235215054833637,0.288608872280872,10.6053009131481,0.0726657568851423,0.504551987676603,0.999999995989366,1,0.999515473756635,213202.9909454,184900.868871161,573160.978393898,5.284082960465
12.271,0.0235215054833637,0.288632393786356,10.6053009131481,0.0726716791147173,0.504593108457994,0.999999996060001,1,0.999518422267744,213416.300573383,185083.713836664,573780.669031328,5.28936968634786
12.272,0.0235215054833637,0.288655915291839,10.6053009131481,0.0726776013442923,0.504634229239386,0.999999996129415,1,0.999521353677152,213629.823617685,185266.739614089,574401.029666369,5.29466170160083
12.273,0.0235215054833637,0.288679436797323,10.6053009131481,0.0726835235738673,0.504675350020778,0.999999996197628,1,0.999524268078229,213843.560291829,185449.946382237,575022.061023408,5.29995901151594
12.274,0.0235215054833637,0.288702958302806,10.6053009131481,0.0726894458034423,0.50471647080217,0.99999999626466,1,0.999527165563872,214057.51080955,185633.334320087,575643.76382762,5.30526162139051
12.275,0.0235215054833637,0.288726479808289,10.6053009131481,0.0726953680330173,0.504757591583561,0.999999996330532,1,0.999530046226509,214271.6753848,185816.903606793,576266.138804957,5.31056953652714
12.276,0.0235215054833637,0.288750001313773,10.6053009131481,0.0727012902625923,0.504798712364953,0.999999996395264,1,0.999532910158105,214486.054231744,186000.654421688,576889.186682163,5.31588276223375
12.277,0.0235215054833637,0.288773522819256,10.6053009131481,0.0727072124921673,0.504839833146345,0.999999996458874,1,0.999535757450159,214700.647564759,186184.586944282,577512.908186762,5.32120130382358
12.278,0.0235215054833637,0.288797044324739,10.6053009131481,0.0727131347217423,0.504880953927736,0.999999996521382,1,0.999538588193707,214915.45559844,186368.701354262,578137.304047069,5.32652516661514
12.279,0.0235215054833637,0.288820565830223,10.6053009131481,0.0727190569513173,0.504922074709128,0.999999996582807,1,0.999541402479326,215130.478547594,186552.997831494,578762.374992182,5.33185435593231
12.28,0.0235215054833637,0.288844087335706,10.6053009131481,0.0727249791808923,0.50496319549052,0.999999996643166,1,0.999544200397136,215345.716627246,186737.47655602,579388.121751993,5.33718887710429
12.281,0.0235215054833637,0.28886760884119,10.6053009131481,0.0727309014104672,0.505004316271912,0.999999996702478,1,0.9995469820368,215561.170052631,186922.13770806,580014.545057175,5.34252873546559
12.282,0.0235215054833637,0.288891130346673,10.6053009131481,0.0727368236400422,0.505045437053303,0.999999996760762,1,0.999549747487527,215776.839039204,187106.981468015,580641.6456392,5.34787393635606
12.283,0.0235215054833637,0.288914651852156,10.6053009131481,0.0727427458696172,0.505086557834695,0.999999996818033,1,0.999552496838074,215992.723802635,187292.008016461,581269.424230326,5.35322448512092
12.284,0.0235215054833637,0.28893817335764,10.6053009131481,0.0727486680991922,0.505127678616087,0.99999999687431,1,0.999555230176751,216208.824558807,187477.217534155,581897.881563603,5.35858038711071
12.285,0.0235215054833637,0.288961694863123,10.6053009131481,0.0727545903287672,0.505168799397479,0.99999999692961,1,0.999557947591416,216425.141523822,187662.610202031,582527.018372874,5.36394164768133
12.286,0.0235215054833637,0.288985216368606,10.6053009131481,0.0727605125583422,0.50520992017887,0.999999996983948,1,0.999560649169486,216641.674913996,187848.186201203,583156.835392775,5.36930827219405
12.287,0.0235215054833637,0.28900873787409,10.6053009131481,0.0727664347879172,0.505251040960262,0.999999997037342,1,0.999563334997931,216858.424945864,188033.945712965,583787.333358737,5.37468026601549
12.288,0.0235215054833637,0.289032259379573,10.6053009131481,0.0727723570174922,0.505292161741654,0.999999997089808,1,0.999566005163281,217075.391836174,188219.888918788,584418.513006986,5.38005763451765
12.289,0.0235215054833637,0.289055780885056,10.6053009131481,0.0727782792470672,0.505333282523046,0.999999997141361,1,0.999568659751626,217292.575801895,188406.016000323,585050.375074543,5.38544038307788
12.29,0.0235215054833637,0.28907930239054,10.6053009131481,0.0727842014766422,0.505374403304437,0.999999997192017,1,0.999571298848617,217509.977060209,188592.327139403,585682.920299227,5.39082851707894
12.291,0.0235215054833637,0.289102823896023,10.6053009131481,0.0727901237062172,0.505415524085829,0.999999997241792,1,0.999573922539472,217727.595828519,188778.822518038,586316.149419656,5.39622204190898
12.292,0.0235215054833637,0.289126345401507,10.6053009131481,0.0727960459357921,0.505456644867221,0.999999997290699,1,0.999576530908975,217945.432324442,188965.502318418,586950.063175242,5.4016209629615
12.293,0.0235215054833637,0.28914986690699,10.6053009131481,0.0728019681653671,0.505497765648612,0.999999997338755,1,0.999579124041476,218163.486765816,189152.366722916,587584.662306201,5.40702528563544
12.294,0.0235215054833637,0.289173388412473,10.6053009131481,0.0728078903949421,0.505538886430004,0.999999997385974,1,0.999581702020897,218381.759370695,189339.415914082,588219.947553548,5.41243501533512
12.295,0.0235215054833637,0.289196909917957,10.6053009131481,0.0728138126245171,0.505580007211396,0.999999997432369,1,0.999584264930732,218600.250357351,189526.65007465,588855.919659099,5.41785015747026
12.296,0.0235215054833637,0.28922043142344,10.6053009131481,0.0728197348540921,0.505621127992788,0.999999997477956,1,0.99958681285405,218818.959944276,189714.06938753,589492.57936547,5.423270717456
12.297,0.0235215054833637,0.289243952928923,10.6053009131481,0.0728256570836671,0.50566224877418,0.999999997522747,1,0.999589345873495,219037.88835018,189901.674035818,590129.927416085,5.42869670071293
12.298,0.0235215054833637,0.289267474434407,10.6053009131481,0.0728315793132421,0.505703369555571,0.999999997566758,1,0.99959186407129,219257.035793989,190089.464202787,590767.964555164,5.434128112667
12.299,0.0235215054833637,0.28929099593989,10.6053009131481,0.0728375015428171,0.505744490336963,0.999999997609999,1,0.999594367529238,219476.402494853,190277.440071894,591406.691527741,5.43956495874964
12.3,0.0235215054833637,0.289314517445373,10.6053009131481,0.0728434237723921,0.505785611118355,0.999999997652486,1,0.999596856328722,219695.988672138,190465.601826776,592046.109079648,5.44500724439769
12.301,0.0235215054833637,0.289338038950857,10.6053009131481,0.0728493460019671,0.505826731899746,0.999999997694231,1,0.999599330550712,219915.794545429,190653.949651252,592686.217957526,5.45045497505344
12.302,0.0235215054833637,0.28936156045634,10.6053009131481,0.0728552682315421,0.505867852681138,0.999999997735247,1,0.999601790275761,220135.820334534,190842.483729322,593327.018908824,5.45590815616461
12.303,0.0235215054833637,0.289385081961823,10.6053009131481,0.0728611904611171,0.50590897346253,0.999999997775545,1,0.999604235584012,220356.066259477,191031.20424517,593968.5126818,5.46136679318441
12.304,0.0235215054833637,0.289408603467307,10.6053009131481,0.072867112690692,0.505950094243922,0.999999997815139,1,0.999606666555196,220576.532540505,191220.11138316,594610.700025517,5.46683089157144
12.305,0.0235215054833637,0.28943212497279,10.6053009131481,0.072873034920267,0.505991215025313,0.999999997854041,1,0.999609083268637,220797.219398084,191409.205327838,595253.581689851,5.47230045678982
12.306,0.0235215054833637,0.289455646478274,10.6053009131481,0.072878957149842,0.506032335806705,0.999999997892262,1,0.999611485803249,221018.1270529,191598.486263936,595897.15842549,5.47777549430912
12.307,0.0235215054833637,0.289479167983757,10.6053009131481,0.072884879379417,0.506073456588097,0.999999997929814,1,0.999613874237546,221239.255725862,191787.954376364,596541.430983929,5.48325600960437
12.308,0.0235215054833637,0.28950268948924,10.6053009131481,0.072890801608992,0.506114577369489,0.999999997966709,1,0.999616248649636,221460.605638098,191977.609850219,597186.400117479,5.48874200815608
12.309,0.0235215054833637,0.289526210994724,10.6053009131481,0.072896723838567,0.50615569815088,0.999999998002958,1,0.999618609117225,221682.177010959,192167.452870778,597832.066579266,5.49423349545026
12.31,0.0235215054833637,0.289549732500207,10.6053009131481,0.072902646068142,0.506196818932272,0.999999998038572,1,0.999620955717623,221903.970066014,192357.483623502,598478.431123224,5.49973047697839
12.311,0.0235215054833637,0.28957325400569,10.6053009131481,0.072908568297717,0.506237939713664,0.999999998073561,1,0.999623288527741,222125.985025059,192547.702294037,599125.494504109,5.50523295823746
12.312,0.0235215054833637,0.289596775511174,10.6053009131481,0.072914490527292,0.506279060495056,0.999999998107937,1,0.999625607624093,222348.222110107,192738.109068211,599773.257477489,5.51074094472995
12.313,0.0235215054833637,0.289620297016657,10.6053009131481,0.072920412756867,0.506320181276447,0.999999998141711,1,0.999627913082803,222570.681543395,192928.704132036,600421.72079975,5.51625444196383
12.314,0.0235215054833637,0.28964381852214,10.6053009131481,0.072926334986442,0.506361302057839,0.999999998174891,1,0.999630204979598,222793.363547383,193119.487671708,601070.885228095,5.52177345545262
12.315,0.0235215054833637,0.289667340027624,10.6053009131481,0.0729322572160169,0.506402422839231,0.99999999820749,1,0.99963248338982,223016.268344754,193310.459873606,601720.751520547,5.52729799071533
12.316,0.0235215054833637,0.289690861533107,10.6053009131481,0.0729381794455919,0.506443543620622,0.999999998239517,1,0.999634748388419,223239.396158412,193501.620924297,602371.320435951,5.53282805327649
12.317,0.0235215054833637,0.289714383038591,10.6053009131481,0.0729441016751669,0.506484664402014,0.999999998270981,1,0.999637000049961,223462.747211484,193692.971010528,603022.592733965,5.53836364866616
12.318,0.0235215054833637,0.289737904544074,10.6053009131481,0.0729500239047419,0.506525785183406,0.999999998301892,1,0.999639238448626,223686.321727322,193884.510319234,603674.569175073,5.54390478241994
12.319,0.0235215054833637,0.289761426049557,10.6053009131481,0.0729559461343169,0.506566905964798,0.99999999833226,1,0.999641463658211,223910.119929501,194076.239037532,604327.250520583,5.54945146007896
12.32,0.0235215054833637,0.289784947555041,10.6053009131481,0.0729618683638919,0.506608026746189,0.999999998362095,1,0.999643675752133,224134.142041818,194268.157352727,604980.637532625,5.55500368718992
12.321,0.0235215054833637,0.289808469060524,10.6053009131481,0.0729677905934669,0.506649147527581,0.999999998391404,1,0.999645874803429,224358.388288296,194460.265452307,605634.73097415,5.56056146930501
12.322,0.0235215054833637,0.289831990566007,10.6053009131481,0.0729737128230419,0.506690268308973,0.999999998420199,1,0.999648060884758,224582.85889318,194652.563523946,606289.531608935,5.56612481198204
12.323,0.0235215054833637,0.289855512071491,10.6053009131481,0.0729796350526169,0.506731389090365,0.999999998448486,1,0.999650234068404,224807.554080943,194845.051755505,606945.040201588,5.57169372078435
12.324,0.0235215054833637,0.289879033576974,10.6053009131481,0.0729855572821919,0.506772509871756,0.999999998476276,1,0.999652394426276,225032.474076278,195037.730335029,607601.257517535,5.57726820128084
12.325,0.0235215054833637,0.289902555082457,10.6053009131481,0.0729914795117668,0.506813630653148,0.999999998503577,1,0.999654542029911,225257.619104106,195230.599450748,608258.184323035,5.582848259046
12.326,0.0235215054833637,0.289926076587941,10.6053009131481,0.0729974017413419,0.50685475143454,0.999999998530396,1,0.999656676950476,225482.989389573,195423.659291081,608915.821385178,5.58843389965989
12.327,0.0235215054833637,0.289949598093424,10.6053009131481,0.0730033239709168,0.506895872215932,0.999999998556743,1,0.99965879925877,225708.585158047,195616.910044632,609574.169471875,5.59402512870813
12.328,0.0235215054833637,0.289973119598908,10.6053009131481,0.0730092462004918,0.506936992997323,0.999999998582626,1,0.999660909025221,225934.406635125,195810.351900192,610233.229351875,5.59962195178197
12.329,0.0235215054833637,0.289996641104391,10.6053009131481,0.0730151684300668,0.506978113778715,0.999999998608053,1,0.999663006319897,226160.454046628,196003.985046736,610893.001794754,5.60522437447824
12.33,0.0235215054833637,0.290020162609874,10.6053009131481,0.0730210906596418,0.507019234560107,0.999999998633031,1,0.999665091212497,226386.727618605,196197.809673431,611553.487570922,5.61083240239934
12.331,0.0235215054833637,0.290043684115358,10.6053009131481,0.0730270128892168,0.507060355341499,0.999999998657568,1,0.999667163772362,226613.227577328,196391.825969625,612214.68745162,5.61644604115331
12.332,0.0235215054833637,0.290067205620841,10.6053009131481,0.0730329351187918,0.50710147612289,0.999999998681673,1,0.999669224068472,226839.954149297,196586.034124859,612876.602208928,5.6220652963538
12.333,0.0235215054833637,0.290090727126324,10.6053009131481,0.0730388573483668,0.507142596904282,0.999999998705352,1,0.999671272169445,227066.90756124,196780.434328857,613539.232615751,5.62769017362005
12.334,0.0235215054833637,0.290114248631808,10.6053009131481,0.0730447795779418,0.507183717685674,0.999999998728613,1,0.999673308143547,227294.088040109,196975.026771533,614202.579445839,5.63332067857693
12.335,0.0235215054833637,0.290137770137291,10.6053009131481,0.0730507018075168,0.507224838467065,0.999999998751463,1,0.999675332058685,227521.495813085,197169.811642988,614866.643473775,5.63895681685498
12.336,0.0235215054833637,0.290161291642774,10.6053009131481,0.0730566240370918,0.507265959248457,0.999999998773909,1,0.999677343982415,227749.131107575,197364.789133512,615531.425474979,5.6445985940903
12.337,0.0235215054833637,0.290184813148258,10.6053009131481,0.0730625462666668,0.507307080029849,0.999999998795958,1,0.999679343981938,227976.994151216,197559.959433582,616196.926225709,5.65024601592468
12.338,0.0235215054833637,0.290208334653741,10.6053009131481,0.0730684684962418,0.507348200811241,0.999999998817617,1,0.999681332124109,228205.08517187,197755.322733862,616863.146503066,5.65589908800557
12.339,0.0235215054833637,0.290231856159225,10.6053009131481,0.0730743907258167,0.507389321592632,0.999999998838894,1,0.999683308475431,228433.404397628,197950.879225209,617530.087084985,5.661557815986
12.34,0.0235215054833637,0.290255377664708,10.6053009131481,0.0730803129553917,0.507430442374024,0.999999998859794,1,0.99968527310206,228661.95205681,198146.629098664,618197.748750247,5.66722220552472
12.341,0.0235215054833637,0.290278899170191,10.6053009131481,0.0730862351849667,0.507471563155416,0.999999998880324,1,0.999687226069809,228890.728377963,198342.57254546,618866.132278474,5.67289226228613
12.342,0.0235215054833637,0.290302420675675,10.6053009131481,0.0730921574145417,0.507512683936808,0.99999999890049,1,0.999689167444145,229119.733589863,198538.709757017,619535.23845013,5.67856799194026
12.343,0.0235215054833637,0.290325942181158,10.6053009131481,0.0730980796441167,0.507553804718199,0.9999999989203,1,0.999691097290194,229348.967921515,198735.040924946,620205.068046521,5.68424940016286
12.344,0.0235215054833637,0.290349463686641,10.6053009131481,0.0731040018736917,0.507594925499591,0.999999998939758,1,0.999693015672743,229578.431602155,198931.566241047,620875.621849804,5.68993649263533
12.345,0.0235215054833637,0.290372985192125,10.6053009131481,0.0731099241032667,0.507636046280983,0.999999998958872,1,0.999694922656236,229808.124861246,199128.285897308,621546.900642975,5.69562927504478
12.346,0.0235215054833637,0.290396506697608,10.6053009131481,0.0731158463328417,0.507677167062375,0.999999998977646,1,0.999696818304784,230038.047928481,199325.200085911,622218.905209879,5.70132775308396
12.347,0.0235215054833637,0.290420028203091,10.6053009131481,0.0731217685624167,0.507718287843766,0.999999998996088,1,0.999698702682161,230268.201033782,199522.308999223,622891.636335209,5.70703193245138
12.348,0.0235215054833637,0.290443549708575,10.6053009131481,0.0731276907919916,0.507759408625158,0.999999999014203,1,0.999700575851805,230498.584407304,199719.612829804,623565.094804507,5.7127418188512
12.349,0.0235215054833637,0.290467071214058,10.6053009131481,0.0731336130215667,0.50780052940655,0.999999999031996,1,0.999702437876824,230729.19827943,199917.111770405,624239.281404162,5.71845741799333
12.35,0.0235215054833637,0.290490592719542,10.6053009131481,0.0731395352511416,0.507841650187941,0.999999999049473,1,0.999704288819994,230960.042880773,200114.806013965,624914.196921416,5.72417873559335
12.351,0.0235215054833637,0.290514114225025,10.6053009131481,0.0731454574807166,0.507882770969333,0.99999999906664,1,0.999706128743762,231191.118442178,200312.695753617,625589.842144358,5.72990577737257
12.352,0.0235215054833637,0.290537635730508,10.6053009131481,0.0731513797102916,0.507923891750725,0.999999999083502,1,0.999707957710246,231422.425194721,200510.781182683,626266.217861936,5.73563854905807
12.353,0.0235215054833637,0.290561157235992,10.6053009131481,0.0731573019398666,0.507965012532117,0.999999999100064,1,0.999709775781241,231653.963369708,200709.062494676,626943.324863942,5.74137705638257
12.354,0.0235215054833637,0.290584678741475,10.6053009131481,0.0731632241694416,0.508006133313508,0.999999999116332,1,0.999711583018213,231885.733198678,200907.5398833,627621.16394103,5.74712130508462
12.355,0.0235215054833637,0.290608200246958,10.6053009131481,0.0731691463990166,0.5080472540949,0.999999999132311,1,0.999713379482308,232117.734913401,201106.213542454,628299.735884705,5.75287130090845
12.356,0.0235215054833637,0.290631721752442,10.6053009131481,0.0731750686285916,0.508088374876292,0.999999999148006,1,0.99971516523435,232349.968745878,201305.083666224,628979.041487327,5.75862704960406
12.357,0.0235215054833637,0.290655243257925,10.6053009131481,0.0731809908581666,0.508129495657684,0.999999999163421,1,0.999716940334841,232582.434928342,201504.150448892,629659.081542114,5.7643885569272
12.358,0.0235215054833637,0.290678764763408,10.6053009131481,0.0731869130877416,0.508170616439075,0.999999999178562,1,0.999718704843968,232815.133693262,201703.414084928,630339.856843144,5.77015582863938
12.359,0.0235215054833637,0.290702286268892,10.6053009131481,0.0731928353173166,0.508211737220467,0.999999999193433,1,0.999720458821597,233048.065273334,201902.874768999,631021.368185349,5.77592887050787
12.36,0.0235215054833637,0.290725807774375,10.6053009131481,0.0731987575468915,0.508252858001859,0.99999999920804,1,0.999722202327281,233281.229901491,202102.53269596,631703.616364522,5.7817076883057
12.361,0.0235215054833637,0.290749329279859,10.6053009131481,0.0732046797764666,0.508293978783251,0.999999999222386,1,0.999723935420259,233514.627810898,202302.388060862,632386.60217732,5.78749228781172
12.362,0.0235215054833637,0.290772850785342,10.6053009131481,0.0732106020060415,0.508335099564642,0.999999999236477,1,0.999725658159456,233748.259234951,202502.441058947,633070.326421254,5.79328267481049
12.363,0.0235215054833637,0.290796372290825,10.6053009131481,0.0732165242356165,0.508376220346034,0.999999999250317,1,0.999727370603489,233982.124407283,202702.691885651,633754.789894705,5.79907885509243
12.364,0.0235215054833637,0.290819893796309,10.6053009131481,0.0732224464651915,0.508417341127426,0.999999999263909,1,0.999729072810661,234216.22356176,202903.140736603,634439.993396912,5.80488083445371
12.365,0.0235215054833637,0.290843415301792,10.6053009131481,0.0732283686947665,0.508458461908817,0.99999999927726,1,0.999730764838972,234450.556932479,203103.787807626,635125.937727981,5.8106886186963
12.366,0.0235215054833637,0.290866936807275,10.6053009131481,0.0732342909243415,0.508499582690209,0.999999999290372,1,0.999732446746112,234685.124753775,203304.633294734,635812.623688881,5.81650221362799
12.367,0.0235215054833637,0.290890458312759,10.6053009131481,0.0732402131539165,0.508540703471601,0.99999999930325,1,0.999734118589466,234919.927260215,203505.67739414,636500.05208145,5.82232162506239
12.368,0.0235215054833637,0.290913979818242,10.6053009131481,0.0732461353834915,0.508581824252993,0.999999999315898,1,0.999735780426117,235154.964686602,203706.920302245,637188.223708386,5.82814685881889
12.369,0.0235215054833637,0.290937501323725,10.6053009131481,0.0732520576130665,0.508622945034384,0.99999999932832,1,0.999737432312847,235390.237267973,203908.362215649,637877.139373265,5.83397792072274
12.37,0.0235215054833637,0.290961022829209,10.6053009131481,0.0732579798426415,0.508664065815776,0.999999999340521,1,0.999739074306133,235625.745239602,204110.003331144,638566.799880524,5.839814816605
12.371,0.0235215054833637,0.290984544334692,10.6053009131481,0.0732639020722165,0.508705186597168,0.999999999352503,1,0.999740706462157,235861.488836994,204311.843845717,639257.206035473,5.84565755230256
12.372,0.0235215054833637,0.291008065840176,10.6053009131481,0.0732698243017915,0.50874630737856,0.999999999364271,1,0.999742328836801,236097.468295896,204513.88395655,639948.358644291,5.85150613365815
12.373,0.0235215054833637,0.291031587345659,10.6053009131481,0.0732757465313664,0.508787428159951,0.999999999375829,1,0.999743941485651,236333.683852286,204716.12386102,640640.258514031,5.85736056652038
12.374,0.0235215054833637,0.291055108851142,10.6053009131481,0.0732816687609414,0.508828548941343,0.99999999938718,1,0.999745544463999,236570.135742378,204918.563756699,641332.906452615,5.86322085674365
12.375,0.0235215054833637,0.291078630356626,10.6053009131481,0.0732875909905164,0.508869669722735,0.999999999398327,1,0.999747137826842,236806.824202627,205121.203841356,642026.303268844,5.86908701018827
12.376,0.0235215054833637,0.291102151862109,10.6053009131481,0.0732935132200914,0.508910790504127,0.999999999409276,1,0.999748721628887,237043.749469719,205324.044312952,642720.449772386,5.87495903272038
12.377,0.0235215054833637,0.291125673367592,10.6053009131481,0.0732994354496664,0.508951911285518,0.999999999420028,1,0.999750295924548,237280.911780581,205527.085369647,643415.346773793,5.88083693021203
12.378,0.0235215054833637,0.291149194873076,10.6053009131481,0.0733053576792414,0.50899303206691,0.999999999430587,1,0.999751860767951,237518.311372374,205730.327209795,644110.995084484,5.88672070854109
12.379,0.0235215054833637,0.291172716378559,10.6053009131481,0.0733112799088164,0.509034152848302,0.999999999440958,1,0.999753416212934,237755.948482498,205933.770031948,644807.395516764,5.89261037359135
12.38,0.0235215054833637,0.291196237884042,10.6053009131481,0.0733172021383914,0.509075273629694,0.999999999451142,1,0.999754962313049,237993.823348591,206137.414034852,645504.54888381,5.89850593125247
12.381,0.0235215054833637,0.291219759389526,10.6053009131481,0.0733231243679664,0.509116394411085,0.999999999461144,1,0.999756499121562,238231.936208527,206341.259417453,646202.455999685,5.90440738742003
12.382,0.0235215054833637,0.291243280895009,10.6053009131481,0.0733290465975414,0.509157515192477,0.999999999470967,1,0.999758026691455,238470.287300419,206545.306378889,646901.117679321,5.91031474799545
12.383,0.0235215054833637,0.291266802400493,10.6053009131481,0.0733349688271163,0.509198635973869,0.999999999480613,1,0.999759545075429,238708.876862618,206749.555118498,647600.534738543,5.91622801888612
12.384,0.0235215054833637,0.291290323905976,10.6053009131481,0.0733408910566913,0.509239756755261,0.999999999490087,1,0.999761054325904,238947.705133714,206954.005835817,648300.707994051,5.9221472060053
12.385,0.0235215054833637,0.291313845411459,10.6053009131481,0.0733468132862663,0.509280877536652,0.99999999949939,1,0.999762554495019,239186.772352534,207158.658730575,649001.63826343,5.92807231527218
12.386,0.0235215054833637,0.291337366916943,10.6053009131481,0.0733527355158413,0.509321998318044,0.999999999508526,1,0.999764045634636,239426.078758147,207363.514002703,649703.326365148,5.93400335261187
12.387,0.0235215054833637,0.291360888422426,10.6053009131481,0.0733586577454163,0.509363119099436,0.999999999517498,1,0.999765527796339,239665.62458986,207568.571852328,650405.773118562,5.93994032395541
12.388,0.0235215054833637,0.291384409927909,10.6053009131481,0.0733645799749913,0.509404239880828,0.999999999526309,1,0.999767001031439,239905.410087216,207773.832479774,651108.979343907,5.94588323523976
12.389,0.0235215054833637,0.291407931433393,10.6053009131481,0.0733705022045663,0.509445360662219,0.999999999534962,1,0.999768465390969,240145.435490002,207979.296085566,651812.945862312,5.95183209240784
12.39,0.0235215054833637,0.291431452938876,10.6053009131481,0.0733764244341413,0.509486481443611,0.999999999543459,1,0.999769920925692,240385.701038244,208184.962870424,652517.673495792,5.95778690140852
12.391,0.0235215054833637,0.291454974444359,10.6053009131481,0.0733823466637163,0.509527602225003,0.999999999551803,1,0.999771367686098,240626.206972207,208390.833035268,653223.163067249,5.96374766819659
12.392,0.0235215054833637,0.291478495949843,10.6053009131481,0.0733882688932913,0.509568723006394,0.999999999559997,1,0.999772805722409,240866.953532397,208596.906781217,653929.415400475,5.96971439873283
12.393,0.0235215054833637,0.291502017455326,10.6053009131481,0.0733941911228663,0.509609843787786,0.999999999568044,1,0.999774235084575,241107.940959561,208803.184309589,654636.431320156,5.97568709898397
12.394,0.0235215054833637,0.29152553896081,10.6053009131481,0.0734001133524413,0.509650964569178,0.999999999575945,1,0.999775655822281,241349.169494686,209009.665821899,655344.211651863,5.9816657749227
12.395,0.0235215054833637,0.291549060466293,10.6053009131481,0.0734060355820162,0.50969208535057,0.999999999583705,1,0.999777067984945,241590.639379,209216.351519864,656052.757222067,5.98765043252769
12.396,0.0235215054833637,0.291572581971776,10.6053009131481,0.0734119578115912,0.509733206131961,0.999999999591324,1,0.999778471621718,241832.350853974,209423.2416054,656762.068858128,5.99364107778364
12.397,0.0235215054833637,0.29159610347726,10.6053009131481,0.0734178800411662,0.509774326913353,0.999999999598807,1,0.999779866781492,242074.304161319,209630.336280621,657472.1473883,5.99963771668115
12.398,0.0235215054833637,0.291619624982743,10.6053009131481,0.0734238022707412,0.509815447694745,0.999999999606154,1,0.999781253512891,242316.499542988,209837.635747842,658182.993641737,6.00564035521687
12.399,0.0235215054833637,0.291643146488226,10.6053009131481,0.0734297245003162,0.509856568476137,0.99999999961337,1,0.999782631864282,242558.937241177,210045.140209578,658894.608448485,6.01164899939346
12.4,0.0235215054833637,0.29166666799371,10.6053009131481,0.0734356467298912,0.509897689257528,0.999999999620454,1,0.999784001883771,242801.617498324,210252.849868544,659606.99263949,6.01766365521955
12.401,0.0235215054833637,0.291690189499193,10.6053009131481,0.0734415689594662,0.50993881003892,0.999999999627412,1,0.999785363619205,243044.540557108,210460.764927656,660320.147046594,6.02368432870979
12.402,0.0235215054833637,0.291713711004677,10.6053009131481,0.0734474911890412,0.509979930820312,0.999999999634243,1,0.999786717118175,243287.706660453,210668.88559003,661034.072502543,6.02971102588487
12.403,0.0235215054833637,0.29173723251016,10.6053009131481,0.0734534134186162,0.510021051601704,0.999999999640952,1,0.999788062428014,243531.116051525,210877.212058983,661748.769840975,6.03574375277146
12.404,0.0235215054833637,0.291760754015643,10.6053009131481,0.0734593356481912,0.510062172383095,0.999999999647539,1,0.999789399595802,243774.768973733,211085.744538034,662464.239896439,6.04178251540232
12.405,0.0235215054833637,0.291784275521127,10.6053009131481,0.0734652578777662,0.510103293164487,0.999999999654007,1,0.999790728668365,244018.66567073,211294.483230902,663180.48350438,6.0478273198162
12.406,0.0235215054833637,0.29180779702661,10.6053009131481,0.0734711801073411,0.510144413945879,0.999999999660358,1,0.999792049692277,244262.806386414,211503.428341507,663897.501501149,6.0538781720579
12.407,0.0235215054833637,0.291831318532093,10.6053009131481,0.0734771023369161,0.51018553472727,0.999999999666595,1,0.99979336271386,244507.191364924,211712.580073974,664615.294723999,6.05993507817827
12.408,0.0235215054833637,0.291854840037577,10.6053009131481,0.0734830245664911,0.510226655508662,0.999999999672719,1,0.999794667779187,244751.820850646,211921.938632625,665333.86401109,6.06599804423422
12.409,0.0235215054833637,0.29187836154306,10.6053009131481,0.0734889467960661,0.510267776290054,0.999999999678732,1,0.999795964934084,244996.695088209,212131.504221988,666053.210201489,6.07206707628874
12.41,0.0235215054833637,0.291901883048543,10.6053009131481,0.0734948690256411,0.510308897071446,0.999999999684636,1,0.999797254224126,245241.814322488,212341.27704679,666773.334135168,6.07814218041083
12.411,0.0235215054833637,0.291925404554027,10.6053009131481,0.0735007912552161,0.510350017852837,0.999999999690433,1,0.999798535694646,245487.178798601,212551.257311965,667494.236653006,6.0842233626756
12.412,0.0235215054833637,0.29194892605951,10.6053009131481,0.0735067134847911,0.510391138634229,0.999999999696126,1,0.999799809390729,245732.788761914,212761.445222644,668215.918596797,6.09031062916425
12.413,0.0235215054833637,0.291972447564994,10.6053009131481,0.0735126357143661,0.510432259415621,0.999999999701715,1,0.999801075357219,245978.644458036,212971.840984166,668938.38080924,6.09640398596404
12.414,0.0235215054833637,0.291995969070477,10.6053009131481,0.0735185579439411,0.510473380197013,0.999999999707203,1,0.999802333638714,246224.746132823,213182.444802069,669661.624133945,6.10250343916831
12.415,0.0235215054833637,0.29201949057596,10.6053009131481,0.0735244801735161,0.510514500978404,0.999999999712592,1,0.999803584279575,246471.094032377,213393.256882097,670385.649415436,6.10860899487654
12.416,0.0235215054833637,0.292043012081444,10.6053009131481,0.0735304024030911,0.510555621759796,0.999999999717883,1,0.99980482732392,246717.688403045,213604.277430197,671110.457499153,6.11472065919427
12.417,0.0235215054833637,0.292066533586927,10.6053009131481,0.073536324632666,0.510596742541188,0.999999999723078,1,0.99980606281563,246964.529491422,213815.506652518,671836.049231442,6.12083843823317
12.418,0.0235215054833637,0.29209005509241,10.6053009131481,0.073542246862241,0.51063786332258,0.999999999728179,1,0.999807290798346,247211.617544349,214026.944755413,672562.425459571,6.12696233811101
12.419,0.0235215054833637,0.292113576597894,10.6053009131481,0.073548169091816,0.510678984103971,0.999999999733188,1,0.999808511315474,247458.952808915,214238.591945443,673289.587031722,6.13309236495172
12.42,0.0235215054833637,0.292137098103377,10.6053009131481,0.073554091321391,0.510720104885363,0.999999999738105,1,0.999809724410186,247706.535532453,214450.448429368,674017.534796994,6.13922852488528
12.421,0.0235215054833637,0.29216061960886,10.6053009131481,0.073560013550966,0.510761225666755,0.999999999742934,1,0.999810930125417,247954.365962548,214662.514414156,674746.269605402,6.14537082404789
12.422,0.0235215054833637,0.292184141114344,10.6053009131481,0.073565935780541,0.510802346448146,0.999999999747674,1,0.999812128503872,248202.44434703,214874.790106977,675475.792307885,6.15151926858184
12.423,0.0235215054833637,0.292207662619827,10.6053009131481,0.073571858010116,0.510843467229538,0.999999999752329,1,0.999813319588021,248450.770933977,215087.275715209,676206.103756296,6.15767386463556
12.424,0.0235215054833637,0.29223118412531,10.6053009131481,0.073577780239691,0.51088458801093,0.999999999756899,1,0.999814503420106,248699.345971715,215299.971446432,676937.204803413,6.16383461836366
12.425,0.0235215054833637,0.292254705630794,10.6053009131481,0.073583702469266,0.510925708792322,0.999999999761386,1,0.999815680042138,248948.16970882,215512.877508433,677669.096302937,6.17000153592691
12.426,0.0235215054833637,0.292278227136277,10.6053009131481,0.073589624698841,0.510966829573713,0.999999999765791,1,0.999816849495901,249197.242394115,215725.994109205,678401.779109487,6.17617462349219
12.427,0.0235215054833637,0.292301748641761,10.6053009131481,0.073595546928416,0.511007950355105,0.999999999770116,1,0.999818011822949,249446.564276674,215939.321456944,679135.254078609,6.18235388723261
12.428,0.0235215054833637,0.292325270147244,10.6053009131481,0.073601469157991,0.511049071136497,0.999999999774363,1,0.999819167064614,249696.135605818,216152.859760056,679869.522066777,6.18853933332744
12.429,0.0235215054833637,0.292348791652727,10.6053009131481,0.0736073913875659,0.511090191917889,0.999999999778532,1,0.999820315261999,249945.956631118,216366.609227149,680604.583931384,6.19473096796211
12.43,0.0235215054833637,0.292372313158211,10.6053009131481,0.0736133136171409,0.51113131269928,0.999999999782625,1,0.999821456455986,250196.027602395,216580.570067039,681340.440530756,6.20092879732827
12.431,0.0235215054833637,0.292395834663694,10.6053009131481,0.0736192358467159,0.511172433480672,0.999999999786644,1,0.999822590687233,250446.348769721,216794.742488751,682077.092724147,6.20713282762375
12.432,0.0235215054833637,0.292419356169177,10.6053009131481,0.0736251580762909,0.511213554262064,0.99999999979059,1,0.999823717996177,250696.920383417,217009.126701511,682814.541371734,6.21334306505257
12.433,0.0235215054833637,0.292442877674661,10.6053009131481,0.0736310803058659,0.511254675043456,0.999999999794464,1,0.999824838423033,250947.742694053,217223.722914757,683552.78733463,6.21955951582497
12.434,0.0235215054833637,0.292466399180144,10.6053009131481,0.0736370025354409,0.511295795824847,0.999999999798267,1,0.999825952007799,251198.815952454,217438.531338132,684291.831474879,6.22578218615741
12.435,0.0235215054833637,0.292489920685628,10.6053009131481,0.0736429247650159,0.511336916606239,0.999999999802001,1,0.999827058790252,251450.140409691,217653.552181486,685031.67465545,6.23201108227254
12.436,0.0235215054833637,0.292513442191111,10.6053009131481,0.0736488469945909,0.511378037387631,0.999999999805667,1,0.999828158809954,251701.71631709,217868.785654878,685772.317740253,6.23824621039928
12.437,0.0235215054833637,0.292536963696594,10.6053009131481,0.0736547692241659,0.511419158169023,0.999999999809266,1,0.99982925210625,251953.543926226,218084.231968573,686513.761594131,6.24448757677276
12.438,0.0235215054833637,0.292560485202078,10.6053009131481,0.0736606914537409,0.511460278950414,0.999999999812799,1,0.99983033871827,252205.623488927,218299.891333045,687256.007082856,6.25073518763433
12.439,0.0235215054833637,0.292584006707561,10.6053009131481,0.0736666136833159,0.511501399731806,0.999999999816268,1,0.999831418684931,252457.955257272,218515.763958976,687999.055073144,6.2569890492316
12.44,0.0235215054833637,0.292607528213044,10.6053009131481,0.0736725359128908,0.511542520513198,0.999999999819673,1,0.999832492044934,252710.539483594,218731.850057256,688742.906432641,6.26324916781845
12.441,0.0235215054833637,0.292631049718528,10.6053009131481,0.0736784581424658,0.51158364129459,0.999999999823017,1,0.999833558836773,252963.376420477,218948.149838985,689487.562029938,6.26951554965499
12.442,0.0235215054833637,0.292654571224011,10.6053009131481,0.0736843803720408,0.511624762075981,0.999999999826299,1,0.999834619098727,253216.466320756,219164.663515468,690233.022734558,6.2757882010076
12.443,0.0235215054833637,0.292678092729494,10.6053009131481,0.0736903026016158,0.511665882857373,0.999999999829521,1,0.999835672868867,253469.809437523,219381.391298223,690979.289416969,6.28206712814893
12.444,0.0235215054833637,0.292701614234978,10.6053009131481,0.0736962248311908,0.511707003638765,0.999999999832685,1,0.999836720185056,253723.406024121,219598.333398976,691726.362948578,6.28835233735791
12.445,0.0235215054833637,0.292725135740461,10.6053009131481,0.0737021470607658,0.511748124420156,0.99999999983579,1,0.999837761084949,253977.256334146,219815.490029662,692474.244201737,6.29464383491977
12.446,0.0235215054833637,0.292748657245945,10.6053009131481,0.0737080692903408,0.511789245201548,0.999999999838839,1,0.999838795605993,254231.360621449,220032.861402425,693222.934049736,6.30094162712597
12.447,0.0235215054833637,0.292772178751428,10.6053009131481,0.0737139915199158,0.51183036598294,0.999999999841832,1,0.999839823785432,254485.719140133,220250.447729619,693972.433366815,6.30724572027433
12.448,0.0235215054833637,0.292795700256911,10.6053009131481,0.0737199137494908,0.511871486764332,0.99999999984477,1,0.999840845660304,254740.332144558,220468.24922381,694722.743028155,6.31355612066894
12.449,0.0235215054833637,0.292819221762395,10.6053009131481,0.0737258359790658,0.511912607545723,0.999999999847655,1,0.999841861267444,254995.199889335,220686.26609777,695473.863909885,6.31987283462019
12.45,0.0235215054833637,0.292842743267878,10.6053009131481,0.0737317582086408,0.511953728327115,0.999999999850486,1,0.999842870643485,255250.322629334,220904.498564486,696225.796889079,6.3261958684448
12.451,0.0235215054833637,0.292866264773361,10.6053009131481,0.0737376804382158,0.511994849108507,0.999999999853266,1,0.999843873824857,255505.700619678,221122.946837153,696978.542843766,6.33252522846581
12.452,0.0235215054833637,0.292889786278845,10.6053009131481,0.0737436026677907,0.512035969889899,0.999999999855995,1,0.999844870847792,255761.334115743,221341.611129178,697732.102652913,6.33886092101258
12.453,0.0235215054833637,0.292913307784328,10.6053009131481,0.0737495248973657,0.51207709067129,0.999999999858674,1,0.999845861748321,256017.223373163,221560.491654177,698486.477196449,6.34520295242079
12.454,0.0235215054833637,0.292936829289811,10.6053009131481,0.0737554471269407,0.512118211452682,0.999999999861304,1,0.999846846562277,256273.368647828,221779.58862598,699241.667355247,6.35155132903249
12.455,0.0235215054833637,0.292960350795295,10.6053009131481,0.0737613693565157,0.512159332234074,0.999999999863885,1,0.999847825325296,256529.770195883,221998.902258626,699997.674011135,6.35790605719604
12.456,0.0235215054833637,0.292983872300778,10.6053009131481,0.0737672915860907,0.512200453015465,0.999999999866419,1,0.999848798072818,256786.42827373,222218.432766368,700754.498046892,6.36426714326618
12.457,0.0235215054833637,0.293007393806262,10.6053009131481,0.0737732138156657,0.512241573796857,0.999999999868907,1,0.999849764840087,257043.343138026,222438.18036367,701512.140346259,6.370634593604
12.458,0.0235215054833637,0.293030915311745,10.6053009131481,0.0737791360452407,0.512282694578249,0.999999999871349,1,0.999850725662154,257300.515045687,222658.145265206,702270.60179392,6.37700841457693
12.459,0.0235215054833637,0.293054436817228,10.6053009131481,0.0737850582748157,0.512323815359641,0.999999999873746,1,0.999851680573873,257557.944253884,222878.327685865,703029.883275527,6.38338861255882
12.46,0.0235215054833637,0.293077958322712,10.6053009131481,0.0737909805043907,0.512364936141033,0.999999999876099,1,0.999852629609911,257815.631020047,223098.727840748,703789.985677683,6.38977519392985
12.461,0.0235215054833637,0.293101479828195,10.6053009131481,0.0737969027339657,0.512406056922424,0.999999999878409,1,0.99985357280474,258073.575601863,223319.345945168,704550.909887952,6.39616816507661
12.462,0.0235215054833637,0.293125001333678,10.6053009131481,0.0738028249635407,0.512447177703816,0.999999999880677,1,0.999854510192642,258331.778257275,223540.18221465,705312.656794856,6.40256753239205
12.463,0.0235215054833637,0.293148522839162,10.6053009131481,0.0738087471931157,0.512488298485208,0.999999999882903,1,0.99985544180771,258590.239244488,223761.236864934,706075.227287883,6.40897330227558
12.464,0.0235215054833637,0.293172044344645,10.6053009131481,0.0738146694226906,0.512529419266599,0.999999999885088,1,0.99985636768385,258848.958821961,223982.510111974,706838.622257472,6.41538548113293
12.465,0.0235215054833637,0.293195565850128,10.6053009131481,0.0738205916522656,0.512570540047991,0.999999999887232,1,0.999857287854778,259107.937248415,224204.002171934,707602.842595037,6.4218040753763
12.466,0.0235215054833637,0.293219087355612,10.6053009131481,0.0738265138818406,0.512611660829383,0.999999999889338,1,0.999858202354024,259367.174782828,224425.713261196,708367.889192947,6.42822909142429
12.467,0.0235215054833637,0.293242608861095,10.6053009131481,0.0738324361114156,0.512652781610775,0.999999999891404,1,0.999859111214935,259626.671684436,224647.643596352,709133.762944539,6.4346605357019
12.468,0.0235215054833637,0.293266130366579,10.6053009131481,0.0738383583409906,0.512693902392166,0.999999999893433,1,0.99986001447067,259886.428212738,224869.793394212,709900.464744116,6.44109841464058
12.469,0.0235215054833637,0.293289651872062,10.6053009131481,0.0738442805705656,0.512735023173558,0.999999999895424,1,0.999860912154205,260146.44462749,225092.162871797,710667.995486947,6.44754273467821
12.47,0.0235215054833637,0.293313173377545,10.6053009131481,0.0738502028001406,0.51277614395495,0.999999999897378,1,0.999861804298335,260406.721188709,225314.752246345,711436.356069273,6.45399350225912
12.471,0.0235215054833637,0.293336694883029,10.6053009131481,0.0738561250297156,0.512817264736342,0.999999999899297,1,0.999862690935672,260667.25815667,225537.561735306,712205.547388296,6.46045072383406
12.472,0.0235215054833637,0.293360216388512,10.6053009131481,0.0738620472592906,0.512858385517733,0.99999999990118,1,0.999863572098647,260928.055791911,225760.59155635,712975.570342193,6.46691440586026
12.473,0.0235215054833637,0.293383737893995,10.6053009131481,0.0738679694888656,0.512899506299125,0.999999999903029,1,0.999864447819511,261189.11435523,225983.841927358,713746.425830114,6.47338455480141
12.474,0.0235215054833637,0.293407259399479,10.6053009131481,0.0738738917184406,0.512940627080517,0.999999999904843,1,0.999865318130337,261450.434107685,226207.313066427,714518.114752179,6.47986117712767
12.475,0.0235215054833637,0.293430780904962,10.6053009131481,0.0738798139480155,0.512981747861909,0.999999999906624,1,0.999866183063018,261712.015310595,226431.005191871,715290.638009478,6.48634427931562
12.476,0.0235215054833637,0.293454302410445,10.6053009131481,0.0738857361775905,0.5130228686433,0.999999999908372,1,0.999867042649271,261973.858225543,226654.918522219,716063.996504081,6.4928338678484
12.477,0.0235215054833637,0.293477823915929,10.6053009131481,0.0738916584071655,0.513063989424692,0.999999999910088,1,0.999867896920637,262235.963114371,226879.053276217,716838.19113903,6.4993299492156
12.478,0.0235215054833637,0.293501345421412,10.6053009131481,0.0738975806367405,0.513105110206084,0.999999999911772,1,0.99986874590848,262498.330239184,227103.409672825,717613.222818342,6.50583252991328
12.479,0.0235215054833637,0.293524866926896,10.6053009131481,0.0739035028663155,0.513146230987475,0.999999999913425,1,0.999869589643992,262760.959862349,227327.987931222,718389.092447015,6.51234161644403
12.48,0.0235215054833637,0.293548388432379,10.6053009131481,0.0739094250958905,0.513187351768867,0.999999999915047,1,0.99987042815819,263023.852246496,227552.788270804,719165.800931025,6.51885721531696
12.481,0.0235215054833637,0.293571909937862,10.6053009131481,0.0739153473254655,0.513228472550259,0.99999999991664,1,0.999871261481918,263287.007654517,227777.810911182,719943.349177322,6.52537933304763
12.482,0.0235215054833637,0.293595431443346,10.6053009131481,0.0739212695550405,0.513269593331651,0.999999999918203,1,0.999872089645848,263550.426349567,228003.056072185,720721.738093845,6.53190797615817
12.483,0.0235215054833637,0.293618952948829,10.6053009131481,0.0739271917846155,0.513310714113042,0.999999999919737,1,0.999872912680482,263814.108595066,228228.52397386,721500.968589509,6.53844315117725
12.484,0.0235215054833637,0.293642474454312,10.6053009131481,0.0739331140141905,0.513351834894434,0.999999999921243,1,0.999873730616151,264078.054654695,228454.214836469,722281.041574213,6.54498486464001
12.485,0.0235215054833637,0.293665995959796,10.6053009131481,0.0739390362437655,0.513392955675826,0.999999999922721,1,0.999874543483019,264342.264792401,228680.128880497,723061.957958839,6.55153312308818
12.486,0.0235215054833637,0.293689517465279,10.6053009131481,0.0739449584733405,0.513434076457218,0.999999999924171,1,0.999875351311078,264606.739272394,228906.266326642,723843.718655258,6.55808793307004
12.487,0.0235215054833637,0.293713038970762,10.6053009131481,0.0739508807029154,0.513475197238609,0.999999999925595,1,0.999876154130156,264871.478359148,229132.627395821,724626.32457632,6.56464930114036
12.488,0.0235215054833637,0.293736560476246,10.6053009131481,0.0739568029324904,0.513516318020001,0.999999999926992,1,0.999876951969913,265136.482317403,229359.212309173,725409.776635868,6.57121723386053
12.489,0.0235215054833637,0.293760081981729,10.6053009131481,0.0739627251620654,0.513557438801393,0.999999999928364,1,0.999877744859842,265401.751412162,229586.021288053,726194.07574873,6.57779173779849
12.49,0.0235215054833637,0.293783603487212,10.6053009131481,0.0739686473916404,0.513598559582785,0.99999999992971,1,0.999878532829275,265667.285908695,229813.054554033,726979.222830724,6.58437281952872
12.491,0.0235215054833637,0.293807124992696,10.6053009131481,0.0739745696212154,0.513639680364176,0.999999999931031,1,0.999879315907375,265933.086072535,230040.312328908,727765.218798656,6.59096048563233
12.492,0.0235215054833637,0.293830646498179,10.6053009131481,0.0739804918507904,0.513680801145568,0.999999999932328,1,0.999880094123146,266199.152169484,230267.79483469,728552.06457033,6.59755474269698
12.493,0.0235215054833637,0.293854168003663,10.6053009131481,0.0739864140803654,0.51372192192696,0.999999999933601,1,0.999880867505427,266465.484465607,230495.502293612,729339.761064531,6.60415559731691
12.494,0.0235215054833637,0.293877689509146,10.6053009131481,0.0739923363099404,0.513763042708351,0.99999999993485,1,0.999881636082898,266732.083227237,230723.434928125,730128.309201049,6.61076305609299
12.495,0.0235215054833637,0.293901211014629,10.6053009131481,0.0739982585395154,0.513804163489743,0.999999999936075,1,0.999882399884075,266998.948720973,230951.592960901,730917.709900661,6.61737712563269
12.496,0.0235215054833637,0.293924732520113,10.6053009131481,0.0740041807690904,0.513845284271135,0.999999999937279,1,0.999883158937319,267266.081213679,231179.976614832,731707.964085143,6.62399781255005
12.497,0.0235215054833637,0.293948254025596,10.6053009131481,0.0740101029986654,0.513886405052527,0.999999999938459,1,0.999883913270826,267533.480972488,231408.586113031,732499.072677264,6.63062512346578
12.498,0.0235215054833637,0.293971775531079,10.6053009131481,0.0740160252282403,0.513927525833918,0.999999999939618,1,0.99988466291264,267801.148264802,231637.421678831,733291.036600797,6.6372590650072
12.499,0.0235215054833637,0.293995297036563,10.6053009131481,0.0740219474578153,0.51396864661531,0.999999999940756,1,0.999885407890643,268069.083358285,231866.483535785,734083.856780506,6.64389964380822
12.5,0.0235215054833637,0.294018818542046,10.6053009131481,0.0740278696873903,0.514009767396702,0.999999999941872,1,0.999886148232563,268337.286520874,232095.77190767,734877.534142161,6.65054686650944
12.501,0.0235215054833637,0.294042340047529,10.6053009131481,0.0740337919169653,0.514050888178094,0.999999999942968,1,0.999886883965971,268605.758020772,232325.28701848,735672.069612529,6.65720073975808
12.502,0.0235215054833637,0.294065861553013,10.6053009131481,0.0740397141465403,0.514092008959485,0.999999999944043,1,0.999887615118285,268874.498126451,232555.029092435,736467.464119383,6.66386127020803
12.503,0.0235215054833637,0.294089383058496,10.6053009131481,0.0740456363761153,0.514133129740877,0.999999999945098,1,0.999888341716767,269143.50710665,232784.998353972,737263.718591496,6.67052846451979
12.504,0.0235215054833637,0.29411290456398,10.6053009131481,0.0740515586056903,0.514174250522269,0.999999999946133,1,0.999889063788526,269412.785230379,233015.195027755,738060.833958645,6.67720232936057
12.505,0.0235215054833637,0.294136426069463,10.6053009131481,0.0740574808352653,0.514215371303661,0.99999999994715,1,0.999889781360519,269682.332766915,233245.619338667,738858.811151613,6.68388287140424
12.506,0.0235215054833637,0.294159947574946,10.6053009131481,0.0740634030648403,0.514256492085052,0.999999999948147,1,0.999890494459553,269952.149985807,233476.271511813,739657.651102192,6.69057009733134
12.507,0.0235215054833637,0.29418346908043,10.6053009131481,0.0740693252944153,0.514297612866444,0.999999999949126,1,0.99989120311228,270222.237156871,233707.151772523,740457.354743175,6.6972640138291
12.508,0.0235215054833637,0.294206990585913,10.6053009131481,0.0740752475239903,0.514338733647836,0.999999999950086,1,0.999891907345206,270492.594550195,233938.260346347,741257.923008369,6.70396462759142
12.509,0.0235215054833637,0.294230512091396,10.6053009131481,0.0740811697535652,0.514379854429228,0.999999999951029,1,0.999892607184686,270763.222436136,234169.597459061,742059.356832593,6.71067194531894
12.51,0.0235215054833637,0.29425403359688,10.6053009131481,0.0740870919831402,0.514420975210619,0.999999999951954,1,0.999893302656925,271034.121085321,234401.163336662,742861.657151666,6.71738597371895
12.511,0.0235215054833637,0.294277555102363,10.6053009131481,0.0740930142127152,0.514462095992011,0.999999999952862,1,0.999893993787984,271305.290768651,234632.958205371,743664.824902431,6.7241067195055
12.512,0.0235215054833637,0.294301076607846,10.6053009131481,0.0740989364422902,0.514503216773403,0.999999999953753,1,0.999894680603773,271576.731757294,234864.982291634,744468.861022736,6.73083418939933
12.513,0.0235215054833637,0.29432459811333,10.6053009131481,0.0741048586718652,0.514544337554794,0.999999999954627,1,0.999895363130059,271848.444322691,235097.235822119,745273.766451446,6.73756839012791
12.514,0.0235215054833637,0.294348119618813,10.6053009131481,0.0741107809014402,0.514585458336186,0.999999999955485,1,0.999896041392461,272120.428736555,235329.719023719,746079.542128439,6.74430932842544
12.515,0.0235215054833637,0.294371641124297,10.6053009131481,0.0741167031310152,0.514626579117578,0.999999999956327,1,0.999896715416455,272392.685270871,235562.432123551,746886.188994615,6.75105701103287
12.516,0.0235215054833637,0.29439516262978,10.6053009131481,0.0741226253605902,0.51466769989897,0.999999999957154,1,0.999897385227372,272665.214197895,235795.375348959,747693.707991882,6.75781144469786
12.517,0.0235215054833637,0.294418684135263,10.6053009131481,0.0741285475901652,0.514708820680361,0.999999999957965,1,0.999898050850402,272938.015790155,236028.548927508,748502.100063174,6.76457263617486
12.518,0.0235215054833637,0.294442205640747,10.6053009131481,0.0741344698197402,0.514749941461753,0.999999999958761,1,0.99989871231059,273211.090320455,236261.953086991,749311.366152443,6.77134059222507
12.519,0.0235215054833637,0.29446572714623,10.6053009131481,0.0741403920493152,0.514791062243145,0.999999999959541,1,0.99989936963284,273484.438061867,236495.588055423,750121.507204658,6.77811531961643
12.52,0.0235215054833637,0.294489248651713,10.6053009131481,0.0741463142788902,0.514832183024537,0.999999999960308,1,0.999900022841916,273758.05928774,236729.454061049,750932.524165811,6.78489682512367
12.521,0.0235215054833637,0.294512770157197,10.6053009131481,0.0741522365084651,0.514873303805928,0.99999999996106,1,0.999900671962441,274031.954271695,236963.551332337,751744.417982924,6.79168511552832
12.522,0.0235215054833637,0.29453629166268,10.6053009131481,0.0741581587380401,0.51491442458732,0.999999999961798,1,0.999901317018899,274306.123287627,237197.88009798,752557.189604029,6.79848019761863
12.523,0.0235215054833637,0.294559813168163,10.6053009131481,0.0741640809676151,0.514955545368712,0.999999999962522,1,0.999901958035635,274580.566609705,237432.440586898,753370.839978197,6.8052820781897
12.524,0.0235215054833637,0.294583334673647,10.6053009131481,0.0741700031971901,0.514996666150104,0.999999999963233,1,0.999902595036857,274855.284512374,237667.23302824,754185.370055515,6.81209076404344
12.525,0.0235215054833637,0.29460685617913,10.6053009131481,0.0741759254267651,0.515037786931495,0.99999999996393,1,0.999903228046633,275130.277270349,237902.257651378,755000.780787104,6.81890626198849
12.526,0.0235215054833637,0.294630377684614,10.6053009131481,0.0741818476563401,0.515078907712887,0.999999999964614,1,0.999903857088898,275405.545158624,238137.514685912,755817.073125107,6.82572857884038
12.527,0.0235215054833637,0.294653899190097,10.6053009131481,0.0741877698859151,0.515120028494279,0.999999999965286,1,0.999904482187449,275681.088452468,238373.00436167,756634.248022705,6.83255772142142
12.528,0.0235215054833637,0.29467742069558,10.6053009131481,0.0741936921154901,0.515161149275671,0.999999999965944,1,0.999905103365949,275956.907427423,238608.726908706,757452.306434099,6.83939369656074
12.529,0.0235215054833637,0.294700942201064,10.6053009131481,0.0741996143450651,0.515202270057062,0.999999999966591,1,0.999905720647925,276233.002359308,238844.682557301,758271.249314531,6.84623651109433
12.53,0.0235215054833637,0.294724463706547,10.6053009131481,0.0742055365746401,0.515243390838454,0.999999999967225,1,0.999906334056773,276509.373524219,239080.871537967,759091.07762027,6.85308617186502
12.531,0.0235215054833637,0.29474798521203,10.6053009131481,0.074211458804215,0.515284511619846,0.999999999967848,1,0.999906943615753,276786.021198527,239317.294081439,759911.792308622,6.85994268572243
12.532,0.0235215054833637,0.294771506717514,10.6053009131481,0.07421738103379,0.515325632401237,0.999999999968459,1,0.999907549347996,277062.945658878,239553.950418685,760733.394337925,6.8668060595231
12.533,0.0235215054833637,0.294795028222997,10.6053009131481,0.074223303263365,0.515366753182629,0.999999999969058,1,0.999908151276498,277340.147182198,239790.840780899,761555.884667558,6.8736763001304
12.534,0.0235215054833637,0.294818549728481,10.6053009131481,0.07422922549294,0.515407873964021,0.999999999969647,1,0.999908749424126,277617.626045689,240027.965399503,762379.264257931,6.88055341441459
12.535,0.0235215054833637,0.294842071233964,10.6053009131481,0.074235147722515,0.515448994745413,0.999999999970224,1,0.999909343813618,277895.382526829,240265.324506148,763203.534070499,6.88743740925276
12.536,0.0235215054833637,0.294865592739447,10.6053009131481,0.07424106995209,0.515490115526804,0.99999999997079,1,0.99990993446758,278173.416903375,240502.918332717,764028.695067749,6.8943282915289
12.537,0.0235215054833637,0.294889114244931,10.6053009131481,0.074246992181665,0.515531236308196,0.999999999971346,1,0.999910521408491,278451.72945336,240740.747111318,764854.748213216,6.90122606813392
12.538,0.0235215054833637,0.294912635750414,10.6053009131481,0.07425291441124,0.515572357089588,0.999999999971891,1,0.999911104658701,278730.320455099,240978.811074293,765681.694471473,6.90813074596558
12.539,0.0235215054833637,0.294936157255897,10.6053009131481,0.074258836640815,0.51561347787098,0.999999999972426,1,0.999911684240432,279009.190187181,241217.110454208,766509.534808136,6.91504233192856
12.54,0.0235215054833637,0.294959678761381,10.6053009131481,0.07426475887039,0.515654598652371,0.999999999972951,1,0.999912260175782,279288.338928476,241455.645483865,767338.270189863,6.92196083293445
12.541,0.0235215054833637,0.294983200266864,10.6053009131481,0.074270681099965,0.515695719433763,0.999999999973466,1,0.99991283248672,279567.766958134,241694.416396293,768167.901584366,6.92888625590176
12.542,0.0235215054833637,0.295006721772347,10.6053009131481,0.0742766033295399,0.515736840215155,0.999999999973972,1,0.999913401195091,279847.474555582,241933.423424752,768998.429960389,6.93581860775588
12.543,0.0235215054833637,0.295030243277831,10.6053009131481,0.0742825255591149,0.515777960996546,0.999999999974468,1,0.999913966322615,280127.462000527,242172.666802732,769829.856287735,6.9427578954292
12.544,0.0235215054833637,0.295053764783314,10.6053009131481,0.0742884477886899,0.515819081777938,0.999999999974954,1,0.999914527890887,280407.729572959,242412.146763955,770662.181537254,6.949704125861
12.545,0.0235215054833637,0.295077286288797,10.6053009131481,0.0742943700182649,0.51586020255933,0.999999999975432,1,0.999915085921381,280688.277553143,242651.863542374,771495.406680839,6.95665730599749
12.546,0.0235215054833637,0.295100807794281,10.6053009131481,0.0743002922478399,0.515901323340722,0.9999999999759,1,0.999915640435445,280969.106221627,242891.817372172,772329.532691441,6.96361744279187
12.547,0.0235215054833637,0.295124329299764,10.6053009131481,0.0743062144774149,0.515942444122114,0.99999999997636,1,0.999916191454307,281250.215859242,243132.008487767,773164.560543059,6.97058454320429
12.548,0.0235215054833637,0.295147850805248,10.6053009131481,0.0743121367069899,0.515983564903505,0.999999999976811,1,0.999916738999073,281531.606747096,243372.437123803,774000.491210747,6.97755861420181
12.549,0.0235215054833637,0.295171372310731,10.6053009131481,0.0743180589365649,0.516024685684897,0.999999999977253,1,0.99991728309073,281813.27916658,243613.103515162,774837.325670611,6.98453966275854
12.55,0.0235215054833637,0.295194893816214,10.6053009131481,0.0743239811661399,0.516065806466289,0.999999999977688,1,0.999917823750141,282095.233399367,243854.007896955,775675.064899815,6.99152769585552
12.551,0.0235215054833637,0.295218415321698,10.6053009131481,0.0743299033957149,0.51610692724768,0.999999999978114,1,0.999918360998052,282377.469727411,244095.150504526,776513.709876576,6.99852272048076
12.552,0.0235215054833637,0.295241936827181,10.6053009131481,0.0743358256252899,0.516148048029072,0.999999999978532,1,0.999918894855091,282659.988432948,244336.531573452,777353.261580174,7.00552474362931
12.553,0.0235215054833637,0.295265458332664,10.6053009131481,0.0743417478548649,0.516189168810464,0.999999999978942,1,0.999919425341766,282942.789798497,244578.151339544,778193.720990944,7.0125337723032
12.554,0.0235215054833637,0.295288979838148,10.6053009131481,0.0743476700844398,0.516230289591856,0.999999999979344,1,0.999919952478467,283225.874106859,244820.010038843,779035.08909028,7.01954981351143
12.555,0.0235215054833637,0.295312501343631,10.6053009131481,0.0743535923140148,0.516271410373247,0.999999999979739,1,0.999920476285469,283509.241641119,245062.107907627,779877.366860638,7.02657287427007
12.556,0.0235215054833637,0.295336022849115,10.6053009131481,0.0743595145435898,0.516312531154639,0.999999999980126,1,0.999920996782929,283792.892684644,245304.445182406,780720.555285542,7.03360296160217
12.557,0.0235215054833637,0.295359544354598,10.6053009131481,0.0743654367731648,0.516353651936031,0.999999999980506,1,0.999921513990889,284076.827521086,245547.022099924,781564.655349567,7.04064008253781
12.558,0.0235215054833637,0.295383065860081,10.6053009131481,0.0743713590027398,0.516394772717423,0.999999999980879,1,0.999922027929276,284361.046434379,245789.83889716,782409.668038364,7.04768424411412
12.559,0.0235215054833637,0.295406587365565,10.6053009131481,0.0743772812323148,0.516435893498814,0.999999999981245,1,0.999922538617901,284645.549708742,246032.895811325,783255.594338645,7.05473545337527
12.56,0.0235215054833637,0.295430108871048,10.6053009131481,0.0743832034618898,0.516477014280206,0.999999999981604,1,0.999923046076464,284930.337628678,246276.193079866,784102.435238189,7.06179371737245
12.561,0.0235215054833637,0.295453630376531,10.6053009131481,0.0743891256914648,0.516518135061598,0.999999999981956,1,0.999923550324549,285215.410478976,246519.730940466,784950.191725841,7.06885904316394
12.562,0.0235215054833637,0.295477151882015,10.6053009131481,0.0743950479210398,0.51655925584299,0.999999999982301,1,0.999924051381629,285500.768544708,246763.509631042,785798.864791522,7.07593143781507
12.563,0.0235215054833637,0.295500673387498,10.6053009131481,0.0744009701506148,0.516600376624381,0.99999999998264,1,0.999924549267064,285786.412111232,247007.529389745,786648.455426213,7.08301090839822
12.564,0.0235215054833637,0.295524194892981,10.6053009131481,0.0744068923801898,0.516641497405773,0.999999999982973,1,0.999925044000103,286072.341464192,247251.790454963,787498.964621976,7.09009746199286
12.565,0.0235215054833637,0.295547716398465,10.6053009131481,0.0744128146097647,0.516682618187165,0.999999999983299,1,0.999925535599884,286358.556889518,247496.29306532,788350.393371938,7.09719110568556
12.566,0.0235215054833637,0.295571237903948,10.6053009131481,0.0744187368393397,0.516723738968557,0.999999999983619,1,0.999926024085435,286645.058673424,247741.037459676,789202.742670309,7.10429184656997
12.567,0.0235215054833637,0.295594759409432,10.6053009131481,0.0744246590689147,0.516764859749948,0.999999999983933,1,0.999926509475674,286931.847102413,247986.023877126,790056.013512363,7.1113996917468
12.568,0.0235215054833637,0.295618280914915,10.6053009131481,0.0744305812984897,0.51680598053134,0.999999999984241,1,0.99992699178941,287218.922463273,248231.252557001,790910.206894457,7.11851464832392
12.569,0.0235215054833637,0.295641802420398,10.6053009131481,0.0744365035280647,0.516847101312732,0.999999999984544,1,0.999927471045343,287506.285043079,248476.723738871,791765.323814023,7.12563672341628
12.57,0.0235215054833637,0.295665323925882,10.6053009131481,0.0744424257576397,0.516888222094123,0.99999999998484,1,0.999927947262067,287793.935129195,248722.437662542,792621.365269576,7.13276592414597
12.571,0.0235215054833637,0.295688845431365,10.6053009131481,0.0744483479872147,0.516929342875515,0.999999999985131,1,0.999928420458066,288081.873009269,248968.394568055,793478.332260699,7.13990225764217
12.572,0.0235215054833637,0.295712366936848,10.6053009131481,0.0744542702167897,0.516970463656907,0.999999999985417,1,0.99992889065172,288370.09897124,249214.594695691,794336.22578807,7.14704573104122
12.573,0.0235215054833637,0.295735888442332,10.6053009131481,0.0744601924463647,0.517011584438299,0.999999999985697,1,0.999929357861299,288658.613303335,249461.038285969,795195.04685344,7.1541963514866
12.574,0.0235215054833637,0.295759409947815,10.6053009131481,0.0744661146759397,0.51705270521969,0.999999999985971,1,0.999929822104972,288947.416294067,249707.725579643,796054.796459644,7.16135412612893
12.575,0.0235215054833637,0.295782931453298,10.6053009131481,0.0744720369055147,0.517093826001082,0.999999999986241,1,0.999930283400801,289236.508232239,249954.656817708,796915.475610602,7.16851906212597
12.576,0.0235215054833637,0.295806452958782,10.6053009131481,0.0744779591350897,0.517134946782474,0.999999999986505,1,0.999930741766742,289525.889406943,250201.832241394,797777.085311325,7.17569116664269
12.577,0.0235215054833637,0.295829974464265,10.6053009131481,0.0744838813646646,0.517176067563866,0.999999999986764,1,0.999931197220649,289815.560107561,250449.252092173,798639.626567899,7.18287044685116
12.578,0.0235215054833637,0.295853495969748,10.6053009131481,0.0744898035942396,0.517217188345257,0.999999999987019,1,0.999931649780272,290105.520623763,250696.916611754,799503.100387507,7.19005690993067
12.579,0.0235215054833637,0.295877017475232,10.6053009131481,0.0744957258238146,0.517258309126649,0.999999999987268,1,0.999932099463258,290395.771245511,250944.826042086,800367.507778421,7.19725056306771
12.58,0.0235215054833637,0.295900538980715,10.6053009131481,0.0745016480533896,0.517299429908041,0.999999999987513,1,0.999932546287153,290686.312263053,251192.980625355,801232.849749995,7.2044514134559
12.581,0.0235215054833637,0.295924060486199,10.6053009131481,0.0745075702829646,0.517340550689433,0.999999999987753,1,0.9999329902694,290977.143966932,251441.38060399,802099.127312684,7.2116594682961
12.582,0.0235215054833637,0.295947581991682,10.6053009131481,0.0745134925125396,0.517381671470824,0.999999999987989,1,0.999933431427342,291268.26664798,251690.026220656,802966.34147803,7.21887473479638
12.583,0.0235215054833637,0.295971103497165,10.6053009131481,0.0745194147421146,0.517422792252216,0.99999999998822,1,0.99993386977822,291559.680597318,251938.917718262,803834.493258669,7.22609722017199
12.584,0.0235215054833637,0.295994625002649,10.6053009131481,0.0745253369716896,0.517463913033608,0.999999999988447,1,0.999934305339177,291851.386106361,252188.055339952,804703.583668333,7.23332693164542
12.585,0.0235215054833637,0.296018146508132,10.6053009131481,0.0745312592012646,0.517505033814999,0.99999999998867,1,0.999934738127254,292143.383466814,252437.439329116,805573.613721849,7.24056387644639
12.586,0.0235215054833637,0.296041668013615,10.6053009131481,0.0745371814308396,0.517546154596391,0.999999999988888,1,0.999935168159394,292435.672970676,252687.069929381,806444.584435142,7.24780806181184
12.587,0.0235215054833637,0.296065189519099,10.6053009131481,0.0745431036604146,0.517587275377783,0.999999999989102,1,0.999935595452444,292728.254910234,252936.947384617,807316.496825237,7.25505949498594
12.588,0.0235215054833637,0.296088711024582,10.6053009131481,0.0745490258899896,0.517628396159175,0.999999999989312,1,0.99993602002315,293021.129578072,253187.071938933,808189.351910257,7.26231818322017
12.589,0.0235215054833637,0.296112232530066,10.6053009131481,0.0745549481195645,0.517669516940566,0.999999999989518,1,0.999936441888162,293314.297267064,253437.443836681,809063.150709422,7.26958413377316
12.59,0.0235215054833637,0.296135754035549,10.6053009131481,0.0745608703491395,0.517710637721958,0.99999999998972,1,0.999936861064033,293607.758270378,253688.063322454,809937.89424306,7.2768573539109
12.591,0.0235215054833637,0.296159275541032,10.6053009131481,0.0745667925787145,0.51775175850335,0.999999999989918,1,0.99993727756722,293901.512881474,253938.930641089,810813.583532602,7.28413785090661
12.592,0.0235215054833637,0.296182797046516,10.6053009131481,0.0745727148082895,0.517792879284742,0.999999999990113,1,0.999937691414084,294195.561394108,254190.04603766,811690.219600576,7.29142563204076
12.593,0.0235215054833637,0.296206318551999,10.6053009131481,0.0745786370378645,0.517834000066133,0.999999999990304,1,0.99993810262089,294489.904102327,254441.409757489,812567.803470625,7.29872070460116
12.594,0.0235215054833637,0.296229840057482,10.6053009131481,0.0745845592674395,0.517875120847525,0.999999999990491,1,0.99993851120381,294784.541300476,254693.022046137,813446.336167492,7.30602307588286
12.595,0.0235215054833637,0.296253361562966,10.6053009131481,0.0745904814970145,0.517916241628917,0.999999999990674,1,0.999938917178921,295079.47328319,254944.88314941,814325.818717034,7.31333275318827
12.596,0.0235215054833637,0.296276883068449,10.6053009131481,0.0745964037265895,0.517957362410309,0.999999999990854,1,0.999939320562206,295374.700345402,255196.993313354,815206.252146207,7.32064974382702
12.597,0.0235215054833637,0.296300404573932,10.6053009131481,0.0746023259561645,0.5179984831917,0.999999999991031,1,0.999939721369555,295670.222782339,255449.352784263,816087.637483089,7.32797405511613
12.598,0.0235215054833637,0.296323926079416,10.6053009131481,0.0746082481857395,0.518039603973092,0.999999999991204,1,0.999940119616766,295966.040889523,255701.961808671,816969.975756862,7.33530569437991
12.599,0.0235215054833637,0.296347447584899,10.6053009131481,0.0746141704153145,0.518080724754484,0.999999999991374,1,0.999940515319543,296262.154962773,255954.820633356,817853.267997826,7.34264466895
12.6,0.0235215054833637,0.296370969090383,10.6053009131481,0.0746200926448894,0.518121845535875,0.999999999991541,1,0.999940908493501,296558.565298203,256207.929505341,818737.515237388,7.34999098616536
12.601,0.0235215054833637,0.296394490595866,10.6053009131481,0.0746260148744644,0.518162966317267,0.999999999991704,1,0.999941299154162,296855.272192222,256461.288671894,819622.718508076,7.35734465337232
12.602,0.0235215054833637,0.296418012101349,10.6053009131481,0.0746319371040394,0.518204087098659,0.999999999991865,1,0.999941687316958,297152.275941539,256714.898380526,820508.878843533,7.36470567792456
12.603,0.0235215054833637,0.296441533606833,10.6053009131481,0.0746378593336144,0.518245207880051,0.999999999992022,1,0.99994207299723,297449.576843156,256968.758878993,821395.997278519,7.37207406718307
12.604,0.0235215054833637,0.296465055112316,10.6053009131481,0.0746437815631894,0.518286328661442,0.999999999992177,1,0.999942456210231,297747.175194375,257222.870415295,822284.07484891,7.37944982851627
12.605,0.0235215054833637,0.296488576617799,10.6053009131481,0.0746497037927644,0.518327449442834,0.999999999992328,1,0.999942836971124,298045.071292794,257477.233237682,823173.112591711,7.38683296929993
12.606,0.0235215054833637,0.296512098123283,10.6053009131481,0.0746556260223394,0.518368570224226,0.999999999992476,1,0.999943215294983,298343.265436309,257731.847594643,824063.111545034,7.39422349691715
12.607,0.0235215054833637,0.296535619628766,10.6053009131481,0.0746615482519144,0.518409691005618,0.999999999992622,1,0.999943591196793,298641.757923114,257986.713734917,824954.072748128,7.4016214187585
12.608,0.0235215054833637,0.296559141134249,10.6053009131481,0.0746674704814894,0.518450811787009,0.999999999992765,1,0.999943964691454,298940.549051703,258241.831907488,825845.997241355,7.40902674222188
12.609,0.0235215054833637,0.296582662639733,10.6053009131481,0.0746733927110644,0.518491932568401,0.999999999992905,1,0.999944335793777,299239.639120865,258497.202361586,826738.886066208,7.41643947471262
12.61,0.0235215054833637,0.296606184145216,10.6053009131481,0.0746793149406394,0.518533053349793,0.999999999993043,1,0.999944704518485,299539.028429691,258752.825346686,827632.740265301,7.42385962364345
12.611,0.0235215054833637,0.2966297056507,10.6053009131481,0.0746852371702144,0.518574174131185,0.999999999993177,1,0.999945070880217,299838.717277571,259008.701112513,828527.560882383,7.43128719643453
12.612,0.0235215054833637,0.296653227156183,10.6053009131481,0.0746911593997893,0.518615294912576,0.99999999999331,1,0.999945434893525,300138.705964192,259264.829909035,829423.348962321,7.43872220051342
12.613,0.0235215054833637,0.296676748661666,10.6053009131481,0.0746970816293643,0.518656415693968,0.999999999993439,1,0.999945796572877,300438.994789545,259521.211986471,830320.10555112,7.44616464331512
12.614,0.0235215054833637,0.29670027016715,10.6053009131481,0.0747030038589393,0.51869753647536,0.999999999993567,1,0.999946155932654,300739.584053918,259777.847595286,831217.831695916,7.45361453228211
12.615,0.0235215054833637,0.296723791672633,10.6053009131481,0.0747089260885143,0.518738657256752,0.999999999993691,1,0.999946512987155,301040.4740579,260034.73698619,832116.528444969,7.46107187486423
12.616,0.0235215054833637,0.296747313178116,10.6053009131481,0.0747148483180893,0.518779778038143,0.999999999993814,1,0.999946867750593,301341.66510238,260291.880410145,833016.196847679,7.46853667851885
12.617,0.0235215054833637,0.2967708346836,10.6053009131481,0.0747207705476643,0.518820898819535,0.999999999993934,1,0.999947220237099,301643.157488552,260549.278118361,833916.837954583,7.47600895071079
12.618,0.0235215054833637,0.296794356189083,10.6053009131481,0.0747266927772393,0.518862019600927,0.999999999994052,1,0.999947570460719,301944.951517905,260806.930362292,834818.452817345,7.48348869891228
12.619,0.0235215054833637,0.296817877694566,10.6053009131481,0.0747326150068143,0.518903140382319,0.999999999994167,1,0.99994791843542,302247.047492236,261064.837393644,835721.042488774,7.4909759306031
12.62,0.0235215054833637,0.29684139920005,10.6053009131481,0.0747385372363893,0.51894426116371,0.99999999999428,1,0.999948264175084,302549.445713639,261322.999464373,836624.608022815,7.49847065327049
12.621,0.0235215054833637,0.296864920705533,10.6053009131481,0.0747444594659643,0.518985381945102,0.999999999994391,1,0.999948607693511,302852.146484513,261581.416826682,837529.15047455,7.50597287440914
12.622,0.0235215054833637,0.296888442211017,10.6053009131481,0.0747503816955393,0.519026502726494,0.999999999994501,1,0.999948949004423,303155.150107559,261840.089733024,838434.670900203,7.51348260152129
12.623,0.0235215054833637,0.2969119637165,10.6053009131481,0.0747563039251142,0.519067623507885,0.999999999994607,1,0.999949288121458,303458.45688578,262099.018436101,839341.170357145,7.52099984211668
12.624,0.0235215054833637,0.296935485221983,10.6053009131481,0.0747622261546892,0.519108744289277,0.999999999994712,1,0.999949625058175,303762.067122483,262358.203188865,840248.64990388,7.52852460371253
12.625,0.0235215054833637,0.296959006727467,10.6053009131481,0.0747681483842642,0.519149865070669,0.999999999994815,1,0.999949959828054,304065.981121279,262617.644244521,841157.110600065,7.5360568938336
12.626,0.0235215054833637,0.29698252823295,10.6053009131481,0.0747740706138392,0.519190985852061,0.999999999994916,1,0.999950292444495,304370.199186081,262877.34185652,842066.553506502,7.5435967200122
12.627,0.0235215054833637,0.297006049738433,10.6053009131481,0.0747799928434142,0.519232106633452,0.999999999995015,1,0.999950622920817,304674.721621108,263137.296278567,842976.979685136,7.55114408978816
12.628,0.0235215054833637,0.297029571243917,10.6053009131481,0.0747859150729892,0.519273227414844,0.999999999995112,1,0.999950951270264,304979.548730881,263397.507764616,843888.390199061,7.55869901070883
12.629,0.0235215054833637,0.2970530927494,10.6053009131481,0.0747918373025642,0.519314348196236,0.999999999995207,1,0.999951277506,305284.680820229,263657.976568872,844800.786112521,7.56626149032914
12.63,0.0235215054833637,0.297076614254883,10.6053009131481,0.0747977595321392,0.519355468977628,0.9999999999953,1,0.99995160164111,305590.118194283,263918.702945794,845714.168490914,7.57383153621157
12.631,0.0235215054833637,0.297100135760367,10.6053009131481,0.0748036817617142,0.519396589759019,0.999999999995392,1,0.999951923688606,305895.861158481,264179.687150089,846628.538400786,7.58140915592618
12.632,0.0235215054833637,0.29712365726585,10.6053009131481,0.0748096039912892,0.519437710540411,0.999999999995482,1,0.999952243661418,306201.910018565,264440.929436718,847543.896909835,7.58899435705056
12.633,0.0235215054833637,0.297147178771334,10.6053009131481,0.0748155262208642,0.519478831321803,0.99999999999557,1,0.999952561572404,306508.265080585,264702.430060894,848460.245086916,7.59658714716994
12.634,0.0235215054833637,0.297170700276817,10.6053009131481,0.0748214484504391,0.519519952103195,0.999999999995656,1,0.999952877434344,306814.926650896,264964.189278082,849377.584002043,7.6041875338771
12.635,0.0235215054833637,0.2971942217823,10.6053009131481,0.0748273706800141,0.519561072884586,0.999999999995741,1,0.999953191259941,307121.895036159,265226.207344,850295.914726377,7.61179552477243
12.636,0.0235215054833637,0.297217743287784,10.6053009131481,0.0748332929095891,0.519602193665978,0.999999999995824,1,0.999953503061827,307429.170543342,265488.484514618,851215.238332247,7.61941112746391
12.637,0.0235215054833637,0.297241264793267,10.6053009131481,0.0748392151391641,0.51964331444737,0.999999999995905,1,0.999953812852556,307736.753479722,265751.02104616,852135.555893136,7.62703434956716
12.638,0.0235215054833637,0.29726478629875,10.6053009131481,0.0748451373687391,0.519684435228762,0.999999999995985,1,0.999954120644608,308044.644152881,266013.817195104,853056.868483689,7.63466519870539
12.639,0.0235215054833637,0.297288307804234,10.6053009131481,0.0748510595983141,0.519725556010153,0.999999999996063,1,0.999954426450391,308352.842870709,266276.873218179,853979.177179713,7.64230368250945
12.64,0.0235215054833637,0.297311829309717,10.6053009131481,0.0748569818278891,0.519766676791545,0.99999999999614,1,0.999954730282237,308661.349941407,266540.189372371,854902.48305818,7.64994980861785
12.641,0.0235215054833637,0.2973353508152,10.6053009131481,0.0748629040574641,0.519807797572937,0.999999999996215,1,0.999955032152408,308970.165673479,266803.765914918,855826.787197221,7.65760358467668
12.642,0.0235215054833637,0.297358872320684,10.6053009131481,0.0748688262870391,0.519848918354328,0.999999999996289,1,0.999955332073091,309279.290375743,267067.603103314,856752.090676139,7.66526501833973
12.643,0.0235215054833637,0.297382393826167,10.6053009131481,0.0748747485166141,0.51989003913572,0.999999999996362,1,0.999955630056401,309588.724357324,267331.701195306,857678.3945754,7.67293411726845
12.644,0.0235215054833637,0.297405915331651,10.6053009131481,0.0748806707461891,0.519931159917112,0.999999999996433,1,0.999955926114382,309898.467927654,267596.060448896,858605.69997664,7.68061088913192
12.645,0.0235215054833637,0.297429436837134,10.6053009131481,0.0748865929757641,0.519972280698504,0.999999999996502,1,0.999956220259006,310208.521396479,267860.681122342,859534.007962661,7.68829534160691
12.646,0.0235215054833637,0.297452958342617,10.6053009131481,0.074892515205339,0.520013401479895,0.999999999996571,1,0.999956512502175,310518.88507385,268125.563474159,860463.319617444,7.6959874823779
12.647,0.0235215054833637,0.297476479848101,10.6053009131481,0.074898437434914,0.520054522261287,0.999999999996638,1,0.999956802855719,310829.559270133,268390.707763114,861393.636026129,7.703687319137
12.648,0.0235215054833637,0.297500001353584,10.6053009131481,0.074904359664489,0.520095643042679,0.999999999996704,1,0.999957091331399,311140.544296,268656.114248232,862324.958275043,7.71139485958406
12.649,0.0235215054833637,0.297523522859067,10.6053009131481,0.074910281894064,0.520136763824071,0.999999999996768,1,0.999957377940905,311451.840462439,268921.783188794,863257.287451678,7.71911011142664
12.65,0.0235215054833637,0.297547044364551,10.6053009131481,0.074916204123639,0.520177884605462,0.999999999996831,1,0.999957662695859,311763.448080743,269187.714844337,864190.624644706,7.72683308237996
12.651,0.0235215054833637,0.297570565870034,10.6053009131481,0.074922126353214,0.520219005386854,0.999999999996893,1,0.999957945607812,312075.367462521,269453.909474655,865124.970943972,7.734563780167
12.652,0.0235215054833637,0.297594087375517,10.6053009131481,0.074928048582789,0.520260126168246,0.999999999996954,1,0.999958226688248,312387.598919693,269720.367339799,866060.327440507,7.74230221251848
12.653,0.0235215054833637,0.297617608881001,10.6053009131481,0.074933970812364,0.520301246949638,0.999999999997014,1,0.999958505948581,312700.14276449,269987.088700075,866996.695226514,7.75004838717281
12.654,0.0235215054833637,0.297641130386484,10.6053009131481,0.074939893041939,0.520342367731029,0.999999999997072,1,0.99995878340016,313012.999309455,270254.073816052,867934.075395381,7.75780231187617
12.655,0.0235215054833637,0.297664651891968,10.6053009131481,0.074945815271514,0.520383488512421,0.99999999999713,1,0.999959059054264,313326.168867446,270521.322948551,868872.469041676,7.7655639943825
12.656,0.0235215054833637,0.297688173397451,10.6053009131481,0.074951737501089,0.520424609293813,0.999999999997186,1,0.999959332922104,313639.651751632,270788.836358652,869811.877261152,7.77333344245346
12.657,0.0235215054833637,0.297711694902934,10.6053009131481,0.0749576597306639,0.520465730075204,0.999999999997241,1,0.999959605014829,313953.448275496,271056.614307695,870752.301150743,7.78111066385851
12.658,0.0235215054833637,0.297735216408418,10.6053009131481,0.0749635819602389,0.520506850856596,0.999999999997295,1,0.999959875343515,314267.558752834,271324.657057278,871693.741808576,7.78889566637487
12.659,0.0235215054833637,0.297758737913901,10.6053009131481,0.0749695041898139,0.520547971637988,0.999999999997348,1,0.999960143919178,314581.983497758,271592.964869257,872636.200333962,7.79668845778756
12.66,0.0235215054833637,0.297782259419384,10.6053009131481,0.0749754264193889,0.52058909241938,0.9999999999974,1,0.999960410752764,314896.72282469,271861.538005747,873579.677827395,7.80448904588935
12.661,0.0235215054833637,0.297805780924868,10.6053009131481,0.0749813486489639,0.520630213200771,0.999999999997451,1,0.999960675855156,315211.777048372,272130.376729122,874524.175390568,7.81229743848083
12.662,0.0235215054833637,0.297829302430351,10.6053009131481,0.0749872708785389,0.520671333982163,0.999999999997501,1,0.999960939237172,315527.146483857,272399.481302017,875469.694126357,7.8201136433704
12.663,0.0235215054833637,0.297852823935834,10.6053009131481,0.0749931931081139,0.520712454763555,0.99999999999755,1,0.999961200909565,315842.831446516,272668.851987325,876416.235138841,7.82793766837428
12.664,0.0235215054833637,0.297876345441318,10.6053009131481,0.0749991153376889,0.520753575544947,0.999999999997598,1,0.999961460883023,316158.832252032,272938.489048198,877363.799533277,7.83576952131647
12.665,0.0235215054833637,0.297899866946801,10.6053009131481,0.0750050375672639,0.520794696326338,0.999999999997645,1,0.999961719168171,316475.149216406,273208.392748052,878312.388416132,7.84360921002883
12.666,0.0235215054833637,0.297923388452284,10.6053009131481,0.0750109597968389,0.52083581710773,0.999999999997691,1,0.999961975775571,316791.782655956,273478.563350561,879262.002895062,7.85145674235107
12.667,0.0235215054833637,0.297946909957768,10.6053009131481,0.0750168820264139,0.520876937889122,0.999999999997737,1,0.999962230715721,317108.732887315,273749.001119658,880212.644078921,7.85931212613069
12.668,0.0235215054833637,0.297970431463251,10.6053009131481,0.0750228042559888,0.520918058670514,0.999999999997781,1,0.999962483999058,317426.000227434,274019.706319541,881164.313077761,7.86717536922309
12.669,0.0235215054833637,0.297993952968735,10.6053009131481,0.0750287264855638,0.520959179451905,0.999999999997825,1,0.999962735635953,317743.584993579,274290.679214666,882117.011002841,7.87504647949153
12.67,0.0235215054833637,0.298017474474218,10.6053009131481,0.0750346487151388,0.521000300233297,0.999999999997868,1,0.999962985636719,318061.487503335,274561.920069753,883070.73896661,7.8829254648071
12.671,0.0235215054833637,0.298040995979701,10.6053009131481,0.0750405709447138,0.521041421014689,0.999999999997909,1,0.999963234011605,318379.708074606,274833.429149781,884025.49808273,7.89081233304878
12.672,0.0235215054833637,0.298064517485185,10.6053009131481,0.0750464931742888,0.521082541796081,0.999999999997951,1,0.9999634807708,318698.247025611,275105.206719994,884981.289466063,7.89870709210347
12.673,0.0235215054833637,0.298088038990668,10.6053009131481,0.0750524154038638,0.521123662577472,0.999999999997991,1,0.999963725924429,319017.10467489,275377.253045896,885938.114232675,7.9066097498659
12.674,0.0235215054833637,0.298111560496151,10.6053009131481,0.0750583376334388,0.521164783358864,0.99999999999803,1,0.99996396948256,319336.2813413,275649.568393254,886895.973499839,7.91452031423873
12.675,0.0235215054833637,0.298135082001635,10.6053009131481,0.0750642598630138,0.521205904140256,0.999999999998069,1,0.9999642114552,319655.777344018,275922.1530281,887854.868386043,7.92243879313255
12.676,0.0235215054833637,0.298158603507118,10.6053009131481,0.0750701820925888,0.521247024921647,0.999999999998107,1,0.999964451852294,319975.59300254,276195.007216726,888814.80001097,7.93036519446581
12.677,0.0235215054833637,0.298182125012601,10.6053009131481,0.0750761043221638,0.521288145703039,0.999999999998144,1,0.999964690683728,320295.728636682,276468.131225688,889775.769495528,7.93829952616493
12.678,0.0235215054833637,0.298205646518085,10.6053009131481,0.0750820265517388,0.521329266484431,0.999999999998181,1,0.999964927959331,320616.184566579,276741.525321808,890737.77796183,7.94624179616425
12.679,0.0235215054833637,0.298229168023568,10.6053009131481,0.0750879487813138,0.521370387265823,0.999999999998217,1,0.999965163688871,320936.961112687,277015.189772168,891700.826533201,7.95419201240601
12.68,0.0235215054833637,0.298252689529052,10.6053009131481,0.0750938710108887,0.521411508047214,0.999999999998252,1,0.999965397882056,321258.058595783,277289.124844118,892664.916334183,7.96215018284045
12.681,0.0235215054833637,0.298276211034535,10.6053009131481,0.0750997932404637,0.521452628828606,0.999999999998286,1,0.99996563054854,321579.477336965,277563.330805269,893630.048490538,7.97011631542575
12.682,0.0235215054833637,0.298299732540018,10.6053009131481,0.0751057154700387,0.521493749609998,0.99999999999832,1,0.999965861697915,321901.21765765,277837.807923499,894596.224129233,7.97809041812801
12.683,0.0235215054833637,0.298323254045502,10.6053009131481,0.0751116376996137,0.52153487039139,0.999999999998353,1,0.999966091339717,322223.27987958,278112.556466951,895563.444378467,7.98607249892136
12.684,0.0235215054833637,0.298346775550985,10.6053009131481,0.0751175599291887,0.521575991172781,0.999999999998386,1,0.999966319483425,322545.664324817,278387.576704031,896531.71036765,7.99406256578788
12.685,0.0235215054833637,0.298370297056468,10.6053009131481,0.0751234821587637,0.521617111954173,0.999999999998417,1,0.99996654613846,322868.371315745,278662.868903412,897501.023227418,8.00206062671763
12.686,0.0235215054833637,0.298393818561952,10.6053009131481,0.0751294043883387,0.521658232735565,0.999999999998449,1,0.999966771314187,323191.401175071,278938.433334032,898471.384089624,8.01006668970866
12.687,0.0235215054833637,0.298417340067435,10.6053009131481,0.0751353266179137,0.521699353516957,0.999999999998479,1,0.999966995019915,323514.754225826,279214.270265097,899442.794087353,8.01808076276707
12.688,0.0235215054833637,0.298440861572919,10.6053009131481,0.0751412488474887,0.521740474298348,0.999999999998509,1,0.999967217264896,323838.430791361,279490.379966075,900415.254354904,8.0261028539069
12.689,0.0235215054833637,0.298464383078402,10.6053009131481,0.0751471710770637,0.52178159507974,0.999999999998539,1,0.999967438058327,324162.431195355,279766.762706704,901388.766027814,8.03413297115024
12.69,0.0235215054833637,0.298487904583885,10.6053009131481,0.0751530933066386,0.521822715861132,0.999999999998568,1,0.99996765740935,324486.755761806,280043.418756988,902363.330242839,8.04217112252723
12.691,0.0235215054833637,0.298511426089369,10.6053009131481,0.0751590155362137,0.521863836642524,0.999999999998596,1,0.999967875327051,324811.404815041,280320.348387199,903338.948137971,8.05021731607603
12.692,0.0235215054833637,0.298534947594852,10.6053009131481,0.0751649377657886,0.521904957423915,0.999999999998624,1,0.999968091820462,325136.378679707,280597.551867873,904315.620852424,8.0582715598428
12.693,0.0235215054833637,0.298558469100335,10.6053009131481,0.0751708599953636,0.521946078205307,0.999999999998651,1,0.99996830689856,325461.677680778,280875.029469815,905293.34952665,8.0663338618818
12.694,0.0235215054833637,0.298581990605819,10.6053009131481,0.0751767822249386,0.521987198986699,0.999999999998677,1,0.999968520570268,325787.302143555,281152.781464101,906272.135302334,8.07440423025533
12.695,0.0235215054833637,0.298605512111302,10.6053009131481,0.0751827044545136,0.52202831976809,0.999999999998704,1,0.999968732844455,326113.252393662,281430.808122071,907251.979322394,8.08248267303378
12.696,0.0235215054833637,0.298629033616785,10.6053009131481,0.0751886266840886,0.522069440549482,0.999999999998729,1,0.999968943729937,326439.528757047,281709.109715335,908232.882730981,8.09056919829556
12.697,0.0235215054833637,0.298652555122269,10.6053009131481,0.0751945489136636,0.522110561330874,0.999999999998754,1,0.999969153235477,326766.131559988,281987.68651577,909214.846673486,8.09866381412722
12.698,0.0235215054833637,0.298676076627752,10.6053009131481,0.0752004711432386,0.522151682112266,0.999999999998779,1,0.999969361369785,327093.061129089,282266.538795525,910197.872296542,8.10676652862338
12.699,0.0235215054833637,0.298699598133235,10.6053009131481,0.0752063933728136,0.522192802893657,0.999999999998803,1,0.999969568141517,327420.317791278,282545.666827015,911181.960748012,8.11487734988673
12.7,0.0235215054833637,0.298723119638719,10.6053009131481,0.0752123156023886,0.522233923675049,0.999999999998827,1,0.999969773559278,327747.901873812,282825.070882926,912167.113177007,8.1229962860281
12.701,0.0235215054833637,0.298746641144202,10.6053009131481,0.0752182378319636,0.522275044456441,0.99999999999885,1,0.999969977631621,328075.813704275,283104.751236213,913153.330733882,8.13112334516645
12.702,0.0235215054833637,0.298770162649686,10.6053009131481,0.0752241600615386,0.522316165237833,0.999999999998873,1,0.999970180367047,328404.053610579,283384.708160102,914140.61457023,8.13925853542881
12.703,0.0235215054833637,0.298793684155169,10.6053009131481,0.0752300822911135,0.522357286019224,0.999999999998895,1,0.999970381774006,328732.621920964,283664.941928088,915128.965838892,8.14740186495039
12.704,0.0235215054833637,0.298817205660652,10.6053009131481,0.0752360045206885,0.522398406800616,0.999999999998917,1,0.999970581860896,329061.518963999,283945.452813938,916118.385693958,8.15555334187452
12.705,0.0235215054833637,0.298840727166136,10.6053009131481,0.0752419267502635,0.522439527582008,0.999999999998938,1,0.999970780636065,329390.745068579,284226.241091686,917108.875290759,8.16371297435266
12.706,0.0235215054833637,0.298864248671619,10.6053009131481,0.0752478489798385,0.5224806483634,0.999999999998959,1,0.99997097810781,329720.300563932,284507.307035642,918100.435785882,8.17188077054445
12.707,0.0235215054833637,0.298887770177102,10.6053009131481,0.0752537712094135,0.522521769144791,0.99999999999898,1,0.999971174284378,330050.185779614,284788.650920384,919093.068337162,8.18005673861772
12.708,0.0235215054833637,0.298911291682586,10.6053009131481,0.0752596934389885,0.522562889926183,0.999999999999,1,0.999971369173966,330380.401045509,285070.273020763,920086.774103684,8.18824088674838
12.709,0.0235215054833637,0.298934813188069,10.6053009131481,0.0752656156685635,0.522604010707575,0.99999999999902,1,0.999971562784722,330710.946691832,285352.173611899,921081.554245787,8.19643322312062
12.71,0.0235215054833637,0.298958334693553,10.6053009131481,0.0752715378981385,0.522645131488967,0.99999999999904,1,0.999971755124742,331041.823049129,285634.352969189,922077.409925069,8.20463375592677
12.711,0.0235215054833637,0.298981856199036,10.6053009131481,0.0752774601277135,0.522686252270358,0.999999999999059,1,0.999971946202077,331373.030448277,285916.811368298,923074.342304375,8.21284249336735
12.712,0.0235215054833637,0.299005377704519,10.6053009131481,0.0752833823572885,0.52272737305175,0.999999999999077,1,0.999972136024726,331704.569220483,286199.549085165,924072.352547816,8.22105944365111
12.713,0.0235215054833637,0.299028899210003,10.6053009131481,0.0752893045868635,0.522768493833142,0.999999999999096,1,0.99997232460064,332036.439697287,286482.566396003,925071.441820757,8.22928461499501
12.714,0.0235215054833637,0.299052420715486,10.6053009131481,0.0752952268164385,0.522809614614533,0.999999999999113,1,0.999972511937723,332368.642210557,286765.863577297,926071.611289825,8.2375180156242
12.715,0.0235215054833637,0.299075942220969,10.6053009131481,0.0753011490460134,0.522850735395925,0.999999999999131,1,0.99997269804383,332701.177092497,287049.440905805,927072.862122903,8.24575965377209
12.716,0.0235215054833637,0.299099463726453,10.6053009131481,0.0753070712755884,0.522891856177317,0.999999999999148,1,0.999972882926769,333034.044675643,287333.29865856,928075.195489149,8.25400953768034
12.717,0.0235215054833637,0.299122985231936,10.6053009131481,0.0753129935051634,0.522932976958709,0.999999999999165,1,0.9999730665943,333367.24529286,287617.437112867,929078.612558968,8.2622676755988
12.718,0.0235215054833637,0.299146506737419,10.6053009131481,0.0753189157347384,0.5229740977401,0.999999999999182,1,0.999973249054135,333700.77927735,287901.856546308,930083.114504046,8.27053407578562
12.719,0.0235215054833637,0.299170028242903,10.6053009131481,0.0753248379643134,0.523015218521492,0.999999999999198,1,0.99997343031394,334034.646962648,288186.557236737,931088.702497325,8.2788087465072
12.72,0.0235215054833637,0.299193549748386,10.6053009131481,0.0753307601938884,0.523056339302884,0.999999999999214,1,0.999973610381336,334368.848682621,288471.539462284,932095.377713025,8.28709169603824
12.721,0.0235215054833637,0.29921707125387,10.6053009131481,0.0753366824234634,0.523097460084276,0.99999999999923,1,0.999973789263895,334703.38477147,288756.803501353,933103.141326623,8.29538293266165
12.722,0.0235215054833637,0.299240592759353,10.6053009131481,0.0753426046530384,0.523138580865667,0.999999999999245,1,0.999973966969144,335038.255563731,289042.349632625,934111.994514879,8.30368246466868
12.723,0.0235215054833637,0.299264114264836,10.6053009131481,0.0753485268826134,0.523179701647059,0.99999999999926,1,0.999974143504564,335373.461394276,289328.178135056,935121.938455818,8.31199030035887
12.724,0.0235215054833637,0.29928763577032,10.6053009131481,0.0753544491121884,0.523220822428451,0.999999999999275,1,0.999974318877592,335709.002598311,289614.289287877,936132.974328743,8.32030644804007
12.725,0.0235215054833637,0.299311157275803,10.6053009131481,0.0753603713417633,0.523261943209843,0.999999999999289,1,0.999974493095617,336044.879511376,289900.683370594,937145.103314226,8.32863091602839
12.726,0.0235215054833637,0.299334678781286,10.6053009131481,0.0753662935713383,0.523303063991234,0.999999999999303,1,0.999974666165985,336381.092469348,290187.360662994,938158.326594122,8.33696371264833
12.727,0.0235215054833637,0.29935820028677,10.6053009131481,0.0753722158009133,0.523344184772626,0.999999999999317,1,0.999974838095995,336717.641808442,290474.321445135,939172.645351563,8.34530484623268
12.728,0.0235215054833637,0.299381721792253,10.6053009131481,0.0753781380304883,0.523385305554018,0.999999999999331,1,0.999975008892906,337054.527865205,290761.565997357,940188.060770953,8.35365432512257
12.729,0.0235215054833637,0.299405243297736,10.6053009131481,0.0753840602600633,0.523426426335409,0.999999999999344,1,0.999975178563927,337391.750976523,291049.094600272,941204.574037987,8.36201215766747
12.73,0.0235215054833637,0.29942876480322,10.6053009131481,0.0753899824896383,0.523467547116801,0.999999999999357,1,0.999975347116227,337729.311479622,291336.907534775,942222.186339634,8.37037835222524
12.731,0.0235215054833637,0.299452286308703,10.6053009131481,0.0753959047192133,0.523508667898193,0.99999999999937,1,0.999975514556931,338067.209712059,291625.005082035,943240.89886415,8.37875291716205
12.732,0.0235215054833637,0.299475807814186,10.6053009131481,0.0754018269487883,0.523549788679585,0.999999999999382,1,0.999975680893118,338405.446011735,291913.387523501,944260.712801074,8.38713586085248
12.733,0.0235215054833637,0.29949932931967,10.6053009131481,0.0754077491783633,0.523590909460976,0.999999999999395,1,0.999975846131826,338744.020716885,292202.055140898,945281.629341233,8.39552719167948
12.734,0.0235215054833637,0.299522850825153,10.6053009131481,0.0754136714079383,0.523632030242368,0.999999999999407,1,0.999976010280049,339082.934166083,292491.008216231,946303.649676738,8.40392691803435
12.735,0.0235215054833637,0.299546372330637,10.6053009131481,0.0754195936375133,0.52367315102376,0.999999999999419,1,0.99997617334474,339422.186698244,292780.247031786,947326.775000994,8.41233504831684
12.736,0.0235215054833637,0.29956989383612,10.6053009131481,0.0754255158670883,0.523714271805152,0.99999999999943,1,0.999976335332806,339761.778652621,293069.771870125,948351.006508694,8.4207515909351
12.737,0.0235215054833637,0.299593415341603,10.6053009131481,0.0754314380966633,0.523755392586543,0.999999999999442,1,0.999976496251116,340101.710368804,293359.583014089,949376.345395821,8.42917655430564
12.738,0.0235215054833637,0.299616936847087,10.6053009131481,0.0754373603262382,0.523796513367935,0.999999999999453,1,0.999976656106493,340441.982186725,293649.680746803,950402.79285965,8.43760994685343
12.739,0.0235215054833637,0.29964045835257,10.6053009131481,0.0754432825558132,0.523837634149327,0.999999999999464,1,0.999976814905721,340782.594446658,293940.065351667,951430.350098759,8.44605177701189
12.74,0.0235215054833637,0.299663979858053,10.6053009131481,0.0754492047853882,0.523878754930719,0.999999999999474,1,0.999976972655542,341123.547489213,294230.737112365,952459.018313009,8.45450205322281
12.741,0.0235215054833637,0.299687501363537,10.6053009131481,0.0754551270149632,0.52391987571211,0.999999999999485,1,0.999977129362656,341464.841655344,294521.696312858,953488.798703569,8.46296078393649
12.742,0.0235215054833637,0.29971102286902,10.6053009131481,0.0754610492445382,0.523960996493502,0.999999999999495,1,0.999977285033723,341806.477286346,294812.943237392,954519.692472902,8.47142797761168
12.743,0.0235215054833637,0.299734544374504,10.6053009131481,0.0754669714741132,0.524002117274894,0.999999999999505,1,0.99997743967536,342148.454723852,295104.47817049,955551.700824772,8.47990364271553
12.744,0.0235215054833637,0.299758065879987,10.6053009131481,0.0754728937036882,0.524043238056285,0.999999999999515,1,0.999977593294146,342490.774309842,295396.301396959,956584.824964241,8.48838778772373
12.745,0.0235215054833637,0.29978158738547,10.6053009131481,0.0754788159332632,0.524084358837677,0.999999999999525,1,0.999977745896619,342833.436386636,295688.413201887,957619.066097683,8.49688042112044
12.746,0.0235215054833637,0.299805108890954,10.6053009131481,0.0754847381628382,0.524125479619069,0.999999999999534,1,0.999977897489276,343176.441296894,295980.813870644,958654.425432764,8.50538155139827
12.747,0.0235215054833637,0.299828630396437,10.6053009131481,0.0754906603924132,0.524166600400461,0.999999999999544,1,0.999978048078575,343519.789383621,296273.503688881,959690.904178467,8.51389118705836
12.748,0.0235215054833637,0.29985215190192,10.6053009131481,0.0754965826219881,0.524207721181853,0.999999999999553,1,0.999978197670934,343863.480990168,296566.482942534,960728.503545076,8.52240933661036
12.749,0.0235215054833637,0.299875673407404,10.6053009131481,0.0755025048515631,0.524248841963244,0.999999999999562,1,0.999978346272732,344207.516460223,296859.751917817,961767.224744184,8.53093600857239
12.75,0.0235215054833637,0.299899194912887,10.6053009131481,0.0755084270811381,0.524289962744636,0.999999999999571,1,0.999978493890308,344551.896137824,297153.310901234,962807.068988693,8.53947121147114
12.751,0.0235215054833637,0.29992271641837,10.6053009131481,0.0755143493107131,0.524331083526028,0.999999999999579,1,0.999978640529963,344896.620367349,297447.160179567,963848.037492822,8.54801495384181
12.752,0.0235215054833637,0.299946237923854,10.6053009131481,0.0755202715402881,0.524372204307419,0.999999999999588,1,0.999978786197958,345241.689493524,297741.300039884,964890.131472097,8.55656724422817
12.753,0.0235215054833637,0.299969759429337,10.6053009131481,0.0755261937698631,0.524413325088811,0.999999999999596,1,0.999978930900518,345587.103861417,298035.730769533,965933.35214336,8.56512809118246
12.754,0.0235215054833637,0.299993280934821,10.6053009131481,0.0755321159994381,0.524454445870203,0.999999999999604,1,0.999979074643828,345932.863816442,298330.452656153,966977.700724768,8.57369750326557
12.755,0.0235215054833637,0.300016802440304,10.6053009131481,0.0755380382290131,0.524495566651595,0.999999999999612,1,0.999979217434035,346278.96970436,298625.465987661,968023.178435797,8.58227548904689
12.756,0.0235215054833637,0.300040323945787,10.6053009131481,0.0755439604585881,0.524536687432986,0.99999999999962,1,0.999979359277247,346625.421871278,298920.771052263,969069.786497241,8.59086205710442
12.757,0.0235215054833637,0.300063845451271,10.6053009131481,0.0755498826881631,0.524577808214378,0.999999999999627,1,0.999979500179537,346972.220663645,299216.368138448,970117.526131212,8.59945721602472
12.758,0.0235215054833637,0.300087366956754,10.6053009131481,0.0755558049177381,0.52461892899577,0.999999999999635,1,0.99997964014694,347319.366428262,299512.257534989,971166.398561142,8.60806097440295
12.759,0.0235215054833637,0.300110888462237,10.6053009131481,0.075561727147313,0.524660049777162,0.999999999999642,1,0.999979779185452,347666.859512275,299808.439530948,972216.405011795,8.61667334084289
12.76,0.0235215054833637,0.300134409967721,10.6053009131481,0.075567649376888,0.524701170558553,0.999999999999649,1,0.999979917301034,348014.700263176,300104.91441567,973267.546709244,8.62529432395687
12.761,0.0235215054833637,0.300157931473204,10.6053009131481,0.075573571606463,0.524742291339945,0.999999999999656,1,0.999980054499609,348362.889028806,300401.682478788,974319.824880901,8.63392393236589
12.762,0.0235215054833637,0.300181452978687,10.6053009131481,0.075579493836038,0.524783412121337,0.999999999999663,1,0.999980190787065,348711.426157354,300698.74401022,975373.240755503,8.64256217469958
12.763,0.0235215054833637,0.300204974484171,10.6053009131481,0.075585416065613,0.524824532902728,0.99999999999967,1,0.999980326169253,349060.311997358,300996.099300171,976427.795563104,8.65120905959615
12.764,0.0235215054833637,0.300228495989654,10.6053009131481,0.075591338295188,0.52486565368412,0.999999999999676,1,0.999980460651986,349409.546897702,301293.748639134,977483.490535104,8.6598645957025
12.765,0.0235215054833637,0.300252017495138,10.6053009131481,0.075597260524763,0.524906774465512,0.999999999999683,1,0.999980594241045,349759.131207623,301591.692317888,978540.326904226,8.66852879167418
12.766,0.0235215054833637,0.300275539000621,10.6053009131481,0.075603182754338,0.524947895246904,0.999999999999689,1,0.999980726942172,350109.065276704,301889.9306275,979598.305904521,8.67720165617536
12.767,0.0235215054833637,0.300299060506104,10.6053009131481,0.075609104983913,0.524989016028295,0.999999999999696,1,0.999980858761075,350459.349454879,302188.463859325,980657.428771386,8.68588319787892
12.768,0.0235215054833637,0.300322582011588,10.6053009131481,0.075615027213488,0.525030136809687,0.999999999999702,1,0.999980989703427,350809.984092434,302487.292305006,981717.696741545,8.69457342546642
12.769,0.0235215054833637,0.300346103517071,10.6053009131481,0.075620949443063,0.525071257591079,0.999999999999708,1,0.999981119774865,351160.969540001,302786.416256475,982779.111053061,8.70327234762805
12.77,0.0235215054833637,0.300369625022554,10.6053009131481,0.075626871672638,0.525112378372471,0.999999999999714,1,0.999981248980992,351512.306148567,303085.83600595,983841.672945336,8.71197997306276
12.771,0.0235215054833637,0.300393146528038,10.6053009131481,0.0756327939022129,0.525153499153862,0.999999999999719,1,0.999981377327376,351863.994269469,303385.551845943,984905.383659117,8.72069631047818
12.772,0.0235215054833637,0.300416668033521,10.6053009131481,0.0756387161317879,0.525194619935254,0.999999999999725,1,0.99998150481955,352216.034254394,303685.56406925,985970.244436481,8.72942136859062
12.773,0.0235215054833637,0.300440189539004,10.6053009131481,0.0756446383613629,0.525235740716646,0.99999999999973,1,0.999981631463015,352568.426455383,303985.87296896,987036.256520857,8.73815515612515
12.774,0.0235215054833637,0.300463711044488,10.6053009131481,0.0756505605909379,0.525276861498038,0.999999999999736,1,0.999981757263235,352921.171224828,304286.47883845,988103.421157021,8.74689768181559
12.775,0.0235215054833637,0.300487232549971,10.6053009131481,0.0756564828205129,0.525317982279429,0.999999999999741,1,0.999981882225643,353274.268915473,304587.381971388,989171.739591082,8.75564895440442
12.776,0.0235215054833637,0.300510754055455,10.6053009131481,0.0756624050500879,0.525359103060821,0.999999999999746,1,0.999982006355636,353627.719880417,304888.582661733,990241.21307051,8.76440898264294
12.777,0.0235215054833637,0.300534275560938,10.6053009131481,0.0756683272796629,0.525400223842213,0.999999999999752,1,0.999982129658579,353981.52447311,305190.081203733,991311.842844115,8.77317777529119
12.778,0.0235215054833637,0.300557797066421,10.6053009131481,0.0756742495092379,0.525441344623605,0.999999999999757,1,0.999982252139803,354335.683047357,305491.877891927,992383.630162061,8.78195534111792
12.779,0.0235215054833637,0.300581318571905,10.6053009131481,0.0756801717388129,0.525482465404996,0.999999999999761,1,0.999982373804607,354690.195957317,305793.973021148,993456.576275861,8.79074168890073
12.78,0.0235215054833637,0.300604840077388,10.6053009131481,0.0756860939683879,0.525523586186388,0.999999999999766,1,0.999982494658256,355045.063557502,306096.366886518,994530.682438387,8.79953682742598
12.781,0.0235215054833637,0.300628361582871,10.6053009131481,0.0756920161979629,0.52556470696778,0.999999999999771,1,0.999982614705983,355400.28620278,306399.059783451,995605.949903856,8.80834076548877
12.782,0.0235215054833637,0.300651883088355,10.6053009131481,0.0756979384275378,0.525605827749172,0.999999999999776,1,0.999982733952989,355755.864248374,306702.052007653,996682.37992785,8.81715351189306
12.783,0.0235215054833637,0.300675404593838,10.6053009131481,0.0757038606571128,0.525646948530563,0.99999999999978,1,0.999982852404441,356111.798049862,307005.343855125,997759.973767302,8.8259750754516
12.784,0.0235215054833637,0.300698926099321,10.6053009131481,0.0757097828866878,0.525688069311955,0.999999999999785,1,0.999982970065477,356468.087963178,307308.935622159,998838.732680513,8.83480546498596
12.785,0.0235215054833637,0.300722447604805,10.6053009131481,0.0757157051162628,0.525729190093347,0.999999999999789,1,0.9999830869412,356824.734344611,307612.827605337,999918.657927131,8.84364468932651
12.786,0.0235215054833637,0.300745969110288,10.6053009131481,0.0757216273458378,0.525770310874738,0.999999999999793,1,0.999983203036683,357181.737550808,307917.020101539,1000999.75076818,8.85249275731248
12.787,0.0235215054833637,0.300769490615772,10.6053009131481,0.0757275495754128,0.52581143165613,0.999999999999797,1,0.999983318356967,357539.097938773,308221.513407936,1002082.01246603,8.86134967779195
12.788,0.0235215054833637,0.300793012121255,10.6053009131481,0.0757334718049878,0.525852552437522,0.999999999999801,1,0.999983432907061,357896.815865866,308526.307821995,1003165.44428444,8.87021545962186
12.789,0.0235215054833637,0.300816533626738,10.6053009131481,0.0757393940345628,0.525893673218914,0.999999999999805,1,0.999983546691945,358254.891689804,308831.403641473,1004250.04748851,8.87909011166794
12.79,0.0235215054833637,0.300840055132222,10.6053009131481,0.0757453162641378,0.525934794000305,0.999999999999809,1,0.999983659716567,358613.325768663,309136.801164426,1005335.82334473,8.88797364280488
12.791,0.0235215054833637,0.300863576637705,10.6053009131481,0.0757512384937128,0.525975914781697,0.999999999999813,1,0.999983771985842,358972.118460879,309442.500689203,1006422.77312095,8.89686606191622
12.792,0.0235215054833637,0.300887098143188,10.6053009131481,0.0757571607232878,0.526017035563089,0.999999999999817,1,0.999983883504659,359331.270125243,309748.502514447,1007510.89808638,8.90576737789434
12.793,0.0235215054833637,0.300910619648672,10.6053009131481,0.0757630829528627,0.526058156344481,0.999999999999821,1,0.999983994277872,359690.781120906,310054.806939097,1008600.19951161,8.91467759964058
12.794,0.0235215054833637,0.300934141154155,10.6053009131481,0.0757690051824377,0.526099277125872,0.999999999999824,1,0.999984104310307,360050.651807382,310361.414262389,1009690.67866862,8.92359673606519
12.795,0.0235215054833637,0.300957662659638,10.6053009131481,0.0757749274120127,0.526140397907264,0.999999999999828,1,0.999984213606761,360410.882544538,310668.324783853,1010782.33683073,8.93252479608725
12.796,0.0235215054833637,0.300981184165122,10.6053009131481,0.0757808496415877,0.526181518688656,0.999999999999831,1,0.999984322171999,360771.473692607,310975.538803315,1011875.17527268,8.94146178863486
12.797,0.0235215054833637,0.301004705670605,10.6053009131481,0.0757867718711627,0.526222639470048,0.999999999999835,1,0.999984430010757,361132.425612181,311283.056620901,1012969.19527056,8.95040772264502
12.798,0.0235215054833637,0.301028227176089,10.6053009131481,0.0757926941007377,0.526263760251439,0.999999999999838,1,0.999984537127743,361493.738664209,311590.878537028,1014064.39810183,8.95936260706363
12.799,0.0235215054833637,0.301051748681572,10.6053009131481,0.0757986163303127,0.526304881032831,0.999999999999841,1,0.999984643527633,361855.413210007,311899.004852416,1015160.78504537,8.96832645084559
12.8,0.0235215054833637,0.301075270187055,10.6053009131481,0.0758045385598877,0.526346001814223,0.999999999999844,1,0.999984749215076,362217.449611248,312207.435868078,1016258.3573814,8.97729926295477
12.801,0.0235215054833637,0.301098791692539,10.6053009131481,0.0758104607894627,0.526387122595614,0.999999999999848,1,0.999984854194691,362579.848229969,312516.171885327,1017357.11639155,8.98628105236394
12.802,0.0235215054833637,0.301122313198022,10.6053009131481,0.0758163830190377,0.526428243377006,0.999999999999851,1,0.999984958471068,362942.609428568,312825.213205773,1018457.06335884,8.99527182805491
12.803,0.0235215054833637,0.301145834703505,10.6053009131481,0.0758223052486127,0.526469364158398,0.999999999999854,1,0.99998506204877,363305.733569807,313134.560131325,1019558.19956765,9.00427159901848
12.804,0.0235215054833637,0.301169356208989,10.6053009131481,0.0758282274781877,0.52651048493979,0.999999999999857,1,0.999985164932329,363669.221016809,313444.21296419,1020660.52630378,9.01328037425438
12.805,0.0235215054833637,0.301192877714472,10.6053009131481,0.0758341497077626,0.526551605721181,0.99999999999986,1,0.999985267126252,364033.072133063,313754.172006873,1021764.04485439,9.0222981627714
12.806,0.0235215054833637,0.301216399219955,10.6053009131481,0.0758400719373376,0.526592726502573,0.999999999999862,1,0.999985368635014,364397.28728242,314064.437562181,1022868.75650806,9.03132497358736
12.807,0.0235215054833637,0.301239920725439,10.6053009131481,0.0758459941669126,0.526633847283965,0.999999999999865,1,0.999985469463065,364761.866829094,314375.009933216,1023974.66255474,9.04036081572903
12.808,0.0235215054833637,0.301263442230922,10.6053009131481,0.0758519163964876,0.526674968065357,0.999999999999868,1,0.999985569614825,365126.811137665,314685.889423384,1025081.76428579,9.04940569823226
12.809,0.0235215054833637,0.301286963736406,10.6053009131481,0.0758578386260626,0.526716088846748,0.999999999999871,1,0.999985669094689,365492.120573079,314997.07633639,1026190.06299396,9.05845963014196
12.81,0.0235215054833637,0.301310485241889,10.6053009131481,0.0758637608556376,0.52675720962814,0.999999999999873,1,0.999985767907023,365857.795500642,315308.570976236,1027299.5599734,9.06752262051204
12.811,0.0235215054833637,0.301334006747372,10.6053009131481,0.0758696830852126,0.526798330409532,0.999999999999876,1,0.999985866056164,366223.836286032,315620.373647229,1028410.25651965,9.07659467840549
12.812,0.0235215054833637,0.301357528252856,10.6053009131481,0.0758756053147876,0.526839451190924,0.999999999999878,1,0.999985963546426,366590.243295289,315932.484653976,1029522.15392968,9.08567581289439
12.813,0.0235215054833637,0.301381049758339,10.6053009131481,0.0758815275443626,0.526880571972315,0.999999999999881,1,0.999986060382092,366957.01689482,316244.904301383,1030635.25350182,9.09476603305984
12.814,0.0235215054833637,0.301404571263822,10.6053009131481,0.0758874497739376,0.526921692753707,0.999999999999883,1,0.999986156567421,367324.157451398,316557.632894658,1031749.55653582,9.10386534799208
12.815,0.0235215054833637,0.301428092769306,10.6053009131481,0.0758933720035126,0.526962813535099,0.999999999999886,1,0.999986252106643,367691.665332163,316870.670739314,1032865.06433287,9.11297376679044
12.816,0.0235215054833637,0.301451614274789,10.6053009131481,0.0758992942330876,0.527003934316491,0.999999999999888,1,0.999986347003963,368059.540904626,317184.018141163,1033981.7781955,9.12209129856333
12.817,0.0235215054833637,0.301475135780272,10.6053009131481,0.0759052164626625,0.527045055097882,0.99999999999989,1,0.99998644126356,368427.784536659,317497.67540632,1035099.69942771,9.13121795242827
12.818,0.0235215054833637,0.301498657285756,10.6053009131481,0.0759111386922375,0.527086175879274,0.999999999999892,1,0.999986534889586,368796.396596508,317811.642841202,1036218.82933488,9.14035373751192
12.819,0.0235215054833637,0.301522178791239,10.6053009131481,0.0759170609218125,0.527127296660666,0.999999999999895,1,0.999986627886167,369165.377452784,318125.920752531,1037339.1692238,9.14949866295006
12.82,0.0235215054833637,0.301545700296723,10.6053009131481,0.0759229831513875,0.527168417442057,0.999999999999897,1,0.999986720257403,369534.727474469,318440.509447332,1038460.72040268,9.15865273788765
12.821,0.0235215054833637,0.301569221802206,10.6053009131481,0.0759289053809625,0.527209538223449,0.999999999999899,1,0.999986812007369,369904.447030912,318755.409232932,1039583.48418115,9.16781597147873
12.822,0.0235215054833637,0.301592743307689,10.6053009131481,0.0759348276105375,0.527250659004841,0.999999999999901,1,0.999986903140113,370274.536491832,319070.620416962,1040707.46187024,9.17698837288654
12.823,0.0235215054833637,0.301616264813173,10.6053009131481,0.0759407498401125,0.527291779786233,0.999999999999903,1,0.99998699365966,370644.99622732,319386.14330736,1041832.65478242,9.18616995128351
12.824,0.0235215054833637,0.301639786318656,10.6053009131481,0.0759466720696875,0.527332900567624,0.999999999999905,1,0.999987083570008,371015.826607835,319701.978212365,1042959.06423155,9.19536071585117
12.825,0.0235215054833637,0.301663307824139,10.6053009131481,0.0759525942992625,0.527374021349016,0.999999999999907,1,0.99998717287513,371387.028004208,320018.125440523,1044086.69153294,9.20456067578032
12.826,0.0235215054833637,0.301686829329623,10.6053009131481,0.0759585165288375,0.527415142130408,0.999999999999909,1,0.999987261578974,371758.60078764,320334.585300684,1045215.5380033,9.21376984027092
12.827,0.0235215054833637,0.301710350835106,10.6053009131481,0.0759644387584125,0.5274562629118,0.999999999999911,1,0.999987349685464,372130.545329703,320651.358102004,1046345.60496078,9.22298821853212
12.828,0.0235215054833637,0.301733872340589,10.6053009131481,0.0759703609879874,0.527497383693191,0.999999999999912,1,0.999987437198498,372502.862002342,320968.444153944,1047476.89372493,9.23221581978231
12.829,0.0235215054833637,0.301757393846073,10.6053009131481,0.0759762832175624,0.527538504474583,0.999999999999914,1,0.999987524121951,372875.551177875,321285.843766273,1048609.40561677,9.2414526532491
12.83,0.0235215054833637,0.301780915351556,10.6053009131481,0.0759822054471374,0.527579625255975,0.999999999999916,1,0.999987610459673,373248.61322899,321603.557249064,1049743.1419587,9.2506987281693
12.831,0.0235215054833637,0.30180443685704,10.6053009131481,0.0759881276767124,0.527620746037367,0.999999999999918,1,0.99998769621549,373622.048528749,321921.584912697,1050878.10407458,9.25995405378899
12.832,0.0235215054833637,0.301827958362523,10.6053009131481,0.0759940499062874,0.527661866818758,0.999999999999919,1,0.999987781393202,373995.857450588,322239.927067862,1052014.29328969,9.26921863936353
12.833,0.0235215054833637,0.301851479868006,10.6053009131481,0.0759999721358624,0.52770298760015,0.999999999999921,1,0.999987865996589,374370.040368316,322558.584025551,1053151.71093076,9.27849249415747
12.834,0.0235215054833637,0.30187500137349,10.6053009131481,0.0760058943654374,0.527744108381542,0.999999999999923,1,0.999987950029404,374744.597656115,322877.556097066,1054290.35832592,9.28777562744467
12.835,0.0235215054833637,0.301898522878973,10.6053009131481,0.0760118165950124,0.527785229162934,0.999999999999924,1,0.999988033495377,375119.529688543,323196.84359402,1055430.23680477,9.29706804850829
12.836,0.0235215054833637,0.301922044384456,10.6053009131481,0.0760177388245874,0.527826349944325,0.999999999999926,1,0.999988116398215,375494.836840532,323516.446828328,1056571.34769833,9.30636976664071
12.837,0.0235215054833637,0.30194556588994,10.6053009131481,0.0760236610541624,0.527867470725717,0.999999999999927,1,0.999988198741602,375870.519487389,323836.366112219,1057713.69233906,9.31568079114368
12.838,0.0235215054833637,0.301969087395423,10.6053009131481,0.0760295832837374,0.527908591507109,0.999999999999929,1,0.999988280529197,376246.578004797,324156.601758228,1058857.27206087,9.32500113132823
12.839,0.0235215054833637,0.301992608900906,10.6053009131481,0.0760355055133124,0.527949712288501,0.99999999999993,1,0.999988361764639,376623.012768814,324477.154079198,1060002.0881991,9.33433079651468
12.84,0.0235215054833637,0.30201613040639,10.6053009131481,0.0760414277428873,0.527990833069892,0.999999999999931,1,0.999988442451541,376999.824155875,324798.023388285,1061148.14209055,9.3436697960327
12.841,0.0235215054833637,0.302039651911873,10.6053009131481,0.0760473499724623,0.528031953851284,0.999999999999933,1,0.999988522593495,377377.012542793,325119.209998952,1062295.43507344,9.35301813922131
12.842,0.0235215054833637,0.302063173417357,10.6053009131481,0.0760532722020373,0.528073074632676,0.999999999999934,1,0.999988602194069,377754.578306753,325440.71422497,1063443.96848746,9.36237583542882
12.843,0.0235215054833637,0.30208669492284,10.6053009131481,0.0760591944316123,0.528114195414067,0.999999999999936,1,0.999988681256811,378132.521825324,325762.536380426,1064593.74367374,9.37174289401295
12.844,0.0235215054833637,0.302110216428323,10.6053009131481,0.0760651166611873,0.528155316195459,0.999999999999937,1,0.999988759785243,378510.843476448,326084.676779714,1065744.76197487,9.38111932434075
12.845,0.0235215054833637,0.302133737933807,10.6053009131481,0.0760710388907623,0.528196436976851,0.999999999999938,1,0.999988837782867,378889.543638447,326407.135737538,1066897.02473486,9.39050513578867
12.846,0.0235215054833637,0.30215725943929,10.6053009131481,0.0760769611203373,0.528237557758243,0.999999999999939,1,0.999988915253164,379268.622690021,326729.913568914,1068050.53329922,9.3999003377425
12.847,0.0235215054833637,0.302180780944773,10.6053009131481,0.0760828833499123,0.528278678539634,0.999999999999941,1,0.99998899219959,379648.08101025,327053.010589172,1069205.28901486,9.40930493959745
12.848,0.0235215054833637,0.302204302450257,10.6053009131481,0.0760888055794873,0.528319799321026,0.999999999999942,1,0.999989068625581,380027.918978591,327376.427113951,1070361.29323021,9.41871895075812
12.849,0.0235215054833637,0.30222782395574,10.6053009131481,0.0760947278090623,0.528360920102418,0.999999999999943,1,0.999989144534551,380408.136974883,327700.163459204,1071518.5472951,9.42814238063855
12.85,0.0235215054833637,0.302251345461223,10.6053009131481,0.0761006500386373,0.52840204088381,0.999999999999944,1,0.999989219929893,380788.735379344,328024.219941192,1072677.05256085,9.43757523866212
12.851,0.0235215054833637,0.302274866966707,10.6053009131481,0.0761065722682122,0.528443161665201,0.999999999999945,1,0.999989294814977,381169.714572571,328348.596876496,1073836.81038023,9.44701753426172
12.852,0.0235215054833637,0.30229838847219,10.6053009131481,0.0761124944977872,0.528484282446593,0.999999999999946,1,0.999989369193153,381551.074935546,328673.294582004,1074997.82210749,9.45646927687965
12.853,0.0235215054833637,0.302321909977673,10.6053009131481,0.0761184167273622,0.528525403227985,0.999999999999948,1,0.99998944306775,381932.816849626,328998.313374921,1076160.08909831,9.46593047596764
12.854,0.0235215054833637,0.302345431483157,10.6053009131481,0.0761243389569372,0.528566524009376,0.999999999999949,1,0.999989516442074,382314.940696555,329323.653572762,1077323.61270988,9.47540114098689
12.855,0.0235215054833637,0.30236895298864,10.6053009131481,0.0761302611865122,0.528607644790768,0.99999999999995,1,0.999989589319413,382697.446858458,329649.315493361,1078488.39430082,9.48488128140809
12.856,0.0235215054833637,0.302392474494124,10.6053009131481,0.0761361834160872,0.52864876557216,0.999999999999951,1,0.999989661703031,383080.335717838,329975.299454862,1079654.43523124,9.49437090671134
12.857,0.0235215054833637,0.302415995999607,10.6053009131481,0.0761421056456622,0.528689886353552,0.999999999999952,1,0.999989733596174,383463.607657587,330301.605775725,1080821.7368627,9.50387002638629
12.858,0.0235215054833637,0.30243951750509,10.6053009131481,0.0761480278752372,0.528731007134943,0.999999999999953,1,0.999989805002066,383847.263060975,330628.234774725,1081990.30055827,9.51337864993208
12.859,0.0235215054833637,0.302463039010574,10.6053009131481,0.0761539501048122,0.528772127916335,0.999999999999954,1,0.99998987592391,384231.302311658,330955.186770954,1083160.12768244,9.52289678685729
12.86,0.0235215054833637,0.302486560516057,10.6053009131481,0.0761598723343872,0.528813248697727,0.999999999999955,1,0.999989946364891,384615.725793675,331282.462083816,1084331.21960123,9.53242444668008
12.861,0.0235215054833637,0.30251008202154,10.6053009131481,0.0761657945639622,0.528854369479119,0.999999999999956,1,0.999990016328171,385000.533891451,331610.061033034,1085503.5776821,9.54196163892813
12.862,0.0235215054833637,0.302533603527024,10.6053009131481,0.0761717167935372,0.52889549026051,0.999999999999956,1,0.999990085816895,385385.726989792,331937.983938643,1086677.20329401,9.55150837313859
12.863,0.0235215054833637,0.302557125032507,10.6053009131481,0.0761776390231121,0.528936611041902,0.999999999999957,1,0.999990154834185,385771.305473892,332266.231121001,1087852.09780737,9.56106465885823
12.864,0.0235215054833637,0.302580646537991,10.6053009131481,0.0761835612526871,0.528977731823294,0.999999999999958,1,0.999990223383144,386157.26972933,332594.802900778,1089028.26259411,9.57063050564334
12.865,0.0235215054833637,0.302604168043474,10.6053009131481,0.0761894834822621,0.529018852604686,0.999999999999959,1,0.999990291466858,386543.62014207,332923.699598962,1090205.69902762,9.58020592305973
12.866,0.0235215054833637,0.302627689548957,10.6053009131481,0.0761954057118371,0.529059973386077,0.99999999999996,1,0.999990359088389,386930.357098462,333252.921536857,1091384.40848278,9.58979092068285
12.867,0.0235215054833637,0.302651211054441,10.6053009131481,0.0762013279414121,0.529101094167469,0.999999999999961,1,0.999990426250782,387317.480985244,333582.469036089,1092564.39233595,9.5993855080977
12.868,0.0235215054833637,0.302674732559924,10.6053009131481,0.0762072501709871,0.529142214948861,0.999999999999962,1,0.999990492957064,387704.992189538,333912.342418598,1093745.65196499,9.60898969489885
12.869,0.0235215054833637,0.302698254065407,10.6053009131481,0.0762131724005621,0.529183335730253,0.999999999999962,1,0.99999055921024,388092.891098857,334242.542006644,1094928.18874925,9.61860349069049
12.87,0.0235215054833637,0.302721775570891,10.6053009131481,0.0762190946301371,0.529224456511644,0.999999999999963,1,0.999990625013297,388481.178101101,334573.068122807,1096112.00406956,9.62822690508644
12.871,0.0235215054833637,0.302745297076374,10.6053009131481,0.0762250168597121,0.529265577293036,0.999999999999964,1,0.999990690369204,388869.853584554,334903.921089981,1097297.09930825,9.63785994771007
12.872,0.0235215054833637,0.302768818581857,10.6053009131481,0.0762309390892871,0.529306698074428,0.999999999999965,1,0.999990755280909,389258.917937893,335235.101231386,1098483.47584914,9.64750262819446
12.873,0.0235215054833637,0.302792340087341,10.6053009131481,0.0762368613188621,0.529347818855819,0.999999999999965,1,0.999990819751342,389648.371550183,335566.608870557,1099671.13507755,9.65715495618231
12.874,0.0235215054833637,0.302815861592824,10.6053009131481,0.076242783548437,0.529388939637211,0.999999999999966,1,0.999990883783417,390038.214810876,335898.444331351,1100860.0783803,9.66681694132589
12.875,0.0235215054833637,0.302839383098308,10.6053009131481,0.076248705778012,0.529430060418603,0.999999999999967,1,0.999990947380025,390428.448109817,336230.607937943,1102050.30714571,9.67648859328722
12.876,0.0235215054833637,0.302862904603791,10.6053009131481,0.076254628007587,0.529471181199995,0.999999999999967,1,0.999991010544041,390819.071837238,336563.100014832,1103241.82276358,9.68616992173795
12.877,0.0235215054833637,0.302886426109274,10.6053009131481,0.076260550237162,0.529512301981386,0.999999999999968,1,0.999991073278323,391210.086383765,336895.920886836,1104434.62662526,9.69586093635943
12.878,0.0235215054833637,0.302909947614758,10.6053009131481,0.076266472466737,0.529553422762778,0.999999999999969,1,0.999991135585708,391601.492140409,337229.070879093,1105628.72012355,9.70556164684263
12.879,0.0235215054833637,0.302933469120241,10.6053009131481,0.076272394696312,0.52959454354417,0.999999999999969,1,0.999991197469017,391993.289498579,337562.550317063,1106824.10465278,9.71527206288829
12.88,0.0235215054833637,0.302956990625724,10.6053009131481,0.076278316925887,0.529635664325562,0.99999999999997,1,0.999991258931051,392385.47885007,337896.359526532,1108020.78160881,9.72499219420682
12.881,0.0235215054833637,0.302980512131208,10.6053009131481,0.076284239155462,0.529676785106953,0.999999999999971,1,0.999991319974595,392778.060587074,338230.498833603,1109218.75238896,9.73472205051837
12.882,0.0235215054833637,0.303004033636691,10.6053009131481,0.076290161385037,0.529717905888345,0.999999999999971,1,0.999991380602415,393171.035102171,338564.968564702,1110418.01839211,9.74446164155277
12.883,0.0235215054833637,0.303027555142174,10.6053009131481,0.076296083614612,0.529759026669737,0.999999999999972,1,0.999991440817261,393564.402788335,338899.76904658,1111618.58101861,9.75421097704962
12.884,0.0235215054833637,0.303051076647658,10.6053009131481,0.076302005844187,0.529800147451129,0.999999999999972,1,0.999991500621864,393958.164038936,339234.900606312,1112820.44167036,9.76397006675828
12.885,0.0235215054833637,0.303074598153141,10.6053009131481,0.0763079280737619,0.52984126823252,0.999999999999973,1,0.999991560018938,394352.319247733,339570.363571291,1114023.60175076,9.7737389204378
12.886,0.0235215054833637,0.303098119658624,10.6053009131481,0.0763138503033369,0.529882389013912,0.999999999999974,1,0.999991619011178,394746.868808882,339906.15826924,1115228.06266471,9.78351754785706
12.887,0.0235215054833637,0.303121641164108,10.6053009131481,0.0763197725329119,0.529923509795304,0.999999999999974,1,0.999991677601266,395141.813116933,340242.285028203,1116433.82581867,9.79330595879469
12.888,0.0235215054833637,0.303145162669591,10.6053009131481,0.0763256947624869,0.529964630576696,0.999999999999975,1,0.999991735791862,395537.15256683,340578.744176549,1117640.89262058,9.80310416303909
12.889,0.0235215054833637,0.303168684175075,10.6053009131481,0.0763316169920619,0.530005751358087,0.999999999999975,1,0.999991793585612,395932.887553912,340915.53604297,1118849.26447992,9.81291217038846
12.89,0.0235215054833637,0.303192205680558,10.6053009131481,0.0763375392216369,0.530046872139479,0.999999999999976,1,0.999991850985144,396329.018473916,341252.660956487,1120058.94280771,9.82272999065084
12.891,0.0235215054833637,0.303215727186041,10.6053009131481,0.0763434614512119,0.530087992920871,0.999999999999976,1,0.99999190799307,396725.54572297,341590.119246442,1121269.92901645,9.83255763364401
12.892,0.0235215054833637,0.303239248691525,10.6053009131481,0.0763493836807869,0.530129113702262,0.999999999999977,1,0.999991964611985,397122.469697603,341927.911242505,1122482.22452022,9.84239510919564
12.893,0.0235215054833637,0.303262770197008,10.6053009131481,0.0763553059103619,0.530170234483654,0.999999999999977,1,0.999992020844467,397519.790794739,342266.037274673,1123695.8307346,9.85224242714321
12.894,0.0235215054833637,0.303286291702491,10.6053009131481,0.0763612281399369,0.530211355265046,0.999999999999978,1,0.999992076693077,397917.509411699,342604.497673267,1124910.7490767,9.86209959733401
12.895,0.0235215054833637,0.303309813207975,10.6053009131481,0.0763671503695119,0.530252476046438,0.999999999999978,1,0.999992132160361,398315.625946202,342943.292768935,1126126.98096516,9.87196662962523
12.896,0.0235215054833637,0.303333334713458,10.6053009131481,0.0763730725990868,0.53029359682783,0.999999999999979,1,0.999992187248847,398714.140796364,343282.422892653,1127344.52782018,9.88184353388393
12.897,0.0235215054833637,0.303356856218942,10.6053009131481,0.0763789948286618,0.530334717609221,0.999999999999979,1,0.999992241961049,399113.054360699,343621.888375725,1128563.39106346,9.89173031998696
12.898,0.0235215054833637,0.303380377724425,10.6053009131481,0.0763849170582368,0.530375838390613,0.999999999999979,1,0.999992296299463,399512.367038122,343961.68954978,1129783.57211826,9.90162699782113
12.899,0.0235215054833637,0.303403899229908,10.6053009131481,0.0763908392878118,0.530416959172005,0.99999999999998,1,0.99999235026657,399912.079227947,344301.826746777,1131005.07240938,9.91153357728315
12.9,0.0235215054833637,0.303427420735392,10.6053009131481,0.0763967615173868,0.530458079953396,0.99999999999998,1,0.999992403864835,400312.191329883,344642.300299003,1132227.89336314,9.92145006827955
12.901,0.0235215054833637,0.303450942240875,10.6053009131481,0.0764026837469618,0.530499200734788,0.999999999999981,1,0.999992457096706,400712.703744043,344983.110539073,1133452.03640742,9.93137648072685
12.902,0.0235215054833637,0.303474463746358,10.6053009131481,0.0764086059765368,0.53054032151618,0.999999999999981,1,0.999992509964617,401113.616870942,345324.257799932,1134677.50297164,9.94131282455147
12.903,0.0235215054833637,0.303497985251842,10.6053009131481,0.0764145282061118,0.530581442297572,0.999999999999981,1,0.999992562470986,401514.93111149,345665.742414851,1135904.29448677,9.95125910968973
12.904,0.0235215054833637,0.303521506757325,10.6053009131481,0.0764204504356868,0.530622563078963,0.999999999999982,1,0.999992614618214,401916.646867003,346007.564717436,1137132.4123853,9.96121534608792
12.905,0.0235215054833637,0.303545028262808,10.6053009131481,0.0764263726652618,0.530663683860355,0.999999999999982,1,0.999992666408688,402318.764539197,346349.72504162,1138361.85810132,9.97118154370231
12.906,0.0235215054833637,0.303568549768292,10.6053009131481,0.0764322948948368,0.530704804641747,0.999999999999983,1,0.999992717844781,402721.284530188,346692.223721663,1139592.63307042,9.98115771249906
12.907,0.0235215054833637,0.303592071273775,10.6053009131481,0.0764382171244117,0.530745925423138,0.999999999999983,1,0.999992768928847,403124.207242497,347035.061092161,1140824.73872977,9.99114386245435
12.908,0.0235215054833637,0.303615592779259,10.6053009131481,0.0764441393539867,0.53078704620453,0.999999999999983,1,0.999992819663228,403527.533079047,347378.237488038,1142058.17651808,10.0011400035543
12.909,0.0235215054833637,0.303639114284742,10.6053009131481,0.0764500615835617,0.530828166985922,0.999999999999984,1,0.99999287005025,403931.262443164,347721.753244551,1143292.94787564,10.0111461457952
12.91,0.0235215054833637,0.303662635790225,10.6053009131481,0.0764559838131367,0.530869287767314,0.999999999999984,1,0.999992920092224,404335.395738577,348065.608697286,1144529.05424426,10.021162299183
12.911,0.0235215054833637,0.303686157295709,10.6053009131481,0.0764619060427117,0.530910408548705,0.999999999999984,1,0.999992969791446,404739.93336942,348409.804182162,1145766.49706734,10.0311884737339
12.912,0.0235215054833637,0.303709678801192,10.6053009131481,0.0764678282722867,0.530951529330097,0.999999999999985,1,0.999993019150197,405144.875740229,348754.34003543,1147005.27778982,10.0412246794742
12.913,0.0235215054833637,0.303733200306675,10.6053009131481,0.0764737505018617,0.530992650111489,0.999999999999985,1,0.999993068170745,405550.223255949,349099.216593677,1148245.39785822,10.05127092644
12.914,0.0235215054833637,0.303756721812159,10.6053009131481,0.0764796727314367,0.531033770892881,0.999999999999985,1,0.999993116855341,405955.976321925,349444.434193815,1149486.85872061,10.0613272246775
12.915,0.0235215054833637,0.303780243317642,10.6053009131481,0.0764855949610117,0.531074891674272,0.999999999999986,1,0.999993165206223,406362.135343911,349789.993173097,1150729.66182663,10.0713935842431
12.916,0.0235215054833637,0.303803764823125,10.6053009131481,0.0764915171905867,0.531116012455664,0.999999999999986,1,0.999993213225614,406768.700728067,350135.893869106,1151973.80862749,10.0814700152031
12.917,0.0235215054833637,0.303827286328609,10.6053009131481,0.0764974394201617,0.531157133237056,0.999999999999986,1,0.999993260915723,407175.672880957,350482.136619758,1153219.30057597,10.091556527634
12.918,0.0235215054833637,0.303850807834092,10.6053009131481,0.0765033616497366,0.531198254018448,0.999999999999986,1,0.999993308278746,407583.052209553,350828.721763305,1154466.13912641,10.1016531316222
12.919,0.0235215054833637,0.303874329339576,10.6053009131481,0.0765092838793116,0.531239374799839,0.999999999999987,1,0.999993355316861,407990.839121237,351175.649638334,1155714.32573474,10.1117598372644
12.92,0.0235215054833637,0.303897850845059,10.6053009131481,0.0765152061088866,0.531280495581231,0.999999999999987,1,0.999993402032237,408399.034023793,351522.920583764,1156963.86185844,10.1218766546673
12.921,0.0235215054833637,0.303921372350542,10.6053009131481,0.0765211283384616,0.531321616362623,0.999999999999987,1,0.999993448427025,408807.637325417,351870.534938851,1158214.74895659,10.1320035939477
12.922,0.0235215054833637,0.303944893856026,10.6053009131481,0.0765270505680366,0.531362737144015,0.999999999999988,1,0.999993494503363,409216.649434713,352218.493043188,1159466.98848985,10.1421406652326
12.923,0.0235215054833637,0.303968415361509,10.6053009131481,0.0765329727976116,0.531403857925406,0.999999999999988,1,0.999993540263378,409626.070760692,352566.795236699,1160720.58192042,10.1522878786589
12.924,0.0235215054833637,0.303991936866992,10.6053009131481,0.0765388950271866,0.531444978706798,0.999999999999988,1,0.99999358570918,410035.901712776,352915.44185965,1161975.53071213,10.162445244374
12.925,0.0235215054833637,0.304015458372476,10.6053009131481,0.0765448172567616,0.53148609948819,0.999999999999988,1,0.999993630842867,410446.142700797,353264.433252641,1163231.83633035,10.1726127725352
12.926,0.0235215054833637,0.304038979877959,10.6053009131481,0.0765507394863366,0.531527220269582,0.999999999999989,1,0.999993675666522,410856.794134994,353613.769756606,1164489.50024208,10.1827904733099
12.927,0.0235215054833637,0.304062501383442,10.6053009131481,0.0765566617159116,0.531568341050973,0.999999999999989,1,0.999993720182216,411267.856426019,353963.45171282,1165748.52391586,10.192978356876
12.928,0.0235215054833637,0.304086022888926,10.6053009131481,0.0765625839454866,0.531609461832365,0.999999999999989,1,0.999993764392006,411679.329984935,354313.479462895,1167008.90882185,10.2031764334213
12.929,0.0235215054833637,0.304109544394409,10.6053009131481,0.0765685061750616,0.531650582613757,0.999999999999989,1,0.999993808297936,412091.215223215,354663.853348779,1168270.65643178,10.2133847131439
12.93,0.0235215054833637,0.304133065899893,10.6053009131481,0.0765744284046365,0.531691703395148,0.999999999999989,1,0.999993851902038,412503.512552745,355014.57371276,1169533.76821898,10.2236032062521
12.931,0.0235215054833637,0.304156587405376,10.6053009131481,0.0765803506342115,0.53173282417654,0.99999999999999,1,0.999993895206327,412916.222385822,355365.640897462,1170798.24565838,10.2338319229643
12.932,0.0235215054833637,0.304180108910859,10.6053009131481,0.0765862728637865,0.531773944957932,0.99999999999999,1,0.99999393821281,413329.345135156,355717.055245851,1172064.09022649,10.2440708735093
12.933,0.0235215054833637,0.304203630416343,10.6053009131481,0.0765921950933615,0.531815065739324,0.99999999999999,1,0.999993980923476,413742.881213869,356068.817101231,1173331.30340143,10.254320068126
12.934,0.0235215054833637,0.304227151921826,10.6053009131481,0.0765981173229365,0.531856186520715,0.99999999999999,1,0.999994023340306,414156.831035498,356420.926807244,1174599.88666291,10.2645795170637
12.935,0.0235215054833637,0.304250673427309,10.6053009131481,0.0766040395525115,0.531897307302107,0.99999999999999,1,0.999994065465264,414571.195013992,356773.384707871,1175869.84149223,10.2748492305817
12.936,0.0235215054833637,0.304274194932793,10.6053009131481,0.0766099617820865,0.531938428083499,0.999999999999991,1,0.999994107300305,414985.973563716,357126.191147439,1177141.16937231,10.2851292189498
12.937,0.0235215054833637,0.304297716438276,10.6053009131481,0.0766158840116615,0.531979548864891,0.999999999999991,1,0.999994148847368,415401.167099449,357479.34647061,1178413.87178768,10.295419492448
12.938,0.0235215054833637,0.304321237943759,10.6053009131481,0.0766218062412365,0.532020669646282,0.999999999999991,1,0.999994190108381,415816.776036382,357832.851022387,1179687.95022444,10.3057200613665
12.939,0.0235215054833637,0.304344759449243,10.6053009131481,0.0766277284708115,0.532061790427674,0.999999999999991,1,0.99999423108526,416232.800790126,358186.705148117,1180963.40617032,10.3160309360059
12.94,0.0235215054833637,0.304368280954726,10.6053009131481,0.0766336507003865,0.532102911209066,0.999999999999991,1,0.999994271779908,416649.241776706,358540.909193486,1182240.24111467,10.3263521266772
12.941,0.0235215054833637,0.30439180246021,10.6053009131481,0.0766395729299615,0.532144031990458,0.999999999999992,1,0.999994312194215,417066.099412563,358895.463504525,1183518.45654843,10.3366836437014
12.942,0.0235215054833637,0.304415323965693,10.6053009131481,0.0766454951595364,0.532185152771849,0.999999999999992,1,0.999994352330061,417483.374114554,359250.368427603,1184798.05396416,10.3470254974101
12.943,0.0235215054833637,0.304438845471176,10.6053009131481,0.0766514173891114,0.532226273553241,0.999999999999992,1,0.99999439218931,417901.066299953,359605.624309434,1186079.03485603,10.3573776981452
12.944,0.0235215054833637,0.30446236697666,10.6053009131481,0.0766573396186864,0.532267394334633,0.999999999999992,1,0.999994431773818,418319.176386453,359961.231497074,1187361.40071982,10.3677402562589
12.945,0.0235215054833637,0.304485888482143,10.6053009131481,0.0766632618482614,0.532308515116025,0.999999999999992,1,0.999994471085426,418737.704792166,360317.190337925,1188645.15305295,10.3781131821136
12.946,0.0235215054833637,0.304509409987626,10.6053009131481,0.0766691840778364,0.532349635897416,0.999999999999992,1,0.999994510125965,419156.651935617,360673.501179728,1189930.29335444,10.3884964860825
12.947,0.0235215054833637,0.30453293149311,10.6053009131481,0.0766751063074114,0.532390756678808,0.999999999999993,1,0.999994548897253,419576.018235756,361030.16437057,1191216.82312493,10.3988901785486
12.948,0.0235215054833637,0.304556452998593,10.6053009131481,0.0766810285369864,0.5324318774602,0.999999999999993,1,0.999994587401096,419995.804111948,361387.180258884,1192504.74386669,10.4092942699059
12.949,0.0235215054833637,0.304579974504076,10.6053009131481,0.0766869507665614,0.532472998241591,0.999999999999993,1,0.999994625639289,420416.009983978,361744.549193444,1193794.0570836,10.4197087705582
12.95,0.0235215054833637,0.30460349600956,10.6053009131481,0.0766928729961364,0.532514119022983,0.999999999999993,1,0.999994663613616,420836.636272054,362102.271523372,1195084.7642812,10.4301336909202
12.951,0.0235215054833637,0.304627017515043,10.6053009131481,0.0766987952257114,0.532555239804375,0.999999999999993,1,0.999994701325847,421257.683396802,362460.347598134,1196376.86696662,10.4405690414168
12.952,0.0235215054833637,0.304650539020527,10.6053009131481,0.0767047174552864,0.532596360585767,0.999999999999993,1,0.999994738777743,421679.151779267,362818.77776754,1197670.36664864,10.4510148324832
12.953,0.0235215054833637,0.30467406052601,10.6053009131481,0.0767106396848613,0.532637481367158,0.999999999999993,1,0.999994775971053,422101.041840919,363177.562381749,1198965.26483765,10.4614710745654
12.954,0.0235215054833637,0.304697582031493,10.6053009131481,0.0767165619144363,0.53267860214855,0.999999999999994,1,0.999994812907513,422523.35400365,363536.701791265,1200261.56304572,10.4719377781195
12.955,0.0235215054833637,0.304721103536977,10.6053009131481,0.0767224841440113,0.532719722929942,0.999999999999994,1,0.99999484958885,422946.088689768,363896.196346936,1201559.2627865,10.4824149536123
12.956,0.0235215054833637,0.30474462504246,10.6053009131481,0.0767284063735863,0.532760843711334,0.999999999999994,1,0.999994886016778,423369.246322011,364256.046399962,1202858.3655753,10.4929026115209
12.957,0.0235215054833637,0.304768146547943,10.6053009131481,0.0767343286031613,0.532801964492725,0.999999999999994,1,0.999994922193,423792.827323536,364616.252301887,1204158.87292908,10.503400762333
12.958,0.0235215054833637,0.304791668053427,10.6053009131481,0.0767402508327363,0.532843085274117,0.999999999999994,1,0.99999495811921,424216.832117922,364976.814404602,1205460.78636643,10.5139094165467
12.959,0.0235215054833637,0.30481518955891,10.6053009131481,0.0767461730623113,0.532884206055509,0.999999999999994,1,0.999994993797088,424641.261129176,365337.733060348,1206764.10740757,10.5244285846707
12.96,0.0235215054833637,0.304838711064393,10.6053009131481,0.0767520952918863,0.532925326836901,0.999999999999994,1,0.999995029228305,425066.114781728,365699.008621714,1208068.83757437,10.5349582772242
12.961,0.0235215054833637,0.304862232569877,10.6053009131481,0.0767580175214613,0.532966447618292,0.999999999999994,1,0.999995064414521,425491.393500429,366060.641441637,1209374.97839037,10.5454985047368
12.962,0.0235215054833637,0.30488575407536,10.6053009131481,0.0767639397510363,0.533007568399684,0.999999999999995,1,0.999995099357384,425917.097710559,366422.631873402,1210682.53138071,10.5560492777488
12.963,0.0235215054833637,0.304909275580844,10.6053009131481,0.0767698619806113,0.533048689181076,0.999999999999995,1,0.999995134058533,426343.227837823,366784.980270646,1211991.49807224,10.566610606811
12.964,0.0235215054833637,0.304932797086327,10.6053009131481,0.0767757842101863,0.533089809962467,0.999999999999995,1,0.999995168519594,426769.784308349,367147.686987354,1213301.87999339,10.5771825024846
12.965,0.0235215054833637,0.30495631859181,10.6053009131481,0.0767817064397612,0.533130930743859,0.999999999999995,1,0.999995202742185,427196.767548696,367510.752377861,1214613.67867431,10.5877649753417
12.966,0.0235215054833637,0.304979840097294,10.6053009131481,0.0767876286693362,0.533172051525251,0.999999999999995,1,0.999995236727911,427624.177985846,367874.176796854,1215926.89564675,10.5983580359646
12.967,0.0235215054833637,0.305003361602777,10.6053009131481,0.0767935508989112,0.533213172306643,0.999999999999995,1,0.999995270478369,428052.016047209,368237.960599367,1217241.53244415,10.6089616949464
12.968,0.0235215054833637,0.30502688310826,10.6053009131481,0.0767994731284862,0.533254293088034,0.999999999999995,1,0.999995303995144,428480.282160624,368602.104140789,1218557.5906016,10.6195759628908
12.969,0.0235215054833637,0.305050404613744,10.6053009131481,0.0768053953580612,0.533295413869426,0.999999999999995,1,0.99999533727981,428908.976754356,368966.607776859,1219875.07165584,10.630200850412
12.97,0.0235215054833637,0.305073926119227,10.6053009131481,0.0768113175876362,0.533336534650818,0.999999999999995,1,0.999995370333932,429338.100257102,369331.471863668,1221193.97714529,10.640836368135
12.971,0.0235215054833637,0.30509744762471,10.6053009131481,0.0768172398172112,0.53337765543221,0.999999999999996,1,0.999995403159066,429767.653097984,369696.696757658,1222514.30861001,10.6514825266953
12.972,0.0235215054833637,0.305120969130194,10.6053009131481,0.0768231620467862,0.533418776213601,0.999999999999996,1,0.999995435756755,430197.635706554,370062.282815625,1223836.06759173,10.6621393367389
12.973,0.0235215054833637,0.305144490635677,10.6053009131481,0.0768290842763612,0.533459896994993,0.999999999999996,1,0.999995468128533,430628.048512796,370428.230394717,1225159.25563388,10.6728068089228
12.974,0.0235215054833637,0.305168012141161,10.6053009131481,0.0768350065059362,0.533501017776385,0.999999999999996,1,0.999995500275924,431058.891947122,370794.539852437,1226483.87428152,10.6834849539144
12.975,0.0235215054833637,0.305191533646644,10.6053009131481,0.0768409287355112,0.533542138557777,0.999999999999996,1,0.999995532200444,431490.166440376,371161.211546637,1227809.92508138,10.6941737823918
12.976,0.0235215054833637,0.305215055152127,10.6053009131481,0.0768468509650861,0.533583259339168,0.999999999999996,1,0.999995563903596,431921.872423833,371528.245835527,1229137.40958189,10.7048733050438
12.977,0.0235215054833637,0.305238576657611,10.6053009131481,0.0768527731946611,0.53362438012056,0.999999999999996,1,0.999995595386874,432354.010329198,371895.643077672,1230466.32933314,10.7155835325702
12.978,0.0235215054833637,0.305262098163094,10.6053009131481,0.0768586954242361,0.533665500901952,0.999999999999996,1,0.999995626651764,432786.580588609,372263.403631987,1231796.68588689,10.7263044756809
12.979,0.0235215054833637,0.305285619668577,10.6053009131481,0.0768646176538111,0.533706621683343,0.999999999999996,1,0.99999565769974,433219.583634637,372631.527857745,1233128.48079659,10.7370361450969
12.98,0.0235215054833637,0.305309141174061,10.6053009131481,0.0768705398833861,0.533747742464735,0.999999999999996,1,0.999995688532268,433653.019900286,373000.016114574,1234461.71561735,10.7477785515501
12.981,0.0235215054833637,0.305332662679544,10.6053009131481,0.0768764621129611,0.533788863246127,0.999999999999996,1,0.999995719150804,434086.889818989,373368.868762458,1235796.39190599,10.7585317057826
12.982,0.0235215054833637,0.305356184185027,10.6053009131481,0.0768823843425361,0.533829984027519,0.999999999999996,1,0.999995749556793,434521.193824619,373738.086161736,1237132.51122098,10.7692956185478
12.983,0.0235215054833637,0.305379705690511,10.6053009131481,0.0768883065721111,0.533871104808911,0.999999999999997,1,0.999995779751673,434955.932351479,374107.668673105,1238470.07512251,10.7800703006095
12.984,0.0235215054833637,0.305403227195994,10.6053009131481,0.0768942288016861,0.533912225590302,0.999999999999997,1,0.999995809736871,435391.105834307,374477.616657614,1239809.08517243,10.7908557627424
12.985,0.0235215054833637,0.305426748701478,10.6053009131481,0.0769001510312611,0.533953346371694,0.999999999999997,1,0.999995839513805,435826.714708278,374847.930476676,1241149.54293429,10.8016520157319
12.986,0.0235215054833637,0.305450270206961,10.6053009131481,0.0769060732608361,0.533994467153086,0.999999999999997,1,0.999995869083884,436262.759409,375218.610492056,1242491.44997332,10.8124590703744
12.987,0.0235215054833637,0.305473791712444,10.6053009131481,0.0769119954904111,0.534035587934477,0.999999999999997,1,0.999995898448507,436699.240372517,375589.65706588,1243834.80785647,10.8232769374768
12.988,0.0235215054833637,0.305497313217928,10.6053009131481,0.076917917719986,0.534076708715869,0.999999999999997,1,0.999995927609064,437136.158035311,375961.070560628,1245179.61815234,10.8341056278571
12.989,0.0235215054833637,0.305520834723411,10.6053009131481,0.076923839949561,0.534117829497261,0.999999999999997,1,0.999995956566937,437573.5128343,376332.851339145,1246525.88243127,10.8449451523439
12.99,0.0235215054833637,0.305544356228894,10.6053009131481,0.076929762179136,0.534158950278653,0.999999999999997,1,0.999995985323497,438011.305206837,376704.999764628,1247873.60226527,10.8557955217768
12.991,0.0235215054833637,0.305567877734378,10.6053009131481,0.076935684408711,0.534200071060044,0.999999999999997,1,0.999996013880109,438449.535590717,377077.516200637,1249222.77922806,10.8666567470061
12.992,0.0235215054833637,0.305591399239861,10.6053009131481,0.076941606638286,0.534241191841436,0.999999999999997,1,0.999996042238125,438888.204424169,377450.401011091,1250573.41489506,10.877528838893
12.993,0.0235215054833637,0.305614920745344,10.6053009131481,0.076947528867861,0.534282312622828,0.999999999999997,1,0.999996070398892,439327.312145861,377823.654560268,1251925.51084339,10.8884118083097
12.994,0.0235215054833637,0.305638442250828,10.6053009131481,0.076953451097436,0.53432343340422,0.999999999999997,1,0.999996098363746,439766.859194903,378197.277212807,1253279.06865189,10.8993056661391
12.995,0.0235215054833637,0.305661963756311,10.6053009131481,0.076959373327011,0.534364554185611,0.999999999999997,1,0.999996126134014,440206.84601084,378571.269333707,1254634.08990108,10.9102104232751
12.996,0.0235215054833637,0.305685485261795,10.6053009131481,0.076965295556586,0.534405674967003,0.999999999999997,1,0.999996153711015,440647.27303366,378945.631288328,1255990.57617321,10.9211260906224
12.997,0.0235215054833637,0.305709006767278,10.6053009131481,0.076971217786161,0.534446795748395,0.999999999999997,1,0.99999618109606,441088.14070379,379320.363442393,1257348.52905224,10.9320526790967
12.998,0.0235215054833637,0.305732528272761,10.6053009131481,0.076977140015736,0.534487916529787,0.999999999999997,1,0.999996208290451,441529.449462097,379695.466161985,1258707.95012382,10.9429901996246
12.999,0.0235215054833637,0.305756049778245,10.6053009131481,0.0769830622453109,0.534529037311178,0.999999999999998,1,0.99999623529548,441971.199749891,380070.939813547,1260068.84097535,10.9539386631436
13,0.0235215054833637,0.305779571283728,10.6053009131481,0.0769889844748859,0.53457015809257,0.999999999999998,1,0.999996262112432,442413.39200892,380446.784763888,1261431.20319592,10.9648980806022
